M,experiment,kf-bangbang-stop-accuracy
M,powder_id,salt
M,tau_bal_s,0.16
M,tau_after_s,0.25
M,rate_tau_s,0.5
M,ff_prior_g_per_rev,0.1
M,q_acc_sd,0.25
M,r_sd_quiet,0.0004
M,r_sd_actuate,0.002
M,k_sigma,2.0
M,tilt_plate_deg,55.0
M,rpm,55.0
M,rpm_fast,90.0
M,poll_ms,95
M,budget_g,15.0
M,trials,kf:0.20:55:1|naive:0.50:55:1|kf:0.50:55:1|kfsafe:0.50:55:1|kflag:0.50:55:1|kf:1.00:55:1|naive:1.00:55:1|kfsafe:1.00:55:1|kf:2.00:55:1|kf:2.00:55:2|kf:1.00:90:1|kf:1.00:55:2|kf:0.50:55:2|kf:0.20:55:2
E,1237,static noise baseline 20 s (no tare -- absolute)
P,1499,0,pre,-0.0272,S
D,1592,0,noise,-0.0272,S,0,0,,,,,
D,1778,0,noise,-0.0271,S,0,0,,,,,
D,1968,0,noise,-0.0271,S,0,0,,,,,
D,2160,0,noise,-0.0270,S,0,0,,,,,
D,2352,0,noise,-0.0270,S,0,0,,,,,
D,2542,0,noise,-0.0269,S,0,0,,,,,
D,2733,0,noise,-0.0269,S,0,0,,,,,
D,2925,0,noise,-0.0268,S,0,0,,,,,
D,3117,0,noise,-0.0268,S,0,0,,,,,
D,3307,0,noise,-0.0267,U,0,0,,,,,
D,3498,0,noise,-0.0267,S,0,0,,,,,
D,3690,0,noise,-0.0266,U,0,0,,,,,
D,3881,0,noise,-0.0266,S,0,0,,,,,
D,4073,0,noise,-0.0265,U,0,0,,,,,
D,4263,0,noise,-0.0265,S,0,0,,,,,
D,4455,0,noise,-0.0265,S,0,0,,,,,
D,4646,0,noise,-0.0264,S,0,0,,,,,
D,4838,0,noise,-0.0264,S,0,0,,,,,
D,5030,0,noise,-0.0264,S,0,0,,,,,
D,5219,0,noise,-0.0264,S,0,0,,,,,
D,5411,0,noise,-0.0263,S,0,0,,,,,
D,5603,0,noise,-0.0263,S,0,0,,,,,
D,5795,0,noise,-0.0263,S,0,0,,,,,
D,5984,0,noise,-0.0263,S,0,0,,,,,
D,6175,0,noise,-0.0263,S,0,0,,,,,
D,6368,0,noise,-0.0263,S,0,0,,,,,
D,6559,0,noise,-0.0262,S,0,0,,,,,
D,6751,0,noise,-0.0262,S,0,0,,,,,
D,6941,0,noise,-0.0262,S,0,0,,,,,
D,7133,0,noise,-0.0262,S,0,0,,,,,
D,7325,0,noise,-0.0262,S,0,0,,,,,
D,7516,0,noise,-0.0261,S,0,0,,,,,
D,7708,0,noise,-0.0261,S,0,0,,,,,
D,7898,0,noise,-0.0261,S,0,0,,,,,
D,8089,0,noise,-0.0261,S,0,0,,,,,
D,8280,0,noise,-0.0261,S,0,0,,,,,
D,8472,0,noise,-0.0256,U,0,0,,,,,
D,8662,0,noise,-0.0256,U,0,0,,,,,
D,8853,0,noise,-0.0255,S,0,0,,,,,
D,9045,0,noise,-0.0255,S,0,0,,,,,
D,9237,0,noise,-0.0254,S,0,0,,,,,
D,9428,0,noise,-0.0254,S,0,0,,,,,
D,9618,0,noise,-0.0254,S,0,0,,,,,
D,9810,0,noise,-0.0253,S,0,0,,,,,
D,10002,0,noise,-0.0253,S,0,0,,,,,
D,10194,0,noise,-0.0253,S,0,0,,,,,
D,10385,0,noise,-0.0253,S,0,0,,,,,
D,10575,0,noise,-0.0253,S,0,0,,,,,
D,10767,0,noise,-0.0253,S,0,0,,,,,
D,10958,0,noise,-0.0253,S,0,0,,,,,
D,11150,0,noise,-0.0253,S,0,0,,,,,
D,11340,0,noise,-0.0252,S,0,0,,,,,
D,11531,0,noise,-0.0252,S,0,0,,,,,
D,11723,0,noise,-0.0252,S,0,0,,,,,
D,11915,0,noise,-0.0252,S,0,0,,,,,
D,12107,0,noise,-0.0252,S,0,0,,,,,
D,12296,0,noise,-0.0252,S,0,0,,,,,
D,12495,0,noise,-0.0252,S,0,0,,,,,
D,12683,0,noise,-0.0252,S,0,0,,,,,
D,12872,0,noise,-0.0252,S,0,0,,,,,
D,13062,0,noise,-0.0252,S,0,0,,,,,
D,13253,0,noise,-0.0252,S,0,0,,,,,
D,13445,0,noise,-0.0252,S,0,0,,,,,
D,13637,0,noise,-0.0252,S,0,0,,,,,
D,13828,0,noise,-0.0252,S,0,0,,,,,
D,14018,0,noise,-0.0251,S,0,0,,,,,
D,14209,0,noise,-0.0251,S,0,0,,,,,
D,14401,0,noise,-0.0251,S,0,0,,,,,
D,14593,0,noise,-0.0251,S,0,0,,,,,
D,14785,0,noise,-0.0251,S,0,0,,,,,
D,14975,0,noise,-0.0250,S,0,0,,,,,
D,15166,0,noise,-0.0250,S,0,0,,,,,
D,15358,0,noise,-0.0250,S,0,0,,,,,
D,15550,0,noise,-0.0250,S,0,0,,,,,
D,15740,0,noise,-0.0249,S,0,0,,,,,
D,15930,0,noise,-0.0244,U,0,0,,,,,
D,16122,0,noise,-0.0244,U,0,0,,,,,
D,16313,0,noise,-0.0243,U,0,0,,,,,
D,16504,0,noise,-0.0242,U,0,0,,,,,
D,16695,0,noise,-0.0242,S,0,0,,,,,
D,16886,0,noise,-0.0241,U,0,0,,,,,
D,17078,0,noise,-0.0241,S,0,0,,,,,
D,17270,0,noise,-0.0240,S,0,0,,,,,
D,17462,0,noise,-0.0239,U,0,0,,,,,
D,17651,0,noise,-0.0239,S,0,0,,,,,
D,17843,0,noise,-0.0238,U,0,0,,,,,
D,18035,0,noise,-0.0238,S,0,0,,,,,
D,18226,0,noise,-0.0237,U,0,0,,,,,
D,18416,0,noise,-0.0237,S,0,0,,,,,
D,18608,0,noise,-0.0236,S,0,0,,,,,
D,18799,0,noise,-0.0235,U,0,0,,,,,
D,18990,0,noise,-0.0235,S,0,0,,,,,
D,19183,0,noise,-0.0234,U,0,0,,,,,
D,19373,0,noise,-0.0234,S,0,0,,,,,
D,19564,0,noise,-0.0233,U,0,0,,,,,
D,19755,0,noise,-0.0233,S,0,0,,,,,
D,19948,0,noise,-0.0233,S,0,0,,,,,
D,20139,0,noise,-0.0233,S,0,0,,,,,
D,20328,0,noise,-0.0232,S,0,0,,,,,
D,20520,0,noise,-0.0232,S,0,0,,,,,
D,20712,0,noise,-0.0232,S,0,0,,,,,
D,20903,0,noise,-0.0232,S,0,0,,,,,
D,21093,0,noise,-0.0232,S,0,0,,,,,
D,21286,0,noise,-0.0232,S,0,0,,,,,
D,21476,0,noise,-0.0232,S,0,0,,,,,
P,21669,0,noise_end,-0.0232,S
E,21671,prime: 3 auger rev at 55 rpm, tilt 55
P,26735,0,prime_base,-0.0213,S
D,32379,0,settle,0.5761,S,0,0,,,,,
D,32571,0,settle,0.5761,S,0,0,,,,,
D,32760,0,settle,0.5762,S,0,0,,,,,
D,32952,0,settle,0.5809,U,0,0,,,,,
D,33149,0,settle,0.5868,U,0,0,,,,,
D,33335,0,settle,0.5893,U,0,0,,,,,
D,33527,0,settle,0.5896,U,0,0,,,,,
D,33717,0,settle,0.5896,U,0,0,,,,,
D,33909,0,settle,0.5896,S,0,0,,,,,
D,34100,0,settle,0.5896,S,0,0,,,,,
D,34291,0,settle,0.5896,S,0,0,,,,,
D,34482,0,settle,0.5896,S,0,0,,,,,
D,34674,0,settle,0.5897,S,0,0,,,,,
D,34866,0,settle,0.5897,S,0,0,,,,,
D,35057,0,settle,0.5897,S,0,0,,,,,
D,35249,0,settle,0.5897,S,0,0,,,,,
D,35438,0,settle,0.5897,S,0,0,,,,,
D,35630,0,settle,0.5898,S,0,0,,,,,
D,35821,0,settle,0.5898,S,0,0,,,,,
D,36014,0,settle,0.5898,S,0,0,,,,,
D,36205,0,settle,0.5898,S,0,0,,,,,
P,36395,0,prime_end,0.5899,S
E,36398,prime yield 0.6112 g over 3 rev -> 0.2037 g/rev
E,36400,=== trial 1 : kf target 0.200 g, tilt 55, 55 rpm, rep 1 (dispensed 0.61 g) ===
P,37840,1,base,0.5905,S
D,37842,1,preroll,0.5906,U,1,0,0.0001,0.0000,0.0001,0.01649,0.0000
D,38026,1,preroll,0.5906,S,0,0,0.0001,0.0000,0.0001,0.02607,0.0000
D,38221,1,preroll,0.5907,U,1,0,0.0003,0.0003,0.0002,0.02142,0.0000
D,38417,1,preroll,0.5907,S,0,0,0.0004,0.0002,0.0003,0.03156,0.0000
D,38599,1,preroll,0.5907,S,1,0,0.0001,0.0000,0.0002,0.02175,0.0000
D,38795,1,preroll,0.5908,S,1,0,0.0005,0.0006,0.0003,0.01996,0.0000
D,38991,1,preroll,0.5908,S,0,0,0.0006,0.0003,0.0005,0.03026,0.0000
D,39172,1,preroll,0.5909,S,1,0,0.0004,0.0000,0.0004,0.02136,0.0000
D,39371,1,dispense,0.5909,S,0,55,0.0004,0.0174,0.0004,0.02481,0.0047
D,39567,1,dispense,0.5910,U,1,55,0.0040,0.0468,0.0005,0.02020,0.0157
D,39749,1,dispense,0.5910,S,0,55,0.0125,0.0631,0.0029,0.02925,0.0283
D,39945,1,dispense,0.5909,S,1,55,0.0084,0.0583,0.0006,0.02284,0.0229
D,40130,1,dispense,0.5908,U,1,55,0.0062,0.0518,0.0007,0.02107,0.0192
D,40328,1,dispense,0.6144,U,1,55,0.0604,0.1284,0.0224,0.02200,0.0925
D,40516,1,dispense,0.6705,U,1,55,0.1564,0.2201,0.0777,0.02137,0.2114
E,40621,STOP kf at t=1.15 s: raw 0.0800 pred 0.2114 m_hat 0.1564 r_hat 0.2201 sigma 0.0214
D,40698,1,settle,0.7037,U,0,0,,,,,
D,40889,1,settle,0.7515,U,0,0,,,,,
D,41081,1,settle,0.7591,U,0,0,,,,,
D,41273,1,settle,0.7595,U,0,0,,,,,
D,41464,1,settle,0.7885,U,0,0,,,,,
D,41654,1,settle,0.8197,U,0,0,,,,,
D,41845,1,settle,0.8311,U,0,0,,,,,
D,42038,1,settle,0.8309,U,0,0,,,,,
D,42229,1,settle,0.8295,U,0,0,,,,,
D,42421,1,settle,0.8292,U,0,0,,,,,
D,42611,1,settle,0.8292,U,0,0,,,,,
D,42802,1,settle,0.8292,S,0,0,,,,,
D,42994,1,settle,0.8292,S,0,0,,,,,
D,43185,1,settle,0.8291,S,0,0,,,,,
D,43376,1,settle,0.8291,S,0,0,,,,,
D,43567,1,settle,0.8291,S,0,0,,,,,
D,43758,1,settle,0.8291,S,0,0,,,,,
D,43950,1,settle,0.8291,S,0,0,,,,,
D,44143,1,settle,0.8291,S,0,0,,,,,
D,44332,1,settle,0.8291,S,0,0,,,,,
D,44524,1,settle,0.8290,S,0,0,,,,,
D,44716,1,settle,0.8290,S,0,0,,,,,
D,44907,1,settle,0.8290,S,0,0,,,,,
D,45099,1,settle,0.8290,S,0,0,,,,,
D,45289,1,settle,0.8290,S,0,0,,,,,
D,45481,1,settle,0.8290,S,0,0,,,,,
D,45672,1,settle,0.8291,S,0,0,,,,,
D,45864,1,settle,0.8291,S,0,0,,,,,
D,46054,1,settle,0.8291,S,0,0,,,,,
D,46245,1,settle,0.8291,S,0,0,,,,,
D,46436,1,settle,0.8291,S,0,0,,,,,
D,46628,1,settle,0.8291,S,0,0,,,,,
P,46821,1,settled,0.8291,S
D,46917,1,settle,0.8292,S,0,0,,,,,
D,47106,1,settle,0.8292,S,0,0,,,,,
D,47298,1,settle,0.8292,S,0,0,,,,,
D,47489,1,settle,0.8292,S,0,0,,,,,
D,47681,1,settle,0.8292,S,0,0,,,,,
D,47870,1,settle,0.8293,S,0,0,,,,,
D,48062,1,settle,0.8293,S,0,0,,,,,
D,48254,1,settle,0.8293,S,0,0,,,,,
D,48446,1,settle,0.8293,S,0,0,,,,,
D,48638,1,settle,0.8293,S,0,0,,,,,
D,48827,1,settle,0.8293,S,0,0,,,,,
D,49019,1,settle,0.8294,S,0,0,,,,,
D,49212,1,settle,0.8294,S,0,0,,,,,
D,49403,1,settle,0.8294,S,0,0,,,,,
D,49594,1,settle,0.8294,S,0,0,,,,,
D,49784,1,settle,0.8295,S,0,0,,,,,
P,49976,1,settled2,0.8295,S
T,1,kf,0.200,55,55,1,0.5905,0.6705,0.1564,0.2201,0.02137,0.2114,1.25,0.8291,0.8295,0.2390,39.0,159.0,ok
E,49983,trial 1 kf: dispensed 0.2390 g, error +39.0 mg, afterflow +159.0 mg, 1.3 s
E,49986,=== trial 2 : naive target 0.500 g, tilt 55, 55 rpm, rep 1 (dispensed 0.85 g) ===
P,51219,2,base,0.8303,S
D,51221,2,preroll,0.8303,S,1,0,0.0000,0.0000,0.0000,0.01649,0.0000
D,51416,2,preroll,0.8304,U,1,0,0.0004,0.0008,0.0001,0.01799,0.0000
D,51612,2,preroll,0.8305,U,1,0,0.0002,0.0000,0.0002,0.01876,0.0000
D,51796,2,preroll,0.8305,S,0,0,0.0002,0.0000,0.0002,0.02818,0.0000
D,51991,2,preroll,0.8306,U,1,0,0.0004,0.0002,0.0003,0.02183,0.0000
D,52180,2,preroll,0.8307,U,1,0,0.0005,0.0003,0.0004,0.01939,0.0000
D,52377,2,preroll,0.8307,S,0,0,0.0006,0.0002,0.0005,0.02977,0.0000
D,52560,2,preroll,0.8308,U,1,0,0.0005,0.0000,0.0005,0.02153,0.0000
D,52758,2,dispense,0.8309,U,1,55,0.0008,0.0181,0.0006,0.01486,0.0006
D,52956,2,dispense,0.8309,S,0,55,0.0043,0.0472,0.0007,0.02524,0.0006
D,53136,2,dispense,0.8310,U,1,55,0.0084,0.0584,0.0008,0.02199,0.0007
D,53333,2,dispense,0.8312,U,1,55,0.0078,0.0548,0.0013,0.02177,0.0009
D,53519,2,dispense,0.8315,U,1,55,0.0076,0.0531,0.0015,0.02120,0.0012
D,53717,2,dispense,0.8482,U,1,55,0.0456,0.1065,0.0170,0.02201,0.0179
D,53902,2,dispense,0.8988,U,1,55,0.1383,0.2100,0.0661,0.02112,0.0685
D,54099,2,dispense,0.9579,U,1,55,0.2033,0.1963,0.1268,0.02190,0.1276
D,54283,2,dispense,0.9743,U,1,55,0.1593,0.0374,0.1467,0.02101,0.1440
D,54480,2,dispense,0.9697,U,1,55,0.1298,0.0074,0.1407,0.02188,0.1394
D,54677,2,dispense,0.9856,U,1,55,0.1827,0.1126,0.1537,0.02214,0.1553
D,54858,2,dispense,1.0338,U,1,55,0.2719,0.2094,0.2012,0.02077,0.2035
D,55055,2,dispense,1.1037,U,1,55,0.3634,0.2333,0.2717,0.02182,0.2734
D,55239,2,dispense,1.1570,U,1,55,0.3888,0.1548,0.3273,0.02101,0.3267
D,55431,2,dispense,1.1672,U,1,55,0.3428,0.0218,0.3395,0.02143,0.3369
D,55628,2,dispense,1.1658,U,1,55,0.3326,0.0290,0.3360,0.02203,0.3355
D,55825,2,dispense,1.1841,U,1,55,0.3848,0.1185,0.3524,0.02214,0.3538
D,56004,2,dispense,1.2351,U,1,55,0.4757,0.2157,0.4025,0.02061,0.4048
D,56201,2,dispense,1.3059,U,1,55,0.5664,0.2342,0.4739,0.02178,0.4756
D,56398,2,dispense,1.3463,U,1,55,0.5587,0.1024,0.5177,0.02214,0.5160
E,56487,STOP naive at t=3.64 s: raw 0.5160 pred 0.5160 m_hat 0.5587 r_hat 0.1024 sigma 0.0221
D,56580,2,settle,1.3472,U,0,0,,,,,
D,56767,2,settle,1.3371,U,0,0,,,,,
D,56955,2,settle,1.3364,U,0,0,,,,,
D,57146,2,settle,1.3491,U,0,0,,,,,
D,57338,2,settle,1.3870,U,0,0,,,,,
D,57530,2,settle,1.4292,U,0,0,,,,,
D,57719,2,settle,1.4463,U,0,0,,,,,
D,57911,2,settle,1.4471,U,0,0,,,,,
D,58104,2,settle,1.4457,U,0,0,,,,,
D,58294,2,settle,1.4453,U,0,0,,,,,
D,58486,2,settle,1.4452,U,0,0,,,,,
D,58677,2,settle,1.4451,U,0,0,,,,,
D,58868,2,settle,1.4451,S,0,0,,,,,
D,59060,2,settle,1.4450,S,0,0,,,,,
D,59252,2,settle,1.4450,S,0,0,,,,,
D,59441,2,settle,1.4450,S,0,0,,,,,
D,59633,2,settle,1.4449,S,0,0,,,,,
D,59824,2,settle,1.4449,S,0,0,,,,,
D,60016,2,settle,1.4449,S,0,0,,,,,
D,60209,2,settle,1.4448,S,0,0,,,,,
D,60398,2,settle,1.4448,S,0,0,,,,,
D,60589,2,settle,1.4448,S,0,0,,,,,
D,60781,2,settle,1.4448,S,0,0,,,,,
D,60973,2,settle,1.4448,S,0,0,,,,,
D,61165,2,settle,1.4447,S,0,0,,,,,
D,61354,2,settle,1.4447,S,0,0,,,,,
D,61547,2,settle,1.4447,S,0,0,,,,,
D,61738,2,settle,1.4447,S,0,0,,,,,
D,61929,2,settle,1.4447,S,0,0,,,,,
D,62120,2,settle,1.4447,S,0,0,,,,,
D,62311,2,settle,1.4448,S,0,0,,,,,
D,62502,2,settle,1.4448,S,0,0,,,,,
P,62695,2,settled,1.4448,S
D,62790,2,settle,1.4448,S,0,0,,,,,
D,62980,2,settle,1.4448,S,0,0,,,,,
D,63172,2,settle,1.4448,S,0,0,,,,,
D,63363,2,settle,1.4448,S,0,0,,,,,
D,63556,2,settle,1.4448,S,0,0,,,,,
D,63748,2,settle,1.4448,S,0,0,,,,,
D,63936,2,settle,1.4448,S,0,0,,,,,
D,64129,2,settle,1.4448,S,0,0,,,,,
D,64320,2,settle,1.4449,S,0,0,,,,,
D,64512,2,settle,1.4449,S,0,0,,,,,
D,64703,2,settle,1.4449,S,0,0,,,,,
D,64894,2,settle,1.4449,S,0,0,,,,,
D,65086,2,settle,1.4449,S,0,0,,,,,
D,65277,2,settle,1.4449,S,0,0,,,,,
D,65469,2,settle,1.4449,S,0,0,,,,,
D,65659,2,settle,1.4450,S,0,0,,,,,
P,68336,2,settled2,1.4465,S
T,2,naive,0.500,55,55,1,0.8303,1.3463,0.5587,0.1024,0.02214,0.5160,3.73,1.4448,1.4465,0.6162,116.2,100.2,ok
E,68343,trial 2 naive: dispensed 0.6162 g, error +116.2 mg, afterflow +100.2 mg, 3.7 s
E,68345,=== trial 3 : kf target 0.500 g, tilt 55, 55 rpm, rep 1 (dispensed 1.47 g) ===
P,69580,3,base,1.4468,S
D,69582,3,preroll,1.4469,S,1,0,0.0001,0.0000,0.0001,0.01649,0.0000
D,69778,3,preroll,1.4469,S,0,0,0.0001,0.0000,0.0001,0.02711,0.0000
D,69973,3,preroll,1.4470,U,1,0,0.0003,0.0003,0.0002,0.02192,0.0000
D,70169,3,preroll,1.4470,S,0,0,0.0004,0.0002,0.0003,0.03202,0.0000
D,70347,3,preroll,1.4471,U,1,0,0.0003,0.0000,0.0003,0.02150,0.0000
D,70544,3,preroll,1.4472,U,1,0,0.0006,0.0004,0.0004,0.01998,0.0000
D,70741,3,preroll,1.4472,U,0,0,0.0006,0.0002,0.0005,0.03037,0.0000
D,70923,3,preroll,1.4473,U,1,0,0.0005,0.0000,0.0005,0.02148,0.0000
D,71122,3,dispense,1.4474,U,1,55,0.0008,0.0181,0.0006,0.01484,0.0053
D,71306,3,dispense,1.4475,U,1,55,0.0041,0.0452,0.0007,0.01904,0.0154
D,71504,3,dispense,1.4475,S,0,55,0.0130,0.0636,0.0031,0.02939,0.0289
D,71688,3,dispense,1.4475,S,1,55,0.0084,0.0573,0.0009,0.02242,0.0227
D,71886,3,dispense,1.4472,U,1,55,0.0064,0.0528,0.0008,0.02197,0.0196
D,72071,3,dispense,1.4471,U,1,55,0.0063,0.0524,0.0006,0.02114,0.0194
D,72269,3,dispense,1.4506,U,1,55,0.0148,0.0653,0.0039,0.02199,0.0311
D,72457,3,dispense,1.4545,U,1,55,0.0186,0.0628,0.0080,0.02137,0.0343
D,72654,3,dispense,1.4585,U,1,55,0.0223,0.0621,0.0120,0.02196,0.0379
D,72837,3,dispense,1.4646,U,1,55,0.0309,0.0687,0.0179,0.02093,0.0481
D,73034,3,dispense,1.4845,U,1,55,0.0685,0.1114,0.0369,0.02186,0.0964
D,73218,3,dispense,1.5250,U,1,55,0.1340,0.1718,0.0767,0.02101,0.1770
D,73415,3,dispense,1.5555,U,1,55,0.1483,0.1129,0.1094,0.02187,0.1765
D,73612,3,dispense,1.5563,U,1,55,0.1074,0.0161,0.1115,0.02214,0.1114
D,73791,3,dispense,1.5559,U,1,55,0.1111,0.0444,0.1091,0.02061,0.1222
D,73988,3,dispense,1.5698,U,1,55,0.1482,0.1026,0.1220,0.02178,0.1738
D,74185,3,dispense,1.6014,U,1,55,0.2008,0.1438,0.1536,0.02214,0.2367
D,74367,3,dispense,1.6392,U,1,55,0.2424,0.1480,0.1919,0.02085,0.2794
D,74564,3,dispense,1.6469,U,1,55,0.2090,0.0384,0.2023,0.02184,0.2186
D,74748,3,dispense,1.6436,U,1,55,0.1931,0.0235,0.1976,0.02101,0.1990
D,74945,3,dispense,1.6538,U,1,55,0.2264,0.0904,0.2060,0.02187,0.2490
D,75142,3,dispense,1.6745,U,1,55,0.2609,0.1143,0.2272,0.02214,0.2895
D,75323,3,dispense,1.7129,U,1,55,0.3182,0.1617,0.2649,0.02077,0.3587
D,75520,3,dispense,1.7487,U,1,55,0.3483,0.1316,0.3020,0.02182,0.3813
D,75708,3,dispense,1.7527,U,1,55,0.3087,0.0217,0.3080,0.02135,0.3141
D,75905,3,dispense,1.7460,U,1,55,0.2918,0.0197,0.2999,0.02196,0.2967
D,76088,3,dispense,1.7518,U,1,55,0.3197,0.0827,0.3042,0.02093,0.3404
D,76285,3,dispense,1.7726,U,1,55,0.3602,0.1200,0.3250,0.02186,0.3902
D,76469,3,dispense,1.8126,U,1,55,0.4206,0.1672,0.3645,0.02101,0.4624
D,76666,3,dispense,1.8409,U,1,55,0.4305,0.1053,0.3949,0.02187,0.4568
D,76863,3,dispense,1.8428,U,1,55,0.3958,0.0223,0.3977,0.02214,0.4013
D,77044,3,dispense,1.8430,U,1,55,0.3993,0.0467,0.3962,0.02077,0.4110
D,77241,3,dispense,1.8528,U,1,55,0.4257,0.0885,0.4054,0.02182,0.4479
D,77426,3,dispense,1.8781,U,1,55,0.4695,0.1306,0.4304,0.02109,0.5021
E,77531,STOP kf at t=6.30 s: raw 0.4313 pred 0.5021 m_hat 0.4695 r_hat 0.1306 sigma 0.0211
D,77623,3,settle,1.8963,U,0,0,,,,,
D,77809,3,settle,1.9230,U,0,0,,,,,
D,77995,3,settle,1.9253,U,0,0,,,,,
D,78184,3,settle,1.9244,U,0,0,,,,,
D,78376,3,settle,1.9357,U,0,0,,,,,
D,78568,3,settle,1.9438,U,0,0,,,,,
D,78760,3,settle,1.9437,U,0,0,,,,,
D,78951,3,settle,1.9430,U,0,0,,,,,
D,79142,3,settle,1.9429,U,0,0,,,,,
D,79334,3,settle,1.9428,U,0,0,,,,,
D,79525,3,settle,1.9428,S,0,0,,,,,
D,79716,3,settle,1.9428,S,0,0,,,,,
D,79906,3,settle,1.9428,S,0,0,,,,,
D,80097,3,settle,1.9428,S,0,0,,,,,
D,80289,3,settle,1.9428,S,0,0,,,,,
D,80481,3,settle,1.9428,S,0,0,,,,,
D,80674,3,settle,1.9428,S,0,0,,,,,
D,80862,3,settle,1.9427,S,0,0,,,,,
D,81054,3,settle,1.9427,S,0,0,,,,,
D,81246,3,settle,1.9427,S,0,0,,,,,
D,81438,3,settle,1.9427,S,0,0,,,,,
D,81629,3,settle,1.9427,S,0,0,,,,,
D,81819,3,settle,1.9427,S,0,0,,,,,
D,82011,3,settle,1.9427,S,0,0,,,,,
D,82203,3,settle,1.9427,S,0,0,,,,,
D,82394,3,settle,1.9427,S,0,0,,,,,
D,82584,3,settle,1.9427,S,0,0,,,,,
D,82776,3,settle,1.9427,S,0,0,,,,,
D,82968,3,settle,1.9427,S,0,0,,,,,
D,83159,3,settle,1.9427,S,0,0,,,,,
D,83358,3,settle,1.9427,S,0,0,,,,,
D,83545,3,settle,1.9427,S,0,0,,,,,
P,83733,3,settled,1.9427,S
D,83829,3,settle,1.9427,S,0,0,,,,,
D,84020,3,settle,1.9427,S,0,0,,,,,
D,84212,3,settle,1.9431,U,0,0,,,,,
D,84401,3,settle,1.9432,U,0,0,,,,,
D,84593,3,settle,1.9432,U,0,0,,,,,
D,84785,3,settle,1.9433,U,0,0,,,,,
D,84976,3,settle,1.9434,U,0,0,,,,,
D,85168,3,settle,1.9435,U,0,0,,,,,
D,85357,3,settle,1.9435,S,0,0,,,,,
D,85550,3,settle,1.9436,U,0,0,,,,,
D,85741,3,settle,1.9437,U,0,0,,,,,
D,85933,3,settle,1.9437,S,0,0,,,,,
D,86125,3,settle,1.9438,U,0,0,,,,,
D,86315,3,settle,1.9438,S,0,0,,,,,
D,86506,3,settle,1.9439,S,0,0,,,,,
D,86697,3,settle,1.9439,S,0,0,,,,,
P,86890,3,settled2,1.9439,S
T,3,kf,0.500,55,55,1,1.4468,1.8781,0.4695,0.1306,0.02109,0.5021,6.41,1.9427,1.9439,0.4971,-2.9,65.8,ok
E,86897,trial 3 kf: dispensed 0.4971 g, error -2.9 mg, afterflow +65.8 mg, 6.4 s
E,86899,=== trial 4 : kfsafe target 0.500 g, tilt 55, 55 rpm, rep 1 (dispensed 1.96 g) ===
P,88515,4,base,1.9444,S
D,88517,4,preroll,1.9445,U,1,0,0.0001,0.0000,0.0001,0.01649,0.0000
D,88712,4,preroll,1.9445,S,0,0,0.0001,0.0000,0.0001,0.02702,0.0000
D,88907,4,preroll,1.9446,U,1,0,0.0003,0.0003,0.0002,0.02187,0.0000
D,89103,4,preroll,1.9447,U,1,0,0.0004,0.0002,0.0003,0.02008,0.0000
D,89284,4,preroll,1.9448,U,1,0,0.0005,0.0003,0.0004,0.01808,0.0000
D,89481,4,preroll,1.9448,S,0,0,0.0006,0.0002,0.0005,0.02853,0.0000
D,89677,4,preroll,1.9449,U,1,0,0.0005,0.0000,0.0005,0.02252,0.0000
D,89857,4,preroll,1.9450,U,1,0,0.0008,0.0004,0.0006,0.01863,0.0000
D,90055,4,dispense,1.9450,S,0,55,0.0008,0.0177,0.0007,0.02209,0.0494
D,90251,4,dispense,1.9451,U,1,55,0.0042,0.0466,0.0007,0.01994,0.0557
D,90433,4,dispense,1.9452,U,1,55,0.0074,0.0545,0.0010,0.02076,0.0625
D,90631,4,dispense,1.9455,U,1,55,0.0081,0.0551,0.0015,0.02190,0.0656
D,90815,4,dispense,1.9456,U,1,55,0.0073,0.0521,0.0016,0.02103,0.0624
D,91006,4,dispense,1.9423,U,1,55,-0.0001,0.0422,-0.0015,0.02134,0.0531
D,91204,4,dispense,1.9622,U,1,55,0.0502,0.1203,0.0164,0.02210,0.1245
D,91389,4,dispense,1.9983,U,1,55,0.1052,0.1585,0.0528,0.02112,0.1871
D,91586,4,dispense,2.0117,U,1,55,0.0849,0.0602,0.0690,0.02190,0.1437
D,91770,4,dispense,1.9953,U,1,55,0.0298,0.0000,0.0531,0.02101,0.0718
D,91967,4,dispense,1.9913,U,1,55,0.0533,0.0689,0.0461,0.02188,0.1142
D,92164,4,dispense,2.0129,U,1,55,0.1067,0.1337,0.0672,0.02214,0.1844
D,92346,4,dispense,2.0508,U,1,55,0.1592,0.1608,0.1055,0.02085,0.2411
D,92543,4,dispense,2.0823,U,1,55,0.1781,0.1158,0.1383,0.02184,0.2507
D,92727,4,dispense,2.0863,U,1,55,0.1454,0.0256,0.1437,0.02101,0.1938
D,92924,4,dispense,2.0854,U,1,55,0.1415,0.0392,0.1413,0.02187,0.1951
D,93121,4,dispense,2.0971,U,1,55,0.1751,0.0960,0.1519,0.02214,0.2434
D,93302,4,dispense,2.1174,U,1,55,0.2048,0.1131,0.1726,0.02077,0.2746
D,93499,4,dispense,2.1507,U,1,55,0.2519,0.1393,0.2054,0.02182,0.3303
D,93683,4,dispense,2.1739,U,1,55,0.2600,0.0954,0.2301,0.02101,0.3259
D,93880,4,dispense,2.1726,U,1,55,0.2263,0.0207,0.2300,0.02187,0.2752
D,94077,4,dispense,2.1692,U,1,55,0.2244,0.0403,0.2250,0.02214,0.2788
D,94265,4,dispense,2.1747,U,1,55,0.2450,0.0786,0.2299,0.02136,0.3074
D,94448,4,dispense,2.2042,U,1,55,0.3038,0.1502,0.2582,0.02074,0.3828
D,94645,4,dispense,2.2390,U,1,55,0.3427,0.1402,0.2943,0.02185,0.4214
D,94842,4,dispense,2.2598,U,1,55,0.3400,0.0786,0.3164,0.02214,0.4039
D,95023,4,dispense,2.2634,U,1,55,0.3237,0.0371,0.3200,0.02077,0.3745
D,95220,4,dispense,2.2678,U,1,55,0.3328,0.0610,0.3233,0.02182,0.3916
D,95405,4,dispense,2.2863,U,1,55,0.3717,0.1138,0.3410,0.02109,0.4424
D,95602,4,dispense,2.3239,U,1,55,0.4323,0.1583,0.3782,0.02189,0.5157
E,95707,STOP kfsafe at t=5.55 s: raw 0.3795 pred 0.5157 m_hat 0.4323 r_hat 0.1583 sigma 0.0219
D,95783,4,settle,2.3410,U,0,0,,,,,
D,95972,4,settle,2.3532,U,0,0,,,,,
D,96163,4,settle,2.3494,U,0,0,,,,,
D,96355,4,settle,2.3438,U,0,0,,,,,
D,96547,4,settle,2.3436,U,0,0,,,,,
D,96738,4,settle,2.3518,U,0,0,,,,,
D,96929,4,settle,2.3547,U,0,0,,,,,
D,97121,4,settle,2.3537,U,0,0,,,,,
D,97312,4,settle,2.3533,U,0,0,,,,,
D,97503,4,settle,2.3532,U,0,0,,,,,
D,97695,4,settle,2.3532,U,0,0,,,,,
D,97885,4,settle,2.3531,U,0,0,,,,,
D,98076,4,settle,2.3531,S,0,0,,,,,
D,98269,4,settle,2.3530,U,0,0,,,,,
D,98461,4,settle,2.3530,S,0,0,,,,,
D,98650,4,settle,2.3529,S,0,0,,,,,
D,98841,4,settle,2.3529,S,0,0,,,,,
D,99033,4,settle,2.3529,S,0,0,,,,,
D,99225,4,settle,2.3528,S,0,0,,,,,
D,99416,4,settle,2.3528,S,0,0,,,,,
D,99607,4,settle,2.3527,U,0,0,,,,,
D,99798,4,settle,2.3526,U,0,0,,,,,
D,99990,4,settle,2.3526,S,0,0,,,,,
D,100181,4,settle,2.3526,S,0,0,,,,,
D,100373,4,settle,2.3525,S,0,0,,,,,
D,100563,4,settle,2.3525,S,0,0,,,,,
D,100754,4,settle,2.3525,S,0,0,,,,,
D,100947,4,settle,2.3525,S,0,0,,,,,
D,101138,4,settle,2.3525,S,0,0,,,,,
D,101328,4,settle,2.3525,S,0,0,,,,,
D,101519,4,settle,2.3525,S,0,0,,,,,
D,101711,4,settle,2.3525,S,0,0,,,,,
P,101904,4,settled,2.3525,S
D,101999,4,settle,2.3525,S,0,0,,,,,
D,102188,4,settle,2.3525,S,0,0,,,,,
D,102380,4,settle,2.3525,S,0,0,,,,,
D,102572,4,settle,2.3525,S,0,0,,,,,
D,102763,4,settle,2.3525,S,0,0,,,,,
D,102961,4,settle,2.3526,S,0,0,,,,,
D,103148,4,settle,2.3526,S,0,0,,,,,
D,103337,4,settle,2.3526,S,0,0,,,,,
D,103528,4,settle,2.3529,U,0,0,,,,,
D,103720,4,settle,2.3530,U,0,0,,,,,
D,103912,4,settle,2.3530,U,0,0,,,,,
D,104101,4,settle,2.3531,S,0,0,,,,,
D,104293,4,settle,2.3532,U,0,0,,,,,
D,104484,4,settle,2.3532,S,0,0,,,,,
D,104676,4,settle,2.3533,U,0,0,,,,,
D,104867,4,settle,2.3534,U,0,0,,,,,
P,105058,4,settled2,2.3534,S
T,4,kfsafe,0.500,55,55,1,1.9444,2.3239,0.4323,0.1583,0.02189,0.5157,5.65,2.3525,2.3534,0.4090,-91.0,29.5,ok
E,105065,trial 4 kfsafe: dispensed 0.4090 g, error -91.0 mg, afterflow +29.5 mg, 5.7 s
E,105067,=== trial 5 : kflag target 0.500 g, tilt 55, 55 rpm, rep 1 (dispensed 2.37 g) ===
P,109172,5,base,2.3552,S
D,109174,5,preroll,2.3553,U,1,0,0.0001,0.0000,0.0001,0.01649,0.0000
D,109370,5,preroll,2.3553,S,0,0,0.0001,0.0000,0.0001,0.02711,0.0000
D,109565,5,preroll,2.3554,U,1,0,0.0003,0.0003,0.0002,0.02192,0.0000
D,109761,5,preroll,2.3555,U,1,0,0.0004,0.0002,0.0003,0.02008,0.0000
D,109941,5,preroll,2.3555,S,0,0,0.0004,0.0001,0.0004,0.02907,0.0000
D,110137,5,preroll,2.3556,U,1,0,0.0004,0.0000,0.0004,0.02201,0.0000
D,110334,5,preroll,2.3556,S,0,0,0.0004,0.0000,0.0004,0.03218,0.0000
D,110513,5,preroll,2.3556,S,1,0,0.0004,0.0000,0.0004,0.02166,0.0000
D,110712,5,dispense,2.3557,S,1,55,0.0007,0.0181,0.0005,0.01479,0.0007
D,110909,5,dispense,2.3557,S,0,55,0.0042,0.0471,0.0006,0.02508,0.0042
D,111089,5,dispense,2.3557,S,1,55,0.0081,0.0581,0.0006,0.02195,0.0081
D,111287,5,dispense,2.3556,S,1,55,0.0069,0.0540,0.0008,0.02187,0.0069
D,111475,5,dispense,2.3555,U,1,55,0.0063,0.0523,0.0007,0.02139,0.0063
D,111673,5,dispense,2.3716,U,1,55,0.0435,0.1051,0.0155,0.02205,0.0435
D,111854,5,dispense,2.4182,U,1,55,0.1277,0.1995,0.0608,0.02079,0.1277
D,112051,5,dispense,2.4541,U,1,55,0.1459,0.1276,0.0996,0.02181,0.1459
D,112236,5,dispense,2.4524,U,1,55,0.0914,0.0000,0.0998,0.02109,0.0914
D,112433,5,dispense,2.4428,U,1,55,0.0771,0.0162,0.0881,0.02189,0.0771
D,112630,5,dispense,2.4492,U,1,55,0.1118,0.0899,0.0930,0.02214,0.1118
D,112811,5,dispense,2.4754,U,1,55,0.1611,0.1406,0.1191,0.02077,0.1611
D,113008,5,dispense,2.5168,U,1,55,0.2178,0.1619,0.1606,0.02182,0.2178
D,113192,5,dispense,2.5378,U,1,55,0.2085,0.0773,0.1839,0.02101,0.2085
D,113389,5,dispense,2.5390,U,1,55,0.1838,0.0272,0.1852,0.02187,0.1838
D,113586,5,dispense,2.5445,U,1,55,0.2009,0.0690,0.1889,0.02214,0.2009
D,113767,5,dispense,2.5575,U,1,55,0.2254,0.0954,0.2019,0.02077,0.2254
D,113964,5,dispense,2.5775,U,1,55,0.2527,0.1059,0.2220,0.02182,0.2527
D,114148,5,dispense,2.6097,U,1,55,0.2985,0.1402,0.2536,0.02101,0.2985
D,114345,5,dispense,2.6279,U,1,55,0.2972,0.0807,0.2737,0.02187,0.2972
D,114542,5,dispense,2.6235,U,1,55,0.2624,0.0140,0.2699,0.02214,0.2624
D,114729,5,dispense,2.6216,U,1,55,0.2688,0.0487,0.2663,0.02127,0.2688
D,114913,5,dispense,2.6453,U,1,55,0.3278,0.1393,0.2883,0.02081,0.3278
D,115110,5,dispense,2.6887,U,1,55,0.3945,0.1755,0.3321,0.02187,0.3945
D,115307,5,dispense,2.7160,U,1,55,0.3935,0.0927,0.3619,0.02214,0.3935
D,115488,5,dispense,2.7239,U,1,55,0.3770,0.0419,0.3698,0.02077,0.3770
D,115685,5,dispense,2.7267,U,1,55,0.3776,0.0508,0.3718,0.02182,0.3776
D,115870,5,dispense,2.7351,U,1,55,0.3965,0.0802,0.3796,0.02109,0.3965
D,116067,5,dispense,2.7600,U,1,55,0.4425,0.1268,0.4038,0.02189,0.4425
D,116263,5,dispense,2.7946,U,1,55,0.4864,0.1399,0.4388,0.02205,0.4864
D,116445,5,dispense,2.8122,U,1,55,0.4796,0.0737,0.4581,0.02083,0.4796
D,116642,5,dispense,2.8129,U,1,55,0.4586,0.0311,0.4589,0.02184,0.4586
D,116826,5,dispense,2.8160,U,1,55,0.4691,0.0606,0.4606,0.02101,0.4691
D,117023,5,dispense,2.8298,U,1,55,0.4992,0.0981,0.4740,0.02187,0.4992
D,117220,5,dispense,2.8625,U,1,55,0.5541,0.1455,0.5062,0.02214,0.5541
E,117309,STOP kflag at t=6.51 s: raw 0.5073 pred 0.5541 m_hat 0.5541 r_hat 0.1455 sigma 0.0221
D,117401,5,settle,2.8841,U,0,0,,,,,
D,117587,5,settle,2.9138,U,0,0,,,,,
D,117776,5,settle,2.9119,U,0,0,,,,,
D,117969,5,settle,2.9033,U,0,0,,,,,
D,118160,5,settle,2.9112,U,0,0,,,,,
D,118349,5,settle,2.9195,U,0,0,,,,,
D,118541,5,settle,2.9208,U,0,0,,,,,
D,118734,5,settle,2.9205,U,0,0,,,,,
D,118926,5,settle,2.9204,U,0,0,,,,,
D,119116,5,settle,2.9203,U,0,0,,,,,
D,119306,5,settle,2.9203,S,0,0,,,,,
D,119498,5,settle,2.9202,S,0,0,,,,,
D,119691,5,settle,2.9202,S,0,0,,,,,
D,119888,5,settle,2.9202,S,0,0,,,,,
D,120075,5,settle,2.9202,S,0,0,,,,,
D,120263,5,settle,2.9202,S,0,0,,,,,
D,120454,5,settle,2.9202,S,0,0,,,,,
D,120646,5,settle,2.9202,S,0,0,,,,,
D,120838,5,settle,2.9202,S,0,0,,,,,
D,121028,5,settle,2.9202,S,0,0,,,,,
D,121219,5,settle,2.9202,S,0,0,,,,,
D,121411,5,settle,2.9202,S,0,0,,,,,
D,121603,5,settle,2.9202,S,0,0,,,,,
D,121795,5,settle,2.9202,S,0,0,,,,,
D,121984,5,settle,2.9202,S,0,0,,,,,
D,122176,5,settle,2.9202,S,0,0,,,,,
D,122369,5,settle,2.9202,S,0,0,,,,,
D,122560,5,settle,2.9202,S,0,0,,,,,
D,122749,5,settle,2.9202,S,0,0,,,,,
D,122941,5,settle,2.9202,S,0,0,,,,,
D,123133,5,settle,2.9202,S,0,0,,,,,
D,123324,5,settle,2.9202,S,0,0,,,,,
P,123517,5,settled,2.9202,S
D,123610,5,settle,2.9202,S,0,0,,,,,
D,123802,5,settle,2.9202,S,0,0,,,,,
D,123995,5,settle,2.9202,S,0,0,,,,,
D,124185,5,settle,2.9202,S,0,0,,,,,
D,124377,5,settle,2.9202,S,0,0,,,,,
D,124567,5,settle,2.9202,S,0,0,,,,,
D,124758,5,settle,2.9202,S,0,0,,,,,
D,124950,5,settle,2.9202,S,0,0,,,,,
D,125142,5,settle,2.9203,S,0,0,,,,,
D,125334,5,settle,2.9203,S,0,0,,,,,
D,125523,5,settle,2.9203,S,0,0,,,,,
D,125716,5,settle,2.9203,S,0,0,,,,,
D,125907,5,settle,2.9203,S,0,0,,,,,
D,126099,5,settle,2.9203,S,0,0,,,,,
D,126288,5,settle,2.9204,S,0,0,,,,,
D,126480,5,settle,2.9204,S,0,0,,,,,
P,126673,5,settled2,2.9204,S
T,5,kflag,0.500,55,55,1,2.3552,2.8625,0.5541,0.1455,0.02214,0.5541,6.60,2.9202,2.9204,0.5652,65.2,57.9,ok
E,126680,trial 5 kflag: dispensed 0.5652 g, error +65.2 mg, afterflow +57.9 mg, 6.6 s
E,126683,=== trial 6 : kf target 1.000 g, tilt 55, 55 rpm, rep 1 (dispensed 2.94 g) ===
P,127917,6,base,2.9206,S
D,127919,6,preroll,2.9206,S,1,0,0.0000,0.0000,0.0000,0.01649,0.0000
D,128115,6,preroll,2.9206,S,0,0,0.0000,0.0000,0.0000,0.02711,0.0000
D,128309,6,preroll,2.9207,S,1,0,0.0002,0.0002,0.0001,0.02182,0.0000
D,128494,6,preroll,2.9207,S,0,0,0.0002,0.0001,0.0002,0.03104,0.0000
D,128690,6,preroll,2.9207,S,1,0,0.0001,0.0000,0.0001,0.02254,0.0000
D,128886,6,preroll,2.9208,S,1,0,0.0004,0.0005,0.0002,0.02025,0.0000
D,129067,6,preroll,2.9208,S,0,0,0.0005,0.0003,0.0003,0.02931,0.0000
D,129263,6,preroll,2.9208,S,1,0,0.0001,0.0000,0.0002,0.02208,0.0000
D,129462,6,dispense,2.9209,S,1,55,0.0005,0.0184,0.0003,0.01513,0.0051
D,129643,6,dispense,2.9209,S,0,55,0.0038,0.0449,0.0004,0.02402,0.0151
D,129834,6,dispense,2.9209,S,1,55,0.0080,0.0581,0.0004,0.02221,0.0225
D,130032,6,dispense,2.9210,S,1,55,0.0071,0.0543,0.0008,0.02208,0.0207
D,130216,6,dispense,2.9296,U,1,55,0.0260,0.0815,0.0087,0.02105,0.0464
D,130414,6,dispense,2.9365,U,1,55,0.0305,0.0694,0.0163,0.02197,0.0479
D,130598,6,dispense,2.9604,U,1,55,0.0748,0.1249,0.0388,0.02103,0.1060
D,130795,6,dispense,2.9947,U,1,55,0.1218,0.1430,0.0733,0.02188,0.1575
D,130979,6,dispense,3.0065,U,1,55,0.1011,0.0536,0.0875,0.02101,0.1145
D,131176,6,dispense,3.0038,U,1,55,0.0799,0.0243,0.0843,0.02187,0.0860
D,131373,6,dispense,3.0062,U,1,55,0.0948,0.0650,0.0853,0.02214,0.1111
D,131554,6,dispense,3.0234,U,1,55,0.1318,0.1128,0.1020,0.02077,0.1600
D,131751,6,dispense,3.0570,U,1,55,0.1843,0.1468,0.1353,0.02182,0.2210
D,131936,6,dispense,3.0923,U,1,55,0.2179,0.1361,0.1715,0.02109,0.2519
D,132133,6,dispense,3.1080,U,1,55,0.2061,0.0647,0.1887,0.02189,0.2223
D,132330,6,dispense,3.1070,U,1,55,0.1852,0.0282,0.1875,0.02214,0.1923
D,132511,6,dispense,3.1142,U,1,55,0.2078,0.0777,0.1930,0.02077,0.2272
D,132708,6,dispense,3.1458,U,1,55,0.2724,0.1521,0.2235,0.02182,0.3104
D,132892,6,dispense,3.1841,U,1,55,0.3154,0.1525,0.2630,0.02101,0.3536
D,133084,6,dispense,3.2029,U,1,55,0.3054,0.0727,0.2837,0.02143,0.3235
D,133281,6,dispense,3.2081,U,1,55,0.2932,0.0431,0.2884,0.02203,0.3040
D,133479,6,dispense,3.2155,U,1,55,0.3088,0.0721,0.2947,0.02223,0.3269
D,133657,6,dispense,3.2320,U,1,55,0.3381,0.1044,0.3109,0.02055,0.3642
D,133854,6,dispense,3.2656,U,1,55,0.3923,0.1464,0.3438,0.02176,0.4289
D,134051,6,dispense,3.3011,U,1,55,0.4266,0.1324,0.3803,0.02213,0.4597
D,134232,6,dispense,3.3111,U,1,55,0.4023,0.0446,0.3921,0.02077,0.4135
D,134429,6,dispense,3.3052,U,1,55,0.3776,0.0164,0.3858,0.02182,0.3817
D,134613,6,dispense,3.3064,U,1,55,0.3934,0.0633,0.3854,0.02101,0.4093
D,134810,6,dispense,3.3188,U,1,55,0.4221,0.0971,0.3976,0.02187,0.4464
D,135007,6,dispense,3.3547,U,1,55,0.4853,0.1566,0.4327,0.02214,0.5244
D,135188,6,dispense,3.3890,U,1,55,0.5138,0.1334,0.4684,0.02077,0.5472
D,135385,6,dispense,3.3888,U,1,55,0.4666,0.0143,0.4708,0.02182,0.4702
D,135582,6,dispense,3.3772,U,1,55,0.4436,0.0085,0.4574,0.02214,0.4457
D,135762,6,dispense,3.3832,U,1,55,0.4782,0.0889,0.4615,0.02069,0.5004
D,135959,6,dispense,3.4094,U,1,55,0.5308,0.1390,0.4876,0.02180,0.5656
D,136156,6,dispense,3.4446,U,1,55,0.5716,0.1391,0.5236,0.02214,0.6064
D,136344,6,dispense,3.4685,U,1,55,0.5775,0.0917,0.5485,0.02136,0.6004
D,136526,6,dispense,3.4746,U,1,55,0.5620,0.0430,0.5551,0.02066,0.5728
D,136724,6,dispense,3.4754,U,1,55,0.5587,0.0458,0.5552,0.02192,0.5701
D,136921,6,dispense,3.4832,U,1,55,0.5791,0.0798,0.5622,0.02216,0.5990
D,137099,6,dispense,3.5059,U,1,55,0.6201,0.1253,0.5844,0.02053,0.6514
D,137296,6,dispense,3.5361,U,1,55,0.6580,0.1306,0.6150,0.02176,0.6906
D,137493,6,dispense,3.5568,U,1,55,0.6624,0.0853,0.6369,0.02213,0.6837
D,137674,6,dispense,3.5614,U,1,55,0.6474,0.0414,0.6418,0.02077,0.6577
D,137871,6,dispense,3.5618,U,1,55,0.6452,0.0468,0.6416,0.02182,0.6569
D,138068,6,dispense,3.5786,U,1,55,0.6863,0.1092,0.6570,0.02214,0.7136
D,138248,6,dispense,3.6138,U,1,55,0.7434,0.1599,0.6920,0.02069,0.7833
D,138445,6,dispense,3.6465,U,1,55,0.7693,0.1252,0.7261,0.02180,0.8006
D,138642,6,dispense,3.6642,U,1,55,0.7638,0.0698,0.7446,0.02214,0.7813
D,138823,6,dispense,3.6692,U,1,55,0.7559,0.0465,0.7493,0.02077,0.7675
D,139020,6,dispense,3.6687,U,1,55,0.7517,0.0457,0.7486,0.02182,0.7632
D,139204,6,dispense,3.6761,U,1,55,0.7710,0.0790,0.7551,0.02101,0.7908
D,139401,6,dispense,3.7100,U,1,55,0.8390,0.1571,0.7876,0.02187,0.8782
D,139588,6,dispense,3.7435,U,1,55,0.8681,0.1323,0.8229,0.02126,0.9012
D,139785,6,dispense,3.7433,U,1,55,0.8207,0.0138,0.8251,0.02194,0.8241
D,139969,6,dispense,3.7317,U,1,55,0.7981,0.0048,0.8119,0.02101,0.7993
D,140166,6,dispense,3.7322,U,1,55,0.8206,0.0691,0.8109,0.02188,0.8378
D,140363,6,dispense,3.7554,U,1,55,0.8734,0.1329,0.8336,0.02214,0.9067
D,140544,6,dispense,3.7954,U,1,55,0.9299,0.1672,0.8737,0.02077,0.9717
D,140741,6,dispense,3.8137,U,1,55,0.9165,0.0726,0.8947,0.02182,0.9346
D,140925,6,dispense,3.8051,U,1,55,0.8725,0.0000,0.8864,0.02101,0.8725
D,141121,6,dispense,3.8008,U,1,55,0.8807,0.0475,0.8799,0.02178,0.8926
D,141318,6,dispense,3.8155,U,1,55,0.9232,0.1113,0.8938,0.02212,0.9511
D,141500,6,dispense,3.8407,U,1,55,0.9578,0.1258,0.9196,0.02085,0.9893
D,141697,6,dispense,3.8734,U,1,55,0.9965,0.1318,0.9523,0.02184,1.0295
E,141802,STOP kf at t=12.24 s: raw 0.9528 pred 1.0295 m_hat 0.9965 r_hat 0.1318 sigma 0.0218
D,141877,6,settle,3.8855,U,0,0,,,,,
D,142067,6,settle,3.8928,U,0,0,,,,,
D,142260,6,settle,3.8962,U,0,0,,,,,
D,142449,6,settle,3.8976,U,0,0,,,,,
D,142640,6,settle,3.8925,U,0,0,,,,,
D,142833,6,settle,3.8952,U,0,0,,,,,
D,143024,6,settle,3.9103,U,0,0,,,,,
D,143215,6,settle,3.9145,U,0,0,,,,,
D,143405,6,settle,3.9134,U,0,0,,,,,
D,143597,6,settle,3.9125,U,0,0,,,,,
D,143789,6,settle,3.9124,U,0,0,,,,,
D,143980,6,settle,3.9123,U,0,0,,,,,
D,144170,6,settle,3.9122,U,0,0,,,,,
D,144363,6,settle,3.9122,S,0,0,,,,,
D,144554,6,settle,3.9121,U,0,0,,,,,
D,144745,6,settle,3.9121,S,0,0,,,,,
D,144937,6,settle,3.9121,S,0,0,,,,,
D,145127,6,settle,3.9121,S,0,0,,,,,
D,145318,6,settle,3.9121,S,0,0,,,,,
D,145517,6,settle,3.9121,S,0,0,,,,,
D,145703,6,settle,3.9120,S,0,0,,,,,
D,145892,6,settle,3.9120,S,0,0,,,,,
D,146084,6,settle,3.9120,S,0,0,,,,,
D,146275,6,settle,3.9120,S,0,0,,,,,
D,146467,6,settle,3.9120,S,0,0,,,,,
D,146660,6,settle,3.9120,S,0,0,,,,,
D,146849,6,settle,3.9120,S,0,0,,,,,
D,147040,6,settle,3.9121,S,0,0,,,,,
D,147232,6,settle,3.9121,S,0,0,,,,,
D,147424,6,settle,3.9121,S,0,0,,,,,
D,147615,6,settle,3.9121,S,0,0,,,,,
D,147805,6,settle,3.9121,S,0,0,,,,,
P,147998,6,settled,3.9121,S
D,148093,6,settle,3.9121,S,0,0,,,,,
D,148284,6,settle,3.9121,S,0,0,,,,,
D,148476,6,settle,3.9121,S,0,0,,,,,
D,148666,6,settle,3.9121,S,0,0,,,,,
D,148858,6,settle,3.9121,S,0,0,,,,,
D,149049,6,settle,3.9121,S,0,0,,,,,
D,149241,6,settle,3.9121,S,0,0,,,,,
D,149431,6,settle,3.9121,S,0,0,,,,,
D,149622,6,settle,3.9121,S,0,0,,,,,
D,149814,6,settle,3.9121,S,0,0,,,,,
D,150006,6,settle,3.9122,S,0,0,,,,,
D,150198,6,settle,3.9122,S,0,0,,,,,
D,150387,6,settle,3.9122,S,0,0,,,,,
D,150579,6,settle,3.9122,S,0,0,,,,,
D,150771,6,settle,3.9122,S,0,0,,,,,
D,150962,6,settle,3.9122,S,0,0,,,,,
P,151155,6,settled2,3.9122,S
T,6,kf,1.000,55,55,1,2.9206,3.8734,0.9965,0.1318,0.02184,1.0295,12.34,3.9121,3.9122,0.9916,-8.4,38.8,ok
E,151162,trial 6 kf: dispensed 0.9916 g, error -8.4 mg, afterflow +38.8 mg, 12.3 s
E,151164,=== trial 7 : naive target 1.000 g, tilt 55, 55 rpm, rep 1 (dispensed 3.93 g) ===
P,152397,7,base,3.9124,S
D,152399,7,preroll,3.9124,S,1,0,0.0000,0.0000,0.0000,0.01649,0.0000
D,152595,7,preroll,3.9129,U,1,0,0.0019,0.0038,0.0005,0.01809,0.0000
D,152791,7,preroll,3.9130,U,1,0,-0.0005,0.0000,0.0006,0.01876,0.0000
D,152975,7,preroll,3.9131,U,1,0,0.0022,0.0050,0.0007,0.01793,0.0000
D,153171,7,preroll,3.9132,U,1,0,0.0001,0.0000,0.0008,0.01915,0.0000
D,153366,7,preroll,3.9132,U,0,0,0.0001,0.0000,0.0003,0.02945,0.0000
D,153547,7,preroll,3.9133,U,1,0,0.0015,0.0014,0.0009,0.02115,0.0000
D,153743,7,preroll,3.9134,U,1,0,0.0009,0.0000,0.0010,0.01985,0.0000
D,153941,7,dispense,3.9134,S,0,55,0.0009,0.0174,0.0010,0.02338,0.0010
D,154122,7,dispense,3.9135,U,1,55,0.0044,0.0447,0.0011,0.01859,0.0011
D,154319,7,dispense,3.9136,U,1,55,0.0081,0.0556,0.0014,0.02177,0.0012
D,154507,7,dispense,3.9140,U,1,55,0.0084,0.0542,0.0019,0.02132,0.0016
D,154705,7,dispense,3.9297,U,1,55,0.0438,0.1033,0.0165,0.02205,0.0173
D,154887,7,dispense,3.9544,U,1,55,0.0785,0.1232,0.0415,0.02087,0.0420
D,155084,7,dispense,3.9809,U,1,55,0.1046,0.1133,0.0684,0.02184,0.0685
D,155281,7,dispense,3.9941,U,1,55,0.0985,0.0650,0.0826,0.02214,0.0817
D,155462,7,dispense,3.9950,U,1,55,0.0857,0.0374,0.0834,0.02077,0.0826
D,155659,7,dispense,3.9999,U,1,55,0.0987,0.0666,0.0873,0.02182,0.0875
D,155843,7,dispense,4.0276,U,1,55,0.1569,0.1451,0.1136,0.02101,0.1152
D,156040,7,dispense,4.0664,U,1,55,0.2076,0.1549,0.1533,0.02187,0.1540
D,156237,7,dispense,4.0889,U,1,55,0.2031,0.0809,0.1776,0.02214,0.1765
D,156418,7,dispense,4.0959,U,1,55,0.1918,0.0456,0.1843,0.02077,0.1835
D,156615,7,dispense,4.0996,U,1,55,0.1953,0.0560,0.1874,0.02182,0.1872
D,156800,7,dispense,4.1040,U,1,55,0.2029,0.0651,0.1917,0.02109,0.1916
D,156997,7,dispense,4.1198,U,1,55,0.2334,0.1003,0.2068,0.02189,0.2074
D,157194,7,dispense,4.1510,U,1,55,0.2830,0.1386,0.2377,0.02214,0.2386
D,157375,7,dispense,4.1709,U,1,55,0.2856,0.0875,0.2592,0.02077,0.2585
D,157572,7,dispense,4.1656,U,1,55,0.2467,0.0108,0.2551,0.02182,0.2532
D,157760,7,dispense,4.1587,U,1,55,0.2418,0.0309,0.2465,0.02135,0.2463
D,157957,7,dispense,4.1664,U,1,55,0.2726,0.0893,0.2532,0.02196,0.2540
D,158140,7,dispense,4.2025,U,1,55,0.3430,0.1717,0.2883,0.02093,0.2901
D,158337,7,dispense,4.2450,U,1,55,0.3895,0.1578,0.3322,0.02186,0.3326
D,158521,7,dispense,4.2554,U,1,55,0.3537,0.0361,0.3452,0.02101,0.3430
D,158718,7,dispense,4.2445,U,1,55,0.3173,0.0000,0.3336,0.02187,0.3321
D,158914,7,dispense,4.2493,U,1,55,0.3514,0.0840,0.3358,0.02205,0.3369
D,159096,7,dispense,4.2710,U,1,55,0.3945,0.1287,0.3577,0.02083,0.3586
D,159293,7,dispense,4.3010,U,1,55,0.4309,0.1296,0.3882,0.02184,0.3886
D,159477,7,dispense,4.3321,U,1,55,0.4600,0.1236,0.4195,0.02101,0.4197
D,159674,7,dispense,4.3432,U,1,55,0.4448,0.0557,0.4321,0.02187,0.4308
D,159871,7,dispense,4.3427,U,1,55,0.4309,0.0351,0.4311,0.02214,0.4303
D,160052,7,dispense,4.3504,U,1,55,0.4533,0.0799,0.4375,0.02077,0.4380
D,160249,7,dispense,4.3728,U,1,55,0.4957,0.1217,0.4595,0.02182,0.4604
D,160434,7,dispense,4.4053,U,1,55,0.5379,0.1402,0.4922,0.02109,0.4929
D,160631,7,dispense,4.4321,U,1,55,0.5544,0.1055,0.5201,0.02189,0.5197
D,160828,7,dispense,4.4360,U,1,55,0.5274,0.0331,0.5251,0.02214,0.5236
D,161016,7,dispense,4.4253,U,1,55,0.5021,0.0092,0.5139,0.02136,0.5129
D,161199,7,dispense,4.4325,U,1,55,0.5360,0.0879,0.5190,0.02074,0.5201
D,161397,7,dispense,4.4672,U,1,55,0.6074,0.1646,0.5529,0.02194,0.5548
D,161594,7,dispense,4.4983,U,1,55,0.6269,0.1178,0.5863,0.02216,0.5859
D,161774,7,dispense,4.5121,U,1,55,0.6161,0.0596,0.6008,0.02069,0.5997
D,161971,7,dispense,4.5171,U,1,55,0.6121,0.0502,0.6053,0.02180,0.6047
D,162155,7,dispense,4.5174,U,1,55,0.6101,0.0484,0.6054,0.02101,0.6050
D,162352,7,dispense,4.5250,U,1,55,0.6285,0.0779,0.6123,0.02187,0.6126
D,162549,7,dispense,4.5533,U,1,55,0.6833,0.1385,0.6397,0.02214,0.6409
D,162730,7,dispense,4.5825,U,1,55,0.7104,0.1247,0.6700,0.02077,0.6701
D,162927,7,dispense,4.5863,U,1,55,0.6788,0.0332,0.6759,0.02182,0.6739
D,163112,7,dispense,4.5751,U,1,55,0.6502,0.0028,0.6639,0.02109,0.6627
D,163309,7,dispense,4.5763,U,1,55,0.6729,0.0686,0.6632,0.02189,0.6639
D,163506,7,dispense,4.6051,U,1,55,0.7386,0.1507,0.6911,0.02214,0.6927
D,163687,7,dispense,4.6512,U,1,55,0.8013,0.1832,0.7376,0.02077,0.7388
D,163884,7,dispense,4.6765,U,1,55,0.7951,0.0880,0.7656,0.02182,0.7641
D,164068,7,dispense,4.6714,U,1,55,0.7501,0.0000,0.7611,0.02101,0.7590
D,164259,7,dispense,4.6621,U,1,55,0.7416,0.0228,0.7500,0.02134,0.7497
D,164456,7,dispense,4.6765,U,1,55,0.7920,0.1142,0.7626,0.02201,0.7641
D,164653,7,dispense,4.7054,U,1,55,0.8366,0.1361,0.7923,0.02214,0.7930
D,164833,7,dispense,4.7388,U,1,55,0.8706,0.1347,0.8261,0.02069,0.8264
D,165030,7,dispense,4.7599,U,1,55,0.8742,0.0856,0.8483,0.02180,0.8475
D,165227,7,dispense,4.7607,U,1,55,0.8488,0.0288,0.8496,0.02214,0.8483
D,165408,7,dispense,4.7620,U,1,55,0.8552,0.0533,0.8496,0.02077,0.8496
D,165605,7,dispense,4.7777,U,1,55,0.8924,0.1057,0.8644,0.02182,0.8653
D,165789,7,dispense,4.8065,U,1,55,0.9360,0.1370,0.8933,0.02101,0.8941
D,165986,7,dispense,4.8366,U,1,55,0.9645,0.1212,0.9242,0.02187,0.9242
D,166183,7,dispense,4.8508,U,1,55,0.9554,0.0634,0.9394,0.02214,0.9384
D,166364,7,dispense,4.8420,U,1,55,0.9198,0.0022,0.9311,0.02077,0.9296
D,166561,7,dispense,4.8331,U,1,55,0.9148,0.0298,0.9209,0.02182,0.9207
D,166746,7,dispense,4.8541,U,1,55,0.9775,0.1384,0.9398,0.02109,0.9417
D,166943,7,dispense,4.8895,U,1,55,1.0289,0.1537,0.9763,0.02189,0.9771
D,167140,7,dispense,4.9090,U,1,55,1.0202,0.0746,0.9978,0.02214,0.9966
D,167321,7,dispense,4.9130,U,1,55,1.0055,0.0381,1.0015,0.02077,1.0006
E,167418,STOP naive at t=13.38 s: raw 1.0006 pred 1.0006 m_hat 1.0055 r_hat 0.0381 sigma 0.0208
D,167510,7,settle,4.9138,U,0,0,,,,,
D,167697,7,settle,4.9157,U,0,0,,,,,
D,167889,7,settle,4.9277,U,0,0,,,,,
D,168080,7,settle,4.9618,U,0,0,,,,,
D,168270,7,settle,4.9988,U,0,0,,,,,
D,168461,7,settle,5.0111,U,0,0,,,,,
D,168654,7,settle,5.0084,U,0,0,,,,,
D,168845,7,settle,5.0069,U,0,0,,,,,
D,169035,7,settle,5.0066,U,0,0,,,,,
D,169227,7,settle,5.0065,U,0,0,,,,,
D,169418,7,settle,5.0065,U,0,0,,,,,
D,169610,7,settle,5.0065,S,0,0,,,,,
D,169802,7,settle,5.0064,S,0,0,,,,,
D,169991,7,settle,5.0064,S,0,0,,,,,
D,170183,7,settle,5.0064,S,0,0,,,,,
D,170375,7,settle,5.0065,S,0,0,,,,,
D,170567,7,settle,5.0065,S,0,0,,,,,
D,170758,7,settle,5.0065,S,0,0,,,,,
D,170948,7,settle,5.0065,S,0,0,,,,,
D,171140,7,settle,5.0065,S,0,0,,,,,
D,171332,7,settle,5.0065,S,0,0,,,,,
D,171524,7,settle,5.0065,S,0,0,,,,,
D,171713,7,settle,5.0065,S,0,0,,,,,
D,171905,7,settle,5.0065,S,0,0,,,,,
D,172097,7,settle,5.0065,S,0,0,,,,,
D,172288,7,settle,5.0065,S,0,0,,,,,
D,172480,7,settle,5.0065,S,0,0,,,,,
D,172670,7,settle,5.0066,S,0,0,,,,,
D,172861,7,settle,5.0066,S,0,0,,,,,
D,173053,7,settle,5.0066,S,0,0,,,,,
D,173245,7,settle,5.0066,S,0,0,,,,,
D,173437,7,settle,5.0066,S,0,0,,,,,
P,173626,7,settled,5.0066,S
D,173722,7,settle,5.0066,S,0,0,,,,,
D,173914,7,settle,5.0067,S,0,0,,,,,
D,174105,7,settle,5.0067,S,0,0,,,,,
D,174297,7,settle,5.0067,S,0,0,,,,,
D,174487,7,settle,5.0067,S,0,0,,,,,
D,174678,7,settle,5.0072,U,0,0,,,,,
D,174870,7,settle,5.0072,U,0,0,,,,,
D,175062,7,settle,5.0073,U,0,0,,,,,
D,175252,7,settle,5.0073,S,0,0,,,,,
D,175443,7,settle,5.0074,U,0,0,,,,,
D,175635,7,settle,5.0075,U,0,0,,,,,
D,175825,7,settle,5.0076,U,0,0,,,,,
D,176018,7,settle,5.0076,S,0,0,,,,,
D,176208,7,settle,5.0077,U,0,0,,,,,
D,176400,7,settle,5.0078,U,0,0,,,,,
D,176591,7,settle,5.0078,S,0,0,,,,,
P,177164,7,settled2,5.0080,S
T,7,naive,1.000,55,55,1,3.9124,4.9130,1.0055,0.0381,0.02077,1.0006,13.48,5.0066,5.0080,1.0956,95.6,95.0,ok
E,177171,trial 7 naive: dispensed 1.0956 g, error +95.6 mg, afterflow +95.0 mg, 13.5 s
E,177174,=== trial 8 : kfsafe target 1.000 g, tilt 55, 55 rpm, rep 1 (dispensed 5.02 g) ===
P,178408,8,base,5.0084,S
D,178410,8,preroll,5.0085,U,1,0,0.0001,0.0000,0.0001,0.01649,0.0000
D,178606,8,preroll,5.0085,S,0,0,0.0001,0.0000,0.0001,0.02711,0.0000
D,178801,8,preroll,5.0086,U,1,0,0.0003,0.0003,0.0002,0.02192,0.0000
D,178997,8,preroll,5.0087,U,1,0,0.0004,0.0002,0.0003,0.02008,0.0000
D,179177,8,preroll,5.0087,S,0,0,0.0004,0.0001,0.0004,0.02907,0.0000
D,179373,8,preroll,5.0088,U,1,0,0.0004,0.0000,0.0004,0.02201,0.0000
D,179561,8,preroll,5.0089,U,1,0,0.0007,0.0004,0.0005,0.01935,0.0000
D,179758,8,preroll,5.0089,S,0,0,0.0007,0.0002,0.0006,0.02972,0.0000
D,179942,8,dispense,5.0090,U,1,55,0.0006,0.0174,0.0006,0.01700,0.0390
D,180140,8,dispense,5.0091,U,1,55,0.0043,0.0471,0.0007,0.02087,0.0578
D,180338,8,dispense,5.0092,U,1,55,0.0080,0.0567,0.0010,0.02220,0.0665
D,180518,8,dispense,5.0094,U,1,55,0.0074,0.0529,0.0014,0.02070,0.0621
D,180716,8,dispense,5.0096,U,1,55,0.0078,0.0541,0.0016,0.02189,0.0651
D,180899,8,dispense,5.0026,U,1,55,-0.0088,0.0278,-0.0049,0.02095,0.0400
D,181097,8,dispense,4.9932,U,1,55,-0.0204,0.0293,-0.0146,0.02194,0.0308
D,181294,8,dispense,4.9841,U,1,55,-0.0275,0.0359,-0.0239,0.02216,0.0258
D,181474,8,dispense,4.9967,U,1,55,0.0123,0.1067,-0.0128,0.02069,0.0804
D,181671,8,dispense,5.0337,U,1,55,0.0795,0.1653,0.0237,0.02180,0.1644
D,181856,8,dispense,5.0741,U,1,55,0.1187,0.1510,0.0654,0.02109,0.1987
D,182053,8,dispense,5.0890,U,1,55,0.0971,0.0560,0.0823,0.02189,0.1549
D,182250,8,dispense,5.0811,U,1,55,0.0619,0.0053,0.0742,0.02214,0.1075
D,182430,8,dispense,5.0786,U,1,55,0.0727,0.0514,0.0699,0.02069,0.1270
D,182627,8,dispense,5.1002,U,1,55,0.1280,0.1305,0.0902,0.02180,0.2042
D,182815,8,dispense,5.1305,U,1,55,0.1657,0.1353,0.1217,0.02135,0.2422
D,183012,8,dispense,5.1600,U,1,55,0.1895,0.1141,0.1517,0.02196,0.2619
D,183195,8,dispense,5.1717,U,1,55,0.1781,0.0572,0.1644,0.02093,0.2342
D,183392,8,dispense,5.1659,U,1,55,0.1516,0.0182,0.1588,0.02186,0.1999
D,183576,8,dispense,5.1658,U,1,55,0.1630,0.0572,0.1571,0.02101,0.2193
D,183773,8,dispense,5.1866,U,1,55,0.2128,0.1246,0.1769,0.02187,0.2877
D,183970,8,dispense,5.2200,U,1,55,0.2587,0.1416,0.2109,0.02214,0.3384
D,184151,8,dispense,5.2484,U,1,55,0.2768,0.1121,0.2402,0.02077,0.3464
D,184348,8,dispense,5.2536,U,1,55,0.2513,0.0376,0.2469,0.02182,0.3044
D,184545,8,dispense,5.2402,U,1,55,0.2168,0.0000,0.2331,0.02214,0.2611
D,184725,8,dispense,5.2413,U,1,55,0.2414,0.0706,0.2321,0.02069,0.3005
D,184922,8,dispense,5.2721,U,1,55,0.3121,0.1582,0.2617,0.02180,0.3952
D,185119,8,dispense,5.3027,U,1,55,0.3362,0.1221,0.2945,0.02214,0.4110
D,185298,8,dispense,5.3188,U,1,55,0.3303,0.0687,0.3113,0.02061,0.3887
D,185495,8,dispense,5.3238,U,1,55,0.3226,0.0481,0.3162,0.02178,0.3782
D,185692,8,dispense,5.3229,U,1,55,0.3177,0.0451,0.3150,0.02214,0.3733
D,185873,8,dispense,5.3254,U,1,55,0.3263,0.0625,0.3170,0.02077,0.3834
D,186065,8,dispense,5.3459,U,1,55,0.3700,0.1193,0.3364,0.02137,0.4426
D,186262,8,dispense,5.3751,U,1,55,0.4084,0.1293,0.3662,0.02203,0.4848
D,186446,8,dispense,5.3858,U,1,55,0.3919,0.0551,0.3787,0.02102,0.4477
D,186643,8,dispense,5.3690,U,1,55,0.3403,0.0000,0.3627,0.02188,0.3840
D,186840,8,dispense,5.3608,U,1,55,0.3531,0.0541,0.3520,0.02214,0.4109
D,187019,8,dispense,5.3819,U,1,55,0.4101,0.1400,0.3719,0.02061,0.4863
D,187216,8,dispense,5.4217,U,1,55,0.4702,0.1665,0.4121,0.02178,0.5554
D,187413,8,dispense,5.4501,U,1,55,0.4764,0.0996,0.4425,0.02214,0.5456
D,187594,8,dispense,5.4530,U,1,55,0.4468,0.0246,0.4462,0.02077,0.4945
D,187791,8,dispense,5.4457,U,1,55,0.4305,0.0214,0.4380,0.02182,0.4794
D,187975,8,dispense,5.4510,U,1,55,0.4567,0.0807,0.4418,0.02101,0.5189
D,188172,8,dispense,5.4813,U,1,55,0.5194,0.1504,0.4713,0.02187,0.6007
D,188369,8,dispense,5.5163,U,1,55,0.5549,0.1355,0.5077,0.02214,0.6330
D,188551,8,dispense,5.5382,U,1,55,0.5568,0.0853,0.5305,0.02085,0.6199
D,188748,8,dispense,5.5342,U,1,55,0.5205,0.0137,0.5276,0.02184,0.5676
D,188932,8,dispense,5.5272,U,1,55,0.5139,0.0286,0.5191,0.02101,0.5631
D,189129,8,dispense,5.5370,U,1,55,0.5495,0.0953,0.5276,0.02187,0.6171
D,189317,8,dispense,5.5611,U,1,55,0.5902,0.1274,0.5520,0.02135,0.6648
D,189514,8,dispense,5.5924,U,1,55,0.6266,0.1291,0.5836,0.02196,0.7028
D,189697,8,dispense,5.6110,U,1,55,0.6267,0.0798,0.6034,0.02093,0.6885
D,189894,8,dispense,5.5998,U,1,55,0.5776,0.0000,0.5936,0.02186,0.6214
D,190091,8,dispense,5.5946,U,1,55,0.5866,0.0487,0.5859,0.02214,0.6431
D,190272,8,dispense,5.6165,U,1,55,0.6449,0.1393,0.6065,0.02077,0.7213
D,190469,8,dispense,5.6502,U,1,55,0.6908,0.1462,0.6412,0.02182,0.7710
D,190653,8,dispense,5.6753,U,1,55,0.6990,0.0981,0.6675,0.02101,0.7656
D,190850,8,dispense,5.6819,U,1,55,0.6812,0.0437,0.6748,0.02187,0.7358
D,191047,8,dispense,5.6776,U,1,55,0.6665,0.0300,0.6699,0.02214,0.7183
D,191228,8,dispense,5.6790,U,1,55,0.6787,0.0626,0.6704,0.02077,0.7359
D,191425,8,dispense,5.7002,U,1,55,0.7263,0.1233,0.6906,0.02182,0.8007
D,191610,8,dispense,5.7408,U,1,55,0.7888,0.1710,0.7311,0.02109,0.8737
D,191807,8,dispense,5.7701,U,1,55,0.7992,0.1072,0.7625,0.02189,0.8698
D,192004,8,dispense,5.7671,U,1,55,0.7518,0.0053,0.7608,0.02214,0.7974
D,192185,8,dispense,5.7557,U,1,55,0.7358,0.0109,0.7479,0.02077,0.7801
D,192382,8,dispense,5.7719,U,1,55,0.7928,0.1194,0.7616,0.02182,0.8663
D,192570,8,dispense,5.8100,U,1,55,0.8575,0.1711,0.8002,0.02135,0.9429
D,192768,8,dispense,5.8434,U,1,55,0.8780,0.1211,0.8354,0.02205,0.9523
D,192949,8,dispense,5.8598,U,1,55,0.8705,0.0657,0.8524,0.02079,0.9286
D,193146,8,dispense,5.8623,U,1,55,0.8577,0.0400,0.8548,0.02181,0.9114
D,193331,8,dispense,5.8598,U,1,55,0.8528,0.0406,0.8518,0.02109,0.9051
D,193528,8,dispense,5.8645,U,1,55,0.8690,0.0722,0.8558,0.02189,0.9308
D,193725,8,dispense,5.8865,U,1,55,0.9130,0.1216,0.8772,0.02214,0.9877
D,193906,8,dispense,5.9158,U,1,55,0.9486,0.1313,0.9070,0.02077,1.0230
E,194011,STOP kfsafe at t=13.96 s: raw 0.9074 pred 1.0230 m_hat 0.9486 r_hat 0.1313 sigma 0.0208
D,194090,8,settle,5.9238,U,0,0,,,,,
D,194282,8,settle,5.9220,U,0,0,,,,,
D,194474,8,settle,5.9165,U,0,0,,,,,
D,194664,8,settle,5.9214,U,0,0,,,,,
D,194856,8,settle,5.9421,U,0,0,,,,,
D,195047,8,settle,5.9696,U,0,0,,,,,
D,195239,8,settle,5.9897,U,0,0,,,,,
D,195430,8,settle,6.0007,U,0,0,,,,,
D,195622,8,settle,6.0030,U,0,0,,,,,
D,195811,8,settle,6.0018,U,0,0,,,,,
D,196002,8,settle,6.0011,U,0,0,,,,,
D,196195,8,settle,6.0010,U,0,0,,,,,
D,196387,8,settle,6.0009,U,0,0,,,,,
D,196579,8,settle,6.0009,S,0,0,,,,,
D,196767,8,settle,6.0008,U,0,0,,,,,
D,196960,8,settle,6.0008,S,0,0,,,,,
D,197152,8,settle,6.0008,S,0,0,,,,,
D,197343,8,settle,6.0007,S,0,0,,,,,
D,197535,8,settle,6.0007,S,0,0,,,,,
D,197725,8,settle,6.0006,S,0,0,,,,,
D,197917,8,settle,6.0006,S,0,0,,,,,
D,198108,8,settle,6.0005,U,0,0,,,,,
D,198299,8,settle,6.0005,S,0,0,,,,,
D,198490,8,settle,6.0005,S,0,0,,,,,
D,198682,8,settle,6.0005,S,0,0,,,,,
D,198873,8,settle,6.0005,S,0,0,,,,,
D,199065,8,settle,6.0005,S,0,0,,,,,
D,199256,8,settle,6.0004,S,0,0,,,,,
D,199446,8,settle,6.0004,S,0,0,,,,,
D,199638,8,settle,6.0004,S,0,0,,,,,
D,199830,8,settle,6.0004,S,0,0,,,,,
D,200021,8,settle,6.0004,S,0,0,,,,,
P,200213,8,settled,6.0004,S
D,200307,8,settle,6.0004,S,0,0,,,,,
D,200499,8,settle,6.0004,S,0,0,,,,,
D,200691,8,settle,6.0004,S,0,0,,,,,
D,200883,8,settle,6.0004,S,0,0,,,,,
D,201081,8,settle,6.0004,S,0,0,,,,,
D,201268,8,settle,6.0005,S,0,0,,,,,
D,201456,8,settle,6.0005,S,0,0,,,,,
D,201647,8,settle,6.0005,S,0,0,,,,,
D,201839,8,settle,6.0005,S,0,0,,,,,
D,202029,8,settle,6.0005,S,0,0,,,,,
D,202221,8,settle,6.0005,S,0,0,,,,,
D,202412,8,settle,6.0005,S,0,0,,,,,
D,202604,8,settle,6.0005,S,0,0,,,,,
D,202796,8,settle,6.0005,S,0,0,,,,,
D,202984,8,settle,6.0005,S,0,0,,,,,
D,203177,8,settle,6.0006,S,0,0,,,,,
P,203369,8,settled2,6.0006,S
T,8,kfsafe,1.000,55,55,1,5.0084,5.9158,0.9486,0.1313,0.02077,1.0230,14.07,6.0004,6.0006,0.9922,-7.8,84.8,ok
E,203376,trial 8 kfsafe: dispensed 0.9922 g, error -7.8 mg, afterflow +84.8 mg, 14.1 s
E,203378,=== trial 9 : kf target 2.000 g, tilt 55, 55 rpm, rep 1 (dispensed 6.02 g) ===
P,204613,9,base,6.0007,S
D,204615,9,preroll,6.0007,S,1,0,0.0000,0.0000,0.0000,0.01649,0.0000
D,204811,9,preroll,6.0008,S,1,0,0.0004,0.0008,0.0001,0.01809,0.0000
D,205007,9,preroll,6.0008,S,0,0,0.0005,0.0005,0.0003,0.02860,0.0000
D,205189,9,preroll,6.0008,S,1,0,-0.0001,0.0000,0.0001,0.02101,0.0000
D,205384,9,preroll,6.0009,S,1,0,0.0005,0.0009,0.0002,0.01973,0.0000
D,205580,9,preroll,6.0009,S,0,0,0.0007,0.0006,0.0004,0.03004,0.0000
D,205762,9,preroll,6.0015,U,1,0,0.0011,0.0007,0.0008,0.02141,0.0000
D,205958,9,preroll,6.0016,U,1,0,0.0009,0.0000,0.0009,0.01990,0.0000
D,206157,9,dispense,6.0016,U,0,55,0.0009,0.0174,0.0009,0.02343,0.0052
D,206337,9,dispense,6.0017,U,1,55,0.0042,0.0444,0.0010,0.01851,0.0153
D,206534,9,dispense,6.0018,U,1,55,0.0080,0.0556,0.0013,0.02175,0.0219
D,206720,9,dispense,6.0019,U,1,55,0.0075,0.0530,0.0016,0.02115,0.0208
D,206918,9,dispense,6.0018,S,1,55,0.0073,0.0533,0.0015,0.02201,0.0206
D,207115,9,dispense,6.0020,U,1,55,0.0079,0.0547,0.0016,0.02216,0.0216
D,207295,9,dispense,6.0075,U,1,55,0.0199,0.0712,0.0067,0.02069,0.0377
D,207484,9,dispense,6.0061,U,1,55,0.0098,0.0445,0.0063,0.02109,0.0209
D,207681,9,dispense,6.0027,U,1,55,0.0031,0.0414,0.0025,0.02197,0.0135
D,207879,9,dispense,6.0032,U,1,55,0.0103,0.0599,0.0025,0.02223,0.0253
D,208059,9,dispense,6.0310,U,1,55,0.0725,0.1496,0.0286,0.02071,0.1099
D,208256,9,dispense,6.0733,U,1,55,0.1313,0.1678,0.0716,0.02180,0.1733
D,208440,9,dispense,6.0992,U,1,55,0.1304,0.0920,0.0996,0.02101,0.1534
D,208637,9,dispense,6.0988,U,1,55,0.0955,0.0178,0.0999,0.02187,0.0999
D,208834,9,dispense,6.0907,U,1,55,0.0834,0.0251,0.0905,0.02214,0.0897
D,209016,9,dispense,6.0924,U,1,55,0.1017,0.0700,0.0913,0.02085,0.1192
D,209213,9,dispense,6.1155,U,1,55,0.1522,0.1298,0.1135,0.02184,0.1847
D,209397,9,dispense,6.1524,U,1,55,0.2029,0.1562,0.1508,0.02101,0.2420
D,209594,9,dispense,6.1738,U,1,55,0.2004,0.0843,0.1742,0.02187,0.2215
D,209791,9,dispense,6.1633,U,1,55,0.1476,0.0000,0.1648,0.02214,0.1476
D,209971,9,dispense,6.1520,U,1,55,0.1433,0.0265,0.1514,0.02069,0.1500
D,210168,9,dispense,6.1682,U,1,55,0.1980,0.1214,0.1658,0.02180,0.2284
D,210365,9,dispense,6.2024,U,1,55,0.2521,0.1519,0.2007,0.02214,0.2901
D,210545,9,dispense,6.2292,U,1,55,0.2637,0.1062,0.2290,0.02069,0.2902
D,210737,9,dispense,6.2411,U,1,55,0.2550,0.0589,0.2414,0.02135,0.2698
D,210934,9,dispense,6.2434,U,1,55,0.2475,0.0449,0.2433,0.02203,0.2587
D,211118,9,dispense,6.2453,U,1,55,0.2522,0.0568,0.2447,0.02102,0.2664
D,211315,9,dispense,6.2600,U,1,55,0.2845,0.1001,0.2586,0.02188,0.3096
D,211512,9,dispense,6.2892,U,1,55,0.3308,0.1340,0.2877,0.02214,0.3643
D,211693,9,dispense,6.3116,U,1,55,0.3414,0.0979,0.3113,0.02077,0.3659
D,211890,9,dispense,6.3099,U,1,55,0.3075,0.0211,0.3110,0.02182,0.3128
D,212075,9,dispense,6.3041,U,1,55,0.2995,0.0294,0.3038,0.02109,0.3068
D,212272,9,dispense,6.3088,U,1,55,0.3220,0.0773,0.3075,0.02189,0.3414
D,212469,9,dispense,6.3322,U,1,55,0.3688,0.1271,0.3305,0.02214,0.4006
D,212650,9,dispense,6.3651,U,1,55,0.4099,0.1418,0.3638,0.02077,0.4454
D,212847,9,dispense,6.3784,U,1,55,0.3952,0.0625,0.3792,0.02182,0.4109
D,213031,9,dispense,6.3702,U,1,55,0.3595,0.0021,0.3711,0.02101,0.3600
D,213228,9,dispense,6.3624,U,1,55,0.3572,0.0336,0.3618,0.02187,0.3656
D,213425,9,dispense,6.3760,U,1,55,0.4024,0.1105,0.3741,0.02214,0.4300
D,213606,9,dispense,6.4152,U,1,55,0.4708,0.1771,0.4129,0.02077,0.5151
D,213803,9,dispense,6.4523,U,1,55,0.5005,0.1361,0.4518,0.02182,0.5345
D,213991,9,dispense,6.4659,U,1,55,0.4797,0.0511,0.4667,0.02135,0.4925
D,214188,9,dispense,6.4586,U,1,55,0.4486,0.0097,0.4593,0.02196,0.4511
D,214371,9,dispense,6.4545,U,1,55,0.4545,0.0458,0.4537,0.02093,0.4659
D,214569,9,dispense,6.4682,U,1,55,0.4937,0.1059,0.4665,0.02195,0.5202
D,214752,9,dispense,6.5013,U,1,55,0.5487,0.1545,0.4994,0.02095,0.5873
D,214949,9,dispense,6.5337,U,1,55,0.5762,0.1256,0.5331,0.02185,0.6076
D,215146,9,dispense,6.5376,U,1,55,0.5395,0.0262,0.5388,0.02214,0.5460
D,215327,9,dispense,6.5235,U,1,55,0.5067,0.0000,0.5240,0.02077,0.5067
D,215523,9,dispense,6.5255,U,1,55,0.5362,0.0775,0.5238,0.02173,0.5556
D,215720,9,dispense,6.5499,U,1,55,0.5897,0.1366,0.5480,0.02212,0.6239
D,215900,9,dispense,6.5818,U,1,55,0.6256,0.1377,0.5807,0.02069,0.6600
D,216097,9,dispense,6.6001,U,1,55,0.6230,0.0780,0.6004,0.02180,0.6425
D,216294,9,dispense,6.6038,U,1,55,0.6077,0.0404,0.6041,0.02214,0.6178
D,216474,9,dispense,6.6052,U,1,55,0.6104,0.0518,0.6047,0.02069,0.6233
D,216671,9,dispense,6.6136,U,1,55,0.6301,0.0809,0.6126,0.02180,0.6503
D,216868,9,dispense,6.6320,U,1,55,0.6606,0.1055,0.6308,0.02214,0.6869
D,217049,9,dispense,6.6601,U,1,55,0.6989,0.1296,0.6588,0.02077,0.7313
D,217240,9,dispense,6.6726,U,1,55,0.6901,0.0667,0.6731,0.02128,0.7068
D,217437,9,dispense,6.6670,U,1,55,0.6601,0.0159,0.6677,0.02201,0.6641
D,217622,9,dispense,6.6664,U,1,55,0.6704,0.0549,0.6655,0.02110,0.6841
D,217819,9,dispense,6.6797,U,1,55,0.7041,0.1014,0.6782,0.02190,0.7295
D,218016,9,dispense,6.7095,U,1,55,0.7523,0.1370,0.7079,0.02214,0.7865
D,218195,9,dispense,6.7357,U,1,55,0.7705,0.1111,0.7352,0.02061,0.7982
D,218392,9,dispense,6.7386,U,1,55,0.7418,0.0328,0.7397,0.02178,0.7500
D,218589,9,dispense,6.7307,U,1,55,0.7225,0.0197,0.7308,0.02214,0.7274
D,218770,9,dispense,6.7309,U,1,55,0.7375,0.0632,0.7298,0.02077,0.7533
D,218967,9,dispense,6.7526,U,1,55,0.7877,0.1272,0.7506,0.02182,0.8195
D,219151,9,dispense,6.7881,U,1,55,0.8373,0.1535,0.7865,0.02101,0.8756
D,219348,9,dispense,6.8134,U,1,55,0.8453,0.0981,0.8135,0.02187,0.8698
D,219545,9,dispense,6.8130,U,1,55,0.8101,0.0192,0.8140,0.02214,0.8149
D,219726,9,dispense,6.8084,U,1,55,0.8052,0.0328,0.8080,0.02077,0.8134
D,219923,9,dispense,6.8110,U,1,55,0.8214,0.0695,0.8100,0.02182,0.8388
D,220108,9,dispense,6.8358,U,1,55,0.8738,0.1370,0.8338,0.02109,0.9081
D,220305,9,dispense,6.8733,U,1,55,0.9246,0.1524,0.8718,0.02189,0.9627
D,220493,9,dispense,6.8960,U,1,55,0.9235,0.0857,0.8963,0.02135,0.9449
D,220690,9,dispense,6.8864,U,1,55,0.8723,0.0000,0.8879,0.02196,0.8723
D,220872,9,dispense,6.8759,U,1,55,0.8675,0.0261,0.8754,0.02085,0.8740
D,221069,9,dispense,6.8893,U,1,55,0.9154,0.1117,0.8871,0.02183,0.9433
D,221266,9,dispense,6.9224,U,1,55,0.9709,0.1508,0.9206,0.02214,1.0086
D,221447,9,dispense,6.9483,U,1,55,0.9820,0.1049,0.9481,0.02077,1.0082
D,221644,9,dispense,6.9555,U,1,55,0.9633,0.0446,0.9562,0.02182,0.9745
D,221841,9,dispense,6.9560,U,1,55,0.9585,0.0440,0.9557,0.02214,0.9695
D,222021,9,dispense,6.9595,U,1,55,0.9692,0.0654,0.9587,0.02069,0.9855
D,222218,9,dispense,6.9735,U,1,55,0.9972,0.0970,0.9723,0.02180,1.0215
D,222415,9,dispense,7.0004,U,1,55,1.0388,0.1264,0.9990,0.02214,1.0704
D,222596,9,dispense,7.0255,U,1,55,1.0590,0.1098,1.0249,0.02077,1.0865
D,222793,9,dispense,7.0252,U,1,55,1.0249,0.0247,1.0264,0.02182,1.0310
D,222977,9,dispense,7.0189,U,1,55,1.0130,0.0247,1.0188,0.02101,1.0192
D,223174,9,dispense,7.0232,U,1,55,1.0356,0.0759,1.0219,0.02187,1.0546
D,223371,9,dispense,7.0540,U,1,55,1.1005,0.1519,1.0517,0.02214,1.1384
D,223550,9,dispense,7.0854,U,1,55,1.1280,0.1309,1.0847,0.02061,1.1607
D,223742,9,dispense,7.0934,U,1,55,1.1028,0.0435,1.0945,0.02133,1.1137
D,223939,9,dispense,7.0865,U,1,55,1.0779,0.0154,1.0869,0.02203,1.0818
D,224137,9,dispense,7.0820,U,1,55,1.0828,0.0481,1.0812,0.02223,1.0948
D,224317,9,dispense,7.0951,U,1,55,1.1191,0.1060,1.0935,0.02071,1.1456
D,224514,9,dispense,7.1295,U,1,55,1.1790,0.1548,1.1274,0.02180,1.2177
D,224698,9,dispense,7.1606,U,1,55,1.2012,0.1221,1.1601,0.02101,1.2317
D,224895,9,dispense,7.1717,U,1,55,1.1838,0.0523,1.1724,0.02187,1.1969
D,225092,9,dispense,7.1683,U,1,55,1.1645,0.0263,1.1685,0.02214,1.1710
D,225273,9,dispense,7.1690,U,1,55,1.1750,0.0587,1.1681,0.02077,1.1896
D,225470,9,dispense,7.1812,U,1,55,1.2036,0.0956,1.1799,0.02182,1.2275
D,225655,9,dispense,7.2120,U,1,55,1.2559,0.1459,1.2101,0.02109,1.2924
D,225852,9,dispense,7.2464,U,1,55,1.2918,0.1345,1.2455,0.02189,1.3255
D,226049,9,dispense,7.2543,U,1,55,1.2615,0.0381,1.2554,0.02214,1.2711
D,226228,9,dispense,7.2386,U,1,55,1.2191,0.0000,1.2395,0.02061,1.2191
D,226425,9,dispense,7.2343,U,1,55,1.2385,0.0632,1.2329,0.02178,1.2542
D,226622,9,dispense,7.2525,U,1,55,1.2854,0.1228,1.2507,0.02214,1.3161
D,226803,9,dispense,7.2894,U,1,55,1.3407,0.1617,1.2876,0.02077,1.3811
D,226995,9,dispense,7.3136,U,1,55,1.3450,0.0964,1.3139,0.02137,1.3691
D,227192,9,dispense,7.3164,U,1,55,1.3177,0.0295,1.3172,0.02203,1.3250
D,227376,9,dispense,7.3139,U,1,55,1.3132,0.0376,1.3135,0.02102,1.3226
D,227573,9,dispense,7.3209,U,1,55,1.3363,0.0808,1.3197,0.02188,1.3565
D,227770,9,dispense,7.3424,U,1,55,1.3758,0.1181,1.3410,0.02214,1.4053
D,227951,9,dispense,7.3766,U,1,55,1.4230,0.1477,1.3751,0.02077,1.4599
D,228148,9,dispense,7.3906,U,1,55,1.4087,0.0649,1.3914,0.02182,1.4249
D,228333,9,dispense,7.3813,U,1,55,1.3689,0.0000,1.3823,0.02109,1.3689
D,228529,9,dispense,7.3770,U,1,55,1.3768,0.0470,1.3760,0.02180,1.3885
D,228726,9,dispense,7.3933,U,1,55,1.4229,0.1162,1.3914,0.02212,1.4520
D,228906,9,dispense,7.4267,U,1,55,1.4742,0.1536,1.4250,0.02069,1.5126
D,229103,9,dispense,7.4505,U,1,55,1.4817,0.0975,1.4506,0.02180,1.5061
D,229300,9,dispense,7.4499,U,1,55,1.4470,0.0195,1.4509,0.02214,1.4518
D,229481,9,dispense,7.4432,U,1,55,1.4374,0.0258,1.4429,0.02077,1.4438
D,229678,9,dispense,7.4462,U,1,55,1.4572,0.0723,1.4450,0.02182,1.4753
D,229862,9,dispense,7.4747,U,1,55,1.5178,0.1505,1.4724,0.02101,1.5554
D,230059,9,dispense,7.5118,U,1,55,1.5624,0.1483,1.5106,0.02187,1.5995
D,230247,9,dispense,7.5298,U,1,55,1.5507,0.0687,1.5304,0.02135,1.5678
D,230444,9,dispense,7.5281,U,1,55,1.5246,0.0226,1.5287,0.02196,1.5302
D,230629,9,dispense,7.5286,U,1,55,1.5334,0.0550,1.5277,0.02110,1.5471
D,230826,9,dispense,7.5388,U,1,55,1.5587,0.0897,1.5376,0.02190,1.5811
D,231010,9,dispense,7.5665,U,1,55,1.6067,0.1377,1.5647,0.02101,1.6411
D,231207,9,dispense,7.6044,U,1,55,1.6549,0.1490,1.6030,0.02188,1.6921
D,231404,9,dispense,7.6256,U,1,55,1.6501,0.0786,1.6260,0.02214,1.6698
D,231583,9,dispense,7.6132,U,1,55,1.5965,0.0000,1.6147,0.02061,1.5965
D,231780,9,dispense,7.5966,U,1,55,1.5831,0.0174,1.5964,0.02178,1.5874
D,231977,9,dispense,7.5991,U,1,55,1.6129,0.0836,1.5976,0.02214,1.6338
D,232158,9,dispense,7.6265,U,1,55,1.6688,0.1484,1.6245,0.02077,1.7059
D,232355,9,dispense,7.6595,U,1,55,1.7047,0.1355,1.6586,0.02182,1.7386
D,232540,9,dispense,7.6733,U,1,55,1.6895,0.0589,1.6740,0.02109,1.7043
D,232737,9,dispense,7.6752,U,1,55,1.6773,0.0385,1.6753,0.02189,1.6869
D,232934,9,dispense,7.6787,U,1,55,1.6879,0.0637,1.6779,0.02214,1.7038
D,233115,9,dispense,7.6891,U,1,55,1.7079,0.0868,1.6881,0.02077,1.7296
D,233312,9,dispense,7.7142,U,1,55,1.7508,0.1247,1.7126,0.02182,1.7820
D,233500,9,dispense,7.7405,U,1,55,1.7761,0.1150,1.7397,0.02135,1.8048
D,233697,9,dispense,7.7381,U,1,55,1.7347,0.0165,1.7395,0.02196,1.7388
D,233879,9,dispense,7.7287,U,1,55,1.7189,0.0154,1.7286,0.02085,1.7228
D,234076,9,dispense,7.7360,U,1,55,1.7528,0.0885,1.7342,0.02183,1.7749
D,234273,9,dispense,7.7663,U,1,55,1.8122,0.1486,1.7643,0.02214,1.8494
D,234453,9,dispense,7.8001,U,1,55,1.8452,0.1377,1.7992,0.02069,1.8797
D,234650,9,dispense,7.8108,U,1,55,1.8231,0.0507,1.8118,0.02180,1.8358
D,234847,9,dispense,7.8051,U,1,55,1.7976,0.0170,1.8055,0.02214,1.8018
D,235028,9,dispense,7.7994,U,1,55,1.7974,0.0390,1.7988,0.02077,1.8071
D,235225,9,dispense,7.8101,U,1,55,1.8314,0.0966,1.8085,0.02182,1.8556
D,235409,9,dispense,7.8423,U,1,55,1.8891,0.1548,1.8403,0.02101,1.9278
D,235606,9,dispense,7.8691,U,1,55,1.9050,0.1095,1.8689,0.02187,1.9323
D,235803,9,dispense,7.8750,U,1,55,1.8802,0.0376,1.8758,0.02214,1.8896
D,235982,9,dispense,7.8735,U,1,55,1.8734,0.0362,1.8733,0.02061,1.8824
D,236179,9,dispense,7.8793,U,1,55,1.8924,0.0747,1.8782,0.02178,1.9111
D,236376,9,dispense,7.8971,U,1,55,1.9259,0.1077,1.8958,0.02214,1.9528
D,236557,9,dispense,7.9291,U,1,55,1.9732,0.1442,1.9275,0.02077,2.0093
E,236657,STOP kf at t=30.40 s: raw 1.9284 pred 2.0093 m_hat 1.9732 r_hat 0.1442 sigma 0.0208
D,236749,9,settle,7.9461,U,0,0,,,,,
D,236936,9,settle,7.9667,U,0,0,,,,,
D,237125,9,settle,7.9544,U,0,0,,,,,
D,237317,9,settle,7.9409,U,0,0,,,,,
D,237508,9,settle,7.9539,U,0,0,,,,,
D,237698,9,settle,7.9683,U,0,0,,,,,
D,237889,9,settle,7.9712,U,0,0,,,,,
D,238081,9,settle,7.9708,U,0,0,,,,,
D,238273,9,settle,7.9706,U,0,0,,,,,
D,238465,9,settle,7.9705,U,0,0,,,,,
D,238655,9,settle,7.9704,U,0,0,,,,,
D,238846,9,settle,7.9704,S,0,0,,,,,
D,239037,9,settle,7.9703,U,0,0,,,,,
D,239230,9,settle,7.9703,S,0,0,,,,,
D,239422,9,settle,7.9703,S,0,0,,,,,
D,239610,9,settle,7.9702,S,0,0,,,,,
D,239803,9,settle,7.9702,S,0,0,,,,,
D,239995,9,settle,7.9702,S,0,0,,,,,
D,240187,9,settle,7.9701,S,0,0,,,,,
D,240376,9,settle,7.9701,S,0,0,,,,,
D,240567,9,settle,7.9700,S,0,0,,,,,
D,240759,9,settle,7.9700,S,0,0,,,,,
D,240950,9,settle,7.9700,S,0,0,,,,,
D,241142,9,settle,7.9700,S,0,0,,,,,
D,241332,9,settle,7.9700,S,0,0,,,,,
D,241524,9,settle,7.9700,S,0,0,,,,,
D,241715,9,settle,7.9700,S,0,0,,,,,
D,241907,9,settle,7.9700,S,0,0,,,,,
D,242100,9,settle,7.9699,S,0,0,,,,,
D,242290,9,settle,7.9699,S,0,0,,,,,
D,242480,9,settle,7.9699,S,0,0,,,,,
D,242673,9,settle,7.9699,S,0,0,,,,,
P,242865,9,settled,7.9699,S
D,242960,9,settle,7.9700,S,0,0,,,,,
D,243149,9,settle,7.9700,S,0,0,,,,,
D,243341,9,settle,7.9700,S,0,0,,,,,
D,243533,9,settle,7.9700,S,0,0,,,,,
D,243725,9,settle,7.9700,S,0,0,,,,,
D,243915,9,settle,7.9700,S,0,0,,,,,
D,244106,9,settle,7.9700,S,0,0,,,,,
D,244298,9,settle,7.9704,U,0,0,,,,,
D,244490,9,settle,7.9704,U,0,0,,,,,
D,244681,9,settle,7.9705,U,0,0,,,,,
D,244871,9,settle,7.9706,U,0,0,,,,,
D,245062,9,settle,7.9706,S,0,0,,,,,
D,245254,9,settle,7.9707,U,0,0,,,,,
D,245446,9,settle,7.9707,S,0,0,,,,,
D,245638,9,settle,7.9708,U,0,0,,,,,
D,245826,9,settle,7.9708,S,0,0,,,,,
P,246019,9,settled2,7.9708,S
T,9,kf,2.000,55,55,1,6.0007,7.9291,1.9732,0.1442,0.02077,2.0093,30.50,7.9699,7.9708,1.9701,-29.9,41.7,ok
E,246026,trial 9 kf: dispensed 1.9701 g, error -29.9 mg, afterflow +41.7 mg, 30.5 s
E,246029,=== trial 10 : kf target 2.000 g, tilt 55, 55 rpm, rep 2 (dispensed 7.99 g) ===
P,247263,10,base,7.9709,S
D,247265,10,preroll,7.9709,S,1,0,0.0000,0.0000,0.0000,0.01649,0.0000
D,247461,10,preroll,7.9709,S,0,0,0.0000,0.0000,0.0000,0.02711,0.0000
D,247655,10,preroll,7.9709,S,1,0,0.0000,0.0000,0.0000,0.02182,0.0000
D,247850,10,preroll,7.9709,S,0,0,0.0000,0.0000,0.0000,0.03184,0.0000
D,248030,10,preroll,7.9709,S,1,0,0.0000,0.0000,0.0000,0.02160,0.0000
D,248225,10,preroll,7.9709,S,0,0,0.0000,0.0000,0.0000,0.03154,0.0000
D,248414,10,preroll,7.9709,S,1,0,0.0000,0.0000,0.0000,0.02241,0.0000
D,248610,10,preroll,7.9709,S,0,0,0.0000,0.0000,0.0000,0.03242,0.0000
D,248807,10,dispense,7.9709,S,1,55,0.0000,0.0174,0.0000,0.01753,0.0044
D,248989,10,dispense,7.9709,S,0,55,0.0032,0.0444,0.0000,0.02645,0.0143
D,249185,10,dispense,7.9709,S,1,55,0.0079,0.0590,0.0001,0.02266,0.0226
D,249383,10,dispense,7.9709,S,0,55,0.0196,0.0719,0.0056,0.03281,0.0375
D,249562,10,dispense,7.9709,S,1,55,0.0070,0.0553,0.0002,0.02238,0.0208
D,249760,10,dispense,7.9709,S,0,55,0.0179,0.0697,0.0050,0.03244,0.0354
D,249957,10,dispense,7.9999,U,1,55,0.0567,0.0997,0.0288,0.02386,0.0816
D,250137,10,dispense,8.0142,U,1,55,0.0647,0.0823,0.0436,0.02069,0.0853
D,250334,10,dispense,8.0180,U,1,55,0.0550,0.0498,0.0480,0.02182,0.0674
D,250519,10,dispense,8.0183,U,1,55,0.0519,0.0468,0.0478,0.02109,0.0636
D,250716,10,dispense,8.0299,U,1,55,0.0800,0.0909,0.0584,0.02190,0.1028
D,250913,10,dispense,8.0561,U,1,55,0.1244,0.1282,0.0844,0.02214,0.1565
D,251094,10,dispense,8.0868,U,1,55,0.1577,0.1303,0.1156,0.02077,0.1902
D,251291,10,dispense,8.1006,U,1,55,0.1477,0.0653,0.1309,0.02182,0.1640
D,251475,10,dispense,8.0928,U,1,55,0.1128,0.0044,0.1235,0.02101,0.1140
D,251683,10,dispense,8.0873,U,1,55,0.1153,0.0427,0.1164,0.02290,0.1259
D,251860,10,dispense,8.0988,U,1,55,0.1511,0.1039,0.1270,0.02068,0.1770
D,252058,10,dispense,8.1325,U,1,55,0.2113,0.1541,0.1602,0.02183,0.2499
D,252240,10,dispense,8.1623,U,1,55,0.2313,0.1190,0.1917,0.02086,0.2610
D,252437,10,dispense,8.1631,U,1,55,0.1922,0.0209,0.1944,0.02183,0.1974
D,252634,10,dispense,8.1558,U,1,55,0.1781,0.0232,0.1855,0.02214,0.1839
D,252815,10,dispense,8.1547,U,1,55,0.1899,0.0595,0.1836,0.02077,0.2048
D,253013,10,dispense,8.1695,U,1,55,0.2257,0.1056,0.1978,0.02191,0.2521
D,253196,10,dispense,8.1983,U,1,55,0.2693,0.1373,0.2266,0.02095,0.3036
D,253393,10,dispense,8.2202,U,1,55,0.2792,0.0954,0.2499,0.02185,0.3031
D,253590,10,dispense,8.2265,U,1,55,0.2634,0.0454,0.2567,0.02214,0.2747
D,253771,10,dispense,8.2297,U,1,55,0.2661,0.0538,0.2590,0.02077,0.2795
D,253969,10,dispense,8.2372,U,1,55,0.2819,0.0760,0.2661,0.02191,0.3009
D,254153,10,dispense,8.2577,U,1,55,0.3185,0.1158,0.2860,0.02103,0.3475
D,254350,10,dispense,8.2911,U,1,55,0.3667,0.1417,0.3193,0.02187,0.4022
D,254547,10,dispense,8.3170,U,1,55,0.3790,0.1001,0.3466,0.02214,0.4040
D,254726,10,dispense,8.3096,U,1,55,0.3292,0.0000,0.3409,0.02061,0.3292
D,254934,10,dispense,8.2892,U,1,55,0.2970,0.0000,0.3194,0.02280,0.2970
D,255111,10,dispense,8.2907,U,1,55,0.3325,0.0878,0.3187,0.02068,0.3544
D,255308,10,dispense,8.3131,U,1,55,0.3809,0.1328,0.3411,0.02174,0.4141
D,255493,10,dispense,8.3416,U,1,55,0.4108,0.1254,0.3705,0.02109,0.4421
D,255690,10,dispense,8.3586,U,1,55,0.4097,0.0762,0.3886,0.02189,0.4288
D,255874,10,dispense,8.3622,U,1,55,0.3970,0.0417,0.3922,0.02101,0.4074
D,256071,10,dispense,8.3684,U,1,55,0.4096,0.0675,0.3974,0.02188,0.4264
D,256268,10,dispense,8.3815,U,1,55,0.4335,0.0919,0.4103,0.02214,0.4564
D,256449,10,dispense,8.4074,U,1,55,0.4741,0.1282,0.4357,0.02077,0.5061
D,256646,10,dispense,8.4414,U,1,55,0.5166,0.1380,0.4699,0.02182,0.5511
D,256830,10,dispense,8.4465,U,1,55,0.4820,0.0306,0.4776,0.02101,0.4897
D,257027,10,dispense,8.4350,U,1,55,0.4502,0.0018,0.4654,0.02187,0.4506
D,257224,10,dispense,8.4358,U,1,55,0.4742,0.0703,0.4642,0.02214,0.4918
D,257403,10,dispense,8.4618,U,1,55,0.5323,0.1477,0.4894,0.02061,0.5692
D,257600,10,dispense,8.5006,U,1,55,0.5839,0.1571,0.5289,0.02178,0.6232
D,257797,10,dispense,8.5159,U,1,55,0.5622,0.0574,0.5467,0.02214,0.5766
D,257979,10,dispense,8.5088,U,1,55,0.5286,0.0034,0.5393,0.02085,0.5294
D,258187,10,dispense,8.4998,U,1,55,0.5233,0.0323,0.5291,0.02286,0.5314
D,258364,10,dispense,8.5045,U,1,55,0.5483,0.0833,0.5330,0.02068,0.5691
D,258562,10,dispense,8.5294,U,1,55,0.5980,0.1326,0.5573,0.02183,0.6311
D,258743,10,dispense,8.5565,U,1,55,0.6236,0.1203,0.5855,0.02078,0.6537
D,258940,10,dispense,8.5713,U,1,55,0.6198,0.0706,0.6014,0.02181,0.6375
D,259137,10,dispense,8.5755,U,1,55,0.6111,0.0471,0.6053,0.02214,0.6229
D,259316,10,dispense,8.5799,U,1,55,0.6191,0.0624,0.6090,0.02061,0.6347
D,259514,10,dispense,8.5878,U,1,55,0.6331,0.0763,0.6168,0.02187,0.6522
D,259711,10,dispense,8.6117,U,1,55,0.6768,0.1226,0.6399,0.02216,0.7075
D,259892,10,dispense,8.6430,U,1,55,0.7154,0.1363,0.6716,0.02077,0.7495
D,260089,10,dispense,8.6563,U,1,55,0.7032,0.0641,0.6868,0.02182,0.7192
D,260273,10,dispense,8.6433,U,1,55,0.6565,0.0000,0.6744,0.02101,0.6565
D,260470,10,dispense,8.6397,U,1,55,0.6726,0.0586,0.6683,0.02187,0.6873
D,260667,10,dispense,8.6611,U,1,55,0.7276,0.1324,0.6888,0.02214,0.7607
D,260848,10,dispense,8.6923,U,1,55,0.7660,0.1395,0.7209,0.02077,0.8008
D,261045,10,dispense,8.7100,U,1,55,0.7623,0.0772,0.7402,0.02182,0.7816
D,261229,10,dispense,8.7141,U,1,55,0.7488,0.0409,0.7441,0.02101,0.7590
D,261437,10,dispense,8.7158,U,1,55,0.7512,0.0540,0.7451,0.02290,0.7647
D,261614,10,dispense,8.7232,U,1,55,0.7679,0.0784,0.7521,0.02068,0.7875
D,261812,10,dispense,8.7364,U,1,55,0.7884,0.0905,0.7653,0.02183,0.8110
D,261994,10,dispense,8.7692,U,1,55,0.8444,0.1513,0.7969,0.02086,0.8823
D,262192,10,dispense,8.7936,U,1,55,0.8563,0.1025,0.8233,0.02192,0.8819
D,262389,10,dispense,8.7886,U,1,55,0.8098,0.0047,0.8198,0.02216,0.8109
D,262569,10,dispense,8.7846,U,1,55,0.8122,0.0384,0.8136,0.02069,0.8218
D,262767,10,dispense,8.7935,U,1,55,0.8425,0.0911,0.8218,0.02189,0.8653
D,262951,10,dispense,8.8323,U,1,55,0.9175,0.1790,0.8594,0.02103,0.9623
D,263148,10,dispense,8.8607,U,1,55,0.9283,0.1104,0.8906,0.02187,0.9559
D,263345,10,dispense,8.8635,U,1,55,0.8932,0.0235,0.8944,0.02214,0.8991
D,263526,10,dispense,8.8550,U,1,55,0.8758,0.0153,0.8848,0.02077,0.8797
D,263723,10,dispense,8.8517,U,1,55,0.8842,0.0529,0.8806,0.02182,0.8974
D,263907,10,dispense,8.8694,U,1,55,0.9292,0.1203,0.8973,0.02101,0.9593
D,264104,10,dispense,8.8949,U,1,55,0.9622,0.1220,0.9237,0.02187,0.9927
D,264301,10,dispense,8.9117,U,1,55,0.9628,0.0772,0.9415,0.02214,0.9822
D,264482,10,dispense,8.9163,U,1,55,0.9527,0.0459,0.9462,0.02077,0.9642
D,264690,10,dispense,8.9211,U,1,55,0.9606,0.0627,0.9503,0.02284,0.9763
D,264867,10,dispense,8.9326,U,1,55,0.9821,0.0892,0.9614,0.02068,1.0044
D,265065,10,dispense,8.9597,U,1,55,1.0286,0.1301,0.9878,0.02183,1.0611
D,265247,10,dispense,8.9912,U,1,55,1.0632,0.1328,1.0199,0.02086,1.0964
D,265444,10,dispense,9.0120,U,1,55,1.0678,0.0865,1.0418,0.02183,1.0895
D,265628,10,dispense,9.0100,U,1,55,1.0369,0.0179,1.0407,0.02101,1.0413
D,265825,10,dispense,9.0004,U,1,55,1.0211,0.0200,1.0302,0.02187,1.0261
D,266022,10,dispense,9.0072,U,1,55,1.0539,0.0887,1.0354,0.02214,1.0761
D,266203,10,dispense,9.0234,U,1,55,1.0804,0.1055,1.0522,0.02077,1.1067
D,266400,10,dispense,9.0433,U,1,55,1.1018,0.1009,1.0724,0.02182,1.1270
D,266585,10,dispense,9.0566,U,1,55,1.1048,0.0742,1.0862,0.02109,1.1234
D,266782,10,dispense,9.0615,U,1,55,1.0994,0.0531,1.0913,0.02189,1.1127
D,266979,10,dispense,9.0672,U,1,55,1.1082,0.0659,1.0964,0.02214,1.1247
D,267160,10,dispense,9.0758,U,1,55,1.1213,0.0771,1.1049,0.02077,1.1406
D,267357,10,dispense,9.0969,U,1,55,1.1580,0.1129,1.1253,0.02182,1.1863
D,267541,10,dispense,9.1314,U,1,55,1.2082,0.1493,1.1595,0.02101,1.2455
D,267738,10,dispense,9.1412,U,1,55,1.1837,0.0514,1.1721,0.02187,1.1966
D,267946,10,dispense,9.1334,U,1,55,1.1526,0.0130,1.1638,0.02316,1.1558
D,268123,10,dispense,9.1368,U,1,55,1.1770,0.0750,1.1652,0.02069,1.1957
D,268306,10,dispense,9.1628,U,1,55,1.2326,0.1441,1.1903,0.02052,1.2687
D,268504,10,dispense,9.1976,U,1,55,1.2756,0.1435,1.2262,0.02194,1.3115
D,268701,10,dispense,9.2102,U,1,55,1.2535,0.0525,1.2409,0.02216,1.2666
D,268881,10,dispense,9.2057,U,1,55,1.2297,0.0159,1.2359,0.02069,1.2337
D,269078,10,dispense,9.2014,U,1,55,1.2306,0.0426,1.2306,0.02180,1.2412
D,269262,10,dispense,9.2093,U,1,55,1.2563,0.0876,1.2378,0.02101,1.2782
D,269459,10,dispense,9.2371,U,1,55,1.3084,0.1378,1.2650,0.02187,1.3428
D,269656,10,dispense,9.2617,U,1,55,1.3242,0.1038,1.2912,0.02214,1.3501
D,269837,10,dispense,9.2685,U,1,55,1.3066,0.0443,1.2988,0.02077,1.3177
D,270034,10,dispense,9.2698,U,1,55,1.3030,0.0457,1.2993,0.02182,1.3144
D,270231,10,dispense,9.2783,U,1,55,1.3246,0.0815,1.3070,0.02214,1.3450
D,270411,10,dispense,9.2911,U,1,55,1.3423,0.0897,1.3201,0.02069,1.3647
D,270608,10,dispense,9.3136,U,1,55,1.3756,0.1124,1.3421,0.02180,1.4037
D,270792,10,dispense,9.3391,U,1,55,1.4036,0.1157,1.3680,0.02101,1.4325
D,270989,10,dispense,9.3512,U,1,55,1.3971,0.0653,1.3813,0.02187,1.4134
D,271197,10,dispense,9.3464,U,1,55,1.3706,0.0236,1.3767,0.02316,1.3765
D,271373,10,dispense,9.3512,U,1,55,1.3923,0.0747,1.3798,0.02062,1.4110
D,271559,10,dispense,9.3692,U,1,55,1.4285,0.1140,1.3975,0.02075,1.4570
D,271757,10,dispense,9.3919,U,1,55,1.4545,0.1100,1.4209,0.02200,1.4820
D,271940,10,dispense,9.4101,U,1,55,1.4641,0.0874,1.4395,0.02095,1.4860
D,272137,10,dispense,9.4162,U,1,55,1.4548,0.0521,1.4462,0.02186,1.4679
D,272334,10,dispense,9.4180,U,1,55,1.4531,0.0508,1.4475,0.02214,1.4658
D,272515,10,dispense,9.4308,U,1,55,1.4819,0.0954,1.4593,0.02077,1.5058
D,272712,10,dispense,9.4494,U,1,55,1.5080,0.1040,1.4782,0.02182,1.5340
D,272897,10,dispense,9.4785,U,1,55,1.5478,0.1302,1.5069,0.02109,1.5803
D,273094,10,dispense,9.5008,U,1,55,1.5599,0.0962,1.5304,0.02189,1.5839
D,273291,10,dispense,9.4991,U,1,55,1.5257,0.0201,1.5299,0.02214,1.5308
D,273470,10,dispense,9.4966,U,1,55,1.5262,0.0409,1.5258,0.02061,1.5364
D,273667,10,dispense,9.5107,U,1,55,1.5654,0.1044,1.5387,0.02178,1.5915
D,273864,10,dispense,9.5466,U,1,55,1.6277,0.1580,1.5744,0.02214,1.6672
D,274045,10,dispense,9.5757,U,1,55,1.6433,0.1144,1.6052,0.02077,1.6719
D,274242,10,dispense,9.5786,U,1,55,1.6102,0.0276,1.6096,0.02182,1.6171
D,274437,10,dispense,9.5730,U,1,55,1.5973,0.0267,1.6027,0.02196,1.6040
D,274618,10,dispense,9.5738,U,1,55,1.6109,0.0635,1.6026,0.02073,1.6268
D,274816,10,dispense,9.5943,U,1,55,1.6573,0.1217,1.6222,0.02191,1.6878
D,275001,10,dispense,9.6261,U,1,55,1.7003,0.1412,1.6545,0.02111,1.7356
D,275199,10,dispense,9.6446,U,1,55,1.6979,0.0795,1.6747,0.02199,1.7178
D,275383,10,dispense,9.6453,U,1,55,1.6756,0.0285,1.6756,0.02103,1.6827
D,275580,10,dispense,9.6499,U,1,55,1.6890,0.0642,1.6787,0.02188,1.7050
D,275777,10,dispense,9.6600,U,1,55,1.7088,0.0851,1.6889,0.02214,1.7301
D,275958,10,dispense,9.6786,U,1,55,1.7364,0.1059,1.7073,0.02077,1.7628
D,276155,10,dispense,9.7047,U,1,55,1.7707,0.1191,1.7333,0.02182,1.8005
D,276339,10,dispense,9.7255,U,1,55,1.7829,0.0944,1.7549,0.02101,1.8065
D,276536,10,dispense,9.7294,U,1,55,1.7646,0.0418,1.7598,0.02187,1.7750
D,276733,10,dispense,9.7307,U,1,55,1.7651,0.0506,1.7600,0.02214,1.7777
D,276914,10,dispense,9.7478,U,1,55,1.8049,0.1120,1.7759,0.02077,1.8329
D,277111,10,dispense,9.7726,U,1,55,1.8389,0.1207,1.8013,0.02182,1.8691
D,277295,10,dispense,9.7887,U,1,55,1.8401,0.0783,1.8185,0.02101,1.8597
D,277492,10,dispense,9.7950,U,1,55,1.8335,0.0528,1.8248,0.02187,1.8467
D,277700,10,dispense,9.7937,U,1,55,1.8252,0.0436,1.8234,0.02316,1.8361
D,277876,10,dispense,9.7996,U,1,55,1.8423,0.0752,1.8284,0.02062,1.8611
D,278060,10,dispense,9.8193,U,1,55,1.8797,0.1165,1.8475,0.02058,1.9088
D,278258,10,dispense,9.8438,U,1,55,1.9085,0.1147,1.8727,0.02196,1.9372
D,278455,10,dispense,9.8713,U,1,55,1.9365,0.1131,1.9002,0.02216,1.9648
D,278635,10,dispense,9.8798,U,1,55,1.9208,0.0505,1.9101,0.02069,1.9334
D,278832,10,dispense,9.8769,U,1,55,1.9043,0.0297,1.9069,0.02180,1.9117
D,279017,10,dispense,9.8854,U,1,55,1.9313,0.0848,1.9138,0.02109,1.9525
D,279214,10,dispense,9.9122,U,1,55,1.9825,0.1357,1.9401,0.02189,2.0164
E,279319,STOP kf at t=30.41 s: raw 1.9413 pred 2.0164 m_hat 1.9825 r_hat 0.1357 sigma 0.0219
D,279395,10,settle,9.9320,U,0,0,,,,,
D,279585,10,settle,9.9625,U,0,0,,,,,
D,279776,10,settle,9.9676,U,0,0,,,,,
D,279968,10,settle,9.9682,U,0,0,,,,,
D,280160,10,settle,9.9798,U,0,0,,,,,
D,280351,10,settle,9.9928,U,0,0,,,,,
D,280541,10,settle,9.9961,U,0,0,,,,,
D,280733,10,settle,9.9958,U,0,0,,,,,
D,280924,10,settle,9.9955,U,0,0,,,,,
D,281116,10,settle,9.9954,U,0,0,,,,,
D,281308,10,settle,9.9954,U,0,0,,,,,
D,281497,10,settle,9.9953,U,0,0,,,,,
D,281690,10,settle,9.9953,S,0,0,,,,,
D,281880,10,settle,9.9953,S,0,0,,,,,
D,282073,10,settle,9.9953,S,0,0,,,,,
D,282263,10,settle,9.9953,S,0,0,,,,,
D,282454,10,settle,9.9953,S,0,0,,,,,
D,282646,10,settle,9.9952,S,0,0,,,,,
D,282838,10,settle,9.9952,S,0,0,,,,,
D,283030,10,settle,9.9952,S,0,0,,,,,
D,283219,10,settle,9.9952,S,0,0,,,,,
D,283411,10,settle,9.9952,S,0,0,,,,,
D,283602,10,settle,9.9952,S,0,0,,,,,
D,283793,10,settle,9.9951,S,0,0,,,,,
D,283986,10,settle,9.9951,S,0,0,,,,,
D,284176,10,settle,9.9951,S,0,0,,,,,
D,284368,10,settle,9.9951,S,0,0,,,,,
D,284558,10,settle,9.9951,S,0,0,,,,,
D,284751,10,settle,9.9951,S,0,0,,,,,
D,284940,10,settle,9.9951,S,0,0,,,,,
D,285133,10,settle,9.9951,S,0,0,,,,,
D,285324,10,settle,9.9951,S,0,0,,,,,
P,285516,10,settled,9.9951,S
D,285612,10,settle,9.9951,S,0,0,,,,,
D,285802,10,settle,9.9951,S,0,0,,,,,
D,286004,10,settle,9.9951,S,0,0,,,,,
D,286192,10,settle,9.9951,S,0,0,,,,,
D,286378,10,settle,9.9951,S,0,0,,,,,
D,286569,10,settle,9.9951,S,0,0,,,,,
D,286758,10,settle,9.9951,S,0,0,,,,,
D,286950,10,settle,9.9951,S,0,0,,,,,
D,287142,10,settle,9.9951,S,0,0,,,,,
D,287334,10,settle,9.9951,S,0,0,,,,,
D,287524,10,settle,9.9951,S,0,0,,,,,
D,287714,10,settle,9.9951,S,0,0,,,,,
D,287907,10,settle,9.9951,S,0,0,,,,,
D,288098,10,settle,9.9952,S,0,0,,,,,
D,288290,10,settle,9.9952,S,0,0,,,,,
D,288480,10,settle,9.9952,S,0,0,,,,,
P,288671,10,settled2,9.9952,S
T,10,kf,2.000,55,55,2,7.9709,9.9122,1.9825,0.1357,0.02189,2.0164,30.51,9.9951,9.9952,2.0243,24.3,83.0,ok
E,288678,trial 10 kf: dispensed 2.0243 g, error +24.3 mg, afterflow +83.0 mg, 30.5 s
E,288680,=== trial 11 : kf target 1.000 g, tilt 55, 90 rpm, rep 1 (dispensed 10.01 g) ===
P,289915,11,base,9.9953,S
D,289917,11,preroll,9.9953,S,1,0,0.0000,0.0000,0.0000,0.01649,0.0000
D,290113,11,preroll,9.9953,S,0,0,0.0000,0.0000,0.0000,0.02711,0.0000
D,290307,11,preroll,9.9953,S,1,0,0.0000,0.0000,0.0000,0.02182,0.0000
D,290502,11,preroll,9.9953,S,0,0,0.0000,0.0000,0.0000,0.03184,0.0000
D,290682,11,preroll,9.9953,S,1,0,0.0000,0.0000,0.0000,0.02160,0.0000
D,290877,11,preroll,9.9953,S,0,0,0.0000,0.0000,0.0000,0.03154,0.0000
D,291071,11,preroll,9.9953,S,1,0,0.0000,0.0000,0.0000,0.02285,0.0000
D,291266,11,preroll,9.9953,S,0,0,0.0000,0.0000,0.0000,0.03278,0.0000
D,291449,11,dispense,9.9953,S,1,90,0.0000,0.0285,0.0000,0.01753,0.0071
D,291645,11,dispense,9.9953,S,0,90,0.0056,0.0761,0.0000,0.02761,0.0246
D,291841,11,dispense,9.9953,S,1,90,0.0135,0.0982,0.0001,0.02324,0.0380
D,292025,11,dispense,9.9901,U,1,90,-0.0016,0.0688,-0.0043,0.02098,0.0156
D,292223,11,dispense,9.9820,U,1,90,-0.0128,0.0665,-0.0125,0.02199,0.0038
D,292405,11,dispense,9.9952,U,1,90,0.0281,0.1406,-0.0011,0.02087,0.0633
D,292603,11,dispense,10.0295,U,1,90,0.0891,0.1903,0.0331,0.02193,0.1366
D,292791,11,dispense,10.0482,U,1,90,0.0816,0.1115,0.0543,0.02137,0.1095
D,292989,11,dispense,10.0506,U,1,90,0.0617,0.0686,0.0567,0.02205,0.0788
D,293170,11,dispense,10.0650,U,1,90,0.0961,0.1315,0.0690,0.02079,0.1290
D,293368,11,dispense,10.0824,U,1,90,0.1196,0.1353,0.0872,0.02191,0.1534
D,293565,11,dispense,10.1072,U,1,90,0.1503,0.1468,0.1118,0.02216,0.1870
D,293745,11,dispense,10.1209,U,1,90,0.1489,0.1056,0.1265,0.02069,0.1753
D,293942,11,dispense,10.1409,U,1,90,0.1770,0.1333,0.1453,0.02180,0.2103
D,294126,11,dispense,10.1744,U,1,90,0.2292,0.1811,0.1782,0.02101,0.2745
D,294323,11,dispense,10.1917,U,1,90,0.2241,0.1119,0.1978,0.02187,0.2521
D,294520,11,dispense,10.1989,U,1,90,0.2166,0.0856,0.2045,0.02214,0.2380
D,294701,11,dispense,10.2261,U,1,90,0.2733,0.1714,0.2294,0.02077,0.3162
D,294898,11,dispense,10.2651,U,1,90,0.3282,0.1924,0.2691,0.02182,0.3763
D,295083,11,dispense,10.2847,U,1,90,0.3176,0.1076,0.2910,0.02109,0.3445
D,295280,11,dispense,10.3127,U,1,90,0.3561,0.1484,0.3168,0.02189,0.3932
D,295477,11,dispense,10.3330,U,1,90,0.3694,0.1268,0.3382,0.02214,0.4011
D,295658,11,dispense,10.3412,U,1,90,0.3617,0.0887,0.3469,0.02077,0.3839
D,295855,11,dispense,10.3696,U,1,90,0.4176,0.1665,0.3730,0.02182,0.4592
D,296043,11,dispense,10.4058,U,1,90,0.4642,0.1829,0.4100,0.02135,0.5099
D,296241,11,dispense,10.4140,U,1,90,0.4324,0.0755,0.4209,0.02205,0.4513
D,296423,11,dispense,10.4166,U,1,90,0.4292,0.0770,0.4219,0.02087,0.4484
D,296621,11,dispense,10.4358,U,1,90,0.4750,0.1483,0.4395,0.02193,0.5121
D,296804,11,dispense,10.4687,U,1,90,0.5244,0.1826,0.4727,0.02095,0.5700
D,297001,11,dispense,10.4886,U,1,90,0.5240,0.1190,0.4945,0.02185,0.5537
D,297198,11,dispense,10.5013,U,1,90,0.5258,0.1009,0.5067,0.02214,0.5510
D,297379,11,dispense,10.5382,U,1,90,0.5971,0.1991,0.5412,0.02077,0.6469
D,297576,11,dispense,10.5717,U,1,90,0.6264,0.1659,0.5767,0.02182,0.6679
D,297760,11,dispense,10.5757,U,1,90,0.5877,0.0558,0.5827,0.02101,0.6017
D,297957,11,dispense,10.5846,U,1,90,0.6056,0.1026,0.5891,0.02187,0.6313
D,298154,11,dispense,10.6191,U,1,90,0.6788,0.1954,0.6221,0.02214,0.7276
D,298336,11,dispense,10.6405,U,1,90,0.6792,0.1258,0.6464,0.02085,0.7106
D,298533,11,dispense,10.6561,U,1,90,0.6840,0.1074,0.6615,0.02184,0.7108
D,298717,11,dispense,10.6822,U,1,90,0.7267,0.1576,0.6861,0.02101,0.7661
D,298914,11,dispense,10.6965,U,1,90,0.7267,0.1112,0.7023,0.02187,0.7545
D,299122,11,dispense,10.7128,U,1,90,0.7440,0.1197,0.7177,0.02316,0.7739
D,299299,11,dispense,10.7450,U,1,90,0.7983,0.1815,0.7487,0.02069,0.8436
D,299482,11,dispense,10.7576,U,1,90,0.7862,0.1018,0.7640,0.02052,0.8116
D,299680,11,dispense,10.7523,U,1,90,0.7546,0.0484,0.7589,0.02194,0.7667
D,299865,11,dispense,10.7682,U,1,90,0.8024,0.1441,0.7716,0.02111,0.8384
D,300062,11,dispense,10.8046,U,1,90,0.8670,0.1969,0.8081,0.02190,0.9162
D,300246,11,dispense,10.8316,U,1,90,0.8757,0.1384,0.8372,0.02101,0.9103
D,300444,11,dispense,10.8403,U,1,90,0.8586,0.0811,0.8465,0.02197,0.8789
D,300641,11,dispense,10.8651,U,1,90,0.9085,0.1558,0.8687,0.02216,0.9475
D,300822,11,dispense,10.8969,U,1,90,0.9502,0.1741,0.9012,0.02077,0.9937
D,301019,11,dispense,10.9129,U,1,90,0.9430,0.1066,0.9190,0.02182,0.9696
D,301203,11,dispense,10.9274,U,1,90,0.9550,0.1112,0.9324,0.02101,0.9828
D,301400,11,dispense,10.9654,U,1,90,1.0263,0.1954,0.9684,0.02187,1.0751
E,301505,STOP kf at t=9.95 s: raw 0.9701 pred 1.0751 m_hat 1.0263 r_hat 0.1954 sigma 0.0219
D,301581,11,settle,10.9869,U,0,0,,,,,
D,301772,11,settle,11.0109,U,0,0,,,,,
D,301962,11,settle,11.0347,U,0,0,,,,,
D,302153,11,settle,11.0673,U,0,0,,,,,
D,302346,11,settle,11.0746,U,0,0,,,,,
D,302537,11,settle,11.0657,U,0,0,,,,,
D,302726,11,settle,11.0624,U,0,0,,,,,
D,302918,11,settle,11.0619,U,0,0,,,,,
D,303110,11,settle,11.0618,U,0,0,,,,,
D,303302,11,settle,11.0612,U,0,0,,,,,
D,303494,11,settle,11.0567,U,0,0,,,,,
D,303684,11,settle,11.0544,U,0,0,,,,,
D,303875,11,settle,11.0548,U,0,0,,,,,
D,304066,11,settle,11.0550,U,0,0,,,,,
D,304258,11,settle,11.0550,U,0,0,,,,,
D,304450,11,settle,11.0550,S,0,0,,,,,
D,304639,11,settle,11.0550,S,0,0,,,,,
D,304839,11,settle,11.0550,S,0,0,,,,,
D,305026,11,settle,11.0550,S,0,0,,,,,
D,305215,11,settle,11.0550,S,0,0,,,,,
D,305404,11,settle,11.0550,S,0,0,,,,,
D,305596,11,settle,11.0551,S,0,0,,,,,
D,305788,11,settle,11.0551,S,0,0,,,,,
D,305980,11,settle,11.0551,S,0,0,,,,,
D,306171,11,settle,11.0551,S,0,0,,,,,
D,306361,11,settle,11.0551,S,0,0,,,,,
D,306553,11,settle,11.0551,S,0,0,,,,,
D,306745,11,settle,11.0551,S,0,0,,,,,
D,306936,11,settle,11.0552,S,0,0,,,,,
D,307128,11,settle,11.0552,S,0,0,,,,,
D,307319,11,settle,11.0552,S,0,0,,,,,
D,307509,11,settle,11.0552,S,0,0,,,,,
P,309231,11,settled,11.0561,S
D,309326,11,settle,11.0561,S,0,0,,,,,
D,309518,11,settle,11.0562,S,0,0,,,,,
D,309709,11,settle,11.0562,S,0,0,,,,,
D,309899,11,settle,11.0563,S,0,0,,,,,
D,310091,11,settle,11.0563,S,0,0,,,,,
D,310284,11,settle,11.0564,S,0,0,,,,,
D,310474,11,settle,11.0564,S,0,0,,,,,
D,310667,11,settle,11.0564,S,0,0,,,,,
D,310857,11,settle,11.0565,S,0,0,,,,,
D,311047,11,settle,11.0565,S,0,0,,,,,
D,311240,11,settle,11.0565,S,0,0,,,,,
D,311431,11,settle,11.0565,S,0,0,,,,,
D,311623,11,settle,11.0565,S,0,0,,,,,
D,311812,11,settle,11.0565,S,0,0,,,,,
D,312004,11,settle,11.0566,S,0,0,,,,,
D,312196,11,settle,11.0566,S,0,0,,,,,
P,312388,11,settled2,11.0566,S
T,11,kf,1.000,55,90,1,9.9953,10.9654,1.0263,0.1954,0.02187,1.0751,10.06,11.0561,11.0566,1.0613,61.3,91.2,ok
E,312396,trial 11 kf: dispensed 1.0613 g, error +61.3 mg, afterflow +91.2 mg, 10.1 s
E,312398,=== trial 12 : kf target 1.000 g, tilt 55, 55 rpm, rep 2 (dispensed 11.07 g) ===
P,313631,12,base,11.0567,S
D,313633,12,preroll,11.0567,S,1,0,0.0000,0.0000,0.0000,0.01649,0.0000
D,313829,12,preroll,11.0567,S,0,0,0.0000,0.0000,0.0000,0.02711,0.0000
D,314023,12,preroll,11.0567,S,1,0,0.0000,0.0000,0.0000,0.02182,0.0000
D,314218,12,preroll,11.0567,S,0,0,0.0000,0.0000,0.0000,0.03184,0.0000
D,314412,12,preroll,11.0567,S,1,0,0.0000,0.0000,0.0000,0.02281,0.0000
D,314591,12,preroll,11.0567,S,0,0,0.0000,0.0000,0.0000,0.03150,0.0000
D,314785,12,preroll,11.0567,S,1,0,0.0000,0.0000,0.0000,0.02226,0.0000
D,314980,12,preroll,11.0567,S,0,0,0.0000,0.0000,0.0000,0.03223,0.0000
D,315176,12,dispense,11.0567,S,1,55,0.0000,0.0174,0.0000,0.01745,0.0044
D,315363,12,dispense,11.0567,S,0,55,0.0033,0.0452,0.0000,0.02678,0.0146
D,315559,12,dispense,11.0567,S,1,55,0.0080,0.0594,0.0001,0.02286,0.0228
D,315741,12,dispense,11.0568,S,1,55,0.0065,0.0527,0.0005,0.02081,0.0197
D,315939,12,dispense,11.0568,S,0,55,0.0169,0.0682,0.0047,0.03097,0.0340
D,316123,12,dispense,11.0529,U,1,55,0.0005,0.0493,-0.0035,0.02267,0.0128
D,316321,12,dispense,11.0515,U,1,55,-0.0001,0.0520,-0.0049,0.02197,0.0129
D,316504,12,dispense,11.0657,U,1,55,0.0337,0.1033,0.0082,0.02097,0.0595
D,316702,12,dispense,11.1021,U,1,55,0.0976,0.1589,0.0439,0.02195,0.1373
D,316888,12,dispense,11.1311,U,1,55,0.1125,0.1121,0.0749,0.02120,0.1405
D,317085,12,dispense,11.1335,U,1,55,0.0783,0.0255,0.0787,0.02192,0.0846
D,317269,12,dispense,11.1327,U,1,55,0.0775,0.0417,0.0762,0.02101,0.0879
D,317466,12,dispense,11.1417,U,1,55,0.1037,0.0864,0.0844,0.02188,0.1253
D,317663,12,dispense,11.1617,U,1,55,0.1367,0.1109,0.1045,0.02214,0.1645
D,317844,12,dispense,11.1938,U,1,55,0.1814,0.1412,0.1363,0.02077,0.2167
D,318041,12,dispense,11.2176,U,1,55,0.1926,0.0985,0.1615,0.02182,0.2172
D,318226,12,dispense,11.2157,U,1,55,0.1564,0.0145,0.1608,0.02109,0.1600
D,318423,12,dispense,11.2172,U,1,55,0.1657,0.0539,0.1603,0.02189,0.1791
D,318611,12,dispense,11.2330,U,1,55,0.2040,0.1095,0.1754,0.02135,0.2313
D,318808,12,dispense,11.2623,U,1,55,0.2483,0.1343,0.2049,0.02196,0.2819
D,318990,12,dispense,11.2933,U,1,55,0.2778,0.1264,0.2364,0.02085,0.3094
D,319187,12,dispense,11.3082,U,1,55,0.2704,0.0675,0.2526,0.02183,0.2873
D,319384,12,dispense,11.3100,U,1,55,0.2563,0.0387,0.2542,0.02214,0.2660
D,319565,12,dispense,11.3218,U,1,55,0.2849,0.0906,0.2644,0.02077,0.3076
D,319762,12,dispense,11.3480,U,1,55,0.3309,0.1303,0.2903,0.02182,0.3634
D,319947,12,dispense,11.3818,U,1,55,0.3710,0.1399,0.3246,0.02109,0.4059
D,320144,12,dispense,11.4079,U,1,55,0.3844,0.1012,0.3517,0.02189,0.4097
D,320341,12,dispense,11.4107,U,1,55,0.3564,0.0304,0.3555,0.02214,0.3640
D,320522,12,dispense,11.4079,U,1,55,0.3507,0.0356,0.3516,0.02077,0.3596
D,320719,12,dispense,11.4145,U,1,55,0.3733,0.0794,0.3573,0.02182,0.3931
D,320903,12,dispense,11.4387,U,1,55,0.4194,0.1314,0.3809,0.02101,0.4523
D,321100,12,dispense,11.4776,U,1,55,0.4742,0.1561,0.4199,0.02187,0.5133
D,321297,12,dispense,11.4983,U,1,55,0.4664,0.0767,0.4428,0.02214,0.4855
D,321478,12,dispense,11.4968,U,1,55,0.4377,0.0175,0.4415,0.02077,0.4421
D,321675,12,dispense,11.4951,U,1,55,0.4402,0.0455,0.4384,0.02182,0.4516
D,321863,12,dispense,11.5002,U,1,55,0.4575,0.0757,0.4432,0.02135,0.4765
D,322060,12,dispense,11.5327,U,1,55,0.5241,0.1541,0.4743,0.02196,0.5627
D,322243,12,dispense,11.5722,U,1,55,0.5689,0.1561,0.5149,0.02093,0.6079
D,322440,12,dispense,11.5887,U,1,55,0.5516,0.0636,0.5336,0.02186,0.5675
D,322624,12,dispense,11.5881,U,1,55,0.5301,0.0241,0.5325,0.02101,0.5362
D,322821,12,dispense,11.5978,U,1,55,0.5583,0.0834,0.5403,0.02187,0.5791
D,323018,12,dispense,11.6177,U,1,55,0.5930,0.1123,0.5604,0.02214,0.6211
D,323199,12,dispense,11.6425,U,1,55,0.6209,0.1162,0.5856,0.02077,0.6499
D,323396,12,dispense,11.6694,U,1,55,0.6486,0.1133,0.6125,0.02182,0.6770
D,323581,12,dispense,11.6777,U,1,55,0.6324,0.0496,0.6223,0.02109,0.6448
D,323778,12,dispense,11.6728,U,1,55,0.6118,0.0238,0.6171,0.02189,0.6178
D,323975,12,dispense,11.6792,U,1,55,0.6375,0.0800,0.6218,0.02214,0.6575
D,324156,12,dispense,11.7027,U,1,55,0.6829,0.1310,0.6450,0.02077,0.7156
D,324353,12,dispense,11.7367,U,1,55,0.7273,0.1415,0.6794,0.02182,0.7627
D,324537,12,dispense,11.7558,U,1,55,0.7236,0.0784,0.7001,0.02101,0.7432
D,324734,12,dispense,11.7588,U,1,55,0.7057,0.0371,0.7032,0.02187,0.7150
D,324932,12,dispense,11.7628,U,1,55,0.7156,0.0622,0.7060,0.02223,0.7312
D,325120,12,dispense,11.7858,U,1,55,0.7650,0.1283,0.7279,0.02138,0.7970
D,325302,12,dispense,11.8211,U,1,55,0.8139,0.1537,0.7635,0.02066,0.8524
D,325500,12,dispense,11.8596,U,1,55,0.8525,0.1405,0.8026,0.02192,0.8877
D,325685,12,dispense,11.8744,U,1,55,0.8347,0.0569,0.8192,0.02111,0.8490
D,325882,12,dispense,11.8725,U,1,55,0.8132,0.0249,0.8169,0.02190,0.8194
D,326067,12,dispense,11.8755,U,1,55,0.8280,0.0648,0.8185,0.02110,0.8442
D,326264,12,dispense,11.8907,U,1,55,0.8608,0.1034,0.8333,0.02190,0.8867
D,326462,12,dispense,11.9248,U,1,55,0.9164,0.1477,0.8670,0.02223,0.9534
D,326642,12,dispense,11.9537,U,1,55,0.9353,0.1158,0.8973,0.02071,0.9642
D,326839,12,dispense,11.9573,U,1,55,0.9046,0.0315,0.9025,0.02180,0.9124
D,327023,12,dispense,11.9536,U,1,55,0.8943,0.0295,0.8974,0.02101,0.9017
D,327220,12,dispense,11.9559,U,1,55,0.9092,0.0666,0.8989,0.02187,0.9258
D,327417,12,dispense,11.9774,U,1,55,0.9557,0.1233,0.9196,0.02214,0.9866
D,327598,12,dispense,12.0183,U,1,55,1.0180,0.1724,0.9603,0.02077,1.0611
E,327703,STOP kf at t=12.42 s: raw 0.9616 pred 1.0611 m_hat 1.0180 r_hat 0.1724 sigma 0.0208
D,327783,12,settle,12.0360,U,0,0,,,,,
D,327974,12,settle,12.0490,U,0,0,,,,,
D,328165,12,settle,12.0473,U,0,0,,,,,
D,328358,12,settle,12.0549,U,0,0,,,,,
D,328549,12,settle,12.0665,U,0,0,,,,,
D,328739,12,settle,12.0727,U,0,0,,,,,
D,328930,12,settle,12.0735,U,0,0,,,,,
D,329122,12,settle,12.0728,U,0,0,,,,,
D,329314,12,settle,12.0726,U,0,0,,,,,
D,329504,12,settle,12.0725,U,0,0,,,,,
D,329703,12,settle,12.0725,S,0,0,,,,,
D,329891,12,settle,12.0724,S,0,0,,,,,
D,330078,12,settle,12.0723,U,0,0,,,,,
D,330270,12,settle,12.0723,S,0,0,,,,,
D,330460,12,settle,12.0722,U,0,0,,,,,
D,330652,12,settle,12.0722,S,0,0,,,,,
D,330843,12,settle,12.0722,S,0,0,,,,,
D,331035,12,settle,12.0721,S,0,0,,,,,
D,331227,12,settle,12.0721,S,0,0,,,,,
D,331418,12,settle,12.0720,U,0,0,,,,,
D,331608,12,settle,12.0719,U,0,0,,,,,
D,331800,12,settle,12.0719,S,0,0,,,,,
D,331992,12,settle,12.0719,S,0,0,,,,,
D,332182,12,settle,12.0719,S,0,0,,,,,
D,332373,12,settle,12.0718,S,0,0,,,,,
D,332565,12,settle,12.0718,S,0,0,,,,,
D,332756,12,settle,12.0718,S,0,0,,,,,
D,332948,12,settle,12.0718,S,0,0,,,,,
D,333138,12,settle,12.0718,S,0,0,,,,,
D,333330,12,settle,12.0718,S,0,0,,,,,
D,333521,12,settle,12.0719,S,0,0,,,,,
D,333713,12,settle,12.0719,S,0,0,,,,,
P,333906,12,settled,12.0719,S
D,334000,12,settle,12.0719,S,0,0,,,,,
D,334190,12,settle,12.0719,S,0,0,,,,,
D,334382,12,settle,12.0719,S,0,0,,,,,
D,334574,12,settle,12.0719,S,0,0,,,,,
D,334766,12,settle,12.0719,S,0,0,,,,,
D,334955,12,settle,12.0719,S,0,0,,,,,
D,335148,12,settle,12.0719,S,0,0,,,,,
D,335339,12,settle,12.0719,S,0,0,,,,,
D,335532,12,settle,12.0719,S,0,0,,,,,
D,335720,12,settle,12.0719,S,0,0,,,,,
D,335912,12,settle,12.0719,S,0,0,,,,,
D,336104,12,settle,12.0720,S,0,0,,,,,
D,336296,12,settle,12.0720,S,0,0,,,,,
D,336487,12,settle,12.0720,S,0,0,,,,,
D,336677,12,settle,12.0720,S,0,0,,,,,
D,336869,12,settle,12.0720,S,0,0,,,,,
P,337061,12,settled2,12.0720,S
T,12,kf,1.000,55,55,2,11.0567,12.0183,1.0180,0.1724,0.02077,1.0611,12.53,12.0719,12.0720,1.0153,15.3,53.7,ok
E,337068,trial 12 kf: dispensed 1.0153 g, error +15.3 mg, afterflow +53.7 mg, 12.5 s
E,337071,=== trial 13 : kf target 0.500 g, tilt 55, 55 rpm, rep 2 (dispensed 12.09 g) ===
P,338306,13,base,12.0721,S
D,338308,13,preroll,12.0722,S,1,0,0.0001,0.0000,0.0001,0.01649,0.0000
D,338505,13,preroll,12.0726,U,1,0,0.0017,0.0032,0.0005,0.01820,0.0000
D,338701,13,preroll,12.0727,U,1,0,-0.0003,0.0000,0.0006,0.01877,0.0000
D,338882,13,preroll,12.0727,U,0,0,-0.0003,0.0000,0.0000,0.02794,0.0000
D,339077,13,preroll,12.0728,S,1,0,0.0014,0.0018,0.0007,0.02171,0.0000
D,339273,13,preroll,12.0728,S,0,0,0.0018,0.0011,0.0012,0.03182,0.0000
D,339454,13,preroll,12.0729,S,1,0,0.0006,0.0000,0.0008,0.02172,0.0000
D,339650,13,preroll,12.0729,S,0,0,0.0006,0.0000,0.0006,0.03174,0.0000
D,339847,13,dispense,12.0730,S,1,55,0.0011,0.0181,0.0009,0.01744,0.0056
D,340035,13,dispense,12.0730,S,0,55,0.0045,0.0458,0.0010,0.02685,0.0160
D,340232,13,dispense,12.0730,S,1,55,0.0089,0.0593,0.0010,0.02299,0.0237
D,340412,13,dispense,12.0730,S,0,55,0.0196,0.0709,0.0063,0.03171,0.0373
D,340609,13,dispense,12.0689,U,1,55,0.0013,0.0507,-0.0029,0.02314,0.0140
D,340807,13,dispense,12.0804,U,1,55,0.0303,0.0926,0.0078,0.02223,0.0535
D,340987,13,dispense,12.1058,U,1,55,0.0714,0.1294,0.0329,0.02073,0.1037
D,341185,13,dispense,12.1248,U,1,55,0.0799,0.0908,0.0533,0.02189,0.1026
D,341368,13,dispense,12.1248,U,0,55,0.0966,0.0911,0.0714,0.03089,0.1193
D,341564,13,dispense,12.1271,U,1,55,0.0555,0.0378,0.0556,0.02309,0.0649
D,341762,13,dispense,12.1440,U,1,55,0.1008,0.1104,0.0709,0.02221,0.1284
D,341943,13,dispense,12.1679,U,1,55,0.1314,0.1198,0.0955,0.02081,0.1613
D,342140,13,dispense,12.1925,U,1,55,0.1538,0.1071,0.1204,0.02182,0.1806
D,342325,13,dispense,12.2060,U,1,55,0.1521,0.0691,0.1346,0.02109,0.1693
D,342522,13,dispense,12.2075,U,1,55,0.1393,0.0412,0.1363,0.02190,0.1496
D,342719,13,dispense,12.2166,U,1,55,0.1614,0.0806,0.1441,0.02214,0.1815
D,342900,13,dispense,12.2340,U,1,55,0.1899,0.1057,0.1614,0.02077,0.2163
D,343097,13,dispense,12.2594,U,1,55,0.2237,0.1183,0.1868,0.02182,0.2533
D,343285,13,dispense,12.2911,U,1,55,0.2612,0.1309,0.2185,0.02135,0.2940
D,343482,13,dispense,12.3013,U,1,55,0.2424,0.0531,0.2307,0.02196,0.2556
D,343664,13,dispense,12.3040,U,1,55,0.2367,0.0439,0.2324,0.02085,0.2477
D,343861,13,dispense,12.3135,U,1,55,0.2589,0.0816,0.2409,0.02183,0.2793
D,344058,13,dispense,12.3378,U,1,55,0.3027,0.1245,0.2648,0.02214,0.3338
D,344238,13,dispense,12.3736,U,1,55,0.3504,0.1512,0.3007,0.02069,0.3882
D,344435,13,dispense,12.3912,U,1,55,0.3421,0.0745,0.3204,0.02180,0.3607
D,344632,13,dispense,12.3899,U,1,55,0.3154,0.0232,0.3191,0.02214,0.3212
D,344811,13,dispense,12.3825,U,1,55,0.3054,0.0260,0.3109,0.02061,0.3119
D,345008,13,dispense,12.3798,U,1,55,0.3121,0.0541,0.3076,0.02178,0.3257
D,345205,13,dispense,12.4035,U,1,55,0.3702,0.1355,0.3299,0.02214,0.4041
D,345386,13,dispense,12.4443,U,1,55,0.4289,0.1715,0.3711,0.02077,0.4718
D,345583,13,dispense,12.4632,U,1,55,0.4152,0.0736,0.3928,0.02182,0.4335
D,345767,13,dispense,12.4620,U,1,55,0.3872,0.0177,0.3913,0.02101,0.3916
D,345964,13,dispense,12.4658,U,1,55,0.4028,0.0638,0.3933,0.02187,0.4187
D,346161,13,dispense,12.4777,U,1,55,0.4282,0.0928,0.4052,0.02214,0.4514
D,346342,13,dispense,12.4975,U,1,55,0.4555,0.1083,0.4251,0.02077,0.4826
D,346532,13,dispense,12.5253,U,1,55,0.4919,0.1249,0.4526,0.02119,0.5231
E,346637,STOP kf at t=6.69 s: raw 0.4532 pred 0.5231 m_hat 0.4919 r_hat 0.1249 sigma 0.0212
D,346730,13,settle,12.5355,U,0,0,,,,,
D,346918,13,settle,12.5369,U,0,0,,,,,
D,347105,13,settle,12.5311,U,0,0,,,,,
D,347292,13,settle,12.5349,U,0,0,,,,,
D,347482,13,settle,12.5663,U,0,0,,,,,
D,347674,13,settle,12.6022,U,0,0,,,,,
D,347865,13,settle,12.6205,U,0,0,,,,,
D,348057,13,settle,12.6238,U,0,0,,,,,
D,348247,13,settle,12.6225,U,0,0,,,,,
D,348439,13,settle,12.6217,U,0,0,,,,,
D,348630,13,settle,12.6216,U,0,0,,,,,
D,348822,13,settle,12.6215,U,0,0,,,,,
D,349014,13,settle,12.6214,U,0,0,,,,,
D,349204,13,settle,12.6214,S,0,0,,,,,
D,349395,13,settle,12.6213,U,0,0,,,,,
D,349587,13,settle,12.6213,S,0,0,,,,,
D,349779,13,settle,12.6212,S,0,0,,,,,
D,349969,13,settle,12.6212,S,0,0,,,,,
D,350160,13,settle,12.6211,S,0,0,,,,,
D,350352,13,settle,12.6210,U,0,0,,,,,
D,350545,13,settle,12.6209,U,0,0,,,,,
D,350735,13,settle,12.6208,U,0,0,,,,,
D,350925,13,settle,12.6207,U,0,0,,,,,
D,351118,13,settle,12.6206,U,0,0,,,,,
D,351308,13,settle,12.6206,U,0,0,,,,,
D,351500,13,settle,12.6205,U,0,0,,,,,
D,351692,13,settle,12.6205,S,0,0,,,,,
D,351881,13,settle,12.6204,S,0,0,,,,,
D,352073,13,settle,12.6204,S,0,0,,,,,
D,352265,13,settle,12.6204,S,0,0,,,,,
D,352457,13,settle,12.6205,S,0,0,,,,,
D,352647,13,settle,12.6205,S,0,0,,,,,
P,352839,13,settled,12.6205,S
D,352934,13,settle,12.6205,S,0,0,,,,,
D,353126,13,settle,12.6205,S,0,0,,,,,
D,353317,13,settle,12.6206,S,0,0,,,,,
D,353509,13,settle,12.6206,S,0,0,,,,,
D,353699,13,settle,12.6209,U,0,0,,,,,
D,353890,13,settle,12.6210,U,0,0,,,,,
D,354082,13,settle,12.6211,U,0,0,,,,,
D,354274,13,settle,12.6212,U,0,0,,,,,
D,354463,13,settle,12.6212,U,0,0,,,,,
D,354655,13,settle,12.6213,U,0,0,,,,,
D,354847,13,settle,12.6214,U,0,0,,,,,
D,355038,13,settle,12.6214,S,0,0,,,,,
D,355230,13,settle,12.6214,S,0,0,,,,,
D,355420,13,settle,12.6215,S,0,0,,,,,
D,355611,13,settle,12.6215,S,0,0,,,,,
D,355803,13,settle,12.6215,S,0,0,,,,,
P,355996,13,settled2,12.6215,S
T,13,kf,0.500,55,55,2,12.0721,12.5253,0.4919,0.1249,0.02119,0.5231,6.79,12.6205,12.6215,0.5494,49.4,96.2,ok
E,356003,trial 13 kf: dispensed 0.5494 g, error +49.4 mg, afterflow +96.2 mg, 6.8 s
E,356006,=== trial 14 : kf target 0.200 g, tilt 55, 55 rpm, rep 2 (dispensed 12.64 g) ===
P,357238,14,base,12.6215,S
D,357240,14,preroll,12.6215,S,1,0,0.0000,0.0000,0.0000,0.01649,0.0000
D,357436,14,preroll,12.6216,S,1,0,0.0004,0.0008,0.0001,0.01809,0.0000
D,357632,14,preroll,12.6216,S,0,0,0.0005,0.0005,0.0003,0.02860,0.0000
D,357827,14,preroll,12.6216,S,1,0,-0.0001,0.0000,0.0001,0.02217,0.0000
D,358009,14,preroll,12.6216,S,0,0,-0.0001,0.0000,-0.0000,0.03114,0.0000
D,358198,14,preroll,12.6216,S,1,0,0.0002,0.0003,0.0001,0.02183,0.0000
D,358394,14,preroll,12.6216,S,0,0,0.0003,0.0002,0.0002,0.03189,0.0000
D,358590,14,preroll,12.6216,S,1,0,0.0001,0.0000,0.0001,0.02308,0.0000
D,358776,14,dispense,12.6220,U,1,55,0.0012,0.0202,0.0004,0.01514,0.0062
D,358973,14,dispense,12.6221,U,1,55,0.0044,0.0474,0.0006,0.02041,0.0163
D,359156,14,dispense,12.6221,U,0,55,0.0131,0.0636,0.0032,0.02953,0.0290
D,359353,14,dispense,12.6221,S,1,55,0.0086,0.0584,0.0008,0.02299,0.0232
D,359551,14,dispense,12.6182,U,1,55,-0.0021,0.0413,-0.0027,0.02223,0.0083
D,359731,14,dispense,12.6165,U,1,55,-0.0009,0.0500,-0.0048,0.02073,0.0116
D,359929,14,dispense,12.6156,U,1,55,0.0002,0.0542,-0.0056,0.02189,0.0137
D,360112,14,dispense,12.6180,U,1,55,0.0059,0.0615,-0.0034,0.02095,0.0213
D,360310,14,dispense,12.6197,U,1,55,0.0067,0.0577,-0.0014,0.02194,0.0211
D,360495,14,dispense,12.6288,U,1,55,0.0246,0.0811,0.0071,0.02112,0.0449
D,360693,14,dispense,12.6454,U,1,55,0.0507,0.0992,0.0236,0.02199,0.0754
D,360877,14,dispense,12.6728,U,1,55,0.0900,0.1281,0.0506,0.02103,0.1220
D,361074,14,dispense,12.6970,U,1,55,0.1084,0.1042,0.0757,0.02188,0.1345
D,361271,14,dispense,12.6973,U,1,55,0.0759,0.0249,0.0775,0.02214,0.0821
D,361459,14,dispense,12.6933,U,1,55,0.0701,0.0348,0.0721,0.02136,0.0788
D,361644,14,dispense,12.6961,U,1,55,0.0853,0.0688,0.0743,0.02091,0.1025
D,361842,14,dispense,12.7202,U,1,55,0.1368,0.1306,0.0974,0.02198,0.1694
D,362025,14,dispense,12.7526,U,1,55,0.1764,0.1401,0.1306,0.02095,0.2114
E,362130,STOP kf at t=3.25 s: raw 0.1311 pred 0.2114 m_hat 0.1764 r_hat 0.1401 sigma 0.0209
D,362223,14,settle,12.7626,U,0,0,,,,,
D,362410,14,settle,12.7660,U,0,0,,,,,
D,362597,14,settle,12.7600,U,0,0,,,,,
D,362784,14,settle,12.7539,U,0,0,,,,,
D,362975,14,settle,12.7646,U,0,0,,,,,
D,363168,14,settle,12.7901,U,0,0,,,,,
D,363357,14,settle,12.8048,U,0,0,,,,,
D,363548,14,settle,12.8090,U,0,0,,,,,
D,363740,14,settle,12.8090,U,0,0,,,,,
D,363932,14,settle,12.8082,U,0,0,,,,,
D,364124,14,settle,12.8080,U,0,0,,,,,
D,364314,14,settle,12.8079,U,0,0,,,,,
D,364506,14,settle,12.8078,U,0,0,,,,,
D,364697,14,settle,12.8077,U,0,0,,,,,
D,364889,14,settle,12.8076,U,0,0,,,,,
D,365081,14,settle,12.8076,U,0,0,,,,,
D,365270,14,settle,12.8075,U,0,0,,,,,
D,365463,14,settle,12.8074,U,0,0,,,,,
D,365653,14,settle,12.8074,S,0,0,,,,,
D,365846,14,settle,12.8073,U,0,0,,,,,
D,366035,14,settle,12.8072,U,0,0,,,,,
D,366226,14,settle,12.8071,U,0,0,,,,,
D,366419,14,settle,12.8070,U,0,0,,,,,
D,366611,14,settle,12.8069,U,0,0,,,,,
D,366801,14,settle,12.8069,S,0,0,,,,,
D,366991,14,settle,12.8068,U,0,0,,,,,
D,367184,14,settle,12.8068,S,0,0,,,,,
D,367375,14,settle,12.8068,S,0,0,,,,,
D,367566,14,settle,12.8068,S,0,0,,,,,
D,367758,14,settle,12.8068,S,0,0,,,,,
D,367949,14,settle,12.8068,S,0,0,,,,,
D,368139,14,settle,12.8068,S,0,0,,,,,
P,368332,14,settled,12.8068,S
D,368428,14,settle,12.8068,S,0,0,,,,,
D,368620,14,settle,12.8068,S,0,0,,,,,
D,368808,14,settle,12.8068,S,0,0,,,,,
D,369000,14,settle,12.8068,S,0,0,,,,,
D,369193,14,settle,12.8068,S,0,0,,,,,
D,369385,14,settle,12.8068,S,0,0,,,,,
D,369574,14,settle,12.8068,S,0,0,,,,,
D,369765,14,settle,12.8069,S,0,0,,,,,
D,369957,14,settle,12.8069,S,0,0,,,,,
D,370149,14,settle,12.8069,S,0,0,,,,,
D,370340,14,settle,12.8072,U,0,0,,,,,
D,370531,14,settle,12.8073,U,0,0,,,,,
D,370721,14,settle,12.8074,U,0,0,,,,,
D,370913,14,settle,12.8074,S,0,0,,,,,
D,371105,14,settle,12.8075,U,0,0,,,,,
D,371297,14,settle,12.8076,U,0,0,,,,,
P,371487,14,settled2,12.8076,S
T,14,kf,0.200,55,55,2,12.6215,12.7526,0.1764,0.1401,0.02095,0.2114,3.36,12.8068,12.8076,0.1861,-13.9,55.0,ok
E,371494,trial 14 kf: dispensed 0.1861 g, error -13.9 mg, afterflow +55.0 mg, 3.4 s
E,371496,battery complete: 14 trials, 12.824 g dispensed
SUMMARY,trials=14,dispensed=12.824
