pass,t_ms,trial,phase,mass,stab,fresh,rpm,m_hat,r_hat,b_hat,sigma,pred
1,1592,0,noise,-0.0272,S,0,0,,,,,
1,1778,0,noise,-0.0271,S,0,0,,,,,
1,1968,0,noise,-0.0271,S,0,0,,,,,
1,2160,0,noise,-0.0270,S,0,0,,,,,
1,2352,0,noise,-0.0270,S,0,0,,,,,
1,2542,0,noise,-0.0269,S,0,0,,,,,
1,2733,0,noise,-0.0269,S,0,0,,,,,
1,2925,0,noise,-0.0268,S,0,0,,,,,
1,3117,0,noise,-0.0268,S,0,0,,,,,
1,3307,0,noise,-0.0267,U,0,0,,,,,
1,3498,0,noise,-0.0267,S,0,0,,,,,
1,3690,0,noise,-0.0266,U,0,0,,,,,
1,3881,0,noise,-0.0266,S,0,0,,,,,
1,4073,0,noise,-0.0265,U,0,0,,,,,
1,4263,0,noise,-0.0265,S,0,0,,,,,
1,4455,0,noise,-0.0265,S,0,0,,,,,
1,4646,0,noise,-0.0264,S,0,0,,,,,
1,4838,0,noise,-0.0264,S,0,0,,,,,
1,5030,0,noise,-0.0264,S,0,0,,,,,
1,5219,0,noise,-0.0264,S,0,0,,,,,
1,5411,0,noise,-0.0263,S,0,0,,,,,
1,5603,0,noise,-0.0263,S,0,0,,,,,
1,5795,0,noise,-0.0263,S,0,0,,,,,
1,5984,0,noise,-0.0263,S,0,0,,,,,
1,6175,0,noise,-0.0263,S,0,0,,,,,
1,6368,0,noise,-0.0263,S,0,0,,,,,
1,6559,0,noise,-0.0262,S,0,0,,,,,
1,6751,0,noise,-0.0262,S,0,0,,,,,
1,6941,0,noise,-0.0262,S,0,0,,,,,
1,7133,0,noise,-0.0262,S,0,0,,,,,
1,7325,0,noise,-0.0262,S,0,0,,,,,
1,7516,0,noise,-0.0261,S,0,0,,,,,
1,7708,0,noise,-0.0261,S,0,0,,,,,
1,7898,0,noise,-0.0261,S,0,0,,,,,
1,8089,0,noise,-0.0261,S,0,0,,,,,
1,8280,0,noise,-0.0261,S,0,0,,,,,
1,8472,0,noise,-0.0256,U,0,0,,,,,
1,8662,0,noise,-0.0256,U,0,0,,,,,
1,8853,0,noise,-0.0255,S,0,0,,,,,
1,9045,0,noise,-0.0255,S,0,0,,,,,
1,9237,0,noise,-0.0254,S,0,0,,,,,
1,9428,0,noise,-0.0254,S,0,0,,,,,
1,9618,0,noise,-0.0254,S,0,0,,,,,
1,9810,0,noise,-0.0253,S,0,0,,,,,
1,10002,0,noise,-0.0253,S,0,0,,,,,
1,10194,0,noise,-0.0253,S,0,0,,,,,
1,10385,0,noise,-0.0253,S,0,0,,,,,
1,10575,0,noise,-0.0253,S,0,0,,,,,
1,10767,0,noise,-0.0253,S,0,0,,,,,
1,10958,0,noise,-0.0253,S,0,0,,,,,
1,11150,0,noise,-0.0253,S,0,0,,,,,
1,11340,0,noise,-0.0252,S,0,0,,,,,
1,11531,0,noise,-0.0252,S,0,0,,,,,
1,11723,0,noise,-0.0252,S,0,0,,,,,
1,11915,0,noise,-0.0252,S,0,0,,,,,
1,12107,0,noise,-0.0252,S,0,0,,,,,
1,12296,0,noise,-0.0252,S,0,0,,,,,
1,12495,0,noise,-0.0252,S,0,0,,,,,
1,12683,0,noise,-0.0252,S,0,0,,,,,
1,12872,0,noise,-0.0252,S,0,0,,,,,
1,13062,0,noise,-0.0252,S,0,0,,,,,
1,13253,0,noise,-0.0252,S,0,0,,,,,
1,13445,0,noise,-0.0252,S,0,0,,,,,
1,13637,0,noise,-0.0252,S,0,0,,,,,
1,13828,0,noise,-0.0252,S,0,0,,,,,
1,14018,0,noise,-0.0251,S,0,0,,,,,
1,14209,0,noise,-0.0251,S,0,0,,,,,
1,14401,0,noise,-0.0251,S,0,0,,,,,
1,14593,0,noise,-0.0251,S,0,0,,,,,
1,14785,0,noise,-0.0251,S,0,0,,,,,
1,14975,0,noise,-0.0250,S,0,0,,,,,
1,15166,0,noise,-0.0250,S,0,0,,,,,
1,15358,0,noise,-0.0250,S,0,0,,,,,
1,15550,0,noise,-0.0250,S,0,0,,,,,
1,15740,0,noise,-0.0249,S,0,0,,,,,
1,15930,0,noise,-0.0244,U,0,0,,,,,
1,16122,0,noise,-0.0244,U,0,0,,,,,
1,16313,0,noise,-0.0243,U,0,0,,,,,
1,16504,0,noise,-0.0242,U,0,0,,,,,
1,16695,0,noise,-0.0242,S,0,0,,,,,
1,16886,0,noise,-0.0241,U,0,0,,,,,
1,17078,0,noise,-0.0241,S,0,0,,,,,
1,17270,0,noise,-0.0240,S,0,0,,,,,
1,17462,0,noise,-0.0239,U,0,0,,,,,
1,17651,0,noise,-0.0239,S,0,0,,,,,
1,17843,0,noise,-0.0238,U,0,0,,,,,
1,18035,0,noise,-0.0238,S,0,0,,,,,
1,18226,0,noise,-0.0237,U,0,0,,,,,
1,18416,0,noise,-0.0237,S,0,0,,,,,
1,18608,0,noise,-0.0236,S,0,0,,,,,
1,18799,0,noise,-0.0235,U,0,0,,,,,
1,18990,0,noise,-0.0235,S,0,0,,,,,
1,19183,0,noise,-0.0234,U,0,0,,,,,
1,19373,0,noise,-0.0234,S,0,0,,,,,
1,19564,0,noise,-0.0233,U,0,0,,,,,
1,19755,0,noise,-0.0233,S,0,0,,,,,
1,19948,0,noise,-0.0233,S,0,0,,,,,
1,20139,0,noise,-0.0233,S,0,0,,,,,
1,20328,0,noise,-0.0232,S,0,0,,,,,
1,20520,0,noise,-0.0232,S,0,0,,,,,
1,20712,0,noise,-0.0232,S,0,0,,,,,
1,20903,0,noise,-0.0232,S,0,0,,,,,
1,21093,0,noise,-0.0232,S,0,0,,,,,
1,21286,0,noise,-0.0232,S,0,0,,,,,
1,21476,0,noise,-0.0232,S,0,0,,,,,
1,32379,0,settle,0.5761,S,0,0,,,,,
1,32571,0,settle,0.5761,S,0,0,,,,,
1,32760,0,settle,0.5762,S,0,0,,,,,
1,32952,0,settle,0.5809,U,0,0,,,,,
1,33149,0,settle,0.5868,U,0,0,,,,,
1,33335,0,settle,0.5893,U,0,0,,,,,
1,33527,0,settle,0.5896,U,0,0,,,,,
1,33717,0,settle,0.5896,U,0,0,,,,,
1,33909,0,settle,0.5896,S,0,0,,,,,
1,34100,0,settle,0.5896,S,0,0,,,,,
1,34291,0,settle,0.5896,S,0,0,,,,,
1,34482,0,settle,0.5896,S,0,0,,,,,
1,34674,0,settle,0.5897,S,0,0,,,,,
1,34866,0,settle,0.5897,S,0,0,,,,,
1,35057,0,settle,0.5897,S,0,0,,,,,
1,35249,0,settle,0.5897,S,0,0,,,,,
1,35438,0,settle,0.5897,S,0,0,,,,,
1,35630,0,settle,0.5898,S,0,0,,,,,
1,35821,0,settle,0.5898,S,0,0,,,,,
1,36014,0,settle,0.5898,S,0,0,,,,,
1,36205,0,settle,0.5898,S,0,0,,,,,
1,37842,1,preroll,0.5906,U,1,0,0.0001,0.0000,0.0001,0.01649,0.0000
1,38026,1,preroll,0.5906,S,0,0,0.0001,0.0000,0.0001,0.02607,0.0000
1,38221,1,preroll,0.5907,U,1,0,0.0003,0.0003,0.0002,0.02142,0.0000
1,38417,1,preroll,0.5907,S,0,0,0.0004,0.0002,0.0003,0.03156,0.0000
1,38599,1,preroll,0.5907,S,1,0,0.0001,0.0000,0.0002,0.02175,0.0000
1,38795,1,preroll,0.5908,S,1,0,0.0005,0.0006,0.0003,0.01996,0.0000
1,38991,1,preroll,0.5908,S,0,0,0.0006,0.0003,0.0005,0.03026,0.0000
1,39172,1,preroll,0.5909,S,1,0,0.0004,0.0000,0.0004,0.02136,0.0000
1,39371,1,dispense,0.5909,S,0,55,0.0004,0.0174,0.0004,0.02481,0.0047
1,39567,1,dispense,0.5910,U,1,55,0.0040,0.0468,0.0005,0.02020,0.0157
1,39749,1,dispense,0.5910,S,0,55,0.0125,0.0631,0.0029,0.02925,0.0283
1,39945,1,dispense,0.5909,S,1,55,0.0084,0.0583,0.0006,0.02284,0.0229
1,40130,1,dispense,0.5908,U,1,55,0.0062,0.0518,0.0007,0.02107,0.0192
1,40328,1,dispense,0.6144,U,1,55,0.0604,0.1284,0.0224,0.02200,0.0925
1,40516,1,dispense,0.6705,U,1,55,0.1564,0.2201,0.0777,0.02137,0.2114
1,40698,1,settle,0.7037,U,0,0,,,,,
1,40889,1,settle,0.7515,U,0,0,,,,,
1,41081,1,settle,0.7591,U,0,0,,,,,
1,41273,1,settle,0.7595,U,0,0,,,,,
1,41464,1,settle,0.7885,U,0,0,,,,,
1,41654,1,settle,0.8197,U,0,0,,,,,
1,41845,1,settle,0.8311,U,0,0,,,,,
1,42038,1,settle,0.8309,U,0,0,,,,,
1,42229,1,settle,0.8295,U,0,0,,,,,
1,42421,1,settle,0.8292,U,0,0,,,,,
1,42611,1,settle,0.8292,U,0,0,,,,,
1,42802,1,settle,0.8292,S,0,0,,,,,
1,42994,1,settle,0.8292,S,0,0,,,,,
1,43185,1,settle,0.8291,S,0,0,,,,,
1,43376,1,settle,0.8291,S,0,0,,,,,
1,43567,1,settle,0.8291,S,0,0,,,,,
1,43758,1,settle,0.8291,S,0,0,,,,,
1,43950,1,settle,0.8291,S,0,0,,,,,
1,44143,1,settle,0.8291,S,0,0,,,,,
1,44332,1,settle,0.8291,S,0,0,,,,,
1,44524,1,settle,0.8290,S,0,0,,,,,
1,44716,1,settle,0.8290,S,0,0,,,,,
1,44907,1,settle,0.8290,S,0,0,,,,,
1,45099,1,settle,0.8290,S,0,0,,,,,
1,45289,1,settle,0.8290,S,0,0,,,,,
1,45481,1,settle,0.8290,S,0,0,,,,,
1,45672,1,settle,0.8291,S,0,0,,,,,
1,45864,1,settle,0.8291,S,0,0,,,,,
1,46054,1,settle,0.8291,S,0,0,,,,,
1,46245,1,settle,0.8291,S,0,0,,,,,
1,46436,1,settle,0.8291,S,0,0,,,,,
1,46628,1,settle,0.8291,S,0,0,,,,,
1,46917,1,settle,0.8292,S,0,0,,,,,
1,47106,1,settle,0.8292,S,0,0,,,,,
1,47298,1,settle,0.8292,S,0,0,,,,,
1,47489,1,settle,0.8292,S,0,0,,,,,
1,47681,1,settle,0.8292,S,0,0,,,,,
1,47870,1,settle,0.8293,S,0,0,,,,,
1,48062,1,settle,0.8293,S,0,0,,,,,
1,48254,1,settle,0.8293,S,0,0,,,,,
1,48446,1,settle,0.8293,S,0,0,,,,,
1,48638,1,settle,0.8293,S,0,0,,,,,
1,48827,1,settle,0.8293,S,0,0,,,,,
1,49019,1,settle,0.8294,S,0,0,,,,,
1,49212,1,settle,0.8294,S,0,0,,,,,
1,49403,1,settle,0.8294,S,0,0,,,,,
1,49594,1,settle,0.8294,S,0,0,,,,,
1,49784,1,settle,0.8295,S,0,0,,,,,
1,51221,2,preroll,0.8303,S,1,0,0.0000,0.0000,0.0000,0.01649,0.0000
1,51416,2,preroll,0.8304,U,1,0,0.0004,0.0008,0.0001,0.01799,0.0000
1,51612,2,preroll,0.8305,U,1,0,0.0002,0.0000,0.0002,0.01876,0.0000
1,51796,2,preroll,0.8305,S,0,0,0.0002,0.0000,0.0002,0.02818,0.0000
1,51991,2,preroll,0.8306,U,1,0,0.0004,0.0002,0.0003,0.02183,0.0000
1,52180,2,preroll,0.8307,U,1,0,0.0005,0.0003,0.0004,0.01939,0.0000
1,52377,2,preroll,0.8307,S,0,0,0.0006,0.0002,0.0005,0.02977,0.0000
1,52560,2,preroll,0.8308,U,1,0,0.0005,0.0000,0.0005,0.02153,0.0000
1,52758,2,dispense,0.8309,U,1,55,0.0008,0.0181,0.0006,0.01486,0.0006
1,52956,2,dispense,0.8309,S,0,55,0.0043,0.0472,0.0007,0.02524,0.0006
1,53136,2,dispense,0.8310,U,1,55,0.0084,0.0584,0.0008,0.02199,0.0007
1,53333,2,dispense,0.8312,U,1,55,0.0078,0.0548,0.0013,0.02177,0.0009
1,53519,2,dispense,0.8315,U,1,55,0.0076,0.0531,0.0015,0.02120,0.0012
1,53717,2,dispense,0.8482,U,1,55,0.0456,0.1065,0.0170,0.02201,0.0179
1,53902,2,dispense,0.8988,U,1,55,0.1383,0.2100,0.0661,0.02112,0.0685
1,54099,2,dispense,0.9579,U,1,55,0.2033,0.1963,0.1268,0.02190,0.1276
1,54283,2,dispense,0.9743,U,1,55,0.1593,0.0374,0.1467,0.02101,0.1440
1,54480,2,dispense,0.9697,U,1,55,0.1298,0.0074,0.1407,0.02188,0.1394
1,54677,2,dispense,0.9856,U,1,55,0.1827,0.1126,0.1537,0.02214,0.1553
1,54858,2,dispense,1.0338,U,1,55,0.2719,0.2094,0.2012,0.02077,0.2035
1,55055,2,dispense,1.1037,U,1,55,0.3634,0.2333,0.2717,0.02182,0.2734
1,55239,2,dispense,1.1570,U,1,55,0.3888,0.1548,0.3273,0.02101,0.3267
1,55431,2,dispense,1.1672,U,1,55,0.3428,0.0218,0.3395,0.02143,0.3369
1,55628,2,dispense,1.1658,U,1,55,0.3326,0.0290,0.3360,0.02203,0.3355
1,55825,2,dispense,1.1841,U,1,55,0.3848,0.1185,0.3524,0.02214,0.3538
1,56004,2,dispense,1.2351,U,1,55,0.4757,0.2157,0.4025,0.02061,0.4048
1,56201,2,dispense,1.3059,U,1,55,0.5664,0.2342,0.4739,0.02178,0.4756
1,56398,2,dispense,1.3463,U,1,55,0.5587,0.1024,0.5177,0.02214,0.5160
1,56580,2,settle,1.3472,U,0,0,,,,,
1,56767,2,settle,1.3371,U,0,0,,,,,
1,56955,2,settle,1.3364,U,0,0,,,,,
1,57146,2,settle,1.3491,U,0,0,,,,,
1,57338,2,settle,1.3870,U,0,0,,,,,
1,57530,2,settle,1.4292,U,0,0,,,,,
1,57719,2,settle,1.4463,U,0,0,,,,,
1,57911,2,settle,1.4471,U,0,0,,,,,
1,58104,2,settle,1.4457,U,0,0,,,,,
1,58294,2,settle,1.4453,U,0,0,,,,,
1,58486,2,settle,1.4452,U,0,0,,,,,
1,58677,2,settle,1.4451,U,0,0,,,,,
1,58868,2,settle,1.4451,S,0,0,,,,,
1,59060,2,settle,1.4450,S,0,0,,,,,
1,59252,2,settle,1.4450,S,0,0,,,,,
1,59441,2,settle,1.4450,S,0,0,,,,,
1,59633,2,settle,1.4449,S,0,0,,,,,
1,59824,2,settle,1.4449,S,0,0,,,,,
1,60016,2,settle,1.4449,S,0,0,,,,,
1,60209,2,settle,1.4448,S,0,0,,,,,
1,60398,2,settle,1.4448,S,0,0,,,,,
1,60589,2,settle,1.4448,S,0,0,,,,,
1,60781,2,settle,1.4448,S,0,0,,,,,
1,60973,2,settle,1.4448,S,0,0,,,,,
1,61165,2,settle,1.4447,S,0,0,,,,,
1,61354,2,settle,1.4447,S,0,0,,,,,
1,61547,2,settle,1.4447,S,0,0,,,,,
1,61738,2,settle,1.4447,S,0,0,,,,,
1,61929,2,settle,1.4447,S,0,0,,,,,
1,62120,2,settle,1.4447,S,0,0,,,,,
1,62311,2,settle,1.4448,S,0,0,,,,,
1,62502,2,settle,1.4448,S,0,0,,,,,
1,62790,2,settle,1.4448,S,0,0,,,,,
1,62980,2,settle,1.4448,S,0,0,,,,,
1,63172,2,settle,1.4448,S,0,0,,,,,
1,63363,2,settle,1.4448,S,0,0,,,,,
1,63556,2,settle,1.4448,S,0,0,,,,,
1,63748,2,settle,1.4448,S,0,0,,,,,
1,63936,2,settle,1.4448,S,0,0,,,,,
1,64129,2,settle,1.4448,S,0,0,,,,,
1,64320,2,settle,1.4449,S,0,0,,,,,
1,64512,2,settle,1.4449,S,0,0,,,,,
1,64703,2,settle,1.4449,S,0,0,,,,,
1,64894,2,settle,1.4449,S,0,0,,,,,
1,65086,2,settle,1.4449,S,0,0,,,,,
1,65277,2,settle,1.4449,S,0,0,,,,,
1,65469,2,settle,1.4449,S,0,0,,,,,
1,65659,2,settle,1.4450,S,0,0,,,,,
1,69582,3,preroll,1.4469,S,1,0,0.0001,0.0000,0.0001,0.01649,0.0000
1,69778,3,preroll,1.4469,S,0,0,0.0001,0.0000,0.0001,0.02711,0.0000
1,69973,3,preroll,1.4470,U,1,0,0.0003,0.0003,0.0002,0.02192,0.0000
1,70169,3,preroll,1.4470,S,0,0,0.0004,0.0002,0.0003,0.03202,0.0000
1,70347,3,preroll,1.4471,U,1,0,0.0003,0.0000,0.0003,0.02150,0.0000
1,70544,3,preroll,1.4472,U,1,0,0.0006,0.0004,0.0004,0.01998,0.0000
1,70741,3,preroll,1.4472,U,0,0,0.0006,0.0002,0.0005,0.03037,0.0000
1,70923,3,preroll,1.4473,U,1,0,0.0005,0.0000,0.0005,0.02148,0.0000
1,71122,3,dispense,1.4474,U,1,55,0.0008,0.0181,0.0006,0.01484,0.0053
1,71306,3,dispense,1.4475,U,1,55,0.0041,0.0452,0.0007,0.01904,0.0154
1,71504,3,dispense,1.4475,S,0,55,0.0130,0.0636,0.0031,0.02939,0.0289
1,71688,3,dispense,1.4475,S,1,55,0.0084,0.0573,0.0009,0.02242,0.0227
1,71886,3,dispense,1.4472,U,1,55,0.0064,0.0528,0.0008,0.02197,0.0196
1,72071,3,dispense,1.4471,U,1,55,0.0063,0.0524,0.0006,0.02114,0.0194
1,72269,3,dispense,1.4506,U,1,55,0.0148,0.0653,0.0039,0.02199,0.0311
1,72457,3,dispense,1.4545,U,1,55,0.0186,0.0628,0.0080,0.02137,0.0343
1,72654,3,dispense,1.4585,U,1,55,0.0223,0.0621,0.0120,0.02196,0.0379
1,72837,3,dispense,1.4646,U,1,55,0.0309,0.0687,0.0179,0.02093,0.0481
1,73034,3,dispense,1.4845,U,1,55,0.0685,0.1114,0.0369,0.02186,0.0964
1,73218,3,dispense,1.5250,U,1,55,0.1340,0.1718,0.0767,0.02101,0.1770
1,73415,3,dispense,1.5555,U,1,55,0.1483,0.1129,0.1094,0.02187,0.1765
1,73612,3,dispense,1.5563,U,1,55,0.1074,0.0161,0.1115,0.02214,0.1114
1,73791,3,dispense,1.5559,U,1,55,0.1111,0.0444,0.1091,0.02061,0.1222
1,73988,3,dispense,1.5698,U,1,55,0.1482,0.1026,0.1220,0.02178,0.1738
1,74185,3,dispense,1.6014,U,1,55,0.2008,0.1438,0.1536,0.02214,0.2367
1,74367,3,dispense,1.6392,U,1,55,0.2424,0.1480,0.1919,0.02085,0.2794
1,74564,3,dispense,1.6469,U,1,55,0.2090,0.0384,0.2023,0.02184,0.2186
1,74748,3,dispense,1.6436,U,1,55,0.1931,0.0235,0.1976,0.02101,0.1990
1,74945,3,dispense,1.6538,U,1,55,0.2264,0.0904,0.2060,0.02187,0.2490
1,75142,3,dispense,1.6745,U,1,55,0.2609,0.1143,0.2272,0.02214,0.2895
1,75323,3,dispense,1.7129,U,1,55,0.3182,0.1617,0.2649,0.02077,0.3587
1,75520,3,dispense,1.7487,U,1,55,0.3483,0.1316,0.3020,0.02182,0.3813
1,75708,3,dispense,1.7527,U,1,55,0.3087,0.0217,0.3080,0.02135,0.3141
1,75905,3,dispense,1.7460,U,1,55,0.2918,0.0197,0.2999,0.02196,0.2967
1,76088,3,dispense,1.7518,U,1,55,0.3197,0.0827,0.3042,0.02093,0.3404
1,76285,3,dispense,1.7726,U,1,55,0.3602,0.1200,0.3250,0.02186,0.3902
1,76469,3,dispense,1.8126,U,1,55,0.4206,0.1672,0.3645,0.02101,0.4624
1,76666,3,dispense,1.8409,U,1,55,0.4305,0.1053,0.3949,0.02187,0.4568
1,76863,3,dispense,1.8428,U,1,55,0.3958,0.0223,0.3977,0.02214,0.4013
1,77044,3,dispense,1.8430,U,1,55,0.3993,0.0467,0.3962,0.02077,0.4110
1,77241,3,dispense,1.8528,U,1,55,0.4257,0.0885,0.4054,0.02182,0.4479
1,77426,3,dispense,1.8781,U,1,55,0.4695,0.1306,0.4304,0.02109,0.5021
1,77623,3,settle,1.8963,U,0,0,,,,,
1,77809,3,settle,1.9230,U,0,0,,,,,
1,77995,3,settle,1.9253,U,0,0,,,,,
1,78184,3,settle,1.9244,U,0,0,,,,,
1,78376,3,settle,1.9357,U,0,0,,,,,
1,78568,3,settle,1.9438,U,0,0,,,,,
1,78760,3,settle,1.9437,U,0,0,,,,,
1,78951,3,settle,1.9430,U,0,0,,,,,
1,79142,3,settle,1.9429,U,0,0,,,,,
1,79334,3,settle,1.9428,U,0,0,,,,,
1,79525,3,settle,1.9428,S,0,0,,,,,
1,79716,3,settle,1.9428,S,0,0,,,,,
1,79906,3,settle,1.9428,S,0,0,,,,,
1,80097,3,settle,1.9428,S,0,0,,,,,
1,80289,3,settle,1.9428,S,0,0,,,,,
1,80481,3,settle,1.9428,S,0,0,,,,,
1,80674,3,settle,1.9428,S,0,0,,,,,
1,80862,3,settle,1.9427,S,0,0,,,,,
1,81054,3,settle,1.9427,S,0,0,,,,,
1,81246,3,settle,1.9427,S,0,0,,,,,
1,81438,3,settle,1.9427,S,0,0,,,,,
1,81629,3,settle,1.9427,S,0,0,,,,,
1,81819,3,settle,1.9427,S,0,0,,,,,
1,82011,3,settle,1.9427,S,0,0,,,,,
1,82203,3,settle,1.9427,S,0,0,,,,,
1,82394,3,settle,1.9427,S,0,0,,,,,
1,82584,3,settle,1.9427,S,0,0,,,,,
1,82776,3,settle,1.9427,S,0,0,,,,,
1,82968,3,settle,1.9427,S,0,0,,,,,
1,83159,3,settle,1.9427,S,0,0,,,,,
1,83358,3,settle,1.9427,S,0,0,,,,,
1,83545,3,settle,1.9427,S,0,0,,,,,
1,83829,3,settle,1.9427,S,0,0,,,,,
1,84020,3,settle,1.9427,S,0,0,,,,,
1,84212,3,settle,1.9431,U,0,0,,,,,
1,84401,3,settle,1.9432,U,0,0,,,,,
1,84593,3,settle,1.9432,U,0,0,,,,,
1,84785,3,settle,1.9433,U,0,0,,,,,
1,84976,3,settle,1.9434,U,0,0,,,,,
1,85168,3,settle,1.9435,U,0,0,,,,,
1,85357,3,settle,1.9435,S,0,0,,,,,
1,85550,3,settle,1.9436,U,0,0,,,,,
1,85741,3,settle,1.9437,U,0,0,,,,,
1,85933,3,settle,1.9437,S,0,0,,,,,
1,86125,3,settle,1.9438,U,0,0,,,,,
1,86315,3,settle,1.9438,S,0,0,,,,,
1,86506,3,settle,1.9439,S,0,0,,,,,
1,86697,3,settle,1.9439,S,0,0,,,,,
1,88517,4,preroll,1.9445,U,1,0,0.0001,0.0000,0.0001,0.01649,0.0000
1,88712,4,preroll,1.9445,S,0,0,0.0001,0.0000,0.0001,0.02702,0.0000
1,88907,4,preroll,1.9446,U,1,0,0.0003,0.0003,0.0002,0.02187,0.0000
1,89103,4,preroll,1.9447,U,1,0,0.0004,0.0002,0.0003,0.02008,0.0000
1,89284,4,preroll,1.9448,U,1,0,0.0005,0.0003,0.0004,0.01808,0.0000
1,89481,4,preroll,1.9448,S,0,0,0.0006,0.0002,0.0005,0.02853,0.0000
1,89677,4,preroll,1.9449,U,1,0,0.0005,0.0000,0.0005,0.02252,0.0000
1,89857,4,preroll,1.9450,U,1,0,0.0008,0.0004,0.0006,0.01863,0.0000
1,90055,4,dispense,1.9450,S,0,55,0.0008,0.0177,0.0007,0.02209,0.0494
1,90251,4,dispense,1.9451,U,1,55,0.0042,0.0466,0.0007,0.01994,0.0557
1,90433,4,dispense,1.9452,U,1,55,0.0074,0.0545,0.0010,0.02076,0.0625
1,90631,4,dispense,1.9455,U,1,55,0.0081,0.0551,0.0015,0.02190,0.0656
1,90815,4,dispense,1.9456,U,1,55,0.0073,0.0521,0.0016,0.02103,0.0624
1,91006,4,dispense,1.9423,U,1,55,-0.0001,0.0422,-0.0015,0.02134,0.0531
1,91204,4,dispense,1.9622,U,1,55,0.0502,0.1203,0.0164,0.02210,0.1245
1,91389,4,dispense,1.9983,U,1,55,0.1052,0.1585,0.0528,0.02112,0.1871
1,91586,4,dispense,2.0117,U,1,55,0.0849,0.0602,0.0690,0.02190,0.1437
1,91770,4,dispense,1.9953,U,1,55,0.0298,0.0000,0.0531,0.02101,0.0718
1,91967,4,dispense,1.9913,U,1,55,0.0533,0.0689,0.0461,0.02188,0.1142
1,92164,4,dispense,2.0129,U,1,55,0.1067,0.1337,0.0672,0.02214,0.1844
1,92346,4,dispense,2.0508,U,1,55,0.1592,0.1608,0.1055,0.02085,0.2411
1,92543,4,dispense,2.0823,U,1,55,0.1781,0.1158,0.1383,0.02184,0.2507
1,92727,4,dispense,2.0863,U,1,55,0.1454,0.0256,0.1437,0.02101,0.1938
1,92924,4,dispense,2.0854,U,1,55,0.1415,0.0392,0.1413,0.02187,0.1951
1,93121,4,dispense,2.0971,U,1,55,0.1751,0.0960,0.1519,0.02214,0.2434
1,93302,4,dispense,2.1174,U,1,55,0.2048,0.1131,0.1726,0.02077,0.2746
1,93499,4,dispense,2.1507,U,1,55,0.2519,0.1393,0.2054,0.02182,0.3303
1,93683,4,dispense,2.1739,U,1,55,0.2600,0.0954,0.2301,0.02101,0.3259
1,93880,4,dispense,2.1726,U,1,55,0.2263,0.0207,0.2300,0.02187,0.2752
1,94077,4,dispense,2.1692,U,1,55,0.2244,0.0403,0.2250,0.02214,0.2788
1,94265,4,dispense,2.1747,U,1,55,0.2450,0.0786,0.2299,0.02136,0.3074
1,94448,4,dispense,2.2042,U,1,55,0.3038,0.1502,0.2582,0.02074,0.3828
1,94645,4,dispense,2.2390,U,1,55,0.3427,0.1402,0.2943,0.02185,0.4214
1,94842,4,dispense,2.2598,U,1,55,0.3400,0.0786,0.3164,0.02214,0.4039
1,95023,4,dispense,2.2634,U,1,55,0.3237,0.0371,0.3200,0.02077,0.3745
1,95220,4,dispense,2.2678,U,1,55,0.3328,0.0610,0.3233,0.02182,0.3916
1,95405,4,dispense,2.2863,U,1,55,0.3717,0.1138,0.3410,0.02109,0.4424
1,95602,4,dispense,2.3239,U,1,55,0.4323,0.1583,0.3782,0.02189,0.5157
1,95783,4,settle,2.3410,U,0,0,,,,,
1,95972,4,settle,2.3532,U,0,0,,,,,
1,96163,4,settle,2.3494,U,0,0,,,,,
1,96355,4,settle,2.3438,U,0,0,,,,,
1,96547,4,settle,2.3436,U,0,0,,,,,
1,96738,4,settle,2.3518,U,0,0,,,,,
1,96929,4,settle,2.3547,U,0,0,,,,,
1,97121,4,settle,2.3537,U,0,0,,,,,
1,97312,4,settle,2.3533,U,0,0,,,,,
1,97503,4,settle,2.3532,U,0,0,,,,,
1,97695,4,settle,2.3532,U,0,0,,,,,
1,97885,4,settle,2.3531,U,0,0,,,,,
1,98076,4,settle,2.3531,S,0,0,,,,,
1,98269,4,settle,2.3530,U,0,0,,,,,
1,98461,4,settle,2.3530,S,0,0,,,,,
1,98650,4,settle,2.3529,S,0,0,,,,,
1,98841,4,settle,2.3529,S,0,0,,,,,
1,99033,4,settle,2.3529,S,0,0,,,,,
1,99225,4,settle,2.3528,S,0,0,,,,,
1,99416,4,settle,2.3528,S,0,0,,,,,
1,99607,4,settle,2.3527,U,0,0,,,,,
1,99798,4,settle,2.3526,U,0,0,,,,,
1,99990,4,settle,2.3526,S,0,0,,,,,
1,100181,4,settle,2.3526,S,0,0,,,,,
1,100373,4,settle,2.3525,S,0,0,,,,,
1,100563,4,settle,2.3525,S,0,0,,,,,
1,100754,4,settle,2.3525,S,0,0,,,,,
1,100947,4,settle,2.3525,S,0,0,,,,,
1,101138,4,settle,2.3525,S,0,0,,,,,
1,101328,4,settle,2.3525,S,0,0,,,,,
1,101519,4,settle,2.3525,S,0,0,,,,,
1,101711,4,settle,2.3525,S,0,0,,,,,
1,101999,4,settle,2.3525,S,0,0,,,,,
1,102188,4,settle,2.3525,S,0,0,,,,,
1,102380,4,settle,2.3525,S,0,0,,,,,
1,102572,4,settle,2.3525,S,0,0,,,,,
1,102763,4,settle,2.3525,S,0,0,,,,,
1,102961,4,settle,2.3526,S,0,0,,,,,
1,103148,4,settle,2.3526,S,0,0,,,,,
1,103337,4,settle,2.3526,S,0,0,,,,,
1,103528,4,settle,2.3529,U,0,0,,,,,
1,103720,4,settle,2.3530,U,0,0,,,,,
1,103912,4,settle,2.3530,U,0,0,,,,,
1,104101,4,settle,2.3531,S,0,0,,,,,
1,104293,4,settle,2.3532,U,0,0,,,,,
1,104484,4,settle,2.3532,S,0,0,,,,,
1,104676,4,settle,2.3533,U,0,0,,,,,
1,104867,4,settle,2.3534,U,0,0,,,,,
1,109174,5,preroll,2.3553,U,1,0,0.0001,0.0000,0.0001,0.01649,0.0000
1,109370,5,preroll,2.3553,S,0,0,0.0001,0.0000,0.0001,0.02711,0.0000
1,109565,5,preroll,2.3554,U,1,0,0.0003,0.0003,0.0002,0.02192,0.0000
1,109761,5,preroll,2.3555,U,1,0,0.0004,0.0002,0.0003,0.02008,0.0000
1,109941,5,preroll,2.3555,S,0,0,0.0004,0.0001,0.0004,0.02907,0.0000
1,110137,5,preroll,2.3556,U,1,0,0.0004,0.0000,0.0004,0.02201,0.0000
1,110334,5,preroll,2.3556,S,0,0,0.0004,0.0000,0.0004,0.03218,0.0000
1,110513,5,preroll,2.3556,S,1,0,0.0004,0.0000,0.0004,0.02166,0.0000
1,110712,5,dispense,2.3557,S,1,55,0.0007,0.0181,0.0005,0.01479,0.0007
1,110909,5,dispense,2.3557,S,0,55,0.0042,0.0471,0.0006,0.02508,0.0042
1,111089,5,dispense,2.3557,S,1,55,0.0081,0.0581,0.0006,0.02195,0.0081
1,111287,5,dispense,2.3556,S,1,55,0.0069,0.0540,0.0008,0.02187,0.0069
1,111475,5,dispense,2.3555,U,1,55,0.0063,0.0523,0.0007,0.02139,0.0063
1,111673,5,dispense,2.3716,U,1,55,0.0435,0.1051,0.0155,0.02205,0.0435
1,111854,5,dispense,2.4182,U,1,55,0.1277,0.1995,0.0608,0.02079,0.1277
1,112051,5,dispense,2.4541,U,1,55,0.1459,0.1276,0.0996,0.02181,0.1459
1,112236,5,dispense,2.4524,U,1,55,0.0914,0.0000,0.0998,0.02109,0.0914
1,112433,5,dispense,2.4428,U,1,55,0.0771,0.0162,0.0881,0.02189,0.0771
1,112630,5,dispense,2.4492,U,1,55,0.1118,0.0899,0.0930,0.02214,0.1118
1,112811,5,dispense,2.4754,U,1,55,0.1611,0.1406,0.1191,0.02077,0.1611
1,113008,5,dispense,2.5168,U,1,55,0.2178,0.1619,0.1606,0.02182,0.2178
1,113192,5,dispense,2.5378,U,1,55,0.2085,0.0773,0.1839,0.02101,0.2085
1,113389,5,dispense,2.5390,U,1,55,0.1838,0.0272,0.1852,0.02187,0.1838
1,113586,5,dispense,2.5445,U,1,55,0.2009,0.0690,0.1889,0.02214,0.2009
1,113767,5,dispense,2.5575,U,1,55,0.2254,0.0954,0.2019,0.02077,0.2254
1,113964,5,dispense,2.5775,U,1,55,0.2527,0.1059,0.2220,0.02182,0.2527
1,114148,5,dispense,2.6097,U,1,55,0.2985,0.1402,0.2536,0.02101,0.2985
1,114345,5,dispense,2.6279,U,1,55,0.2972,0.0807,0.2737,0.02187,0.2972
1,114542,5,dispense,2.6235,U,1,55,0.2624,0.0140,0.2699,0.02214,0.2624
1,114729,5,dispense,2.6216,U,1,55,0.2688,0.0487,0.2663,0.02127,0.2688
1,114913,5,dispense,2.6453,U,1,55,0.3278,0.1393,0.2883,0.02081,0.3278
1,115110,5,dispense,2.6887,U,1,55,0.3945,0.1755,0.3321,0.02187,0.3945
1,115307,5,dispense,2.7160,U,1,55,0.3935,0.0927,0.3619,0.02214,0.3935
1,115488,5,dispense,2.7239,U,1,55,0.3770,0.0419,0.3698,0.02077,0.3770
1,115685,5,dispense,2.7267,U,1,55,0.3776,0.0508,0.3718,0.02182,0.3776
1,115870,5,dispense,2.7351,U,1,55,0.3965,0.0802,0.3796,0.02109,0.3965
1,116067,5,dispense,2.7600,U,1,55,0.4425,0.1268,0.4038,0.02189,0.4425
1,116263,5,dispense,2.7946,U,1,55,0.4864,0.1399,0.4388,0.02205,0.4864
1,116445,5,dispense,2.8122,U,1,55,0.4796,0.0737,0.4581,0.02083,0.4796
1,116642,5,dispense,2.8129,U,1,55,0.4586,0.0311,0.4589,0.02184,0.4586
1,116826,5,dispense,2.8160,U,1,55,0.4691,0.0606,0.4606,0.02101,0.4691
1,117023,5,dispense,2.8298,U,1,55,0.4992,0.0981,0.4740,0.02187,0.4992
1,117220,5,dispense,2.8625,U,1,55,0.5541,0.1455,0.5062,0.02214,0.5541
1,117401,5,settle,2.8841,U,0,0,,,,,
1,117587,5,settle,2.9138,U,0,0,,,,,
1,117776,5,settle,2.9119,U,0,0,,,,,
1,117969,5,settle,2.9033,U,0,0,,,,,
1,118160,5,settle,2.9112,U,0,0,,,,,
1,118349,5,settle,2.9195,U,0,0,,,,,
1,118541,5,settle,2.9208,U,0,0,,,,,
1,118734,5,settle,2.9205,U,0,0,,,,,
1,118926,5,settle,2.9204,U,0,0,,,,,
1,119116,5,settle,2.9203,U,0,0,,,,,
1,119306,5,settle,2.9203,S,0,0,,,,,
1,119498,5,settle,2.9202,S,0,0,,,,,
1,119691,5,settle,2.9202,S,0,0,,,,,
1,119888,5,settle,2.9202,S,0,0,,,,,
1,120075,5,settle,2.9202,S,0,0,,,,,
1,120263,5,settle,2.9202,S,0,0,,,,,
1,120454,5,settle,2.9202,S,0,0,,,,,
1,120646,5,settle,2.9202,S,0,0,,,,,
1,120838,5,settle,2.9202,S,0,0,,,,,
1,121028,5,settle,2.9202,S,0,0,,,,,
1,121219,5,settle,2.9202,S,0,0,,,,,
1,121411,5,settle,2.9202,S,0,0,,,,,
1,121603,5,settle,2.9202,S,0,0,,,,,
1,121795,5,settle,2.9202,S,0,0,,,,,
1,121984,5,settle,2.9202,S,0,0,,,,,
1,122176,5,settle,2.9202,S,0,0,,,,,
1,122369,5,settle,2.9202,S,0,0,,,,,
1,122560,5,settle,2.9202,S,0,0,,,,,
1,122749,5,settle,2.9202,S,0,0,,,,,
1,122941,5,settle,2.9202,S,0,0,,,,,
1,123133,5,settle,2.9202,S,0,0,,,,,
1,123324,5,settle,2.9202,S,0,0,,,,,
1,123610,5,settle,2.9202,S,0,0,,,,,
1,123802,5,settle,2.9202,S,0,0,,,,,
1,123995,5,settle,2.9202,S,0,0,,,,,
1,124185,5,settle,2.9202,S,0,0,,,,,
1,124377,5,settle,2.9202,S,0,0,,,,,
1,124567,5,settle,2.9202,S,0,0,,,,,
1,124758,5,settle,2.9202,S,0,0,,,,,
1,124950,5,settle,2.9202,S,0,0,,,,,
1,125142,5,settle,2.9203,S,0,0,,,,,
1,125334,5,settle,2.9203,S,0,0,,,,,
1,125523,5,settle,2.9203,S,0,0,,,,,
1,125716,5,settle,2.9203,S,0,0,,,,,
1,125907,5,settle,2.9203,S,0,0,,,,,
1,126099,5,settle,2.9203,S,0,0,,,,,
1,126288,5,settle,2.9204,S,0,0,,,,,
1,126480,5,settle,2.9204,S,0,0,,,,,
1,127919,6,preroll,2.9206,S,1,0,0.0000,0.0000,0.0000,0.01649,0.0000
1,128115,6,preroll,2.9206,S,0,0,0.0000,0.0000,0.0000,0.02711,0.0000
1,128309,6,preroll,2.9207,S,1,0,0.0002,0.0002,0.0001,0.02182,0.0000
1,128494,6,preroll,2.9207,S,0,0,0.0002,0.0001,0.0002,0.03104,0.0000
1,128690,6,preroll,2.9207,S,1,0,0.0001,0.0000,0.0001,0.02254,0.0000
1,128886,6,preroll,2.9208,S,1,0,0.0004,0.0005,0.0002,0.02025,0.0000
1,129067,6,preroll,2.9208,S,0,0,0.0005,0.0003,0.0003,0.02931,0.0000
1,129263,6,preroll,2.9208,S,1,0,0.0001,0.0000,0.0002,0.02208,0.0000
1,129462,6,dispense,2.9209,S,1,55,0.0005,0.0184,0.0003,0.01513,0.0051
1,129643,6,dispense,2.9209,S,0,55,0.0038,0.0449,0.0004,0.02402,0.0151
1,129834,6,dispense,2.9209,S,1,55,0.0080,0.0581,0.0004,0.02221,0.0225
1,130032,6,dispense,2.9210,S,1,55,0.0071,0.0543,0.0008,0.02208,0.0207
1,130216,6,dispense,2.9296,U,1,55,0.0260,0.0815,0.0087,0.02105,0.0464
1,130414,6,dispense,2.9365,U,1,55,0.0305,0.0694,0.0163,0.02197,0.0479
1,130598,6,dispense,2.9604,U,1,55,0.0748,0.1249,0.0388,0.02103,0.1060
1,130795,6,dispense,2.9947,U,1,55,0.1218,0.1430,0.0733,0.02188,0.1575
1,130979,6,dispense,3.0065,U,1,55,0.1011,0.0536,0.0875,0.02101,0.1145
1,131176,6,dispense,3.0038,U,1,55,0.0799,0.0243,0.0843,0.02187,0.0860
1,131373,6,dispense,3.0062,U,1,55,0.0948,0.0650,0.0853,0.02214,0.1111
1,131554,6,dispense,3.0234,U,1,55,0.1318,0.1128,0.1020,0.02077,0.1600
1,131751,6,dispense,3.0570,U,1,55,0.1843,0.1468,0.1353,0.02182,0.2210
1,131936,6,dispense,3.0923,U,1,55,0.2179,0.1361,0.1715,0.02109,0.2519
1,132133,6,dispense,3.1080,U,1,55,0.2061,0.0647,0.1887,0.02189,0.2223
1,132330,6,dispense,3.1070,U,1,55,0.1852,0.0282,0.1875,0.02214,0.1923
1,132511,6,dispense,3.1142,U,1,55,0.2078,0.0777,0.1930,0.02077,0.2272
1,132708,6,dispense,3.1458,U,1,55,0.2724,0.1521,0.2235,0.02182,0.3104
1,132892,6,dispense,3.1841,U,1,55,0.3154,0.1525,0.2630,0.02101,0.3536
1,133084,6,dispense,3.2029,U,1,55,0.3054,0.0727,0.2837,0.02143,0.3235
1,133281,6,dispense,3.2081,U,1,55,0.2932,0.0431,0.2884,0.02203,0.3040
1,133479,6,dispense,3.2155,U,1,55,0.3088,0.0721,0.2947,0.02223,0.3269
1,133657,6,dispense,3.2320,U,1,55,0.3381,0.1044,0.3109,0.02055,0.3642
1,133854,6,dispense,3.2656,U,1,55,0.3923,0.1464,0.3438,0.02176,0.4289
1,134051,6,dispense,3.3011,U,1,55,0.4266,0.1324,0.3803,0.02213,0.4597
1,134232,6,dispense,3.3111,U,1,55,0.4023,0.0446,0.3921,0.02077,0.4135
1,134429,6,dispense,3.3052,U,1,55,0.3776,0.0164,0.3858,0.02182,0.3817
1,134613,6,dispense,3.3064,U,1,55,0.3934,0.0633,0.3854,0.02101,0.4093
1,134810,6,dispense,3.3188,U,1,55,0.4221,0.0971,0.3976,0.02187,0.4464
1,135007,6,dispense,3.3547,U,1,55,0.4853,0.1566,0.4327,0.02214,0.5244
1,135188,6,dispense,3.3890,U,1,55,0.5138,0.1334,0.4684,0.02077,0.5472
1,135385,6,dispense,3.3888,U,1,55,0.4666,0.0143,0.4708,0.02182,0.4702
1,135582,6,dispense,3.3772,U,1,55,0.4436,0.0085,0.4574,0.02214,0.4457
1,135762,6,dispense,3.3832,U,1,55,0.4782,0.0889,0.4615,0.02069,0.5004
1,135959,6,dispense,3.4094,U,1,55,0.5308,0.1390,0.4876,0.02180,0.5656
1,136156,6,dispense,3.4446,U,1,55,0.5716,0.1391,0.5236,0.02214,0.6064
1,136344,6,dispense,3.4685,U,1,55,0.5775,0.0917,0.5485,0.02136,0.6004
1,136526,6,dispense,3.4746,U,1,55,0.5620,0.0430,0.5551,0.02066,0.5728
1,136724,6,dispense,3.4754,U,1,55,0.5587,0.0458,0.5552,0.02192,0.5701
1,136921,6,dispense,3.4832,U,1,55,0.5791,0.0798,0.5622,0.02216,0.5990
1,137099,6,dispense,3.5059,U,1,55,0.6201,0.1253,0.5844,0.02053,0.6514
1,137296,6,dispense,3.5361,U,1,55,0.6580,0.1306,0.6150,0.02176,0.6906
1,137493,6,dispense,3.5568,U,1,55,0.6624,0.0853,0.6369,0.02213,0.6837
1,137674,6,dispense,3.5614,U,1,55,0.6474,0.0414,0.6418,0.02077,0.6577
1,137871,6,dispense,3.5618,U,1,55,0.6452,0.0468,0.6416,0.02182,0.6569
1,138068,6,dispense,3.5786,U,1,55,0.6863,0.1092,0.6570,0.02214,0.7136
1,138248,6,dispense,3.6138,U,1,55,0.7434,0.1599,0.6920,0.02069,0.7833
1,138445,6,dispense,3.6465,U,1,55,0.7693,0.1252,0.7261,0.02180,0.8006
1,138642,6,dispense,3.6642,U,1,55,0.7638,0.0698,0.7446,0.02214,0.7813
1,138823,6,dispense,3.6692,U,1,55,0.7559,0.0465,0.7493,0.02077,0.7675
1,139020,6,dispense,3.6687,U,1,55,0.7517,0.0457,0.7486,0.02182,0.7632
1,139204,6,dispense,3.6761,U,1,55,0.7710,0.0790,0.7551,0.02101,0.7908
1,139401,6,dispense,3.7100,U,1,55,0.8390,0.1571,0.7876,0.02187,0.8782
1,139588,6,dispense,3.7435,U,1,55,0.8681,0.1323,0.8229,0.02126,0.9012
1,139785,6,dispense,3.7433,U,1,55,0.8207,0.0138,0.8251,0.02194,0.8241
1,139969,6,dispense,3.7317,U,1,55,0.7981,0.0048,0.8119,0.02101,0.7993
1,140166,6,dispense,3.7322,U,1,55,0.8206,0.0691,0.8109,0.02188,0.8378
1,140363,6,dispense,3.7554,U,1,55,0.8734,0.1329,0.8336,0.02214,0.9067
1,140544,6,dispense,3.7954,U,1,55,0.9299,0.1672,0.8737,0.02077,0.9717
1,140741,6,dispense,3.8137,U,1,55,0.9165,0.0726,0.8947,0.02182,0.9346
1,140925,6,dispense,3.8051,U,1,55,0.8725,0.0000,0.8864,0.02101,0.8725
1,141121,6,dispense,3.8008,U,1,55,0.8807,0.0475,0.8799,0.02178,0.8926
1,141318,6,dispense,3.8155,U,1,55,0.9232,0.1113,0.8938,0.02212,0.9511
1,141500,6,dispense,3.8407,U,1,55,0.9578,0.1258,0.9196,0.02085,0.9893
1,141697,6,dispense,3.8734,U,1,55,0.9965,0.1318,0.9523,0.02184,1.0295
1,141877,6,settle,3.8855,U,0,0,,,,,
1,142067,6,settle,3.8928,U,0,0,,,,,
1,142260,6,settle,3.8962,U,0,0,,,,,
1,142449,6,settle,3.8976,U,0,0,,,,,
1,142640,6,settle,3.8925,U,0,0,,,,,
1,142833,6,settle,3.8952,U,0,0,,,,,
1,143024,6,settle,3.9103,U,0,0,,,,,
1,143215,6,settle,3.9145,U,0,0,,,,,
1,143405,6,settle,3.9134,U,0,0,,,,,
1,143597,6,settle,3.9125,U,0,0,,,,,
1,143789,6,settle,3.9124,U,0,0,,,,,
1,143980,6,settle,3.9123,U,0,0,,,,,
1,144170,6,settle,3.9122,U,0,0,,,,,
1,144363,6,settle,3.9122,S,0,0,,,,,
1,144554,6,settle,3.9121,U,0,0,,,,,
1,144745,6,settle,3.9121,S,0,0,,,,,
1,144937,6,settle,3.9121,S,0,0,,,,,
1,145127,6,settle,3.9121,S,0,0,,,,,
1,145318,6,settle,3.9121,S,0,0,,,,,
1,145517,6,settle,3.9121,S,0,0,,,,,
1,145703,6,settle,3.9120,S,0,0,,,,,
1,145892,6,settle,3.9120,S,0,0,,,,,
1,146084,6,settle,3.9120,S,0,0,,,,,
1,146275,6,settle,3.9120,S,0,0,,,,,
1,146467,6,settle,3.9120,S,0,0,,,,,
1,146660,6,settle,3.9120,S,0,0,,,,,
1,146849,6,settle,3.9120,S,0,0,,,,,
1,147040,6,settle,3.9121,S,0,0,,,,,
1,147232,6,settle,3.9121,S,0,0,,,,,
1,147424,6,settle,3.9121,S,0,0,,,,,
1,147615,6,settle,3.9121,S,0,0,,,,,
1,147805,6,settle,3.9121,S,0,0,,,,,
1,148093,6,settle,3.9121,S,0,0,,,,,
1,148284,6,settle,3.9121,S,0,0,,,,,
1,148476,6,settle,3.9121,S,0,0,,,,,
1,148666,6,settle,3.9121,S,0,0,,,,,
1,148858,6,settle,3.9121,S,0,0,,,,,
1,149049,6,settle,3.9121,S,0,0,,,,,
1,149241,6,settle,3.9121,S,0,0,,,,,
1,149431,6,settle,3.9121,S,0,0,,,,,
1,149622,6,settle,3.9121,S,0,0,,,,,
1,149814,6,settle,3.9121,S,0,0,,,,,
1,150006,6,settle,3.9122,S,0,0,,,,,
1,150198,6,settle,3.9122,S,0,0,,,,,
1,150387,6,settle,3.9122,S,0,0,,,,,
1,150579,6,settle,3.9122,S,0,0,,,,,
1,150771,6,settle,3.9122,S,0,0,,,,,
1,150962,6,settle,3.9122,S,0,0,,,,,
1,152399,7,preroll,3.9124,S,1,0,0.0000,0.0000,0.0000,0.01649,0.0000
1,152595,7,preroll,3.9129,U,1,0,0.0019,0.0038,0.0005,0.01809,0.0000
1,152791,7,preroll,3.9130,U,1,0,-0.0005,0.0000,0.0006,0.01876,0.0000
1,152975,7,preroll,3.9131,U,1,0,0.0022,0.0050,0.0007,0.01793,0.0000
1,153171,7,preroll,3.9132,U,1,0,0.0001,0.0000,0.0008,0.01915,0.0000
1,153366,7,preroll,3.9132,U,0,0,0.0001,0.0000,0.0003,0.02945,0.0000
1,153547,7,preroll,3.9133,U,1,0,0.0015,0.0014,0.0009,0.02115,0.0000
1,153743,7,preroll,3.9134,U,1,0,0.0009,0.0000,0.0010,0.01985,0.0000
1,153941,7,dispense,3.9134,S,0,55,0.0009,0.0174,0.0010,0.02338,0.0010
1,154122,7,dispense,3.9135,U,1,55,0.0044,0.0447,0.0011,0.01859,0.0011
1,154319,7,dispense,3.9136,U,1,55,0.0081,0.0556,0.0014,0.02177,0.0012
1,154507,7,dispense,3.9140,U,1,55,0.0084,0.0542,0.0019,0.02132,0.0016
1,154705,7,dispense,3.9297,U,1,55,0.0438,0.1033,0.0165,0.02205,0.0173
1,154887,7,dispense,3.9544,U,1,55,0.0785,0.1232,0.0415,0.02087,0.0420
1,155084,7,dispense,3.9809,U,1,55,0.1046,0.1133,0.0684,0.02184,0.0685
1,155281,7,dispense,3.9941,U,1,55,0.0985,0.0650,0.0826,0.02214,0.0817
1,155462,7,dispense,3.9950,U,1,55,0.0857,0.0374,0.0834,0.02077,0.0826
1,155659,7,dispense,3.9999,U,1,55,0.0987,0.0666,0.0873,0.02182,0.0875
1,155843,7,dispense,4.0276,U,1,55,0.1569,0.1451,0.1136,0.02101,0.1152
1,156040,7,dispense,4.0664,U,1,55,0.2076,0.1549,0.1533,0.02187,0.1540
1,156237,7,dispense,4.0889,U,1,55,0.2031,0.0809,0.1776,0.02214,0.1765
1,156418,7,dispense,4.0959,U,1,55,0.1918,0.0456,0.1843,0.02077,0.1835
1,156615,7,dispense,4.0996,U,1,55,0.1953,0.0560,0.1874,0.02182,0.1872
1,156800,7,dispense,4.1040,U,1,55,0.2029,0.0651,0.1917,0.02109,0.1916
1,156997,7,dispense,4.1198,U,1,55,0.2334,0.1003,0.2068,0.02189,0.2074
1,157194,7,dispense,4.1510,U,1,55,0.2830,0.1386,0.2377,0.02214,0.2386
1,157375,7,dispense,4.1709,U,1,55,0.2856,0.0875,0.2592,0.02077,0.2585
1,157572,7,dispense,4.1656,U,1,55,0.2467,0.0108,0.2551,0.02182,0.2532
1,157760,7,dispense,4.1587,U,1,55,0.2418,0.0309,0.2465,0.02135,0.2463
1,157957,7,dispense,4.1664,U,1,55,0.2726,0.0893,0.2532,0.02196,0.2540
1,158140,7,dispense,4.2025,U,1,55,0.3430,0.1717,0.2883,0.02093,0.2901
1,158337,7,dispense,4.2450,U,1,55,0.3895,0.1578,0.3322,0.02186,0.3326
1,158521,7,dispense,4.2554,U,1,55,0.3537,0.0361,0.3452,0.02101,0.3430
1,158718,7,dispense,4.2445,U,1,55,0.3173,0.0000,0.3336,0.02187,0.3321
1,158914,7,dispense,4.2493,U,1,55,0.3514,0.0840,0.3358,0.02205,0.3369
1,159096,7,dispense,4.2710,U,1,55,0.3945,0.1287,0.3577,0.02083,0.3586
1,159293,7,dispense,4.3010,U,1,55,0.4309,0.1296,0.3882,0.02184,0.3886
1,159477,7,dispense,4.3321,U,1,55,0.4600,0.1236,0.4195,0.02101,0.4197
1,159674,7,dispense,4.3432,U,1,55,0.4448,0.0557,0.4321,0.02187,0.4308
1,159871,7,dispense,4.3427,U,1,55,0.4309,0.0351,0.4311,0.02214,0.4303
1,160052,7,dispense,4.3504,U,1,55,0.4533,0.0799,0.4375,0.02077,0.4380
1,160249,7,dispense,4.3728,U,1,55,0.4957,0.1217,0.4595,0.02182,0.4604
1,160434,7,dispense,4.4053,U,1,55,0.5379,0.1402,0.4922,0.02109,0.4929
1,160631,7,dispense,4.4321,U,1,55,0.5544,0.1055,0.5201,0.02189,0.5197
1,160828,7,dispense,4.4360,U,1,55,0.5274,0.0331,0.5251,0.02214,0.5236
1,161016,7,dispense,4.4253,U,1,55,0.5021,0.0092,0.5139,0.02136,0.5129
1,161199,7,dispense,4.4325,U,1,55,0.5360,0.0879,0.5190,0.02074,0.5201
1,161397,7,dispense,4.4672,U,1,55,0.6074,0.1646,0.5529,0.02194,0.5548
1,161594,7,dispense,4.4983,U,1,55,0.6269,0.1178,0.5863,0.02216,0.5859
1,161774,7,dispense,4.5121,U,1,55,0.6161,0.0596,0.6008,0.02069,0.5997
1,161971,7,dispense,4.5171,U,1,55,0.6121,0.0502,0.6053,0.02180,0.6047
1,162155,7,dispense,4.5174,U,1,55,0.6101,0.0484,0.6054,0.02101,0.6050
1,162352,7,dispense,4.5250,U,1,55,0.6285,0.0779,0.6123,0.02187,0.6126
1,162549,7,dispense,4.5533,U,1,55,0.6833,0.1385,0.6397,0.02214,0.6409
1,162730,7,dispense,4.5825,U,1,55,0.7104,0.1247,0.6700,0.02077,0.6701
1,162927,7,dispense,4.5863,U,1,55,0.6788,0.0332,0.6759,0.02182,0.6739
1,163112,7,dispense,4.5751,U,1,55,0.6502,0.0028,0.6639,0.02109,0.6627
1,163309,7,dispense,4.5763,U,1,55,0.6729,0.0686,0.6632,0.02189,0.6639
1,163506,7,dispense,4.6051,U,1,55,0.7386,0.1507,0.6911,0.02214,0.6927
1,163687,7,dispense,4.6512,U,1,55,0.8013,0.1832,0.7376,0.02077,0.7388
1,163884,7,dispense,4.6765,U,1,55,0.7951,0.0880,0.7656,0.02182,0.7641
1,164068,7,dispense,4.6714,U,1,55,0.7501,0.0000,0.7611,0.02101,0.7590
1,164259,7,dispense,4.6621,U,1,55,0.7416,0.0228,0.7500,0.02134,0.7497
1,164456,7,dispense,4.6765,U,1,55,0.7920,0.1142,0.7626,0.02201,0.7641
1,164653,7,dispense,4.7054,U,1,55,0.8366,0.1361,0.7923,0.02214,0.7930
1,164833,7,dispense,4.7388,U,1,55,0.8706,0.1347,0.8261,0.02069,0.8264
1,165030,7,dispense,4.7599,U,1,55,0.8742,0.0856,0.8483,0.02180,0.8475
1,165227,7,dispense,4.7607,U,1,55,0.8488,0.0288,0.8496,0.02214,0.8483
1,165408,7,dispense,4.7620,U,1,55,0.8552,0.0533,0.8496,0.02077,0.8496
1,165605,7,dispense,4.7777,U,1,55,0.8924,0.1057,0.8644,0.02182,0.8653
1,165789,7,dispense,4.8065,U,1,55,0.9360,0.1370,0.8933,0.02101,0.8941
1,165986,7,dispense,4.8366,U,1,55,0.9645,0.1212,0.9242,0.02187,0.9242
1,166183,7,dispense,4.8508,U,1,55,0.9554,0.0634,0.9394,0.02214,0.9384
1,166364,7,dispense,4.8420,U,1,55,0.9198,0.0022,0.9311,0.02077,0.9296
1,166561,7,dispense,4.8331,U,1,55,0.9148,0.0298,0.9209,0.02182,0.9207
1,166746,7,dispense,4.8541,U,1,55,0.9775,0.1384,0.9398,0.02109,0.9417
1,166943,7,dispense,4.8895,U,1,55,1.0289,0.1537,0.9763,0.02189,0.9771
1,167140,7,dispense,4.9090,U,1,55,1.0202,0.0746,0.9978,0.02214,0.9966
1,167321,7,dispense,4.9130,U,1,55,1.0055,0.0381,1.0015,0.02077,1.0006
1,167510,7,settle,4.9138,U,0,0,,,,,
1,167697,7,settle,4.9157,U,0,0,,,,,
1,167889,7,settle,4.9277,U,0,0,,,,,
1,168080,7,settle,4.9618,U,0,0,,,,,
1,168270,7,settle,4.9988,U,0,0,,,,,
1,168461,7,settle,5.0111,U,0,0,,,,,
1,168654,7,settle,5.0084,U,0,0,,,,,
1,168845,7,settle,5.0069,U,0,0,,,,,
1,169035,7,settle,5.0066,U,0,0,,,,,
1,169227,7,settle,5.0065,U,0,0,,,,,
1,169418,7,settle,5.0065,U,0,0,,,,,
1,169610,7,settle,5.0065,S,0,0,,,,,
1,169802,7,settle,5.0064,S,0,0,,,,,
1,169991,7,settle,5.0064,S,0,0,,,,,
1,170183,7,settle,5.0064,S,0,0,,,,,
1,170375,7,settle,5.0065,S,0,0,,,,,
1,170567,7,settle,5.0065,S,0,0,,,,,
1,170758,7,settle,5.0065,S,0,0,,,,,
1,170948,7,settle,5.0065,S,0,0,,,,,
1,171140,7,settle,5.0065,S,0,0,,,,,
1,171332,7,settle,5.0065,S,0,0,,,,,
1,171524,7,settle,5.0065,S,0,0,,,,,
1,171713,7,settle,5.0065,S,0,0,,,,,
1,171905,7,settle,5.0065,S,0,0,,,,,
1,172097,7,settle,5.0065,S,0,0,,,,,
1,172288,7,settle,5.0065,S,0,0,,,,,
1,172480,7,settle,5.0065,S,0,0,,,,,
1,172670,7,settle,5.0066,S,0,0,,,,,
1,172861,7,settle,5.0066,S,0,0,,,,,
1,173053,7,settle,5.0066,S,0,0,,,,,
1,173245,7,settle,5.0066,S,0,0,,,,,
1,173437,7,settle,5.0066,S,0,0,,,,,
1,173722,7,settle,5.0066,S,0,0,,,,,
1,173914,7,settle,5.0067,S,0,0,,,,,
1,174105,7,settle,5.0067,S,0,0,,,,,
1,174297,7,settle,5.0067,S,0,0,,,,,
1,174487,7,settle,5.0067,S,0,0,,,,,
1,174678,7,settle,5.0072,U,0,0,,,,,
1,174870,7,settle,5.0072,U,0,0,,,,,
1,175062,7,settle,5.0073,U,0,0,,,,,
1,175252,7,settle,5.0073,S,0,0,,,,,
1,175443,7,settle,5.0074,U,0,0,,,,,
1,175635,7,settle,5.0075,U,0,0,,,,,
1,175825,7,settle,5.0076,U,0,0,,,,,
1,176018,7,settle,5.0076,S,0,0,,,,,
1,176208,7,settle,5.0077,U,0,0,,,,,
1,176400,7,settle,5.0078,U,0,0,,,,,
1,176591,7,settle,5.0078,S,0,0,,,,,
1,178410,8,preroll,5.0085,U,1,0,0.0001,0.0000,0.0001,0.01649,0.0000
1,178606,8,preroll,5.0085,S,0,0,0.0001,0.0000,0.0001,0.02711,0.0000
1,178801,8,preroll,5.0086,U,1,0,0.0003,0.0003,0.0002,0.02192,0.0000
1,178997,8,preroll,5.0087,U,1,0,0.0004,0.0002,0.0003,0.02008,0.0000
1,179177,8,preroll,5.0087,S,0,0,0.0004,0.0001,0.0004,0.02907,0.0000
1,179373,8,preroll,5.0088,U,1,0,0.0004,0.0000,0.0004,0.02201,0.0000
1,179561,8,preroll,5.0089,U,1,0,0.0007,0.0004,0.0005,0.01935,0.0000
1,179758,8,preroll,5.0089,S,0,0,0.0007,0.0002,0.0006,0.02972,0.0000
1,179942,8,dispense,5.0090,U,1,55,0.0006,0.0174,0.0006,0.01700,0.0390
1,180140,8,dispense,5.0091,U,1,55,0.0043,0.0471,0.0007,0.02087,0.0578
1,180338,8,dispense,5.0092,U,1,55,0.0080,0.0567,0.0010,0.02220,0.0665
1,180518,8,dispense,5.0094,U,1,55,0.0074,0.0529,0.0014,0.02070,0.0621
1,180716,8,dispense,5.0096,U,1,55,0.0078,0.0541,0.0016,0.02189,0.0651
1,180899,8,dispense,5.0026,U,1,55,-0.0088,0.0278,-0.0049,0.02095,0.0400
1,181097,8,dispense,4.9932,U,1,55,-0.0204,0.0293,-0.0146,0.02194,0.0308
1,181294,8,dispense,4.9841,U,1,55,-0.0275,0.0359,-0.0239,0.02216,0.0258
1,181474,8,dispense,4.9967,U,1,55,0.0123,0.1067,-0.0128,0.02069,0.0804
1,181671,8,dispense,5.0337,U,1,55,0.0795,0.1653,0.0237,0.02180,0.1644
1,181856,8,dispense,5.0741,U,1,55,0.1187,0.1510,0.0654,0.02109,0.1987
1,182053,8,dispense,5.0890,U,1,55,0.0971,0.0560,0.0823,0.02189,0.1549
1,182250,8,dispense,5.0811,U,1,55,0.0619,0.0053,0.0742,0.02214,0.1075
1,182430,8,dispense,5.0786,U,1,55,0.0727,0.0514,0.0699,0.02069,0.1270
1,182627,8,dispense,5.1002,U,1,55,0.1280,0.1305,0.0902,0.02180,0.2042
1,182815,8,dispense,5.1305,U,1,55,0.1657,0.1353,0.1217,0.02135,0.2422
1,183012,8,dispense,5.1600,U,1,55,0.1895,0.1141,0.1517,0.02196,0.2619
1,183195,8,dispense,5.1717,U,1,55,0.1781,0.0572,0.1644,0.02093,0.2342
1,183392,8,dispense,5.1659,U,1,55,0.1516,0.0182,0.1588,0.02186,0.1999
1,183576,8,dispense,5.1658,U,1,55,0.1630,0.0572,0.1571,0.02101,0.2193
1,183773,8,dispense,5.1866,U,1,55,0.2128,0.1246,0.1769,0.02187,0.2877
1,183970,8,dispense,5.2200,U,1,55,0.2587,0.1416,0.2109,0.02214,0.3384
1,184151,8,dispense,5.2484,U,1,55,0.2768,0.1121,0.2402,0.02077,0.3464
1,184348,8,dispense,5.2536,U,1,55,0.2513,0.0376,0.2469,0.02182,0.3044
1,184545,8,dispense,5.2402,U,1,55,0.2168,0.0000,0.2331,0.02214,0.2611
1,184725,8,dispense,5.2413,U,1,55,0.2414,0.0706,0.2321,0.02069,0.3005
1,184922,8,dispense,5.2721,U,1,55,0.3121,0.1582,0.2617,0.02180,0.3952
1,185119,8,dispense,5.3027,U,1,55,0.3362,0.1221,0.2945,0.02214,0.4110
1,185298,8,dispense,5.3188,U,1,55,0.3303,0.0687,0.3113,0.02061,0.3887
1,185495,8,dispense,5.3238,U,1,55,0.3226,0.0481,0.3162,0.02178,0.3782
1,185692,8,dispense,5.3229,U,1,55,0.3177,0.0451,0.3150,0.02214,0.3733
1,185873,8,dispense,5.3254,U,1,55,0.3263,0.0625,0.3170,0.02077,0.3834
1,186065,8,dispense,5.3459,U,1,55,0.3700,0.1193,0.3364,0.02137,0.4426
1,186262,8,dispense,5.3751,U,1,55,0.4084,0.1293,0.3662,0.02203,0.4848
1,186446,8,dispense,5.3858,U,1,55,0.3919,0.0551,0.3787,0.02102,0.4477
1,186643,8,dispense,5.3690,U,1,55,0.3403,0.0000,0.3627,0.02188,0.3840
1,186840,8,dispense,5.3608,U,1,55,0.3531,0.0541,0.3520,0.02214,0.4109
1,187019,8,dispense,5.3819,U,1,55,0.4101,0.1400,0.3719,0.02061,0.4863
1,187216,8,dispense,5.4217,U,1,55,0.4702,0.1665,0.4121,0.02178,0.5554
1,187413,8,dispense,5.4501,U,1,55,0.4764,0.0996,0.4425,0.02214,0.5456
1,187594,8,dispense,5.4530,U,1,55,0.4468,0.0246,0.4462,0.02077,0.4945
1,187791,8,dispense,5.4457,U,1,55,0.4305,0.0214,0.4380,0.02182,0.4794
1,187975,8,dispense,5.4510,U,1,55,0.4567,0.0807,0.4418,0.02101,0.5189
1,188172,8,dispense,5.4813,U,1,55,0.5194,0.1504,0.4713,0.02187,0.6007
1,188369,8,dispense,5.5163,U,1,55,0.5549,0.1355,0.5077,0.02214,0.6330
1,188551,8,dispense,5.5382,U,1,55,0.5568,0.0853,0.5305,0.02085,0.6199
1,188748,8,dispense,5.5342,U,1,55,0.5205,0.0137,0.5276,0.02184,0.5676
1,188932,8,dispense,5.5272,U,1,55,0.5139,0.0286,0.5191,0.02101,0.5631
1,189129,8,dispense,5.5370,U,1,55,0.5495,0.0953,0.5276,0.02187,0.6171
1,189317,8,dispense,5.5611,U,1,55,0.5902,0.1274,0.5520,0.02135,0.6648
1,189514,8,dispense,5.5924,U,1,55,0.6266,0.1291,0.5836,0.02196,0.7028
1,189697,8,dispense,5.6110,U,1,55,0.6267,0.0798,0.6034,0.02093,0.6885
1,189894,8,dispense,5.5998,U,1,55,0.5776,0.0000,0.5936,0.02186,0.6214
1,190091,8,dispense,5.5946,U,1,55,0.5866,0.0487,0.5859,0.02214,0.6431
1,190272,8,dispense,5.6165,U,1,55,0.6449,0.1393,0.6065,0.02077,0.7213
1,190469,8,dispense,5.6502,U,1,55,0.6908,0.1462,0.6412,0.02182,0.7710
1,190653,8,dispense,5.6753,U,1,55,0.6990,0.0981,0.6675,0.02101,0.7656
1,190850,8,dispense,5.6819,U,1,55,0.6812,0.0437,0.6748,0.02187,0.7358
1,191047,8,dispense,5.6776,U,1,55,0.6665,0.0300,0.6699,0.02214,0.7183
1,191228,8,dispense,5.6790,U,1,55,0.6787,0.0626,0.6704,0.02077,0.7359
1,191425,8,dispense,5.7002,U,1,55,0.7263,0.1233,0.6906,0.02182,0.8007
1,191610,8,dispense,5.7408,U,1,55,0.7888,0.1710,0.7311,0.02109,0.8737
1,191807,8,dispense,5.7701,U,1,55,0.7992,0.1072,0.7625,0.02189,0.8698
1,192004,8,dispense,5.7671,U,1,55,0.7518,0.0053,0.7608,0.02214,0.7974
1,192185,8,dispense,5.7557,U,1,55,0.7358,0.0109,0.7479,0.02077,0.7801
1,192382,8,dispense,5.7719,U,1,55,0.7928,0.1194,0.7616,0.02182,0.8663
1,192570,8,dispense,5.8100,U,1,55,0.8575,0.1711,0.8002,0.02135,0.9429
1,192768,8,dispense,5.8434,U,1,55,0.8780,0.1211,0.8354,0.02205,0.9523
1,192949,8,dispense,5.8598,U,1,55,0.8705,0.0657,0.8524,0.02079,0.9286
1,193146,8,dispense,5.8623,U,1,55,0.8577,0.0400,0.8548,0.02181,0.9114
1,193331,8,dispense,5.8598,U,1,55,0.8528,0.0406,0.8518,0.02109,0.9051
1,193528,8,dispense,5.8645,U,1,55,0.8690,0.0722,0.8558,0.02189,0.9308
1,193725,8,dispense,5.8865,U,1,55,0.9130,0.1216,0.8772,0.02214,0.9877
1,193906,8,dispense,5.9158,U,1,55,0.9486,0.1313,0.9070,0.02077,1.0230
1,194090,8,settle,5.9238,U,0,0,,,,,
1,194282,8,settle,5.9220,U,0,0,,,,,
1,194474,8,settle,5.9165,U,0,0,,,,,
1,194664,8,settle,5.9214,U,0,0,,,,,
1,194856,8,settle,5.9421,U,0,0,,,,,
1,195047,8,settle,5.9696,U,0,0,,,,,
1,195239,8,settle,5.9897,U,0,0,,,,,
1,195430,8,settle,6.0007,U,0,0,,,,,
1,195622,8,settle,6.0030,U,0,0,,,,,
1,195811,8,settle,6.0018,U,0,0,,,,,
1,196002,8,settle,6.0011,U,0,0,,,,,
1,196195,8,settle,6.0010,U,0,0,,,,,
1,196387,8,settle,6.0009,U,0,0,,,,,
1,196579,8,settle,6.0009,S,0,0,,,,,
1,196767,8,settle,6.0008,U,0,0,,,,,
1,196960,8,settle,6.0008,S,0,0,,,,,
1,197152,8,settle,6.0008,S,0,0,,,,,
1,197343,8,settle,6.0007,S,0,0,,,,,
1,197535,8,settle,6.0007,S,0,0,,,,,
1,197725,8,settle,6.0006,S,0,0,,,,,
1,197917,8,settle,6.0006,S,0,0,,,,,
1,198108,8,settle,6.0005,U,0,0,,,,,
1,198299,8,settle,6.0005,S,0,0,,,,,
1,198490,8,settle,6.0005,S,0,0,,,,,
1,198682,8,settle,6.0005,S,0,0,,,,,
1,198873,8,settle,6.0005,S,0,0,,,,,
1,199065,8,settle,6.0005,S,0,0,,,,,
1,199256,8,settle,6.0004,S,0,0,,,,,
1,199446,8,settle,6.0004,S,0,0,,,,,
1,199638,8,settle,6.0004,S,0,0,,,,,
1,199830,8,settle,6.0004,S,0,0,,,,,
1,200021,8,settle,6.0004,S,0,0,,,,,
1,200307,8,settle,6.0004,S,0,0,,,,,
1,200499,8,settle,6.0004,S,0,0,,,,,
1,200691,8,settle,6.0004,S,0,0,,,,,
1,200883,8,settle,6.0004,S,0,0,,,,,
1,201081,8,settle,6.0004,S,0,0,,,,,
1,201268,8,settle,6.0005,S,0,0,,,,,
1,201456,8,settle,6.0005,S,0,0,,,,,
1,201647,8,settle,6.0005,S,0,0,,,,,
1,201839,8,settle,6.0005,S,0,0,,,,,
1,202029,8,settle,6.0005,S,0,0,,,,,
1,202221,8,settle,6.0005,S,0,0,,,,,
1,202412,8,settle,6.0005,S,0,0,,,,,
1,202604,8,settle,6.0005,S,0,0,,,,,
1,202796,8,settle,6.0005,S,0,0,,,,,
1,202984,8,settle,6.0005,S,0,0,,,,,
1,203177,8,settle,6.0006,S,0,0,,,,,
1,204615,9,preroll,6.0007,S,1,0,0.0000,0.0000,0.0000,0.01649,0.0000
1,204811,9,preroll,6.0008,S,1,0,0.0004,0.0008,0.0001,0.01809,0.0000
1,205007,9,preroll,6.0008,S,0,0,0.0005,0.0005,0.0003,0.02860,0.0000
1,205189,9,preroll,6.0008,S,1,0,-0.0001,0.0000,0.0001,0.02101,0.0000
1,205384,9,preroll,6.0009,S,1,0,0.0005,0.0009,0.0002,0.01973,0.0000
1,205580,9,preroll,6.0009,S,0,0,0.0007,0.0006,0.0004,0.03004,0.0000
1,205762,9,preroll,6.0015,U,1,0,0.0011,0.0007,0.0008,0.02141,0.0000
1,205958,9,preroll,6.0016,U,1,0,0.0009,0.0000,0.0009,0.01990,0.0000
1,206157,9,dispense,6.0016,U,0,55,0.0009,0.0174,0.0009,0.02343,0.0052
1,206337,9,dispense,6.0017,U,1,55,0.0042,0.0444,0.0010,0.01851,0.0153
1,206534,9,dispense,6.0018,U,1,55,0.0080,0.0556,0.0013,0.02175,0.0219
1,206720,9,dispense,6.0019,U,1,55,0.0075,0.0530,0.0016,0.02115,0.0208
1,206918,9,dispense,6.0018,S,1,55,0.0073,0.0533,0.0015,0.02201,0.0206
1,207115,9,dispense,6.0020,U,1,55,0.0079,0.0547,0.0016,0.02216,0.0216
1,207295,9,dispense,6.0075,U,1,55,0.0199,0.0712,0.0067,0.02069,0.0377
1,207484,9,dispense,6.0061,U,1,55,0.0098,0.0445,0.0063,0.02109,0.0209
1,207681,9,dispense,6.0027,U,1,55,0.0031,0.0414,0.0025,0.02197,0.0135
1,207879,9,dispense,6.0032,U,1,55,0.0103,0.0599,0.0025,0.02223,0.0253
1,208059,9,dispense,6.0310,U,1,55,0.0725,0.1496,0.0286,0.02071,0.1099
1,208256,9,dispense,6.0733,U,1,55,0.1313,0.1678,0.0716,0.02180,0.1733
1,208440,9,dispense,6.0992,U,1,55,0.1304,0.0920,0.0996,0.02101,0.1534
1,208637,9,dispense,6.0988,U,1,55,0.0955,0.0178,0.0999,0.02187,0.0999
1,208834,9,dispense,6.0907,U,1,55,0.0834,0.0251,0.0905,0.02214,0.0897
1,209016,9,dispense,6.0924,U,1,55,0.1017,0.0700,0.0913,0.02085,0.1192
1,209213,9,dispense,6.1155,U,1,55,0.1522,0.1298,0.1135,0.02184,0.1847
1,209397,9,dispense,6.1524,U,1,55,0.2029,0.1562,0.1508,0.02101,0.2420
1,209594,9,dispense,6.1738,U,1,55,0.2004,0.0843,0.1742,0.02187,0.2215
1,209791,9,dispense,6.1633,U,1,55,0.1476,0.0000,0.1648,0.02214,0.1476
1,209971,9,dispense,6.1520,U,1,55,0.1433,0.0265,0.1514,0.02069,0.1500
1,210168,9,dispense,6.1682,U,1,55,0.1980,0.1214,0.1658,0.02180,0.2284
1,210365,9,dispense,6.2024,U,1,55,0.2521,0.1519,0.2007,0.02214,0.2901
1,210545,9,dispense,6.2292,U,1,55,0.2637,0.1062,0.2290,0.02069,0.2902
1,210737,9,dispense,6.2411,U,1,55,0.2550,0.0589,0.2414,0.02135,0.2698
1,210934,9,dispense,6.2434,U,1,55,0.2475,0.0449,0.2433,0.02203,0.2587
1,211118,9,dispense,6.2453,U,1,55,0.2522,0.0568,0.2447,0.02102,0.2664
1,211315,9,dispense,6.2600,U,1,55,0.2845,0.1001,0.2586,0.02188,0.3096
1,211512,9,dispense,6.2892,U,1,55,0.3308,0.1340,0.2877,0.02214,0.3643
1,211693,9,dispense,6.3116,U,1,55,0.3414,0.0979,0.3113,0.02077,0.3659
1,211890,9,dispense,6.3099,U,1,55,0.3075,0.0211,0.3110,0.02182,0.3128
1,212075,9,dispense,6.3041,U,1,55,0.2995,0.0294,0.3038,0.02109,0.3068
1,212272,9,dispense,6.3088,U,1,55,0.3220,0.0773,0.3075,0.02189,0.3414
1,212469,9,dispense,6.3322,U,1,55,0.3688,0.1271,0.3305,0.02214,0.4006
1,212650,9,dispense,6.3651,U,1,55,0.4099,0.1418,0.3638,0.02077,0.4454
1,212847,9,dispense,6.3784,U,1,55,0.3952,0.0625,0.3792,0.02182,0.4109
1,213031,9,dispense,6.3702,U,1,55,0.3595,0.0021,0.3711,0.02101,0.3600
1,213228,9,dispense,6.3624,U,1,55,0.3572,0.0336,0.3618,0.02187,0.3656
1,213425,9,dispense,6.3760,U,1,55,0.4024,0.1105,0.3741,0.02214,0.4300
1,213606,9,dispense,6.4152,U,1,55,0.4708,0.1771,0.4129,0.02077,0.5151
1,213803,9,dispense,6.4523,U,1,55,0.5005,0.1361,0.4518,0.02182,0.5345
1,213991,9,dispense,6.4659,U,1,55,0.4797,0.0511,0.4667,0.02135,0.4925
1,214188,9,dispense,6.4586,U,1,55,0.4486,0.0097,0.4593,0.02196,0.4511
1,214371,9,dispense,6.4545,U,1,55,0.4545,0.0458,0.4537,0.02093,0.4659
1,214569,9,dispense,6.4682,U,1,55,0.4937,0.1059,0.4665,0.02195,0.5202
1,214752,9,dispense,6.5013,U,1,55,0.5487,0.1545,0.4994,0.02095,0.5873
1,214949,9,dispense,6.5337,U,1,55,0.5762,0.1256,0.5331,0.02185,0.6076
1,215146,9,dispense,6.5376,U,1,55,0.5395,0.0262,0.5388,0.02214,0.5460
1,215327,9,dispense,6.5235,U,1,55,0.5067,0.0000,0.5240,0.02077,0.5067
1,215523,9,dispense,6.5255,U,1,55,0.5362,0.0775,0.5238,0.02173,0.5556
1,215720,9,dispense,6.5499,U,1,55,0.5897,0.1366,0.5480,0.02212,0.6239
1,215900,9,dispense,6.5818,U,1,55,0.6256,0.1377,0.5807,0.02069,0.6600
1,216097,9,dispense,6.6001,U,1,55,0.6230,0.0780,0.6004,0.02180,0.6425
1,216294,9,dispense,6.6038,U,1,55,0.6077,0.0404,0.6041,0.02214,0.6178
1,216474,9,dispense,6.6052,U,1,55,0.6104,0.0518,0.6047,0.02069,0.6233
1,216671,9,dispense,6.6136,U,1,55,0.6301,0.0809,0.6126,0.02180,0.6503
1,216868,9,dispense,6.6320,U,1,55,0.6606,0.1055,0.6308,0.02214,0.6869
1,217049,9,dispense,6.6601,U,1,55,0.6989,0.1296,0.6588,0.02077,0.7313
1,217240,9,dispense,6.6726,U,1,55,0.6901,0.0667,0.6731,0.02128,0.7068
1,217437,9,dispense,6.6670,U,1,55,0.6601,0.0159,0.6677,0.02201,0.6641
1,217622,9,dispense,6.6664,U,1,55,0.6704,0.0549,0.6655,0.02110,0.6841
1,217819,9,dispense,6.6797,U,1,55,0.7041,0.1014,0.6782,0.02190,0.7295
1,218016,9,dispense,6.7095,U,1,55,0.7523,0.1370,0.7079,0.02214,0.7865
1,218195,9,dispense,6.7357,U,1,55,0.7705,0.1111,0.7352,0.02061,0.7982
1,218392,9,dispense,6.7386,U,1,55,0.7418,0.0328,0.7397,0.02178,0.7500
1,218589,9,dispense,6.7307,U,1,55,0.7225,0.0197,0.7308,0.02214,0.7274
1,218770,9,dispense,6.7309,U,1,55,0.7375,0.0632,0.7298,0.02077,0.7533
1,218967,9,dispense,6.7526,U,1,55,0.7877,0.1272,0.7506,0.02182,0.8195
1,219151,9,dispense,6.7881,U,1,55,0.8373,0.1535,0.7865,0.02101,0.8756
1,219348,9,dispense,6.8134,U,1,55,0.8453,0.0981,0.8135,0.02187,0.8698
1,219545,9,dispense,6.8130,U,1,55,0.8101,0.0192,0.8140,0.02214,0.8149
1,219726,9,dispense,6.8084,U,1,55,0.8052,0.0328,0.8080,0.02077,0.8134
1,219923,9,dispense,6.8110,U,1,55,0.8214,0.0695,0.8100,0.02182,0.8388
1,220108,9,dispense,6.8358,U,1,55,0.8738,0.1370,0.8338,0.02109,0.9081
1,220305,9,dispense,6.8733,U,1,55,0.9246,0.1524,0.8718,0.02189,0.9627
1,220493,9,dispense,6.8960,U,1,55,0.9235,0.0857,0.8963,0.02135,0.9449
1,220690,9,dispense,6.8864,U,1,55,0.8723,0.0000,0.8879,0.02196,0.8723
1,220872,9,dispense,6.8759,U,1,55,0.8675,0.0261,0.8754,0.02085,0.8740
1,221069,9,dispense,6.8893,U,1,55,0.9154,0.1117,0.8871,0.02183,0.9433
1,221266,9,dispense,6.9224,U,1,55,0.9709,0.1508,0.9206,0.02214,1.0086
1,221447,9,dispense,6.9483,U,1,55,0.9820,0.1049,0.9481,0.02077,1.0082
1,221644,9,dispense,6.9555,U,1,55,0.9633,0.0446,0.9562,0.02182,0.9745
1,221841,9,dispense,6.9560,U,1,55,0.9585,0.0440,0.9557,0.02214,0.9695
1,222021,9,dispense,6.9595,U,1,55,0.9692,0.0654,0.9587,0.02069,0.9855
1,222218,9,dispense,6.9735,U,1,55,0.9972,0.0970,0.9723,0.02180,1.0215
1,222415,9,dispense,7.0004,U,1,55,1.0388,0.1264,0.9990,0.02214,1.0704
1,222596,9,dispense,7.0255,U,1,55,1.0590,0.1098,1.0249,0.02077,1.0865
1,222793,9,dispense,7.0252,U,1,55,1.0249,0.0247,1.0264,0.02182,1.0310
1,222977,9,dispense,7.0189,U,1,55,1.0130,0.0247,1.0188,0.02101,1.0192
1,223174,9,dispense,7.0232,U,1,55,1.0356,0.0759,1.0219,0.02187,1.0546
1,223371,9,dispense,7.0540,U,1,55,1.1005,0.1519,1.0517,0.02214,1.1384
1,223550,9,dispense,7.0854,U,1,55,1.1280,0.1309,1.0847,0.02061,1.1607
1,223742,9,dispense,7.0934,U,1,55,1.1028,0.0435,1.0945,0.02133,1.1137
1,223939,9,dispense,7.0865,U,1,55,1.0779,0.0154,1.0869,0.02203,1.0818
1,224137,9,dispense,7.0820,U,1,55,1.0828,0.0481,1.0812,0.02223,1.0948
1,224317,9,dispense,7.0951,U,1,55,1.1191,0.1060,1.0935,0.02071,1.1456
1,224514,9,dispense,7.1295,U,1,55,1.1790,0.1548,1.1274,0.02180,1.2177
1,224698,9,dispense,7.1606,U,1,55,1.2012,0.1221,1.1601,0.02101,1.2317
1,224895,9,dispense,7.1717,U,1,55,1.1838,0.0523,1.1724,0.02187,1.1969
1,225092,9,dispense,7.1683,U,1,55,1.1645,0.0263,1.1685,0.02214,1.1710
1,225273,9,dispense,7.1690,U,1,55,1.1750,0.0587,1.1681,0.02077,1.1896
1,225470,9,dispense,7.1812,U,1,55,1.2036,0.0956,1.1799,0.02182,1.2275
1,225655,9,dispense,7.2120,U,1,55,1.2559,0.1459,1.2101,0.02109,1.2924
1,225852,9,dispense,7.2464,U,1,55,1.2918,0.1345,1.2455,0.02189,1.3255
1,226049,9,dispense,7.2543,U,1,55,1.2615,0.0381,1.2554,0.02214,1.2711
1,226228,9,dispense,7.2386,U,1,55,1.2191,0.0000,1.2395,0.02061,1.2191
1,226425,9,dispense,7.2343,U,1,55,1.2385,0.0632,1.2329,0.02178,1.2542
1,226622,9,dispense,7.2525,U,1,55,1.2854,0.1228,1.2507,0.02214,1.3161
1,226803,9,dispense,7.2894,U,1,55,1.3407,0.1617,1.2876,0.02077,1.3811
1,226995,9,dispense,7.3136,U,1,55,1.3450,0.0964,1.3139,0.02137,1.3691
1,227192,9,dispense,7.3164,U,1,55,1.3177,0.0295,1.3172,0.02203,1.3250
1,227376,9,dispense,7.3139,U,1,55,1.3132,0.0376,1.3135,0.02102,1.3226
1,227573,9,dispense,7.3209,U,1,55,1.3363,0.0808,1.3197,0.02188,1.3565
1,227770,9,dispense,7.3424,U,1,55,1.3758,0.1181,1.3410,0.02214,1.4053
1,227951,9,dispense,7.3766,U,1,55,1.4230,0.1477,1.3751,0.02077,1.4599
1,228148,9,dispense,7.3906,U,1,55,1.4087,0.0649,1.3914,0.02182,1.4249
1,228333,9,dispense,7.3813,U,1,55,1.3689,0.0000,1.3823,0.02109,1.3689
1,228529,9,dispense,7.3770,U,1,55,1.3768,0.0470,1.3760,0.02180,1.3885
1,228726,9,dispense,7.3933,U,1,55,1.4229,0.1162,1.3914,0.02212,1.4520
1,228906,9,dispense,7.4267,U,1,55,1.4742,0.1536,1.4250,0.02069,1.5126
1,229103,9,dispense,7.4505,U,1,55,1.4817,0.0975,1.4506,0.02180,1.5061
1,229300,9,dispense,7.4499,U,1,55,1.4470,0.0195,1.4509,0.02214,1.4518
1,229481,9,dispense,7.4432,U,1,55,1.4374,0.0258,1.4429,0.02077,1.4438
1,229678,9,dispense,7.4462,U,1,55,1.4572,0.0723,1.4450,0.02182,1.4753
1,229862,9,dispense,7.4747,U,1,55,1.5178,0.1505,1.4724,0.02101,1.5554
1,230059,9,dispense,7.5118,U,1,55,1.5624,0.1483,1.5106,0.02187,1.5995
1,230247,9,dispense,7.5298,U,1,55,1.5507,0.0687,1.5304,0.02135,1.5678
1,230444,9,dispense,7.5281,U,1,55,1.5246,0.0226,1.5287,0.02196,1.5302
1,230629,9,dispense,7.5286,U,1,55,1.5334,0.0550,1.5277,0.02110,1.5471
1,230826,9,dispense,7.5388,U,1,55,1.5587,0.0897,1.5376,0.02190,1.5811
1,231010,9,dispense,7.5665,U,1,55,1.6067,0.1377,1.5647,0.02101,1.6411
1,231207,9,dispense,7.6044,U,1,55,1.6549,0.1490,1.6030,0.02188,1.6921
1,231404,9,dispense,7.6256,U,1,55,1.6501,0.0786,1.6260,0.02214,1.6698
1,231583,9,dispense,7.6132,U,1,55,1.5965,0.0000,1.6147,0.02061,1.5965
1,231780,9,dispense,7.5966,U,1,55,1.5831,0.0174,1.5964,0.02178,1.5874
1,231977,9,dispense,7.5991,U,1,55,1.6129,0.0836,1.5976,0.02214,1.6338
1,232158,9,dispense,7.6265,U,1,55,1.6688,0.1484,1.6245,0.02077,1.7059
1,232355,9,dispense,7.6595,U,1,55,1.7047,0.1355,1.6586,0.02182,1.7386
1,232540,9,dispense,7.6733,U,1,55,1.6895,0.0589,1.6740,0.02109,1.7043
1,232737,9,dispense,7.6752,U,1,55,1.6773,0.0385,1.6753,0.02189,1.6869
1,232934,9,dispense,7.6787,U,1,55,1.6879,0.0637,1.6779,0.02214,1.7038
1,233115,9,dispense,7.6891,U,1,55,1.7079,0.0868,1.6881,0.02077,1.7296
1,233312,9,dispense,7.7142,U,1,55,1.7508,0.1247,1.7126,0.02182,1.7820
1,233500,9,dispense,7.7405,U,1,55,1.7761,0.1150,1.7397,0.02135,1.8048
1,233697,9,dispense,7.7381,U,1,55,1.7347,0.0165,1.7395,0.02196,1.7388
1,233879,9,dispense,7.7287,U,1,55,1.7189,0.0154,1.7286,0.02085,1.7228
1,234076,9,dispense,7.7360,U,1,55,1.7528,0.0885,1.7342,0.02183,1.7749
1,234273,9,dispense,7.7663,U,1,55,1.8122,0.1486,1.7643,0.02214,1.8494
1,234453,9,dispense,7.8001,U,1,55,1.8452,0.1377,1.7992,0.02069,1.8797
1,234650,9,dispense,7.8108,U,1,55,1.8231,0.0507,1.8118,0.02180,1.8358
1,234847,9,dispense,7.8051,U,1,55,1.7976,0.0170,1.8055,0.02214,1.8018
1,235028,9,dispense,7.7994,U,1,55,1.7974,0.0390,1.7988,0.02077,1.8071
1,235225,9,dispense,7.8101,U,1,55,1.8314,0.0966,1.8085,0.02182,1.8556
1,235409,9,dispense,7.8423,U,1,55,1.8891,0.1548,1.8403,0.02101,1.9278
1,235606,9,dispense,7.8691,U,1,55,1.9050,0.1095,1.8689,0.02187,1.9323
1,235803,9,dispense,7.8750,U,1,55,1.8802,0.0376,1.8758,0.02214,1.8896
1,235982,9,dispense,7.8735,U,1,55,1.8734,0.0362,1.8733,0.02061,1.8824
1,236179,9,dispense,7.8793,U,1,55,1.8924,0.0747,1.8782,0.02178,1.9111
1,236376,9,dispense,7.8971,U,1,55,1.9259,0.1077,1.8958,0.02214,1.9528
1,236557,9,dispense,7.9291,U,1,55,1.9732,0.1442,1.9275,0.02077,2.0093
1,236749,9,settle,7.9461,U,0,0,,,,,
1,236936,9,settle,7.9667,U,0,0,,,,,
1,237125,9,settle,7.9544,U,0,0,,,,,
1,237317,9,settle,7.9409,U,0,0,,,,,
1,237508,9,settle,7.9539,U,0,0,,,,,
1,237698,9,settle,7.9683,U,0,0,,,,,
1,237889,9,settle,7.9712,U,0,0,,,,,
1,238081,9,settle,7.9708,U,0,0,,,,,
1,238273,9,settle,7.9706,U,0,0,,,,,
1,238465,9,settle,7.9705,U,0,0,,,,,
1,238655,9,settle,7.9704,U,0,0,,,,,
1,238846,9,settle,7.9704,S,0,0,,,,,
1,239037,9,settle,7.9703,U,0,0,,,,,
1,239230,9,settle,7.9703,S,0,0,,,,,
1,239422,9,settle,7.9703,S,0,0,,,,,
1,239610,9,settle,7.9702,S,0,0,,,,,
1,239803,9,settle,7.9702,S,0,0,,,,,
1,239995,9,settle,7.9702,S,0,0,,,,,
1,240187,9,settle,7.9701,S,0,0,,,,,
1,240376,9,settle,7.9701,S,0,0,,,,,
1,240567,9,settle,7.9700,S,0,0,,,,,
1,240759,9,settle,7.9700,S,0,0,,,,,
1,240950,9,settle,7.9700,S,0,0,,,,,
1,241142,9,settle,7.9700,S,0,0,,,,,
1,241332,9,settle,7.9700,S,0,0,,,,,
1,241524,9,settle,7.9700,S,0,0,,,,,
1,241715,9,settle,7.9700,S,0,0,,,,,
1,241907,9,settle,7.9700,S,0,0,,,,,
1,242100,9,settle,7.9699,S,0,0,,,,,
1,242290,9,settle,7.9699,S,0,0,,,,,
1,242480,9,settle,7.9699,S,0,0,,,,,
1,242673,9,settle,7.9699,S,0,0,,,,,
1,242960,9,settle,7.9700,S,0,0,,,,,
1,243149,9,settle,7.9700,S,0,0,,,,,
1,243341,9,settle,7.9700,S,0,0,,,,,
1,243533,9,settle,7.9700,S,0,0,,,,,
1,243725,9,settle,7.9700,S,0,0,,,,,
1,243915,9,settle,7.9700,S,0,0,,,,,
1,244106,9,settle,7.9700,S,0,0,,,,,
1,244298,9,settle,7.9704,U,0,0,,,,,
1,244490,9,settle,7.9704,U,0,0,,,,,
1,244681,9,settle,7.9705,U,0,0,,,,,
1,244871,9,settle,7.9706,U,0,0,,,,,
1,245062,9,settle,7.9706,S,0,0,,,,,
1,245254,9,settle,7.9707,U,0,0,,,,,
1,245446,9,settle,7.9707,S,0,0,,,,,
1,245638,9,settle,7.9708,U,0,0,,,,,
1,245826,9,settle,7.9708,S,0,0,,,,,
1,247265,10,preroll,7.9709,S,1,0,0.0000,0.0000,0.0000,0.01649,0.0000
1,247461,10,preroll,7.9709,S,0,0,0.0000,0.0000,0.0000,0.02711,0.0000
1,247655,10,preroll,7.9709,S,1,0,0.0000,0.0000,0.0000,0.02182,0.0000
1,247850,10,preroll,7.9709,S,0,0,0.0000,0.0000,0.0000,0.03184,0.0000
1,248030,10,preroll,7.9709,S,1,0,0.0000,0.0000,0.0000,0.02160,0.0000
1,248225,10,preroll,7.9709,S,0,0,0.0000,0.0000,0.0000,0.03154,0.0000
1,248414,10,preroll,7.9709,S,1,0,0.0000,0.0000,0.0000,0.02241,0.0000
1,248610,10,preroll,7.9709,S,0,0,0.0000,0.0000,0.0000,0.03242,0.0000
1,248807,10,dispense,7.9709,S,1,55,0.0000,0.0174,0.0000,0.01753,0.0044
1,248989,10,dispense,7.9709,S,0,55,0.0032,0.0444,0.0000,0.02645,0.0143
1,249185,10,dispense,7.9709,S,1,55,0.0079,0.0590,0.0001,0.02266,0.0226
1,249383,10,dispense,7.9709,S,0,55,0.0196,0.0719,0.0056,0.03281,0.0375
1,249562,10,dispense,7.9709,S,1,55,0.0070,0.0553,0.0002,0.02238,0.0208
1,249760,10,dispense,7.9709,S,0,55,0.0179,0.0697,0.0050,0.03244,0.0354
1,249957,10,dispense,7.9999,U,1,55,0.0567,0.0997,0.0288,0.02386,0.0816
1,250137,10,dispense,8.0142,U,1,55,0.0647,0.0823,0.0436,0.02069,0.0853
1,250334,10,dispense,8.0180,U,1,55,0.0550,0.0498,0.0480,0.02182,0.0674
1,250519,10,dispense,8.0183,U,1,55,0.0519,0.0468,0.0478,0.02109,0.0636
1,250716,10,dispense,8.0299,U,1,55,0.0800,0.0909,0.0584,0.02190,0.1028
1,250913,10,dispense,8.0561,U,1,55,0.1244,0.1282,0.0844,0.02214,0.1565
1,251094,10,dispense,8.0868,U,1,55,0.1577,0.1303,0.1156,0.02077,0.1902
1,251291,10,dispense,8.1006,U,1,55,0.1477,0.0653,0.1309,0.02182,0.1640
1,251475,10,dispense,8.0928,U,1,55,0.1128,0.0044,0.1235,0.02101,0.1140
1,251683,10,dispense,8.0873,U,1,55,0.1153,0.0427,0.1164,0.02290,0.1259
1,251860,10,dispense,8.0988,U,1,55,0.1511,0.1039,0.1270,0.02068,0.1770
1,252058,10,dispense,8.1325,U,1,55,0.2113,0.1541,0.1602,0.02183,0.2499
1,252240,10,dispense,8.1623,U,1,55,0.2313,0.1190,0.1917,0.02086,0.2610
1,252437,10,dispense,8.1631,U,1,55,0.1922,0.0209,0.1944,0.02183,0.1974
1,252634,10,dispense,8.1558,U,1,55,0.1781,0.0232,0.1855,0.02214,0.1839
1,252815,10,dispense,8.1547,U,1,55,0.1899,0.0595,0.1836,0.02077,0.2048
1,253013,10,dispense,8.1695,U,1,55,0.2257,0.1056,0.1978,0.02191,0.2521
1,253196,10,dispense,8.1983,U,1,55,0.2693,0.1373,0.2266,0.02095,0.3036
1,253393,10,dispense,8.2202,U,1,55,0.2792,0.0954,0.2499,0.02185,0.3031
1,253590,10,dispense,8.2265,U,1,55,0.2634,0.0454,0.2567,0.02214,0.2747
1,253771,10,dispense,8.2297,U,1,55,0.2661,0.0538,0.2590,0.02077,0.2795
1,253969,10,dispense,8.2372,U,1,55,0.2819,0.0760,0.2661,0.02191,0.3009
1,254153,10,dispense,8.2577,U,1,55,0.3185,0.1158,0.2860,0.02103,0.3475
1,254350,10,dispense,8.2911,U,1,55,0.3667,0.1417,0.3193,0.02187,0.4022
1,254547,10,dispense,8.3170,U,1,55,0.3790,0.1001,0.3466,0.02214,0.4040
1,254726,10,dispense,8.3096,U,1,55,0.3292,0.0000,0.3409,0.02061,0.3292
1,254934,10,dispense,8.2892,U,1,55,0.2970,0.0000,0.3194,0.02280,0.2970
1,255111,10,dispense,8.2907,U,1,55,0.3325,0.0878,0.3187,0.02068,0.3544
1,255308,10,dispense,8.3131,U,1,55,0.3809,0.1328,0.3411,0.02174,0.4141
1,255493,10,dispense,8.3416,U,1,55,0.4108,0.1254,0.3705,0.02109,0.4421
1,255690,10,dispense,8.3586,U,1,55,0.4097,0.0762,0.3886,0.02189,0.4288
1,255874,10,dispense,8.3622,U,1,55,0.3970,0.0417,0.3922,0.02101,0.4074
1,256071,10,dispense,8.3684,U,1,55,0.4096,0.0675,0.3974,0.02188,0.4264
1,256268,10,dispense,8.3815,U,1,55,0.4335,0.0919,0.4103,0.02214,0.4564
1,256449,10,dispense,8.4074,U,1,55,0.4741,0.1282,0.4357,0.02077,0.5061
1,256646,10,dispense,8.4414,U,1,55,0.5166,0.1380,0.4699,0.02182,0.5511
1,256830,10,dispense,8.4465,U,1,55,0.4820,0.0306,0.4776,0.02101,0.4897
1,257027,10,dispense,8.4350,U,1,55,0.4502,0.0018,0.4654,0.02187,0.4506
1,257224,10,dispense,8.4358,U,1,55,0.4742,0.0703,0.4642,0.02214,0.4918
1,257403,10,dispense,8.4618,U,1,55,0.5323,0.1477,0.4894,0.02061,0.5692
1,257600,10,dispense,8.5006,U,1,55,0.5839,0.1571,0.5289,0.02178,0.6232
1,257797,10,dispense,8.5159,U,1,55,0.5622,0.0574,0.5467,0.02214,0.5766
1,257979,10,dispense,8.5088,U,1,55,0.5286,0.0034,0.5393,0.02085,0.5294
1,258187,10,dispense,8.4998,U,1,55,0.5233,0.0323,0.5291,0.02286,0.5314
1,258364,10,dispense,8.5045,U,1,55,0.5483,0.0833,0.5330,0.02068,0.5691
1,258562,10,dispense,8.5294,U,1,55,0.5980,0.1326,0.5573,0.02183,0.6311
1,258743,10,dispense,8.5565,U,1,55,0.6236,0.1203,0.5855,0.02078,0.6537
1,258940,10,dispense,8.5713,U,1,55,0.6198,0.0706,0.6014,0.02181,0.6375
1,259137,10,dispense,8.5755,U,1,55,0.6111,0.0471,0.6053,0.02214,0.6229
1,259316,10,dispense,8.5799,U,1,55,0.6191,0.0624,0.6090,0.02061,0.6347
1,259514,10,dispense,8.5878,U,1,55,0.6331,0.0763,0.6168,0.02187,0.6522
1,259711,10,dispense,8.6117,U,1,55,0.6768,0.1226,0.6399,0.02216,0.7075
1,259892,10,dispense,8.6430,U,1,55,0.7154,0.1363,0.6716,0.02077,0.7495
1,260089,10,dispense,8.6563,U,1,55,0.7032,0.0641,0.6868,0.02182,0.7192
1,260273,10,dispense,8.6433,U,1,55,0.6565,0.0000,0.6744,0.02101,0.6565
1,260470,10,dispense,8.6397,U,1,55,0.6726,0.0586,0.6683,0.02187,0.6873
1,260667,10,dispense,8.6611,U,1,55,0.7276,0.1324,0.6888,0.02214,0.7607
1,260848,10,dispense,8.6923,U,1,55,0.7660,0.1395,0.7209,0.02077,0.8008
1,261045,10,dispense,8.7100,U,1,55,0.7623,0.0772,0.7402,0.02182,0.7816
1,261229,10,dispense,8.7141,U,1,55,0.7488,0.0409,0.7441,0.02101,0.7590
1,261437,10,dispense,8.7158,U,1,55,0.7512,0.0540,0.7451,0.02290,0.7647
1,261614,10,dispense,8.7232,U,1,55,0.7679,0.0784,0.7521,0.02068,0.7875
1,261812,10,dispense,8.7364,U,1,55,0.7884,0.0905,0.7653,0.02183,0.8110
1,261994,10,dispense,8.7692,U,1,55,0.8444,0.1513,0.7969,0.02086,0.8823
1,262192,10,dispense,8.7936,U,1,55,0.8563,0.1025,0.8233,0.02192,0.8819
1,262389,10,dispense,8.7886,U,1,55,0.8098,0.0047,0.8198,0.02216,0.8109
1,262569,10,dispense,8.7846,U,1,55,0.8122,0.0384,0.8136,0.02069,0.8218
1,262767,10,dispense,8.7935,U,1,55,0.8425,0.0911,0.8218,0.02189,0.8653
1,262951,10,dispense,8.8323,U,1,55,0.9175,0.1790,0.8594,0.02103,0.9623
1,263148,10,dispense,8.8607,U,1,55,0.9283,0.1104,0.8906,0.02187,0.9559
1,263345,10,dispense,8.8635,U,1,55,0.8932,0.0235,0.8944,0.02214,0.8991
1,263526,10,dispense,8.8550,U,1,55,0.8758,0.0153,0.8848,0.02077,0.8797
1,263723,10,dispense,8.8517,U,1,55,0.8842,0.0529,0.8806,0.02182,0.8974
1,263907,10,dispense,8.8694,U,1,55,0.9292,0.1203,0.8973,0.02101,0.9593
1,264104,10,dispense,8.8949,U,1,55,0.9622,0.1220,0.9237,0.02187,0.9927
1,264301,10,dispense,8.9117,U,1,55,0.9628,0.0772,0.9415,0.02214,0.9822
1,264482,10,dispense,8.9163,U,1,55,0.9527,0.0459,0.9462,0.02077,0.9642
1,264690,10,dispense,8.9211,U,1,55,0.9606,0.0627,0.9503,0.02284,0.9763
1,264867,10,dispense,8.9326,U,1,55,0.9821,0.0892,0.9614,0.02068,1.0044
1,265065,10,dispense,8.9597,U,1,55,1.0286,0.1301,0.9878,0.02183,1.0611
1,265247,10,dispense,8.9912,U,1,55,1.0632,0.1328,1.0199,0.02086,1.0964
1,265444,10,dispense,9.0120,U,1,55,1.0678,0.0865,1.0418,0.02183,1.0895
1,265628,10,dispense,9.0100,U,1,55,1.0369,0.0179,1.0407,0.02101,1.0413
1,265825,10,dispense,9.0004,U,1,55,1.0211,0.0200,1.0302,0.02187,1.0261
1,266022,10,dispense,9.0072,U,1,55,1.0539,0.0887,1.0354,0.02214,1.0761
1,266203,10,dispense,9.0234,U,1,55,1.0804,0.1055,1.0522,0.02077,1.1067
1,266400,10,dispense,9.0433,U,1,55,1.1018,0.1009,1.0724,0.02182,1.1270
1,266585,10,dispense,9.0566,U,1,55,1.1048,0.0742,1.0862,0.02109,1.1234
1,266782,10,dispense,9.0615,U,1,55,1.0994,0.0531,1.0913,0.02189,1.1127
1,266979,10,dispense,9.0672,U,1,55,1.1082,0.0659,1.0964,0.02214,1.1247
1,267160,10,dispense,9.0758,U,1,55,1.1213,0.0771,1.1049,0.02077,1.1406
1,267357,10,dispense,9.0969,U,1,55,1.1580,0.1129,1.1253,0.02182,1.1863
1,267541,10,dispense,9.1314,U,1,55,1.2082,0.1493,1.1595,0.02101,1.2455
1,267738,10,dispense,9.1412,U,1,55,1.1837,0.0514,1.1721,0.02187,1.1966
1,267946,10,dispense,9.1334,U,1,55,1.1526,0.0130,1.1638,0.02316,1.1558
1,268123,10,dispense,9.1368,U,1,55,1.1770,0.0750,1.1652,0.02069,1.1957
1,268306,10,dispense,9.1628,U,1,55,1.2326,0.1441,1.1903,0.02052,1.2687
1,268504,10,dispense,9.1976,U,1,55,1.2756,0.1435,1.2262,0.02194,1.3115
1,268701,10,dispense,9.2102,U,1,55,1.2535,0.0525,1.2409,0.02216,1.2666
1,268881,10,dispense,9.2057,U,1,55,1.2297,0.0159,1.2359,0.02069,1.2337
1,269078,10,dispense,9.2014,U,1,55,1.2306,0.0426,1.2306,0.02180,1.2412
1,269262,10,dispense,9.2093,U,1,55,1.2563,0.0876,1.2378,0.02101,1.2782
1,269459,10,dispense,9.2371,U,1,55,1.3084,0.1378,1.2650,0.02187,1.3428
1,269656,10,dispense,9.2617,U,1,55,1.3242,0.1038,1.2912,0.02214,1.3501
1,269837,10,dispense,9.2685,U,1,55,1.3066,0.0443,1.2988,0.02077,1.3177
1,270034,10,dispense,9.2698,U,1,55,1.3030,0.0457,1.2993,0.02182,1.3144
1,270231,10,dispense,9.2783,U,1,55,1.3246,0.0815,1.3070,0.02214,1.3450
1,270411,10,dispense,9.2911,U,1,55,1.3423,0.0897,1.3201,0.02069,1.3647
1,270608,10,dispense,9.3136,U,1,55,1.3756,0.1124,1.3421,0.02180,1.4037
1,270792,10,dispense,9.3391,U,1,55,1.4036,0.1157,1.3680,0.02101,1.4325
1,270989,10,dispense,9.3512,U,1,55,1.3971,0.0653,1.3813,0.02187,1.4134
1,271197,10,dispense,9.3464,U,1,55,1.3706,0.0236,1.3767,0.02316,1.3765
1,271373,10,dispense,9.3512,U,1,55,1.3923,0.0747,1.3798,0.02062,1.4110
1,271559,10,dispense,9.3692,U,1,55,1.4285,0.1140,1.3975,0.02075,1.4570
1,271757,10,dispense,9.3919,U,1,55,1.4545,0.1100,1.4209,0.02200,1.4820
1,271940,10,dispense,9.4101,U,1,55,1.4641,0.0874,1.4395,0.02095,1.4860
1,272137,10,dispense,9.4162,U,1,55,1.4548,0.0521,1.4462,0.02186,1.4679
1,272334,10,dispense,9.4180,U,1,55,1.4531,0.0508,1.4475,0.02214,1.4658
1,272515,10,dispense,9.4308,U,1,55,1.4819,0.0954,1.4593,0.02077,1.5058
1,272712,10,dispense,9.4494,U,1,55,1.5080,0.1040,1.4782,0.02182,1.5340
1,272897,10,dispense,9.4785,U,1,55,1.5478,0.1302,1.5069,0.02109,1.5803
1,273094,10,dispense,9.5008,U,1,55,1.5599,0.0962,1.5304,0.02189,1.5839
1,273291,10,dispense,9.4991,U,1,55,1.5257,0.0201,1.5299,0.02214,1.5308
1,273470,10,dispense,9.4966,U,1,55,1.5262,0.0409,1.5258,0.02061,1.5364
1,273667,10,dispense,9.5107,U,1,55,1.5654,0.1044,1.5387,0.02178,1.5915
1,273864,10,dispense,9.5466,U,1,55,1.6277,0.1580,1.5744,0.02214,1.6672
1,274045,10,dispense,9.5757,U,1,55,1.6433,0.1144,1.6052,0.02077,1.6719
1,274242,10,dispense,9.5786,U,1,55,1.6102,0.0276,1.6096,0.02182,1.6171
1,274437,10,dispense,9.5730,U,1,55,1.5973,0.0267,1.6027,0.02196,1.6040
1,274618,10,dispense,9.5738,U,1,55,1.6109,0.0635,1.6026,0.02073,1.6268
1,274816,10,dispense,9.5943,U,1,55,1.6573,0.1217,1.6222,0.02191,1.6878
1,275001,10,dispense,9.6261,U,1,55,1.7003,0.1412,1.6545,0.02111,1.7356
1,275199,10,dispense,9.6446,U,1,55,1.6979,0.0795,1.6747,0.02199,1.7178
1,275383,10,dispense,9.6453,U,1,55,1.6756,0.0285,1.6756,0.02103,1.6827
1,275580,10,dispense,9.6499,U,1,55,1.6890,0.0642,1.6787,0.02188,1.7050
1,275777,10,dispense,9.6600,U,1,55,1.7088,0.0851,1.6889,0.02214,1.7301
1,275958,10,dispense,9.6786,U,1,55,1.7364,0.1059,1.7073,0.02077,1.7628
1,276155,10,dispense,9.7047,U,1,55,1.7707,0.1191,1.7333,0.02182,1.8005
1,276339,10,dispense,9.7255,U,1,55,1.7829,0.0944,1.7549,0.02101,1.8065
1,276536,10,dispense,9.7294,U,1,55,1.7646,0.0418,1.7598,0.02187,1.7750
1,276733,10,dispense,9.7307,U,1,55,1.7651,0.0506,1.7600,0.02214,1.7777
1,276914,10,dispense,9.7478,U,1,55,1.8049,0.1120,1.7759,0.02077,1.8329
1,277111,10,dispense,9.7726,U,1,55,1.8389,0.1207,1.8013,0.02182,1.8691
1,277295,10,dispense,9.7887,U,1,55,1.8401,0.0783,1.8185,0.02101,1.8597
1,277492,10,dispense,9.7950,U,1,55,1.8335,0.0528,1.8248,0.02187,1.8467
1,277700,10,dispense,9.7937,U,1,55,1.8252,0.0436,1.8234,0.02316,1.8361
1,277876,10,dispense,9.7996,U,1,55,1.8423,0.0752,1.8284,0.02062,1.8611
1,278060,10,dispense,9.8193,U,1,55,1.8797,0.1165,1.8475,0.02058,1.9088
1,278258,10,dispense,9.8438,U,1,55,1.9085,0.1147,1.8727,0.02196,1.9372
1,278455,10,dispense,9.8713,U,1,55,1.9365,0.1131,1.9002,0.02216,1.9648
1,278635,10,dispense,9.8798,U,1,55,1.9208,0.0505,1.9101,0.02069,1.9334
1,278832,10,dispense,9.8769,U,1,55,1.9043,0.0297,1.9069,0.02180,1.9117
1,279017,10,dispense,9.8854,U,1,55,1.9313,0.0848,1.9138,0.02109,1.9525
1,279214,10,dispense,9.9122,U,1,55,1.9825,0.1357,1.9401,0.02189,2.0164
1,279395,10,settle,9.9320,U,0,0,,,,,
1,279585,10,settle,9.9625,U,0,0,,,,,
1,279776,10,settle,9.9676,U,0,0,,,,,
1,279968,10,settle,9.9682,U,0,0,,,,,
1,280160,10,settle,9.9798,U,0,0,,,,,
1,280351,10,settle,9.9928,U,0,0,,,,,
1,280541,10,settle,9.9961,U,0,0,,,,,
1,280733,10,settle,9.9958,U,0,0,,,,,
1,280924,10,settle,9.9955,U,0,0,,,,,
1,281116,10,settle,9.9954,U,0,0,,,,,
1,281308,10,settle,9.9954,U,0,0,,,,,
1,281497,10,settle,9.9953,U,0,0,,,,,
1,281690,10,settle,9.9953,S,0,0,,,,,
1,281880,10,settle,9.9953,S,0,0,,,,,
1,282073,10,settle,9.9953,S,0,0,,,,,
1,282263,10,settle,9.9953,S,0,0,,,,,
1,282454,10,settle,9.9953,S,0,0,,,,,
1,282646,10,settle,9.9952,S,0,0,,,,,
1,282838,10,settle,9.9952,S,0,0,,,,,
1,283030,10,settle,9.9952,S,0,0,,,,,
1,283219,10,settle,9.9952,S,0,0,,,,,
1,283411,10,settle,9.9952,S,0,0,,,,,
1,283602,10,settle,9.9952,S,0,0,,,,,
1,283793,10,settle,9.9951,S,0,0,,,,,
1,283986,10,settle,9.9951,S,0,0,,,,,
1,284176,10,settle,9.9951,S,0,0,,,,,
1,284368,10,settle,9.9951,S,0,0,,,,,
1,284558,10,settle,9.9951,S,0,0,,,,,
1,284751,10,settle,9.9951,S,0,0,,,,,
1,284940,10,settle,9.9951,S,0,0,,,,,
1,285133,10,settle,9.9951,S,0,0,,,,,
1,285324,10,settle,9.9951,S,0,0,,,,,
1,285612,10,settle,9.9951,S,0,0,,,,,
1,285802,10,settle,9.9951,S,0,0,,,,,
1,286004,10,settle,9.9951,S,0,0,,,,,
1,286192,10,settle,9.9951,S,0,0,,,,,
1,286378,10,settle,9.9951,S,0,0,,,,,
1,286569,10,settle,9.9951,S,0,0,,,,,
1,286758,10,settle,9.9951,S,0,0,,,,,
1,286950,10,settle,9.9951,S,0,0,,,,,
1,287142,10,settle,9.9951,S,0,0,,,,,
1,287334,10,settle,9.9951,S,0,0,,,,,
1,287524,10,settle,9.9951,S,0,0,,,,,
1,287714,10,settle,9.9951,S,0,0,,,,,
1,287907,10,settle,9.9951,S,0,0,,,,,
1,288098,10,settle,9.9952,S,0,0,,,,,
1,288290,10,settle,9.9952,S,0,0,,,,,
1,288480,10,settle,9.9952,S,0,0,,,,,
1,289917,11,preroll,9.9953,S,1,0,0.0000,0.0000,0.0000,0.01649,0.0000
1,290113,11,preroll,9.9953,S,0,0,0.0000,0.0000,0.0000,0.02711,0.0000
1,290307,11,preroll,9.9953,S,1,0,0.0000,0.0000,0.0000,0.02182,0.0000
1,290502,11,preroll,9.9953,S,0,0,0.0000,0.0000,0.0000,0.03184,0.0000
1,290682,11,preroll,9.9953,S,1,0,0.0000,0.0000,0.0000,0.02160,0.0000
1,290877,11,preroll,9.9953,S,0,0,0.0000,0.0000,0.0000,0.03154,0.0000
1,291071,11,preroll,9.9953,S,1,0,0.0000,0.0000,0.0000,0.02285,0.0000
1,291266,11,preroll,9.9953,S,0,0,0.0000,0.0000,0.0000,0.03278,0.0000
1,291449,11,dispense,9.9953,S,1,90,0.0000,0.0285,0.0000,0.01753,0.0071
1,291645,11,dispense,9.9953,S,0,90,0.0056,0.0761,0.0000,0.02761,0.0246
1,291841,11,dispense,9.9953,S,1,90,0.0135,0.0982,0.0001,0.02324,0.0380
1,292025,11,dispense,9.9901,U,1,90,-0.0016,0.0688,-0.0043,0.02098,0.0156
1,292223,11,dispense,9.9820,U,1,90,-0.0128,0.0665,-0.0125,0.02199,0.0038
1,292405,11,dispense,9.9952,U,1,90,0.0281,0.1406,-0.0011,0.02087,0.0633
1,292603,11,dispense,10.0295,U,1,90,0.0891,0.1903,0.0331,0.02193,0.1366
1,292791,11,dispense,10.0482,U,1,90,0.0816,0.1115,0.0543,0.02137,0.1095
1,292989,11,dispense,10.0506,U,1,90,0.0617,0.0686,0.0567,0.02205,0.0788
1,293170,11,dispense,10.0650,U,1,90,0.0961,0.1315,0.0690,0.02079,0.1290
1,293368,11,dispense,10.0824,U,1,90,0.1196,0.1353,0.0872,0.02191,0.1534
1,293565,11,dispense,10.1072,U,1,90,0.1503,0.1468,0.1118,0.02216,0.1870
1,293745,11,dispense,10.1209,U,1,90,0.1489,0.1056,0.1265,0.02069,0.1753
1,293942,11,dispense,10.1409,U,1,90,0.1770,0.1333,0.1453,0.02180,0.2103
1,294126,11,dispense,10.1744,U,1,90,0.2292,0.1811,0.1782,0.02101,0.2745
1,294323,11,dispense,10.1917,U,1,90,0.2241,0.1119,0.1978,0.02187,0.2521
1,294520,11,dispense,10.1989,U,1,90,0.2166,0.0856,0.2045,0.02214,0.2380
1,294701,11,dispense,10.2261,U,1,90,0.2733,0.1714,0.2294,0.02077,0.3162
1,294898,11,dispense,10.2651,U,1,90,0.3282,0.1924,0.2691,0.02182,0.3763
1,295083,11,dispense,10.2847,U,1,90,0.3176,0.1076,0.2910,0.02109,0.3445
1,295280,11,dispense,10.3127,U,1,90,0.3561,0.1484,0.3168,0.02189,0.3932
1,295477,11,dispense,10.3330,U,1,90,0.3694,0.1268,0.3382,0.02214,0.4011
1,295658,11,dispense,10.3412,U,1,90,0.3617,0.0887,0.3469,0.02077,0.3839
1,295855,11,dispense,10.3696,U,1,90,0.4176,0.1665,0.3730,0.02182,0.4592
1,296043,11,dispense,10.4058,U,1,90,0.4642,0.1829,0.4100,0.02135,0.5099
1,296241,11,dispense,10.4140,U,1,90,0.4324,0.0755,0.4209,0.02205,0.4513
1,296423,11,dispense,10.4166,U,1,90,0.4292,0.0770,0.4219,0.02087,0.4484
1,296621,11,dispense,10.4358,U,1,90,0.4750,0.1483,0.4395,0.02193,0.5121
1,296804,11,dispense,10.4687,U,1,90,0.5244,0.1826,0.4727,0.02095,0.5700
1,297001,11,dispense,10.4886,U,1,90,0.5240,0.1190,0.4945,0.02185,0.5537
1,297198,11,dispense,10.5013,U,1,90,0.5258,0.1009,0.5067,0.02214,0.5510
1,297379,11,dispense,10.5382,U,1,90,0.5971,0.1991,0.5412,0.02077,0.6469
1,297576,11,dispense,10.5717,U,1,90,0.6264,0.1659,0.5767,0.02182,0.6679
1,297760,11,dispense,10.5757,U,1,90,0.5877,0.0558,0.5827,0.02101,0.6017
1,297957,11,dispense,10.5846,U,1,90,0.6056,0.1026,0.5891,0.02187,0.6313
1,298154,11,dispense,10.6191,U,1,90,0.6788,0.1954,0.6221,0.02214,0.7276
1,298336,11,dispense,10.6405,U,1,90,0.6792,0.1258,0.6464,0.02085,0.7106
1,298533,11,dispense,10.6561,U,1,90,0.6840,0.1074,0.6615,0.02184,0.7108
1,298717,11,dispense,10.6822,U,1,90,0.7267,0.1576,0.6861,0.02101,0.7661
1,298914,11,dispense,10.6965,U,1,90,0.7267,0.1112,0.7023,0.02187,0.7545
1,299122,11,dispense,10.7128,U,1,90,0.7440,0.1197,0.7177,0.02316,0.7739
1,299299,11,dispense,10.7450,U,1,90,0.7983,0.1815,0.7487,0.02069,0.8436
1,299482,11,dispense,10.7576,U,1,90,0.7862,0.1018,0.7640,0.02052,0.8116
1,299680,11,dispense,10.7523,U,1,90,0.7546,0.0484,0.7589,0.02194,0.7667
1,299865,11,dispense,10.7682,U,1,90,0.8024,0.1441,0.7716,0.02111,0.8384
1,300062,11,dispense,10.8046,U,1,90,0.8670,0.1969,0.8081,0.02190,0.9162
1,300246,11,dispense,10.8316,U,1,90,0.8757,0.1384,0.8372,0.02101,0.9103
1,300444,11,dispense,10.8403,U,1,90,0.8586,0.0811,0.8465,0.02197,0.8789
1,300641,11,dispense,10.8651,U,1,90,0.9085,0.1558,0.8687,0.02216,0.9475
1,300822,11,dispense,10.8969,U,1,90,0.9502,0.1741,0.9012,0.02077,0.9937
1,301019,11,dispense,10.9129,U,1,90,0.9430,0.1066,0.9190,0.02182,0.9696
1,301203,11,dispense,10.9274,U,1,90,0.9550,0.1112,0.9324,0.02101,0.9828
1,301400,11,dispense,10.9654,U,1,90,1.0263,0.1954,0.9684,0.02187,1.0751
1,301581,11,settle,10.9869,U,0,0,,,,,
1,301772,11,settle,11.0109,U,0,0,,,,,
1,301962,11,settle,11.0347,U,0,0,,,,,
1,302153,11,settle,11.0673,U,0,0,,,,,
1,302346,11,settle,11.0746,U,0,0,,,,,
1,302537,11,settle,11.0657,U,0,0,,,,,
1,302726,11,settle,11.0624,U,0,0,,,,,
1,302918,11,settle,11.0619,U,0,0,,,,,
1,303110,11,settle,11.0618,U,0,0,,,,,
1,303302,11,settle,11.0612,U,0,0,,,,,
1,303494,11,settle,11.0567,U,0,0,,,,,
1,303684,11,settle,11.0544,U,0,0,,,,,
1,303875,11,settle,11.0548,U,0,0,,,,,
1,304066,11,settle,11.0550,U,0,0,,,,,
1,304258,11,settle,11.0550,U,0,0,,,,,
1,304450,11,settle,11.0550,S,0,0,,,,,
1,304639,11,settle,11.0550,S,0,0,,,,,
1,304839,11,settle,11.0550,S,0,0,,,,,
1,305026,11,settle,11.0550,S,0,0,,,,,
1,305215,11,settle,11.0550,S,0,0,,,,,
1,305404,11,settle,11.0550,S,0,0,,,,,
1,305596,11,settle,11.0551,S,0,0,,,,,
1,305788,11,settle,11.0551,S,0,0,,,,,
1,305980,11,settle,11.0551,S,0,0,,,,,
1,306171,11,settle,11.0551,S,0,0,,,,,
1,306361,11,settle,11.0551,S,0,0,,,,,
1,306553,11,settle,11.0551,S,0,0,,,,,
1,306745,11,settle,11.0551,S,0,0,,,,,
1,306936,11,settle,11.0552,S,0,0,,,,,
1,307128,11,settle,11.0552,S,0,0,,,,,
1,307319,11,settle,11.0552,S,0,0,,,,,
1,307509,11,settle,11.0552,S,0,0,,,,,
1,309326,11,settle,11.0561,S,0,0,,,,,
1,309518,11,settle,11.0562,S,0,0,,,,,
1,309709,11,settle,11.0562,S,0,0,,,,,
1,309899,11,settle,11.0563,S,0,0,,,,,
1,310091,11,settle,11.0563,S,0,0,,,,,
1,310284,11,settle,11.0564,S,0,0,,,,,
1,310474,11,settle,11.0564,S,0,0,,,,,
1,310667,11,settle,11.0564,S,0,0,,,,,
1,310857,11,settle,11.0565,S,0,0,,,,,
1,311047,11,settle,11.0565,S,0,0,,,,,
1,311240,11,settle,11.0565,S,0,0,,,,,
1,311431,11,settle,11.0565,S,0,0,,,,,
1,311623,11,settle,11.0565,S,0,0,,,,,
1,311812,11,settle,11.0565,S,0,0,,,,,
1,312004,11,settle,11.0566,S,0,0,,,,,
1,312196,11,settle,11.0566,S,0,0,,,,,
1,313633,12,preroll,11.0567,S,1,0,0.0000,0.0000,0.0000,0.01649,0.0000
1,313829,12,preroll,11.0567,S,0,0,0.0000,0.0000,0.0000,0.02711,0.0000
1,314023,12,preroll,11.0567,S,1,0,0.0000,0.0000,0.0000,0.02182,0.0000
1,314218,12,preroll,11.0567,S,0,0,0.0000,0.0000,0.0000,0.03184,0.0000
1,314412,12,preroll,11.0567,S,1,0,0.0000,0.0000,0.0000,0.02281,0.0000
1,314591,12,preroll,11.0567,S,0,0,0.0000,0.0000,0.0000,0.03150,0.0000
1,314785,12,preroll,11.0567,S,1,0,0.0000,0.0000,0.0000,0.02226,0.0000
1,314980,12,preroll,11.0567,S,0,0,0.0000,0.0000,0.0000,0.03223,0.0000
1,315176,12,dispense,11.0567,S,1,55,0.0000,0.0174,0.0000,0.01745,0.0044
1,315363,12,dispense,11.0567,S,0,55,0.0033,0.0452,0.0000,0.02678,0.0146
1,315559,12,dispense,11.0567,S,1,55,0.0080,0.0594,0.0001,0.02286,0.0228
1,315741,12,dispense,11.0568,S,1,55,0.0065,0.0527,0.0005,0.02081,0.0197
1,315939,12,dispense,11.0568,S,0,55,0.0169,0.0682,0.0047,0.03097,0.0340
1,316123,12,dispense,11.0529,U,1,55,0.0005,0.0493,-0.0035,0.02267,0.0128
1,316321,12,dispense,11.0515,U,1,55,-0.0001,0.0520,-0.0049,0.02197,0.0129
1,316504,12,dispense,11.0657,U,1,55,0.0337,0.1033,0.0082,0.02097,0.0595
1,316702,12,dispense,11.1021,U,1,55,0.0976,0.1589,0.0439,0.02195,0.1373
1,316888,12,dispense,11.1311,U,1,55,0.1125,0.1121,0.0749,0.02120,0.1405
1,317085,12,dispense,11.1335,U,1,55,0.0783,0.0255,0.0787,0.02192,0.0846
1,317269,12,dispense,11.1327,U,1,55,0.0775,0.0417,0.0762,0.02101,0.0879
1,317466,12,dispense,11.1417,U,1,55,0.1037,0.0864,0.0844,0.02188,0.1253
1,317663,12,dispense,11.1617,U,1,55,0.1367,0.1109,0.1045,0.02214,0.1645
1,317844,12,dispense,11.1938,U,1,55,0.1814,0.1412,0.1363,0.02077,0.2167
1,318041,12,dispense,11.2176,U,1,55,0.1926,0.0985,0.1615,0.02182,0.2172
1,318226,12,dispense,11.2157,U,1,55,0.1564,0.0145,0.1608,0.02109,0.1600
1,318423,12,dispense,11.2172,U,1,55,0.1657,0.0539,0.1603,0.02189,0.1791
1,318611,12,dispense,11.2330,U,1,55,0.2040,0.1095,0.1754,0.02135,0.2313
1,318808,12,dispense,11.2623,U,1,55,0.2483,0.1343,0.2049,0.02196,0.2819
1,318990,12,dispense,11.2933,U,1,55,0.2778,0.1264,0.2364,0.02085,0.3094
1,319187,12,dispense,11.3082,U,1,55,0.2704,0.0675,0.2526,0.02183,0.2873
1,319384,12,dispense,11.3100,U,1,55,0.2563,0.0387,0.2542,0.02214,0.2660
1,319565,12,dispense,11.3218,U,1,55,0.2849,0.0906,0.2644,0.02077,0.3076
1,319762,12,dispense,11.3480,U,1,55,0.3309,0.1303,0.2903,0.02182,0.3634
1,319947,12,dispense,11.3818,U,1,55,0.3710,0.1399,0.3246,0.02109,0.4059
1,320144,12,dispense,11.4079,U,1,55,0.3844,0.1012,0.3517,0.02189,0.4097
1,320341,12,dispense,11.4107,U,1,55,0.3564,0.0304,0.3555,0.02214,0.3640
1,320522,12,dispense,11.4079,U,1,55,0.3507,0.0356,0.3516,0.02077,0.3596
1,320719,12,dispense,11.4145,U,1,55,0.3733,0.0794,0.3573,0.02182,0.3931
1,320903,12,dispense,11.4387,U,1,55,0.4194,0.1314,0.3809,0.02101,0.4523
1,321100,12,dispense,11.4776,U,1,55,0.4742,0.1561,0.4199,0.02187,0.5133
1,321297,12,dispense,11.4983,U,1,55,0.4664,0.0767,0.4428,0.02214,0.4855
1,321478,12,dispense,11.4968,U,1,55,0.4377,0.0175,0.4415,0.02077,0.4421
1,321675,12,dispense,11.4951,U,1,55,0.4402,0.0455,0.4384,0.02182,0.4516
1,321863,12,dispense,11.5002,U,1,55,0.4575,0.0757,0.4432,0.02135,0.4765
1,322060,12,dispense,11.5327,U,1,55,0.5241,0.1541,0.4743,0.02196,0.5627
1,322243,12,dispense,11.5722,U,1,55,0.5689,0.1561,0.5149,0.02093,0.6079
1,322440,12,dispense,11.5887,U,1,55,0.5516,0.0636,0.5336,0.02186,0.5675
1,322624,12,dispense,11.5881,U,1,55,0.5301,0.0241,0.5325,0.02101,0.5362
1,322821,12,dispense,11.5978,U,1,55,0.5583,0.0834,0.5403,0.02187,0.5791
1,323018,12,dispense,11.6177,U,1,55,0.5930,0.1123,0.5604,0.02214,0.6211
1,323199,12,dispense,11.6425,U,1,55,0.6209,0.1162,0.5856,0.02077,0.6499
1,323396,12,dispense,11.6694,U,1,55,0.6486,0.1133,0.6125,0.02182,0.6770
1,323581,12,dispense,11.6777,U,1,55,0.6324,0.0496,0.6223,0.02109,0.6448
1,323778,12,dispense,11.6728,U,1,55,0.6118,0.0238,0.6171,0.02189,0.6178
1,323975,12,dispense,11.6792,U,1,55,0.6375,0.0800,0.6218,0.02214,0.6575
1,324156,12,dispense,11.7027,U,1,55,0.6829,0.1310,0.6450,0.02077,0.7156
1,324353,12,dispense,11.7367,U,1,55,0.7273,0.1415,0.6794,0.02182,0.7627
1,324537,12,dispense,11.7558,U,1,55,0.7236,0.0784,0.7001,0.02101,0.7432
1,324734,12,dispense,11.7588,U,1,55,0.7057,0.0371,0.7032,0.02187,0.7150
1,324932,12,dispense,11.7628,U,1,55,0.7156,0.0622,0.7060,0.02223,0.7312
1,325120,12,dispense,11.7858,U,1,55,0.7650,0.1283,0.7279,0.02138,0.7970
1,325302,12,dispense,11.8211,U,1,55,0.8139,0.1537,0.7635,0.02066,0.8524
1,325500,12,dispense,11.8596,U,1,55,0.8525,0.1405,0.8026,0.02192,0.8877
1,325685,12,dispense,11.8744,U,1,55,0.8347,0.0569,0.8192,0.02111,0.8490
1,325882,12,dispense,11.8725,U,1,55,0.8132,0.0249,0.8169,0.02190,0.8194
1,326067,12,dispense,11.8755,U,1,55,0.8280,0.0648,0.8185,0.02110,0.8442
1,326264,12,dispense,11.8907,U,1,55,0.8608,0.1034,0.8333,0.02190,0.8867
1,326462,12,dispense,11.9248,U,1,55,0.9164,0.1477,0.8670,0.02223,0.9534
1,326642,12,dispense,11.9537,U,1,55,0.9353,0.1158,0.8973,0.02071,0.9642
1,326839,12,dispense,11.9573,U,1,55,0.9046,0.0315,0.9025,0.02180,0.9124
1,327023,12,dispense,11.9536,U,1,55,0.8943,0.0295,0.8974,0.02101,0.9017
1,327220,12,dispense,11.9559,U,1,55,0.9092,0.0666,0.8989,0.02187,0.9258
1,327417,12,dispense,11.9774,U,1,55,0.9557,0.1233,0.9196,0.02214,0.9866
1,327598,12,dispense,12.0183,U,1,55,1.0180,0.1724,0.9603,0.02077,1.0611
1,327783,12,settle,12.0360,U,0,0,,,,,
1,327974,12,settle,12.0490,U,0,0,,,,,
1,328165,12,settle,12.0473,U,0,0,,,,,
1,328358,12,settle,12.0549,U,0,0,,,,,
1,328549,12,settle,12.0665,U,0,0,,,,,
1,328739,12,settle,12.0727,U,0,0,,,,,
1,328930,12,settle,12.0735,U,0,0,,,,,
1,329122,12,settle,12.0728,U,0,0,,,,,
1,329314,12,settle,12.0726,U,0,0,,,,,
1,329504,12,settle,12.0725,U,0,0,,,,,
1,329703,12,settle,12.0725,S,0,0,,,,,
1,329891,12,settle,12.0724,S,0,0,,,,,
1,330078,12,settle,12.0723,U,0,0,,,,,
1,330270,12,settle,12.0723,S,0,0,,,,,
1,330460,12,settle,12.0722,U,0,0,,,,,
1,330652,12,settle,12.0722,S,0,0,,,,,
1,330843,12,settle,12.0722,S,0,0,,,,,
1,331035,12,settle,12.0721,S,0,0,,,,,
1,331227,12,settle,12.0721,S,0,0,,,,,
1,331418,12,settle,12.0720,U,0,0,,,,,
1,331608,12,settle,12.0719,U,0,0,,,,,
1,331800,12,settle,12.0719,S,0,0,,,,,
1,331992,12,settle,12.0719,S,0,0,,,,,
1,332182,12,settle,12.0719,S,0,0,,,,,
1,332373,12,settle,12.0718,S,0,0,,,,,
1,332565,12,settle,12.0718,S,0,0,,,,,
1,332756,12,settle,12.0718,S,0,0,,,,,
1,332948,12,settle,12.0718,S,0,0,,,,,
1,333138,12,settle,12.0718,S,0,0,,,,,
1,333330,12,settle,12.0718,S,0,0,,,,,
1,333521,12,settle,12.0719,S,0,0,,,,,
1,333713,12,settle,12.0719,S,0,0,,,,,
1,334000,12,settle,12.0719,S,0,0,,,,,
1,334190,12,settle,12.0719,S,0,0,,,,,
1,334382,12,settle,12.0719,S,0,0,,,,,
1,334574,12,settle,12.0719,S,0,0,,,,,
1,334766,12,settle,12.0719,S,0,0,,,,,
1,334955,12,settle,12.0719,S,0,0,,,,,
1,335148,12,settle,12.0719,S,0,0,,,,,
1,335339,12,settle,12.0719,S,0,0,,,,,
1,335532,12,settle,12.0719,S,0,0,,,,,
1,335720,12,settle,12.0719,S,0,0,,,,,
1,335912,12,settle,12.0719,S,0,0,,,,,
1,336104,12,settle,12.0720,S,0,0,,,,,
1,336296,12,settle,12.0720,S,0,0,,,,,
1,336487,12,settle,12.0720,S,0,0,,,,,
1,336677,12,settle,12.0720,S,0,0,,,,,
1,336869,12,settle,12.0720,S,0,0,,,,,
1,338308,13,preroll,12.0722,S,1,0,0.0001,0.0000,0.0001,0.01649,0.0000
1,338505,13,preroll,12.0726,U,1,0,0.0017,0.0032,0.0005,0.01820,0.0000
1,338701,13,preroll,12.0727,U,1,0,-0.0003,0.0000,0.0006,0.01877,0.0000
1,338882,13,preroll,12.0727,U,0,0,-0.0003,0.0000,0.0000,0.02794,0.0000
1,339077,13,preroll,12.0728,S,1,0,0.0014,0.0018,0.0007,0.02171,0.0000
1,339273,13,preroll,12.0728,S,0,0,0.0018,0.0011,0.0012,0.03182,0.0000
1,339454,13,preroll,12.0729,S,1,0,0.0006,0.0000,0.0008,0.02172,0.0000
1,339650,13,preroll,12.0729,S,0,0,0.0006,0.0000,0.0006,0.03174,0.0000
1,339847,13,dispense,12.0730,S,1,55,0.0011,0.0181,0.0009,0.01744,0.0056
1,340035,13,dispense,12.0730,S,0,55,0.0045,0.0458,0.0010,0.02685,0.0160
1,340232,13,dispense,12.0730,S,1,55,0.0089,0.0593,0.0010,0.02299,0.0237
1,340412,13,dispense,12.0730,S,0,55,0.0196,0.0709,0.0063,0.03171,0.0373
1,340609,13,dispense,12.0689,U,1,55,0.0013,0.0507,-0.0029,0.02314,0.0140
1,340807,13,dispense,12.0804,U,1,55,0.0303,0.0926,0.0078,0.02223,0.0535
1,340987,13,dispense,12.1058,U,1,55,0.0714,0.1294,0.0329,0.02073,0.1037
1,341185,13,dispense,12.1248,U,1,55,0.0799,0.0908,0.0533,0.02189,0.1026
1,341368,13,dispense,12.1248,U,0,55,0.0966,0.0911,0.0714,0.03089,0.1193
1,341564,13,dispense,12.1271,U,1,55,0.0555,0.0378,0.0556,0.02309,0.0649
1,341762,13,dispense,12.1440,U,1,55,0.1008,0.1104,0.0709,0.02221,0.1284
1,341943,13,dispense,12.1679,U,1,55,0.1314,0.1198,0.0955,0.02081,0.1613
1,342140,13,dispense,12.1925,U,1,55,0.1538,0.1071,0.1204,0.02182,0.1806
1,342325,13,dispense,12.2060,U,1,55,0.1521,0.0691,0.1346,0.02109,0.1693
1,342522,13,dispense,12.2075,U,1,55,0.1393,0.0412,0.1363,0.02190,0.1496
1,342719,13,dispense,12.2166,U,1,55,0.1614,0.0806,0.1441,0.02214,0.1815
1,342900,13,dispense,12.2340,U,1,55,0.1899,0.1057,0.1614,0.02077,0.2163
1,343097,13,dispense,12.2594,U,1,55,0.2237,0.1183,0.1868,0.02182,0.2533
1,343285,13,dispense,12.2911,U,1,55,0.2612,0.1309,0.2185,0.02135,0.2940
1,343482,13,dispense,12.3013,U,1,55,0.2424,0.0531,0.2307,0.02196,0.2556
1,343664,13,dispense,12.3040,U,1,55,0.2367,0.0439,0.2324,0.02085,0.2477
1,343861,13,dispense,12.3135,U,1,55,0.2589,0.0816,0.2409,0.02183,0.2793
1,344058,13,dispense,12.3378,U,1,55,0.3027,0.1245,0.2648,0.02214,0.3338
1,344238,13,dispense,12.3736,U,1,55,0.3504,0.1512,0.3007,0.02069,0.3882
1,344435,13,dispense,12.3912,U,1,55,0.3421,0.0745,0.3204,0.02180,0.3607
1,344632,13,dispense,12.3899,U,1,55,0.3154,0.0232,0.3191,0.02214,0.3212
1,344811,13,dispense,12.3825,U,1,55,0.3054,0.0260,0.3109,0.02061,0.3119
1,345008,13,dispense,12.3798,U,1,55,0.3121,0.0541,0.3076,0.02178,0.3257
1,345205,13,dispense,12.4035,U,1,55,0.3702,0.1355,0.3299,0.02214,0.4041
1,345386,13,dispense,12.4443,U,1,55,0.4289,0.1715,0.3711,0.02077,0.4718
1,345583,13,dispense,12.4632,U,1,55,0.4152,0.0736,0.3928,0.02182,0.4335
1,345767,13,dispense,12.4620,U,1,55,0.3872,0.0177,0.3913,0.02101,0.3916
1,345964,13,dispense,12.4658,U,1,55,0.4028,0.0638,0.3933,0.02187,0.4187
1,346161,13,dispense,12.4777,U,1,55,0.4282,0.0928,0.4052,0.02214,0.4514
1,346342,13,dispense,12.4975,U,1,55,0.4555,0.1083,0.4251,0.02077,0.4826
1,346532,13,dispense,12.5253,U,1,55,0.4919,0.1249,0.4526,0.02119,0.5231
1,346730,13,settle,12.5355,U,0,0,,,,,
1,346918,13,settle,12.5369,U,0,0,,,,,
1,347105,13,settle,12.5311,U,0,0,,,,,
1,347292,13,settle,12.5349,U,0,0,,,,,
1,347482,13,settle,12.5663,U,0,0,,,,,
1,347674,13,settle,12.6022,U,0,0,,,,,
1,347865,13,settle,12.6205,U,0,0,,,,,
1,348057,13,settle,12.6238,U,0,0,,,,,
1,348247,13,settle,12.6225,U,0,0,,,,,
1,348439,13,settle,12.6217,U,0,0,,,,,
1,348630,13,settle,12.6216,U,0,0,,,,,
1,348822,13,settle,12.6215,U,0,0,,,,,
1,349014,13,settle,12.6214,U,0,0,,,,,
1,349204,13,settle,12.6214,S,0,0,,,,,
1,349395,13,settle,12.6213,U,0,0,,,,,
1,349587,13,settle,12.6213,S,0,0,,,,,
1,349779,13,settle,12.6212,S,0,0,,,,,
1,349969,13,settle,12.6212,S,0,0,,,,,
1,350160,13,settle,12.6211,S,0,0,,,,,
1,350352,13,settle,12.6210,U,0,0,,,,,
1,350545,13,settle,12.6209,U,0,0,,,,,
1,350735,13,settle,12.6208,U,0,0,,,,,
1,350925,13,settle,12.6207,U,0,0,,,,,
1,351118,13,settle,12.6206,U,0,0,,,,,
1,351308,13,settle,12.6206,U,0,0,,,,,
1,351500,13,settle,12.6205,U,0,0,,,,,
1,351692,13,settle,12.6205,S,0,0,,,,,
1,351881,13,settle,12.6204,S,0,0,,,,,
1,352073,13,settle,12.6204,S,0,0,,,,,
1,352265,13,settle,12.6204,S,0,0,,,,,
1,352457,13,settle,12.6205,S,0,0,,,,,
1,352647,13,settle,12.6205,S,0,0,,,,,
1,352934,13,settle,12.6205,S,0,0,,,,,
1,353126,13,settle,12.6205,S,0,0,,,,,
1,353317,13,settle,12.6206,S,0,0,,,,,
1,353509,13,settle,12.6206,S,0,0,,,,,
1,353699,13,settle,12.6209,U,0,0,,,,,
1,353890,13,settle,12.6210,U,0,0,,,,,
1,354082,13,settle,12.6211,U,0,0,,,,,
1,354274,13,settle,12.6212,U,0,0,,,,,
1,354463,13,settle,12.6212,U,0,0,,,,,
1,354655,13,settle,12.6213,U,0,0,,,,,
1,354847,13,settle,12.6214,U,0,0,,,,,
1,355038,13,settle,12.6214,S,0,0,,,,,
1,355230,13,settle,12.6214,S,0,0,,,,,
1,355420,13,settle,12.6215,S,0,0,,,,,
1,355611,13,settle,12.6215,S,0,0,,,,,
1,355803,13,settle,12.6215,S,0,0,,,,,
1,357240,14,preroll,12.6215,S,1,0,0.0000,0.0000,0.0000,0.01649,0.0000
1,357436,14,preroll,12.6216,S,1,0,0.0004,0.0008,0.0001,0.01809,0.0000
1,357632,14,preroll,12.6216,S,0,0,0.0005,0.0005,0.0003,0.02860,0.0000
1,357827,14,preroll,12.6216,S,1,0,-0.0001,0.0000,0.0001,0.02217,0.0000
1,358009,14,preroll,12.6216,S,0,0,-0.0001,0.0000,-0.0000,0.03114,0.0000
1,358198,14,preroll,12.6216,S,1,0,0.0002,0.0003,0.0001,0.02183,0.0000
1,358394,14,preroll,12.6216,S,0,0,0.0003,0.0002,0.0002,0.03189,0.0000
1,358590,14,preroll,12.6216,S,1,0,0.0001,0.0000,0.0001,0.02308,0.0000
1,358776,14,dispense,12.6220,U,1,55,0.0012,0.0202,0.0004,0.01514,0.0062
1,358973,14,dispense,12.6221,U,1,55,0.0044,0.0474,0.0006,0.02041,0.0163
1,359156,14,dispense,12.6221,U,0,55,0.0131,0.0636,0.0032,0.02953,0.0290
1,359353,14,dispense,12.6221,S,1,55,0.0086,0.0584,0.0008,0.02299,0.0232
1,359551,14,dispense,12.6182,U,1,55,-0.0021,0.0413,-0.0027,0.02223,0.0083
1,359731,14,dispense,12.6165,U,1,55,-0.0009,0.0500,-0.0048,0.02073,0.0116
1,359929,14,dispense,12.6156,U,1,55,0.0002,0.0542,-0.0056,0.02189,0.0137
1,360112,14,dispense,12.6180,U,1,55,0.0059,0.0615,-0.0034,0.02095,0.0213
1,360310,14,dispense,12.6197,U,1,55,0.0067,0.0577,-0.0014,0.02194,0.0211
1,360495,14,dispense,12.6288,U,1,55,0.0246,0.0811,0.0071,0.02112,0.0449
1,360693,14,dispense,12.6454,U,1,55,0.0507,0.0992,0.0236,0.02199,0.0754
1,360877,14,dispense,12.6728,U,1,55,0.0900,0.1281,0.0506,0.02103,0.1220
1,361074,14,dispense,12.6970,U,1,55,0.1084,0.1042,0.0757,0.02188,0.1345
1,361271,14,dispense,12.6973,U,1,55,0.0759,0.0249,0.0775,0.02214,0.0821
1,361459,14,dispense,12.6933,U,1,55,0.0701,0.0348,0.0721,0.02136,0.0788
1,361644,14,dispense,12.6961,U,1,55,0.0853,0.0688,0.0743,0.02091,0.1025
1,361842,14,dispense,12.7202,U,1,55,0.1368,0.1306,0.0974,0.02198,0.1694
1,362025,14,dispense,12.7526,U,1,55,0.1764,0.1401,0.1306,0.02095,0.2114
1,362223,14,settle,12.7626,U,0,0,,,,,
1,362410,14,settle,12.7660,U,0,0,,,,,
1,362597,14,settle,12.7600,U,0,0,,,,,
1,362784,14,settle,12.7539,U,0,0,,,,,
1,362975,14,settle,12.7646,U,0,0,,,,,
1,363168,14,settle,12.7901,U,0,0,,,,,
1,363357,14,settle,12.8048,U,0,0,,,,,
1,363548,14,settle,12.8090,U,0,0,,,,,
1,363740,14,settle,12.8090,U,0,0,,,,,
1,363932,14,settle,12.8082,U,0,0,,,,,
1,364124,14,settle,12.8080,U,0,0,,,,,
1,364314,14,settle,12.8079,U,0,0,,,,,
1,364506,14,settle,12.8078,U,0,0,,,,,
1,364697,14,settle,12.8077,U,0,0,,,,,
1,364889,14,settle,12.8076,U,0,0,,,,,
1,365081,14,settle,12.8076,U,0,0,,,,,
1,365270,14,settle,12.8075,U,0,0,,,,,
1,365463,14,settle,12.8074,U,0,0,,,,,
1,365653,14,settle,12.8074,S,0,0,,,,,
1,365846,14,settle,12.8073,U,0,0,,,,,
1,366035,14,settle,12.8072,U,0,0,,,,,
1,366226,14,settle,12.8071,U,0,0,,,,,
1,366419,14,settle,12.8070,U,0,0,,,,,
1,366611,14,settle,12.8069,U,0,0,,,,,
1,366801,14,settle,12.8069,S,0,0,,,,,
1,366991,14,settle,12.8068,U,0,0,,,,,
1,367184,14,settle,12.8068,S,0,0,,,,,
1,367375,14,settle,12.8068,S,0,0,,,,,
1,367566,14,settle,12.8068,S,0,0,,,,,
1,367758,14,settle,12.8068,S,0,0,,,,,
1,367949,14,settle,12.8068,S,0,0,,,,,
1,368139,14,settle,12.8068,S,0,0,,,,,
1,368428,14,settle,12.8068,S,0,0,,,,,
1,368620,14,settle,12.8068,S,0,0,,,,,
1,368808,14,settle,12.8068,S,0,0,,,,,
1,369000,14,settle,12.8068,S,0,0,,,,,
1,369193,14,settle,12.8068,S,0,0,,,,,
1,369385,14,settle,12.8068,S,0,0,,,,,
1,369574,14,settle,12.8068,S,0,0,,,,,
1,369765,14,settle,12.8069,S,0,0,,,,,
1,369957,14,settle,12.8069,S,0,0,,,,,
1,370149,14,settle,12.8069,S,0,0,,,,,
1,370340,14,settle,12.8072,U,0,0,,,,,
1,370531,14,settle,12.8073,U,0,0,,,,,
1,370721,14,settle,12.8074,U,0,0,,,,,
1,370913,14,settle,12.8074,S,0,0,,,,,
1,371105,14,settle,12.8075,U,0,0,,,,,
1,371297,14,settle,12.8076,U,0,0,,,,,
2,1447,0,noise,12.8534,S,0,0,,,,,
2,1636,0,noise,12.8534,S,0,0,,,,,
2,1829,0,noise,12.8534,S,0,0,,,,,
2,2021,0,noise,12.8534,S,0,0,,,,,
2,2211,0,noise,12.8534,S,0,0,,,,,
2,2403,0,noise,12.8534,S,0,0,,,,,
2,2593,0,noise,12.8534,S,0,0,,,,,
2,2785,0,noise,12.8534,S,0,0,,,,,
2,2977,0,noise,12.8534,S,0,0,,,,,
2,3168,0,noise,12.8534,S,0,0,,,,,
2,3361,0,noise,12.8534,S,0,0,,,,,
2,3550,0,noise,12.8534,S,0,0,,,,,
2,3742,0,noise,12.8534,S,0,0,,,,,
2,3933,0,noise,12.8533,S,0,0,,,,,
2,4125,0,noise,12.8533,S,0,0,,,,,
2,4314,0,noise,12.8533,S,0,0,,,,,
2,4506,0,noise,12.8533,S,0,0,,,,,
2,4698,0,noise,12.8533,S,0,0,,,,,
2,4890,0,noise,12.8533,S,0,0,,,,,
2,5082,0,noise,12.8533,S,0,0,,,,,
2,5271,0,noise,12.8533,S,0,0,,,,,
2,5463,0,noise,12.8533,S,0,0,,,,,
2,5654,0,noise,12.8533,S,0,0,,,,,
2,5846,0,noise,12.8532,S,0,0,,,,,
2,6038,0,noise,12.8532,S,0,0,,,,,
2,6227,0,noise,12.8532,S,0,0,,,,,
2,6419,0,noise,12.8532,S,0,0,,,,,
2,6611,0,noise,12.8532,S,0,0,,,,,
2,6802,0,noise,12.8531,S,0,0,,,,,
2,6992,0,noise,12.8531,S,0,0,,,,,
2,7185,0,noise,12.8531,S,0,0,,,,,
2,7377,0,noise,12.8530,S,0,0,,,,,
2,7568,0,noise,12.8530,S,0,0,,,,,
2,7760,0,noise,12.8530,S,0,0,,,,,
2,7949,0,noise,12.8530,S,0,0,,,,,
2,8141,0,noise,12.8529,S,0,0,,,,,
2,8333,0,noise,12.8529,S,0,0,,,,,
2,8524,0,noise,12.8529,S,0,0,,,,,
2,8715,0,noise,12.8528,S,0,0,,,,,
2,8905,0,noise,12.8528,S,0,0,,,,,
2,9097,0,noise,12.8528,S,0,0,,,,,
2,9289,0,noise,12.8527,S,0,0,,,,,
2,9480,0,noise,12.8527,S,0,0,,,,,
2,9671,0,noise,12.8526,S,0,0,,,,,
2,9862,0,noise,12.8526,S,0,0,,,,,
2,10053,0,noise,12.8526,S,0,0,,,,,
2,10246,0,noise,12.8525,S,0,0,,,,,
2,10437,0,noise,12.8525,S,0,0,,,,,
2,10626,0,noise,12.8524,S,0,0,,,,,
2,10818,0,noise,12.8524,S,0,0,,,,,
2,11011,0,noise,12.8524,S,0,0,,,,,
2,11202,0,noise,12.8523,S,0,0,,,,,
2,11393,0,noise,12.8523,S,0,0,,,,,
2,11583,0,noise,12.8523,S,0,0,,,,,
2,11775,0,noise,12.8522,S,0,0,,,,,
2,11966,0,noise,12.8522,S,0,0,,,,,
2,12158,0,noise,12.8522,S,0,0,,,,,
2,12347,0,noise,12.8522,S,0,0,,,,,
2,12546,0,noise,12.8521,S,0,0,,,,,
2,12732,0,noise,12.8521,S,0,0,,,,,
2,12923,0,noise,12.8521,S,0,0,,,,,
2,13114,0,noise,12.8520,S,0,0,,,,,
2,13304,0,noise,12.8520,S,0,0,,,,,
2,13497,0,noise,12.8520,S,0,0,,,,,
2,13688,0,noise,12.8520,S,0,0,,,,,
2,13880,0,noise,12.8519,S,0,0,,,,,
2,14072,0,noise,12.8519,S,0,0,,,,,
2,14261,0,noise,12.8519,S,0,0,,,,,
2,14453,0,noise,12.8519,S,0,0,,,,,
2,14645,0,noise,12.8518,S,0,0,,,,,
2,14836,0,noise,12.8518,S,0,0,,,,,
2,15026,0,noise,12.8518,S,0,0,,,,,
2,15218,0,noise,12.8518,S,0,0,,,,,
2,15410,0,noise,12.8517,S,0,0,,,,,
2,15600,0,noise,12.8517,S,0,0,,,,,
2,15792,0,noise,12.8517,S,0,0,,,,,
2,15983,0,noise,12.8517,S,0,0,,,,,
2,16174,0,noise,12.8516,S,0,0,,,,,
2,16365,0,noise,12.8516,S,0,0,,,,,
2,16558,0,noise,12.8516,S,0,0,,,,,
2,16747,0,noise,12.8516,S,0,0,,,,,
2,16938,0,noise,12.8516,S,0,0,,,,,
2,17130,0,noise,12.8516,S,0,0,,,,,
2,17321,0,noise,12.8516,S,0,0,,,,,
2,17513,0,noise,12.8516,S,0,0,,,,,
2,17704,0,noise,12.8516,S,0,0,,,,,
2,17895,0,noise,12.8516,S,0,0,,,,,
2,18087,0,noise,12.8516,S,0,0,,,,,
2,18278,0,noise,12.8516,S,0,0,,,,,
2,18471,0,noise,12.8516,S,0,0,,,,,
2,18659,0,noise,12.8516,S,0,0,,,,,
2,18852,0,noise,12.8516,S,0,0,,,,,
2,19043,0,noise,12.8516,S,0,0,,,,,
2,19235,0,noise,12.8516,S,0,0,,,,,
2,19424,0,noise,12.8517,S,0,0,,,,,
2,19617,0,noise,12.8517,S,0,0,,,,,
2,19807,0,noise,12.8517,S,0,0,,,,,
2,19999,0,noise,12.8517,S,0,0,,,,,
2,20191,0,noise,12.8518,S,0,0,,,,,
2,20381,0,noise,12.8518,S,0,0,,,,,
2,20573,0,noise,12.8518,S,0,0,,,,,
2,20764,0,noise,12.8518,S,0,0,,,,,
2,20956,0,noise,12.8518,S,0,0,,,,,
2,21148,0,noise,12.8519,S,0,0,,,,,
2,21337,0,noise,12.8519,S,0,0,,,,,
2,37788,0,settle,13.1065,U,0,0,,,,,
2,37977,0,settle,13.1106,U,0,0,,,,,
2,38166,0,settle,13.1095,U,0,0,,,,,
2,38359,0,settle,13.1016,U,0,0,,,,,
2,38551,0,settle,13.0972,U,0,0,,,,,
2,38743,0,settle,13.0981,U,0,0,,,,,
2,38933,0,settle,13.0996,U,0,0,,,,,
2,39123,0,settle,13.1031,U,0,0,,,,,
2,39316,0,settle,13.1072,U,0,0,,,,,
2,39506,0,settle,13.1074,U,0,0,,,,,
2,39698,0,settle,13.1049,U,0,0,,,,,
2,39890,0,settle,13.1038,U,0,0,,,,,
2,40079,0,settle,13.1041,U,0,0,,,,,
2,40271,0,settle,13.1043,U,0,0,,,,,
2,40463,0,settle,13.1045,U,0,0,,,,,
2,40655,0,settle,13.1047,U,0,0,,,,,
2,40844,0,settle,13.1048,U,0,0,,,,,
2,41037,0,settle,13.1046,U,0,0,,,,,
2,41229,0,settle,13.1044,U,0,0,,,,,
2,41420,0,settle,13.1043,U,0,0,,,,,
2,41611,0,settle,13.1044,S,0,0,,,,,
2,41801,0,settle,13.1045,U,0,0,,,,,
2,44780,1,preroll,13.1087,S,1,0,0.0000,0.0000,0.0000,0.01649,0.0000
2,44962,1,preroll,13.1089,U,1,0,0.0008,0.0016,0.0002,0.01663,0.0000
2,45158,1,preroll,13.1089,U,0,0,0.0011,0.0010,0.0006,0.02719,0.0000
2,45353,1,preroll,13.1090,U,1,0,0.0000,0.0000,0.0003,0.02205,0.0000
2,45535,1,preroll,13.1090,S,0,0,0.0000,0.0000,0.0001,0.03103,0.0000
2,45729,1,preroll,13.1090,S,1,0,0.0005,0.0004,0.0003,0.02226,0.0000
2,45920,1,preroll,13.1090,S,0,0,0.0006,0.0003,0.0004,0.03192,0.0000
2,46115,1,preroll,13.1090,S,1,0,0.0002,0.0000,0.0003,0.02280,0.0000
2,46313,1,dispense,13.1090,S,0,55,0.0002,0.0174,0.0003,0.02631,0.0046
2,46493,1,dispense,13.1090,S,1,55,0.0035,0.0443,0.0003,0.01888,0.0145
2,46690,1,dispense,13.1090,S,0,55,0.0122,0.0630,0.0025,0.02914,0.0279
2,46887,1,dispense,13.1089,S,1,55,0.0082,0.0586,0.0004,0.02347,0.0229
2,47069,1,dispense,13.1085,U,1,55,0.0053,0.0507,0.0002,0.02085,0.0180
2,47267,1,dispense,13.1086,U,1,55,0.0064,0.0545,0.0002,0.02195,0.0201
2,47450,1,dispense,13.1231,U,1,55,0.0392,0.1025,0.0136,0.02095,0.0648
2,47647,1,dispense,13.1340,U,1,55,0.0448,0.0779,0.0258,0.02185,0.0642
2,47844,1,dispense,13.1494,U,1,55,0.0635,0.0880,0.0406,0.02214,0.0855
2,48025,1,dispense,13.1694,U,1,55,0.0899,0.1052,0.0604,0.02077,0.1162
2,48209,1,settle,13.1772,U,0,0,,,,,
2,48400,1,settle,13.1934,U,0,0,,,,,
2,48592,1,settle,13.2190,U,0,0,,,,,
2,48783,1,settle,13.2329,U,0,0,,,,,
2,48974,1,settle,13.2264,U,0,0,,,,,
2,49165,1,settle,13.2170,U,0,0,,,,,
2,49357,1,settle,13.2142,U,0,0,,,,,
2,49548,1,settle,13.2140,U,0,0,,,,,
2,49738,1,settle,13.2139,U,0,0,,,,,
2,49930,1,settle,13.2138,U,0,0,,,,,
2,50121,1,settle,13.2138,S,0,0,,,,,
2,50313,1,settle,13.2137,S,0,0,,,,,
2,50505,1,settle,13.2137,S,0,0,,,,,
2,50694,1,settle,13.2136,S,0,0,,,,,
2,50886,1,settle,13.2136,S,0,0,,,,,
2,51078,1,settle,13.2136,S,0,0,,,,,
2,51270,1,settle,13.2136,S,0,0,,,,,
2,51461,1,settle,13.2135,S,0,0,,,,,
2,51651,1,settle,13.2135,S,0,0,,,,,
2,51843,1,settle,13.2135,S,0,0,,,,,
2,52035,1,settle,13.2135,S,0,0,,,,,
2,52226,1,settle,13.2134,S,0,0,,,,,
2,52425,1,settle,13.2134,S,0,0,,,,,
2,52611,1,settle,13.2134,S,0,0,,,,,
2,52800,1,settle,13.2134,S,0,0,,,,,
2,52991,1,settle,13.2134,S,0,0,,,,,
2,53183,1,settle,13.2134,S,0,0,,,,,
2,53374,1,settle,13.2134,S,0,0,,,,,
2,53564,1,settle,13.2133,S,0,0,,,,,
2,53756,1,settle,13.2133,S,0,0,,,,,
2,53948,1,settle,13.2133,S,0,0,,,,,
2,54140,1,settle,13.2133,S,0,0,,,,,
2,54425,1,settle,13.2133,S,0,0,,,,,
2,54617,1,settle,13.2133,S,0,0,,,,,
2,54809,1,settle,13.2133,S,0,0,,,,,
2,55001,1,settle,13.2133,S,0,0,,,,,
2,55190,1,settle,13.2133,S,0,0,,,,,
2,55382,1,settle,13.2133,S,0,0,,,,,
2,55574,1,settle,13.2133,S,0,0,,,,,
2,55765,1,settle,13.2133,S,0,0,,,,,
2,55957,1,settle,13.2133,S,0,0,,,,,
2,56147,1,settle,13.2133,S,0,0,,,,,
2,56339,1,settle,13.2133,S,0,0,,,,,
2,56530,1,settle,13.2133,S,0,0,,,,,
2,56722,1,settle,13.2133,S,0,0,,,,,
2,56912,1,settle,13.2133,S,0,0,,,,,
2,57104,1,settle,13.2133,S,0,0,,,,,
2,57295,1,settle,13.2133,S,0,0,,,,,
2,58732,2,preroll,13.2134,S,1,0,0.0000,0.0000,0.0000,0.01649,0.0000
2,58928,2,preroll,13.2135,S,1,0,0.0004,0.0008,0.0001,0.01809,0.0000
2,59124,2,preroll,13.2135,S,0,0,0.0005,0.0005,0.0003,0.02860,0.0000
2,59319,2,preroll,13.2135,S,1,0,-0.0001,0.0000,0.0001,0.02217,0.0000
2,59500,2,preroll,13.2135,S,0,0,-0.0001,0.0000,-0.0000,0.03107,0.0000
2,59695,2,preroll,13.2136,S,1,0,0.0004,0.0004,0.0002,0.02233,0.0000
2,59891,2,preroll,13.2136,S,0,0,0.0005,0.0003,0.0003,0.03239,0.0000
2,60073,2,preroll,13.2136,S,1,0,0.0001,0.0000,0.0002,0.02192,0.0000
2,60270,2,dispense,13.2136,S,0,55,0.0001,0.0174,0.0002,0.02537,0.0045
2,60467,2,dispense,13.2136,S,1,55,0.0037,0.0468,0.0002,0.02035,0.0154
2,60648,2,dispense,13.2137,S,1,55,0.0069,0.0545,0.0005,0.02070,0.0205
2,60846,2,dispense,13.2227,U,1,55,0.0273,0.0826,0.0090,0.02188,0.0480
2,61034,2,dispense,13.2342,U,1,55,0.0409,0.0831,0.0209,0.02137,0.0617
2,61232,2,dispense,13.2394,U,1,55,0.0366,0.0578,0.0267,0.02205,0.0510
2,61411,2,dispense,13.2355,U,1,55,0.0212,0.0303,0.0230,0.02063,0.0288
2,61608,2,dispense,13.2423,U,1,55,0.0434,0.0772,0.0283,0.02177,0.0627
2,61805,2,dispense,13.2678,U,1,55,0.0940,0.1326,0.0533,0.02214,0.1272
2,61986,2,dispense,13.2861,U,1,55,0.0994,0.0895,0.0733,0.02077,0.1217
2,62183,2,dispense,13.2956,U,1,55,0.0953,0.0600,0.0830,0.02182,0.1103
2,62368,2,dispense,13.3104,U,1,55,0.1192,0.0909,0.0966,0.02109,0.1419
2,62565,2,dispense,13.3218,U,1,55,0.1276,0.0779,0.1087,0.02189,0.1470
2,62762,2,dispense,13.3353,U,1,55,0.1425,0.0828,0.1219,0.02214,0.1632
2,62943,2,dispense,13.3555,U,1,55,0.1717,0.1075,0.1416,0.02077,0.1986
2,63140,2,dispense,13.3708,U,1,55,0.1803,0.0837,0.1578,0.02182,0.2013
2,63324,2,dispense,13.3742,U,1,55,0.1674,0.0439,0.1618,0.02101,0.1784
2,63521,2,dispense,13.3819,U,1,55,0.1823,0.0716,0.1683,0.02187,0.2002
2,63718,2,dispense,13.3992,U,1,55,0.2138,0.1039,0.1853,0.02214,0.2398
2,63899,2,dispense,13.4248,U,1,55,0.2481,0.1229,0.2109,0.02077,0.2788
2,64096,2,dispense,13.4427,U,1,55,0.2543,0.0854,0.2299,0.02182,0.2756
2,64284,2,dispense,13.4521,U,1,55,0.2519,0.0606,0.2393,0.02135,0.2670
2,64481,2,dispense,13.4655,U,1,55,0.2727,0.0852,0.2518,0.02196,0.2940
2,64664,2,dispense,13.4787,U,1,55,0.2866,0.0850,0.2654,0.02093,0.3079
2,64861,2,dispense,13.4909,U,1,55,0.2968,0.0784,0.2777,0.02186,0.3164
2,65045,2,dispense,13.5142,U,1,55,0.3342,0.1179,0.3000,0.02101,0.3637
2,65242,2,dispense,13.5320,U,1,55,0.3446,0.0897,0.3190,0.02187,0.3670
2,65439,2,dispense,13.5344,U,1,55,0.3251,0.0384,0.3222,0.02214,0.3347
2,65620,2,dispense,13.5397,U,1,55,0.3369,0.0651,0.3261,0.02077,0.3532
2,65817,2,dispense,13.5476,U,1,55,0.3507,0.0769,0.3342,0.02182,0.3699
2,66002,2,dispense,13.5622,U,1,55,0.3725,0.0937,0.3485,0.02109,0.3959
2,66199,2,dispense,13.5914,U,1,55,0.4194,0.1326,0.3770,0.02189,0.4526
2,66396,2,dispense,13.6112,U,1,55,0.4243,0.0867,0.3985,0.02214,0.4460
2,66577,2,dispense,13.6144,U,1,55,0.4059,0.0368,0.4021,0.02077,0.4151
2,66774,2,dispense,13.6223,U,1,55,0.4225,0.0715,0.4086,0.02182,0.4404
2,66958,2,dispense,13.6338,U,1,55,0.4409,0.0869,0.4202,0.02101,0.4627
2,67155,2,dispense,13.6528,U,1,55,0.4683,0.1031,0.4391,0.02187,0.4941
2,67352,2,dispense,13.6752,U,1,55,0.4933,0.1051,0.4617,0.02214,0.5196
2,67528,2,settle,13.6829,U,0,0,,,,,
2,67718,2,settle,13.6928,U,0,0,,,,,
2,67910,2,settle,13.7065,U,0,0,,,,,
2,68100,2,settle,13.7214,U,0,0,,,,,
2,68292,2,settle,13.7421,U,0,0,,,,,
2,68483,2,settle,13.7674,U,0,0,,,,,
2,68673,2,settle,13.7801,U,0,0,,,,,
2,68866,2,settle,13.7805,U,0,0,,,,,
2,69058,2,settle,13.7788,U,0,0,,,,,
2,69250,2,settle,13.7783,U,0,0,,,,,
2,69439,2,settle,13.7781,U,0,0,,,,,
2,69631,2,settle,13.7780,U,0,0,,,,,
2,69823,2,settle,13.7779,U,0,0,,,,,
2,70014,2,settle,13.7779,U,0,0,,,,,
2,70206,2,settle,13.7777,U,0,0,,,,,
2,70396,2,settle,13.7776,U,0,0,,,,,
2,70587,2,settle,13.7776,U,0,0,,,,,
2,70779,2,settle,13.7775,U,0,0,,,,,
2,70971,2,settle,13.7774,U,0,0,,,,,
2,71161,2,settle,13.7772,U,0,0,,,,,
2,71351,2,settle,13.7771,U,0,0,,,,,
2,71544,2,settle,13.7769,U,0,0,,,,,
2,71736,2,settle,13.7768,U,0,0,,,,,
2,71928,2,settle,13.7767,U,0,0,,,,,
2,72117,2,settle,13.7765,U,0,0,,,,,
2,72308,2,settle,13.7765,U,0,0,,,,,
2,72500,2,settle,13.7764,U,0,0,,,,,
2,72692,2,settle,13.7763,U,0,0,,,,,
2,72883,2,settle,13.7762,U,0,0,,,,,
2,73073,2,settle,13.7762,S,0,0,,,,,
2,73264,2,settle,13.7761,U,0,0,,,,,
2,73456,2,settle,13.7761,S,0,0,,,,,
2,73744,2,settle,13.7761,S,0,0,,,,,
2,73933,2,settle,13.7761,S,0,0,,,,,
2,74125,2,settle,13.7761,S,0,0,,,,,
2,74317,2,settle,13.7761,S,0,0,,,,,
2,74509,2,settle,13.7761,S,0,0,,,,,
2,74698,2,settle,13.7761,S,0,0,,,,,
2,74890,2,settle,13.7761,S,0,0,,,,,
2,75082,2,settle,13.7761,S,0,0,,,,,
2,75273,2,settle,13.7761,S,0,0,,,,,
2,75465,2,settle,13.7761,S,0,0,,,,,
2,75655,2,settle,13.7761,S,0,0,,,,,
2,75847,2,settle,13.7761,S,0,0,,,,,
2,76038,2,settle,13.7760,S,0,0,,,,,
2,76231,2,settle,13.7760,S,0,0,,,,,
2,76423,2,settle,13.7760,S,0,0,,,,,
2,76611,2,settle,13.7760,S,0,0,,,,,
2,78051,3,preroll,13.7759,S,1,0,0.0000,0.0000,0.0000,0.01649,0.0000
2,78247,3,preroll,13.7759,S,0,0,0.0000,0.0000,0.0000,0.02711,0.0000
2,78441,3,preroll,13.7759,S,1,0,0.0000,0.0000,0.0000,0.02182,0.0000
2,78636,3,preroll,13.7759,S,0,0,0.0000,0.0000,0.0000,0.03184,0.0000
2,78816,3,preroll,13.7759,S,1,0,0.0000,0.0000,0.0000,0.02160,0.0000
2,79011,3,preroll,13.7759,S,0,0,0.0000,0.0000,0.0000,0.03154,0.0000
2,79199,3,preroll,13.7759,S,1,0,0.0000,0.0000,0.0000,0.02232,0.0000
2,79394,3,preroll,13.7759,S,0,0,0.0000,0.0000,0.0000,0.03225,0.0000
2,79589,3,dispense,13.7759,S,1,55,0.0000,0.0174,0.0000,0.01746,0.0000
2,79786,3,dispense,13.7758,S,1,55,0.0032,0.0463,-0.0001,0.02079,0.0032
2,79967,3,dispense,13.7758,S,0,55,0.0116,0.0627,0.0021,0.02969,0.0116
2,80164,3,dispense,13.7801,U,1,55,0.0158,0.0665,0.0043,0.02301,0.0158
2,80347,3,dispense,13.7892,U,1,55,0.0306,0.0796,0.0132,0.02093,0.0306
2,80545,3,dispense,13.8013,U,1,55,0.0460,0.0838,0.0254,0.02197,0.0460
2,80742,3,dispense,13.8107,U,1,55,0.0506,0.0702,0.0352,0.02216,0.0506
2,80922,3,dispense,13.8143,U,1,55,0.0469,0.0530,0.0389,0.02069,0.0469
2,81119,3,dispense,13.8208,U,1,55,0.0581,0.0694,0.0449,0.02180,0.0581
2,81303,3,dispense,13.8347,U,1,55,0.0820,0.0944,0.0584,0.02101,0.0820
2,81500,3,dispense,13.8495,U,1,55,0.0971,0.0884,0.0737,0.02187,0.0971
2,81697,3,dispense,13.8731,U,1,55,0.1304,0.1120,0.0967,0.02214,0.1304
2,81878,3,dispense,13.8938,U,1,55,0.1469,0.0989,0.1180,0.02077,0.1469
2,82075,3,dispense,13.8934,U,1,55,0.1187,0.0294,0.1192,0.02182,0.1187
2,82260,3,dispense,13.8903,U,1,55,0.1140,0.0371,0.1147,0.02109,0.1140
2,82451,3,dispense,13.9031,U,1,55,0.1506,0.1005,0.1262,0.02136,0.1506
2,82648,3,dispense,13.9351,U,1,55,0.2065,0.1476,0.1580,0.02201,0.2065
2,82833,3,dispense,13.9712,U,1,55,0.2431,0.1408,0.1950,0.02110,0.2431
2,83030,3,dispense,13.9911,U,1,55,0.2393,0.0774,0.2163,0.02190,0.2393
2,83227,3,dispense,13.9966,U,1,55,0.2272,0.0448,0.2216,0.02214,0.2272
2,83408,3,dispense,14.0037,U,1,55,0.2408,0.0701,0.2276,0.02077,0.2408
2,83605,3,dispense,14.0204,U,1,55,0.2717,0.1025,0.2439,0.02182,0.2717
2,83789,3,dispense,14.0497,U,1,55,0.3155,0.1359,0.2730,0.02101,0.3155
2,83986,3,dispense,14.0717,U,1,55,0.3257,0.0954,0.2964,0.02187,0.3257
2,84183,3,dispense,14.0719,U,1,55,0.2958,0.0258,0.2975,0.02214,0.2958
2,84364,3,dispense,14.0747,U,1,55,0.3060,0.0580,0.2986,0.02077,0.3060
2,84561,3,dispense,14.0902,U,1,55,0.3412,0.1044,0.3135,0.02182,0.3412
2,84746,3,dispense,14.1105,U,1,55,0.3654,0.1071,0.3344,0.02109,0.3654
2,84943,3,dispense,14.1454,U,1,55,0.4164,0.1428,0.3685,0.02189,0.4164
2,85140,3,dispense,14.1745,U,1,55,0.4357,0.1103,0.3989,0.02214,0.4357
2,85321,3,dispense,14.1801,U,1,55,0.4109,0.0357,0.4057,0.02077,0.4109
2,85518,3,dispense,14.1846,U,1,55,0.4164,0.0556,0.4088,0.02182,0.4164
2,85706,3,dispense,14.1987,U,1,55,0.4469,0.0987,0.4221,0.02135,0.4469
2,85903,3,dispense,14.2195,U,1,55,0.4753,0.1084,0.4433,0.02196,0.4753
2,86085,3,dispense,14.2414,U,1,55,0.4961,0.1039,0.4655,0.02085,0.4961
2,86282,3,dispense,14.2622,U,1,55,0.5146,0.0964,0.4864,0.02183,0.5146
2,86467,3,dispense,14.2678,U,1,55,0.5008,0.0473,0.4930,0.02109,0.5008
2,86664,3,dispense,14.2673,U,1,55,0.4939,0.0421,0.4919,0.02190,0.4939
2,86861,3,dispense,14.2804,U,1,55,0.5279,0.0976,0.5037,0.02214,0.5279
2,87042,3,dispense,14.3145,U,1,55,0.5878,0.1594,0.5372,0.02077,0.5878
2,87239,3,dispense,14.3448,U,1,55,0.6098,0.1197,0.5692,0.02182,0.6098
2,87423,3,dispense,14.3553,U,1,55,0.5917,0.0489,0.5808,0.02101,0.5917
2,87620,3,dispense,14.3456,U,1,55,0.5585,0.0060,0.5712,0.02187,0.5585
2,87817,3,dispense,14.3441,U,1,55,0.5735,0.0590,0.5678,0.02214,0.5735
2,87998,3,dispense,14.3626,U,1,55,0.6185,0.1229,0.5856,0.02077,0.6185
2,88195,3,dispense,14.3925,U,1,55,0.6602,0.1351,0.6160,0.02182,0.6602
2,88392,3,dispense,14.4177,U,1,55,0.6741,0.1002,0.6422,0.02214,0.6741
2,88571,3,dispense,14.4280,U,1,55,0.6656,0.0566,0.6530,0.02061,0.6656
2,88768,3,dispense,14.4351,U,1,55,0.6706,0.0617,0.6594,0.02178,0.6706
2,88956,3,dispense,14.4452,U,1,55,0.6872,0.0803,0.6691,0.02135,0.6872
2,89153,3,dispense,14.4663,U,1,55,0.7224,0.1119,0.6898,0.02196,0.7224
2,89336,3,dispense,14.4974,U,1,55,0.7646,0.1372,0.7208,0.02093,0.7646
2,89533,3,dispense,14.5095,U,1,55,0.7502,0.0615,0.7350,0.02186,0.7502
2,89730,3,dispense,14.5055,U,1,55,0.7251,0.0212,0.7308,0.02214,0.7251
2,89911,3,dispense,14.5120,U,1,55,0.7498,0.0784,0.7354,0.02077,0.7498
2,90108,3,dispense,14.5208,U,1,55,0.7636,0.0813,0.7450,0.02182,0.7636
2,90293,3,dispense,14.5403,U,1,55,0.7939,0.1079,0.7639,0.02109,0.7939
2,90490,3,dispense,14.5710,U,1,55,0.8379,0.1332,0.7943,0.02189,0.8379
2,90687,3,dispense,14.5898,U,1,55,0.8382,0.0806,0.8147,0.02214,0.8382
2,90866,3,dispense,14.5966,U,1,55,0.8302,0.0502,0.8214,0.02061,0.8302
2,91063,3,dispense,14.6120,U,1,55,0.8593,0.0933,0.8354,0.02178,0.8593
2,91260,3,dispense,14.6381,U,1,55,0.9004,0.1247,0.8615,0.02214,0.9004
2,91441,3,dispense,14.6678,U,1,55,0.9322,0.1267,0.8916,0.02077,0.9322
2,91638,3,dispense,14.6889,U,1,55,0.9405,0.0896,0.9136,0.02182,0.9405
2,91822,3,dispense,14.6955,U,1,55,0.9287,0.0478,0.9206,0.02101,0.9287
2,92019,3,dispense,14.6937,U,1,55,0.9187,0.0380,0.9185,0.02187,0.9187
2,92207,3,dispense,14.7017,U,1,55,0.9423,0.0823,0.9253,0.02135,0.9423
2,92405,3,dispense,14.7326,U,1,55,1.0028,0.1474,0.9553,0.02205,1.0028
2,92590,3,settle,14.7542,U,0,0,,,,,
2,92777,3,settle,14.7867,U,0,0,,,,,
2,92965,3,settle,14.7943,U,0,0,,,,,
2,93157,3,settle,14.7810,U,0,0,,,,,
2,93348,3,settle,14.7781,U,0,0,,,,,
2,93538,3,settle,14.7836,U,0,0,,,,,
2,93730,3,settle,14.7835,U,0,0,,,,,
2,93922,3,settle,14.7827,U,0,0,,,,,
2,94112,3,settle,14.7825,U,0,0,,,,,
2,94302,3,settle,14.7824,U,0,0,,,,,
2,94495,3,settle,14.7823,U,0,0,,,,,
2,94687,3,settle,14.7822,U,0,0,,,,,
2,94877,3,settle,14.7821,U,0,0,,,,,
2,95070,3,settle,14.7821,U,0,0,,,,,
2,95259,3,settle,14.7820,U,0,0,,,,,
2,95451,3,settle,14.7819,U,0,0,,,,,
2,95643,3,settle,14.7819,S,0,0,,,,,
2,95835,3,settle,14.7818,U,0,0,,,,,
2,96027,3,settle,14.7817,U,0,0,,,,,
2,96216,3,settle,14.7816,U,0,0,,,,,
2,96407,3,settle,14.7815,U,0,0,,,,,
2,96600,3,settle,14.7815,U,0,0,,,,,
2,96792,3,settle,14.7814,U,0,0,,,,,
2,96981,3,settle,14.7813,U,0,0,,,,,
2,97172,3,settle,14.7813,S,0,0,,,,,
2,97364,3,settle,14.7813,S,0,0,,,,,
2,97556,3,settle,14.7812,S,0,0,,,,,
2,97747,3,settle,14.7812,S,0,0,,,,,
2,97936,3,settle,14.7812,S,0,0,,,,,
2,98128,3,settle,14.7812,S,0,0,,,,,
2,98320,3,settle,14.7812,S,0,0,,,,,
2,98512,3,settle,14.7812,S,0,0,,,,,
2,98798,3,settle,14.7812,S,0,0,,,,,
2,98989,3,settle,14.7812,S,0,0,,,,,
2,99182,3,settle,14.7812,S,0,0,,,,,
2,99372,3,settle,14.7812,S,0,0,,,,,
2,99565,3,settle,14.7812,S,0,0,,,,,
2,99754,3,settle,14.7812,S,0,0,,,,,
2,99947,3,settle,14.7812,S,0,0,,,,,
2,100137,3,settle,14.7812,S,0,0,,,,,
2,100329,3,settle,14.7812,S,0,0,,,,,
2,100521,3,settle,14.7812,S,0,0,,,,,
2,100712,3,settle,14.7812,S,0,0,,,,,
2,100902,3,settle,14.7812,S,0,0,,,,,
2,101094,3,settle,14.7812,S,0,0,,,,,
2,101286,3,settle,14.7812,S,0,0,,,,,
2,101476,3,settle,14.7812,S,0,0,,,,,
2,101668,3,settle,14.7812,S,0,0,,,,,
2,103105,4,preroll,14.7807,S,1,0,0.0000,0.0000,0.0000,0.01649,0.0000
2,103301,4,preroll,14.7806,S,1,0,-0.0004,0.0000,-0.0001,0.01809,0.0000
2,103497,4,preroll,14.7806,S,0,0,-0.0004,0.0000,-0.0003,0.02860,0.0000
2,103680,4,preroll,14.7806,S,1,0,0.0001,0.0006,-0.0001,0.02109,0.0000
2,103872,4,preroll,14.7806,S,0,0,0.0002,0.0003,0.0000,0.03085,0.0000
2,104068,4,preroll,14.7806,S,1,0,-0.0002,0.0000,-0.0001,0.02280,0.0000
2,104264,4,preroll,14.7806,S,0,0,-0.0002,0.0000,-0.0002,0.03283,0.0000
2,104444,4,preroll,14.7805,S,1,0,-0.0002,0.0000,-0.0002,0.02181,0.0000
2,104643,4,dispense,14.7805,S,0,55,-0.0002,0.0174,-0.0002,0.02526,0.0041
2,104839,4,dispense,14.7805,S,1,55,0.0032,0.0466,-0.0002,0.02024,0.0149
2,105022,4,dispense,14.7805,S,0,55,0.0117,0.0631,0.0021,0.02937,0.0275
2,105219,4,dispense,14.7805,S,1,55,0.0079,0.0588,-0.0000,0.02297,0.0226
2,105403,4,dispense,14.7892,U,1,55,0.0258,0.0813,0.0083,0.02101,0.0462
2,105600,4,dispense,14.7979,U,1,55,0.0339,0.0742,0.0175,0.02189,0.0524
2,105797,4,dispense,14.8194,U,1,55,0.0706,0.1121,0.0380,0.02214,0.0987
2,105975,4,dispense,14.8538,U,1,55,0.1206,0.1511,0.0721,0.02053,0.1584
2,106172,4,dispense,14.8783,U,1,55,0.1303,0.0996,0.0983,0.02176,0.1552
2,106369,4,dispense,14.8858,U,1,55,0.1134,0.0451,0.1063,0.02213,0.1247
2,106551,4,dispense,14.8925,U,1,55,0.1232,0.0645,0.1117,0.02085,0.1393
2,106748,4,dispense,14.9022,U,1,55,0.1396,0.0804,0.1214,0.02184,0.1598
2,106932,4,dispense,14.9263,U,1,55,0.1813,0.1250,0.1447,0.02101,0.2125
2,107124,4,dispense,14.9520,U,1,55,0.2076,0.1155,0.1712,0.02143,0.2365
2,107321,4,dispense,14.9551,U,1,55,0.1786,0.0335,0.1761,0.02203,0.1870
2,107519,4,dispense,14.9528,U,1,55,0.1720,0.0382,0.1725,0.02223,0.1815
2,107699,4,dispense,14.9569,U,1,55,0.1881,0.0715,0.1759,0.02071,0.2060
2,107897,4,dispense,14.9641,U,1,55,0.1996,0.0759,0.1835,0.02189,0.2186
2,108080,4,dispense,14.9920,U,1,55,0.2520,0.1399,0.2100,0.02095,0.2869
2,108277,4,dispense,15.0222,U,1,55,0.2836,0.1265,0.2414,0.02185,0.3152
2,108474,4,dispense,15.0307,U,1,55,0.2596,0.0443,0.2515,0.02214,0.2707
2,108653,4,dispense,15.0326,U,1,55,0.2560,0.0436,0.2523,0.02061,0.2669
2,108850,4,dispense,15.0404,U,1,55,0.2754,0.0777,0.2593,0.02178,0.2949
2,109047,4,dispense,15.0556,U,1,55,0.3003,0.0967,0.2746,0.02214,0.3245
2,109228,4,dispense,15.0761,U,1,55,0.3255,0.1065,0.2951,0.02077,0.3521
2,109425,4,dispense,15.0932,U,1,55,0.3371,0.0875,0.3128,0.02182,0.3589
2,109609,4,dispense,15.0981,U,1,55,0.3257,0.0477,0.3183,0.02101,0.3377
2,109806,4,dispense,15.0945,U,1,55,0.3129,0.0340,0.3146,0.02187,0.3214
2,110003,4,dispense,15.0997,U,1,55,0.3325,0.0748,0.3186,0.02214,0.3512
2,110185,4,dispense,15.1272,U,1,55,0.3882,0.1444,0.3451,0.02085,0.4243
2,110376,4,dispense,15.1579,U,1,55,0.4204,0.1309,0.3770,0.02130,0.4532
2,110573,4,dispense,15.1703,U,1,55,0.4046,0.0571,0.3910,0.02201,0.4189
2,110758,4,dispense,15.1611,U,1,55,0.3696,0.0021,0.3819,0.02110,0.3702
2,110956,4,dispense,15.1525,U,1,55,0.3669,0.0331,0.3719,0.02199,0.3752
2,111141,4,dispense,15.1582,U,1,55,0.3937,0.0857,0.3768,0.02112,0.4151
2,111338,4,dispense,15.1835,U,1,55,0.4425,0.1326,0.4017,0.02190,0.4757
2,111522,4,dispense,15.2181,U,1,55,0.4847,0.1443,0.4368,0.02101,0.5208
2,111719,4,dispense,15.2350,U,1,55,0.4757,0.0713,0.4556,0.02188,0.4936
2,111916,4,dispense,15.2386,U,1,55,0.4623,0.0408,0.4588,0.02214,0.4725
2,112097,4,dispense,15.2377,U,1,55,0.4602,0.0449,0.4573,0.02077,0.4714
2,112294,4,dispense,15.2477,U,1,55,0.4864,0.0875,0.4664,0.02182,0.5083
2,112491,4,dispense,15.2754,U,1,55,0.5362,0.1348,0.4937,0.02214,0.5699
2,112671,4,dispense,15.2888,U,1,55,0.5279,0.0696,0.5092,0.02069,0.5453
2,112868,4,dispense,15.2828,U,1,55,0.4955,0.0138,0.5037,0.02180,0.4989
2,113065,4,dispense,15.2843,U,1,55,0.5114,0.0630,0.5032,0.02214,0.5271
2,113244,4,dispense,15.2930,U,1,55,0.5309,0.0858,0.5120,0.02061,0.5523
2,113441,4,dispense,15.3100,U,1,55,0.5567,0.1006,0.5290,0.02178,0.5819
2,113628,4,dispense,15.3403,U,1,55,0.6019,0.1364,0.5587,0.02126,0.6360
2,113825,4,dispense,15.3624,U,1,55,0.6115,0.0946,0.5823,0.02194,0.6351
2,114008,4,dispense,15.3656,U,1,55,0.5894,0.0341,0.5862,0.02093,0.5979
2,114206,4,dispense,15.3708,U,1,55,0.5999,0.0621,0.5900,0.02195,0.6154
2,114403,4,dispense,15.3828,U,1,55,0.6239,0.0903,0.6017,0.02216,0.6465
2,114583,4,dispense,15.4058,U,1,55,0.6593,0.1199,0.6245,0.02069,0.6893
2,114781,4,dispense,15.4321,U,1,55,0.6881,0.1157,0.6512,0.02189,0.7170
2,114965,4,dispense,15.4462,U,1,55,0.6844,0.0693,0.6663,0.02103,0.7017
2,115162,4,dispense,15.4457,U,1,55,0.6659,0.0332,0.6661,0.02187,0.6742
2,115360,4,dispense,15.4470,U,1,55,0.6733,0.0575,0.6663,0.02223,0.6876
2,115540,4,dispense,15.4598,U,1,55,0.7021,0.0979,0.6785,0.02071,0.7266
2,115737,4,dispense,15.4861,U,1,55,0.7445,0.1278,0.7046,0.02180,0.7765
2,115922,4,dispense,15.5081,U,1,55,0.7577,0.0988,0.7278,0.02109,0.7824
2,116119,4,dispense,15.5127,U,1,55,0.7385,0.0420,0.7333,0.02189,0.7490
2,116316,4,dispense,15.5070,U,1,55,0.7222,0.0271,0.7271,0.02214,0.7290
2,116497,4,dispense,15.5118,U,1,55,0.7438,0.0759,0.7306,0.02077,0.7628
2,116694,4,dispense,15.5326,U,1,55,0.7859,0.1200,0.7510,0.02182,0.8159
2,116881,4,dispense,15.5662,U,1,55,0.8323,0.1449,0.7847,0.02126,0.8685
2,117078,4,dispense,15.5896,U,1,55,0.8392,0.0937,0.8096,0.02194,0.8626
2,117261,4,dispense,15.5981,U,1,55,0.8281,0.0504,0.8183,0.02093,0.8407
2,117459,4,dispense,15.6015,U,1,55,0.8279,0.0526,0.8211,0.02195,0.8411
2,117643,4,dispense,15.6070,U,1,55,0.8388,0.0688,0.8263,0.02103,0.8560
2,117840,4,dispense,15.6338,U,1,55,0.8932,0.1348,0.8517,0.02188,0.9269
2,118037,4,dispense,15.6580,U,1,55,0.9110,0.1056,0.8776,0.02214,0.9374
2,118218,4,dispense,15.6518,U,1,55,0.8637,0.0000,0.8733,0.02077,0.8637
2,118414,4,dispense,15.6459,U,1,55,0.8607,0.0317,0.8653,0.02173,0.8686
2,118611,4,dispense,15.6612,U,1,55,0.9094,0.1149,0.8791,0.02212,0.9381
2,118791,4,dispense,15.6895,U,1,55,0.9511,0.1386,0.9081,0.02069,0.9857
2,118988,4,dispense,15.7287,U,1,55,0.9999,0.1501,0.9472,0.02180,1.0374
2,119169,4,settle,15.7472,U,0,0,,,,,
2,119359,4,settle,15.7689,U,0,0,,,,,
2,119549,4,settle,15.7713,U,0,0,,,,,
2,119742,4,settle,15.7707,U,0,0,,,,,
2,119934,4,settle,15.7699,U,0,0,,,,,
2,120126,4,settle,15.7705,U,0,0,,,,,
2,120315,4,settle,15.7707,U,0,0,,,,,
2,120507,4,settle,15.7706,U,0,0,,,,,
2,120699,4,settle,15.7704,U,0,0,,,,,
2,120890,4,settle,15.7703,U,0,0,,,,,
2,121079,4,settle,15.7702,U,0,0,,,,,
2,121272,4,settle,15.7701,U,0,0,,,,,
2,121463,4,settle,15.7700,U,0,0,,,,,
2,121655,4,settle,15.7699,U,0,0,,,,,
2,121847,4,settle,15.7699,S,0,0,,,,,
2,122037,4,settle,15.7697,U,0,0,,,,,
2,122227,4,settle,15.7695,U,0,0,,,,,
2,122419,4,settle,15.7694,U,0,0,,,,,
2,122612,4,settle,15.7693,U,0,0,,,,,
2,122803,4,settle,15.7693,U,0,0,,,,,
2,122993,4,settle,15.7692,U,0,0,,,,,
2,123185,4,settle,15.7692,S,0,0,,,,,
2,123384,4,settle,15.7691,S,0,0,,,,,
2,123571,4,settle,15.7691,S,0,0,,,,,
2,123757,4,settle,15.7691,S,0,0,,,,,
2,123950,4,settle,15.7691,S,0,0,,,,,
2,124141,4,settle,15.7691,S,0,0,,,,,
2,124333,4,settle,15.7691,S,0,0,,,,,
2,124525,4,settle,15.7691,S,0,0,,,,,
2,124715,4,settle,15.7691,S,0,0,,,,,
2,124905,4,settle,15.7691,S,0,0,,,,,
2,125098,4,settle,15.7691,S,0,0,,,,,
2,125385,4,settle,15.7691,S,0,0,,,,,
2,125575,4,settle,15.7690,S,0,0,,,,,
2,125767,4,settle,15.7690,S,0,0,,,,,
2,125959,4,settle,15.7690,S,0,0,,,,,
2,126149,4,settle,15.7690,S,0,0,,,,,
2,126342,4,settle,15.7690,S,0,0,,,,,
2,126532,4,settle,15.7690,S,0,0,,,,,
2,126724,4,settle,15.7691,S,0,0,,,,,
2,126915,4,settle,15.7691,S,0,0,,,,,
2,127107,4,settle,15.7691,S,0,0,,,,,
2,127296,4,settle,15.7691,S,0,0,,,,,
2,127489,4,settle,15.7691,S,0,0,,,,,
2,127680,4,settle,15.7691,S,0,0,,,,,
2,127871,4,settle,15.7695,U,0,0,,,,,
2,128063,4,settle,15.7695,U,0,0,,,,,
2,128253,4,settle,15.7696,S,0,0,,,,,
2,129690,5,preroll,15.7697,S,1,0,0.0000,0.0000,0.0000,0.01649,0.0000
2,129886,5,preroll,15.7697,S,0,0,0.0000,0.0000,0.0000,0.02711,0.0000
2,130081,5,preroll,15.7697,S,1,0,0.0000,0.0000,0.0000,0.02192,0.0000
2,130277,5,preroll,15.7697,S,0,0,0.0000,0.0000,0.0000,0.03202,0.0000
2,130456,5,preroll,15.7697,S,1,0,0.0000,0.0000,0.0000,0.02158,0.0000
2,130652,5,preroll,15.7697,S,0,0,0.0000,0.0000,0.0000,0.03159,0.0000
2,130846,5,preroll,15.7697,S,1,0,0.0000,0.0000,0.0000,0.02289,0.0000
2,131030,5,preroll,15.7697,S,0,0,0.0000,0.0000,0.0000,0.03196,0.0000
2,131226,5,dispense,15.7697,S,1,55,0.0000,0.0174,0.0000,0.01690,0.0000
2,131422,5,dispense,15.7697,S,0,55,0.0034,0.0465,0.0000,0.02701,0.0000
2,131606,5,dispense,15.7698,S,1,55,0.0080,0.0590,0.0002,0.02219,0.0001
2,131803,5,dispense,15.7770,U,1,55,0.0233,0.0769,0.0072,0.02186,0.0073
2,131991,5,dispense,15.7855,U,1,55,0.0320,0.0740,0.0160,0.02137,0.0158
2,132189,5,dispense,15.7970,U,1,55,0.0465,0.0808,0.0273,0.02205,0.0273
2,132371,5,dispense,15.8148,U,1,55,0.0721,0.1012,0.0447,0.02087,0.0451
2,132568,5,dispense,15.8334,U,1,55,0.0911,0.0962,0.0637,0.02184,0.0637
2,132752,5,dispense,15.8409,U,1,55,0.0831,0.0559,0.0721,0.02101,0.0712
2,132949,5,dispense,15.8416,U,1,55,0.0759,0.0446,0.0725,0.02187,0.0719
2,133146,5,dispense,15.8502,U,1,55,0.0975,0.0811,0.0801,0.02214,0.0805
2,133327,5,dispense,15.8782,U,1,55,0.1500,0.1423,0.1073,0.02077,0.1085
2,133524,5,dispense,15.9115,U,1,55,0.1877,0.1358,0.1415,0.02182,0.1418
2,133709,5,dispense,15.9278,U,1,55,0.1784,0.0679,0.1593,0.02109,0.1581
2,133906,5,dispense,15.9281,U,1,55,0.1590,0.0315,0.1595,0.02189,0.1584
2,134103,5,dispense,15.9314,U,1,55,0.1711,0.0635,0.1615,0.02214,0.1617
2,134284,5,dispense,15.9424,U,1,55,0.1933,0.0899,0.1723,0.02077,0.1727
2,134481,5,dispense,15.9657,U,1,55,0.2310,0.1186,0.1953,0.02182,0.1960
2,134665,5,dispense,15.9996,U,1,55,0.2761,0.1437,0.2291,0.02101,0.2299
2,134862,5,dispense,16.0154,U,1,55,0.2664,0.0701,0.2470,0.02187,0.2457
2,135059,5,dispense,16.0197,U,1,55,0.2555,0.0440,0.2508,0.02214,0.2500
2,135247,5,dispense,16.0207,U,1,55,0.2568,0.0518,0.2512,0.02136,0.2510
2,135430,5,dispense,16.0239,U,1,55,0.2644,0.0635,0.2543,0.02074,0.2542
2,135628,5,dispense,16.0440,U,1,55,0.3062,0.1154,0.2733,0.02194,0.2743
2,135825,5,dispense,16.0599,U,1,55,0.3142,0.0854,0.2907,0.02216,0.2902
2,136005,5,dispense,16.0575,U,1,55,0.2868,0.0225,0.2892,0.02069,0.2878
2,136202,5,dispense,16.0624,U,1,55,0.3030,0.0662,0.2923,0.02180,0.2927
2,136386,5,dispense,16.0791,U,1,55,0.3376,0.1093,0.3086,0.02101,0.3094
2,136583,5,dispense,16.1040,U,1,55,0.3709,0.1188,0.3339,0.02187,0.3343
2,136780,5,dispense,16.1415,U,1,55,0.4212,0.1459,0.3710,0.02214,0.3718
2,136961,5,dispense,16.1672,U,1,55,0.4305,0.1003,0.3981,0.02077,0.3975
2,137158,5,dispense,16.1694,U,1,55,0.4018,0.0292,0.4014,0.02182,0.3997
2,137343,5,dispense,16.1721,U,1,55,0.4089,0.0548,0.4023,0.02109,0.4024
2,137540,5,dispense,16.1806,U,1,55,0.4286,0.0818,0.4106,0.02189,0.4109
2,137737,5,dispense,16.1943,U,1,55,0.4476,0.0897,0.4245,0.02214,0.4246
2,137918,5,dispense,16.2149,U,1,55,0.4753,0.1079,0.4448,0.02077,0.4452
2,138115,5,dispense,16.2339,U,1,55,0.4915,0.0944,0.4644,0.02182,0.4642
2,138299,5,dispense,16.2389,U,1,55,0.4775,0.0461,0.4703,0.02101,0.4692
2,138491,5,dispense,16.2404,U,1,55,0.4759,0.0486,0.4711,0.02143,0.4707
2,138688,5,dispense,16.2506,U,1,55,0.5002,0.0862,0.4804,0.02203,0.4809
2,138886,5,dispense,16.2774,U,1,55,0.5477,0.1306,0.5068,0.02223,0.5077
2,139065,5,settle,16.2907,U,0,0,,,,,
2,139252,5,settle,16.3060,U,0,0,,,,,
2,139442,5,settle,16.3082,U,0,0,,,,,
2,139633,5,settle,16.3211,U,0,0,,,,,
2,139824,5,settle,16.3536,U,0,0,,,,,
2,140015,5,settle,16.3793,U,0,0,,,,,
2,140207,5,settle,16.3865,U,0,0,,,,,
2,140399,5,settle,16.3855,U,0,0,,,,,
2,140590,5,settle,16.3847,U,0,0,,,,,
2,140780,5,settle,16.3846,U,0,0,,,,,
2,140972,5,settle,16.3845,U,0,0,,,,,
2,141164,5,settle,16.3844,U,0,0,,,,,
2,141355,5,settle,16.3843,U,0,0,,,,,
2,141545,5,settle,16.3843,U,0,0,,,,,
2,141737,5,settle,16.3842,U,0,0,,,,,
2,141928,5,settle,16.3842,S,0,0,,,,,
2,142119,5,settle,16.3841,U,0,0,,,,,
2,142311,5,settle,16.3841,S,0,0,,,,,
2,142501,5,settle,16.3840,S,0,0,,,,,
2,142693,5,settle,16.3839,U,0,0,,,,,
2,142885,5,settle,16.3839,U,0,0,,,,,
2,143076,5,settle,16.3838,U,0,0,,,,,
2,143268,5,settle,16.3838,S,0,0,,,,,
2,143458,5,settle,16.3838,S,0,0,,,,,
2,143649,5,settle,16.3838,S,0,0,,,,,
2,143842,5,settle,16.3837,S,0,0,,,,,
2,144033,5,settle,16.3837,S,0,0,,,,,
2,144222,5,settle,16.3837,S,0,0,,,,,
2,144415,5,settle,16.3837,S,0,0,,,,,
2,144605,5,settle,16.3837,S,0,0,,,,,
2,144797,5,settle,16.3837,S,0,0,,,,,
2,144989,5,settle,16.3837,S,0,0,,,,,
2,145276,5,settle,16.3837,S,0,0,,,,,
2,145466,5,settle,16.3837,S,0,0,,,,,
2,145659,5,settle,16.3837,S,0,0,,,,,
2,145850,5,settle,16.3837,S,0,0,,,,,
2,146039,5,settle,16.3837,S,0,0,,,,,
2,146231,5,settle,16.3837,S,0,0,,,,,
2,146423,5,settle,16.3837,S,0,0,,,,,
2,146615,5,settle,16.3837,S,0,0,,,,,
2,146806,5,settle,16.3837,S,0,0,,,,,
2,146996,5,settle,16.3837,S,0,0,,,,,
2,147188,5,settle,16.3837,S,0,0,,,,,
2,147380,5,settle,16.3837,S,0,0,,,,,
2,147572,5,settle,16.3837,S,0,0,,,,,
2,147763,5,settle,16.3837,S,0,0,,,,,
2,147953,5,settle,16.3837,S,0,0,,,,,
2,148145,5,settle,16.3836,S,0,0,,,,,
2,149581,6,preroll,16.3836,S,1,0,0.0000,0.0000,0.0000,0.01649,0.0000
2,149777,6,preroll,16.3835,S,1,0,-0.0004,0.0000,-0.0001,0.01809,0.0000
2,149973,6,preroll,16.3835,S,0,0,-0.0004,0.0000,-0.0003,0.02860,0.0000
2,150159,6,preroll,16.3835,S,1,0,0.0001,0.0006,-0.0001,0.02136,0.0000
2,150356,6,preroll,16.3835,S,0,0,0.0002,0.0003,0.0001,0.03152,0.0000
2,150539,6,preroll,16.3834,S,1,0,-0.0004,0.0000,-0.0002,0.02192,0.0000
2,150736,6,preroll,16.3834,S,0,0,-0.0004,0.0000,-0.0003,0.03201,0.0000
2,150931,6,preroll,16.3834,S,1,0,-0.0001,0.0002,-0.0002,0.02306,0.0000
2,151117,6,dispense,16.3834,S,0,55,-0.0001,0.0176,-0.0002,0.02656,0.0575
2,151314,6,dispense,16.3833,S,1,55,0.0030,0.0464,-0.0003,0.02049,0.0556
2,151497,6,dispense,16.3833,S,0,55,0.0115,0.0629,0.0020,0.02961,0.0864
2,151694,6,dispense,16.3826,U,1,55,0.0067,0.0579,-0.0008,0.02299,0.0671
2,151880,6,dispense,16.3712,U,1,55,-0.0211,0.0145,-0.0113,0.02118,0.0249
2,152078,6,dispense,16.3691,U,1,55,-0.0097,0.0568,-0.0148,0.02203,0.0486
2,152263,6,dispense,16.3941,U,1,55,0.0507,0.1441,0.0089,0.02112,0.1290
2,152461,6,dispense,16.4264,U,1,55,0.0889,0.1368,0.0425,0.02199,0.1671
2,152644,6,dispense,16.4397,U,1,55,0.0728,0.0581,0.0575,0.02095,0.1292
2,152841,6,dispense,16.4478,U,1,55,0.0749,0.0583,0.0645,0.02186,0.1332
2,153038,6,dispense,16.4566,U,1,55,0.0890,0.0751,0.0729,0.02214,0.1521
2,153217,6,dispense,16.4782,U,1,55,0.1272,0.1189,0.0938,0.02061,0.1981
2,153409,6,dispense,16.5074,U,1,55,0.1651,0.1302,0.1233,0.02133,0.2403
2,153606,6,dispense,16.5126,U,1,55,0.1360,0.0380,0.1308,0.02203,0.1895
2,153804,6,dispense,16.5009,U,1,55,0.1040,0.0045,0.1185,0.02223,0.1496
2,153984,6,dispense,16.5006,U,1,55,0.1237,0.0647,0.1164,0.02071,0.1813
2,154182,6,dispense,16.5094,U,1,55,0.1461,0.0887,0.1255,0.02189,0.2120
2,154365,6,dispense,16.5318,U,1,55,0.1822,0.1198,0.1475,0.02095,0.2540
2,154563,6,dispense,16.5681,U,1,55,0.2341,0.1478,0.1835,0.02194,0.3149
2,154749,6,dispense,16.5901,U,1,55,0.2346,0.0868,0.2074,0.02120,0.2987
2,154946,6,dispense,16.5943,U,1,55,0.2153,0.0380,0.2119,0.02192,0.2687
2,155130,6,dispense,16.6034,U,1,55,0.2350,0.0768,0.2194,0.02101,0.2962
2,155327,6,dispense,16.6150,U,1,55,0.2523,0.0857,0.2313,0.02188,0.3175
2,155524,6,dispense,16.6338,U,1,55,0.2784,0.1010,0.2499,0.02214,0.3480
2,155705,6,dispense,16.6571,U,1,55,0.3064,0.1124,0.2732,0.02077,0.3761
2,155902,6,dispense,16.6708,U,1,55,0.3069,0.0739,0.2880,0.02182,0.3690
2,156087,6,dispense,16.6727,U,1,55,0.2935,0.0399,0.2900,0.02109,0.3457
2,156284,6,dispense,16.6756,U,1,55,0.3003,0.0588,0.2920,0.02189,0.3588
2,156481,6,dispense,16.6909,U,1,55,0.3336,0.1021,0.3066,0.02214,0.4034
2,156669,6,dispense,16.7171,U,1,55,0.3716,0.1258,0.3329,0.02136,0.4458
2,156851,6,dispense,16.7362,U,1,55,0.3795,0.0907,0.3531,0.02066,0.4435
2,157049,6,dispense,16.7412,U,1,55,0.3650,0.0458,0.3587,0.02192,0.4203
2,157235,6,dispense,16.7432,U,1,55,0.3656,0.0511,0.3599,0.02120,0.4208
2,157432,6,dispense,16.7513,U,1,55,0.3843,0.0790,0.3674,0.02192,0.4478
2,157629,6,dispense,16.7719,U,1,55,0.4204,0.1128,0.3877,0.02214,0.4929
2,157808,6,dispense,16.8073,U,1,55,0.4725,0.1540,0.4226,0.02061,0.5522
2,157994,6,settle,16.8206,U,0,0,,,,,
2,158186,6,settle,16.8307,U,0,0,,,,,
2,158377,6,settle,16.8341,U,0,0,,,,,
2,158566,6,settle,16.8333,U,0,0,,,,,
2,158759,6,settle,16.8343,U,0,0,,,,,
2,158950,6,settle,16.8419,U,0,0,,,,,
2,159141,6,settle,16.8442,U,0,0,,,,,
2,159334,6,settle,16.8425,U,0,0,,,,,
2,159523,6,settle,16.8417,U,0,0,,,,,
2,159716,6,settle,16.8415,U,0,0,,,,,
2,159907,6,settle,16.8414,U,0,0,,,,,
2,160098,6,settle,16.8413,U,0,0,,,,,
2,160288,6,settle,16.8412,U,0,0,,,,,
2,160480,6,settle,16.8411,U,0,0,,,,,
2,160672,6,settle,16.8410,U,0,0,,,,,
2,160864,6,settle,16.8410,U,0,0,,,,,
2,161056,6,settle,16.8409,U,0,0,,,,,
2,161246,6,settle,16.8409,S,0,0,,,,,
2,161437,6,settle,16.8408,U,0,0,,,,,
2,161629,6,settle,16.8407,U,0,0,,,,,
2,161820,6,settle,16.8406,U,0,0,,,,,
2,162012,6,settle,16.8405,U,0,0,,,,,
2,162202,6,settle,16.8405,S,0,0,,,,,
2,162394,6,settle,16.8404,U,0,0,,,,,
2,162585,6,settle,16.8404,S,0,0,,,,,
2,162777,6,settle,16.8404,S,0,0,,,,,
2,162967,6,settle,16.8404,S,0,0,,,,,
2,163159,6,settle,16.8403,S,0,0,,,,,
2,163350,6,settle,16.8403,S,0,0,,,,,
2,163541,6,settle,16.8403,S,0,0,,,,,
2,163734,6,settle,16.8403,S,0,0,,,,,
2,163923,6,settle,16.8403,S,0,0,,,,,
2,164210,6,settle,16.8402,S,0,0,,,,,
2,164402,6,settle,16.8402,S,0,0,,,,,
2,164594,6,settle,16.8402,S,0,0,,,,,
2,164784,6,settle,16.8402,S,0,0,,,,,
2,164976,6,settle,16.8402,S,0,0,,,,,
2,165167,6,settle,16.8402,S,0,0,,,,,
2,165359,6,settle,16.8402,S,0,0,,,,,
2,165551,6,settle,16.8402,S,0,0,,,,,
2,165741,6,settle,16.8402,S,0,0,,,,,
2,165932,6,settle,16.8402,S,0,0,,,,,
2,166129,6,settle,16.8402,S,0,0,,,,,
2,166317,6,settle,16.8401,S,0,0,,,,,
2,166505,6,settle,16.8397,U,0,0,,,,,
2,166697,6,settle,16.8397,U,0,0,,,,,
2,166888,6,settle,16.8396,U,0,0,,,,,
2,167080,6,settle,16.8395,U,0,0,,,,,
2,168708,7,preroll,16.8393,S,1,0,0.0000,0.0000,0.0000,0.01649,0.0000
2,168904,7,preroll,16.8393,S,0,0,0.0000,0.0000,0.0000,0.02711,0.0000
2,169098,7,preroll,16.8393,S,1,0,0.0000,0.0000,0.0000,0.02182,0.0000
2,169294,7,preroll,16.8393,S,0,0,0.0000,0.0000,0.0000,0.03192,0.0000
2,169473,7,preroll,16.8393,S,1,0,0.0000,0.0000,0.0000,0.02157,0.0000
2,169669,7,preroll,16.8393,S,0,0,0.0000,0.0000,0.0000,0.03158,0.0000
2,169864,7,preroll,16.8393,S,1,0,0.0000,0.0000,0.0000,0.02298,0.0000
2,170060,7,preroll,16.8393,S,0,0,0.0000,0.0000,0.0000,0.03299,0.0000
2,170239,7,dispense,16.8392,S,1,55,-0.0002,0.0172,-0.0001,0.01761,0.0041
2,170437,7,dispense,16.8392,S,0,55,0.0032,0.0467,-0.0002,0.02785,0.0149
2,170634,7,dispense,16.8392,S,1,55,0.0083,0.0604,-0.0000,0.02342,0.0234
2,170816,7,dispense,16.8392,S,0,55,0.0193,0.0718,0.0056,0.03227,0.0372
2,171013,7,dispense,16.8501,U,1,55,0.0258,0.0730,0.0109,0.02325,0.0441
2,171196,7,dispense,16.8713,U,1,55,0.0643,0.1167,0.0313,0.02093,0.0935
2,171393,7,dispense,16.9039,U,1,55,0.1099,0.1383,0.0638,0.02188,0.1444
2,171590,7,dispense,16.9158,U,1,55,0.0913,0.0557,0.0779,0.02214,0.1052
2,171778,7,dispense,16.9150,U,1,55,0.0756,0.0310,0.0765,0.02136,0.0833
2,171961,7,dispense,16.9229,U,1,55,0.0988,0.0796,0.0830,0.02074,0.1186
2,172159,7,dispense,16.9334,U,1,55,0.1143,0.0841,0.0941,0.02194,0.1354
2,172344,7,dispense,16.9600,U,1,55,0.1590,0.1305,0.1197,0.02111,0.1917
2,172541,7,dispense,16.9929,U,1,55,0.1985,0.1344,0.1531,0.02190,0.2321
2,172738,7,dispense,17.0038,U,1,55,0.1772,0.0507,0.1660,0.02214,0.1899
2,172917,7,dispense,17.0076,U,1,55,0.1743,0.0471,0.1687,0.02061,0.1861
2,173114,7,dispense,17.0184,U,1,55,0.1981,0.0850,0.1786,0.02178,0.2194
2,173311,7,dispense,17.0364,U,1,55,0.2256,0.1027,0.1968,0.02214,0.2513
2,173493,7,dispense,17.0617,U,1,55,0.2581,0.1194,0.2220,0.02085,0.2879
2,173690,7,dispense,17.0838,U,1,55,0.2747,0.0989,0.2447,0.02184,0.2994
2,173874,7,dispense,17.0919,U,1,55,0.2640,0.0528,0.2536,0.02101,0.2773
2,174071,7,dispense,17.0954,U,1,55,0.2633,0.0526,0.2565,0.02187,0.2765
2,174268,7,dispense,17.1044,U,1,55,0.2824,0.0801,0.2648,0.02214,0.3024
2,174449,7,dispense,17.1229,U,1,55,0.3126,0.1081,0.2831,0.02077,0.3396
2,174646,7,dispense,17.1458,U,1,55,0.3396,0.1097,0.3063,0.02182,0.3670
2,174830,7,dispense,17.1637,U,1,55,0.3491,0.0870,0.3248,0.02101,0.3709
2,175022,7,dispense,17.1681,U,1,55,0.3364,0.0465,0.3298,0.02143,0.3480
2,175219,7,dispense,17.1755,U,1,55,0.3495,0.0699,0.3361,0.02203,0.3670
2,175417,7,dispense,17.1915,U,1,55,0.3785,0.0995,0.3517,0.02223,0.4034
2,175595,7,dispense,17.2195,U,1,55,0.4201,0.1336,0.3794,0.02055,0.4535
2,175792,7,dispense,17.2512,U,1,55,0.4547,0.1286,0.4116,0.02176,0.4869
2,175989,7,dispense,17.2635,U,1,55,0.4387,0.0560,0.4255,0.02213,0.4528
2,176170,7,dispense,17.2699,U,1,55,0.4400,0.0555,0.4309,0.02077,0.4539
2,176368,7,dispense,17.2756,U,1,55,0.4486,0.0664,0.4364,0.02191,0.4652
2,176552,7,dispense,17.2915,U,1,55,0.4779,0.1015,0.4516,0.02103,0.5033
2,176749,7,dispense,17.3215,U,1,55,0.5251,0.1356,0.4813,0.02187,0.5590
2,176946,7,dispense,17.3311,U,1,55,0.5046,0.0522,0.4933,0.02214,0.5176
2,177127,7,dispense,17.3216,U,1,55,0.4715,0.0020,0.4837,0.02077,0.4720
2,177324,7,dispense,17.3227,U,1,55,0.4908,0.0637,0.4827,0.02182,0.5068
2,177508,7,dispense,17.3368,U,1,55,0.5237,0.1058,0.4968,0.02101,0.5501
2,177705,7,dispense,17.3670,U,1,55,0.5716,0.1380,0.5268,0.02187,0.6060
2,177902,7,dispense,17.4077,U,1,55,0.6216,0.1517,0.5677,0.02214,0.6595
2,178083,7,dispense,17.4282,U,1,55,0.6142,0.0772,0.5900,0.02077,0.6335
2,178273,7,dispense,17.4280,U,1,55,0.5879,0.0232,0.5902,0.02119,0.5937
2,178470,7,dispense,17.4363,U,1,55,0.6118,0.0774,0.5963,0.02199,0.6311
2,178668,7,dispense,17.4578,U,1,55,0.6528,0.1187,0.6177,0.02223,0.6825
2,178848,7,dispense,17.4878,U,1,55,0.6903,0.1335,0.6480,0.02071,0.7237
2,179045,7,dispense,17.5146,U,1,55,0.7106,0.1086,0.6755,0.02180,0.7377
2,179229,7,dispense,17.5279,U,1,55,0.7057,0.0649,0.6894,0.02101,0.7219
2,179426,7,dispense,17.5308,U,1,55,0.6970,0.0454,0.6922,0.02187,0.7083
2,179623,7,dispense,17.5344,U,1,55,0.7048,0.0621,0.6951,0.02214,0.7203
2,179804,7,dispense,17.5451,U,1,55,0.7254,0.0870,0.7055,0.02077,0.7472
2,180001,7,dispense,17.5656,U,1,55,0.7578,0.1101,0.7258,0.02182,0.7853
2,180186,7,dispense,17.5839,U,1,55,0.7710,0.0927,0.7448,0.02109,0.7942
2,180383,7,dispense,17.5920,U,1,55,0.7649,0.0583,0.7535,0.02189,0.7795
2,180580,7,dispense,17.5943,U,1,55,0.7612,0.0502,0.7555,0.02214,0.7738
2,180761,7,dispense,17.6038,U,1,55,0.7820,0.0829,0.7641,0.02077,0.8027
2,180958,7,dispense,17.6239,U,1,55,0.8161,0.1112,0.7840,0.02182,0.8439
2,181142,7,dispense,17.6566,U,1,55,0.8626,0.1431,0.8164,0.02101,0.8983
2,181339,7,dispense,17.6758,U,1,55,0.8621,0.0829,0.8375,0.02187,0.8828
2,181527,7,dispense,17.6799,U,1,55,0.8459,0.0394,0.8416,0.02135,0.8557
2,181724,7,dispense,17.6820,U,1,55,0.8492,0.0538,0.8428,0.02196,0.8627
2,181907,7,dispense,17.6854,U,1,55,0.8566,0.0640,0.8462,0.02093,0.8726
2,182104,7,dispense,17.7030,U,1,55,0.8923,0.1071,0.8629,0.02186,0.9190
2,182301,7,dispense,17.7218,U,1,55,0.9106,0.0972,0.8826,0.02214,0.9349
2,182482,7,dispense,17.7191,U,1,55,0.8786,0.0199,0.8814,0.02077,0.8835
2,182679,7,dispense,17.7135,U,1,55,0.8707,0.0317,0.8746,0.02182,0.8786
2,182863,7,dispense,17.7209,U,1,55,0.8986,0.0871,0.8809,0.02101,0.9204
2,183060,7,dispense,17.7464,U,1,55,0.9469,0.1323,0.9060,0.02187,0.9799
2,183257,7,dispense,17.7809,U,1,55,0.9882,0.1377,0.9411,0.02214,1.0226
2,183438,7,dispense,17.8110,U,1,55,1.0101,0.1164,0.9718,0.02077,1.0392
2,183635,7,dispense,17.8182,U,1,55,0.9876,0.0431,0.9805,0.02182,0.9983
2,183832,7,dispense,17.8224,U,1,55,0.9905,0.0545,0.9833,0.02214,1.0042
2,184012,7,dispense,17.8349,U,1,55,1.0173,0.0937,0.9950,0.02069,1.0407
2,184209,7,dispense,17.8515,U,1,55,1.0389,0.0974,1.0121,0.02180,1.0633
2,184406,7,dispense,17.8741,U,1,55,1.0666,0.1071,1.0345,0.02214,1.0934
2,184585,7,dispense,17.8932,U,1,55,1.0807,0.0937,1.0541,0.02061,1.1041
2,184776,7,dispense,17.8999,U,1,55,1.0714,0.0537,1.0616,0.02124,1.0849
2,184974,7,dispense,17.9041,U,1,55,1.0734,0.0566,1.0651,0.02210,1.0876
2,185160,7,dispense,17.9141,U,1,55,1.0931,0.0832,1.0745,0.02120,1.1139
2,185358,7,dispense,17.9369,U,1,55,1.1322,0.1179,1.0969,0.02201,1.1616
2,185541,7,dispense,17.9614,U,1,55,1.1565,0.1124,1.1220,0.02095,1.1846
2,185738,7,dispense,17.9776,U,1,55,1.1602,0.0785,1.1389,0.02186,1.1798
2,185935,7,dispense,17.9832,U,1,55,1.1525,0.0512,1.1446,0.02214,1.1653
2,186116,7,dispense,17.9907,U,1,55,1.1651,0.0709,1.1513,0.02077,1.1828
2,186313,7,dispense,18.0031,U,1,55,1.1853,0.0878,1.1636,0.02182,1.2072
2,186498,7,dispense,18.0310,U,1,55,1.2318,0.1346,1.1907,0.02109,1.2655
2,186695,7,dispense,18.0653,U,1,55,1.2724,0.1373,1.2255,0.02189,1.3068
2,186892,7,dispense,18.0748,U,1,55,1.2460,0.0445,1.2372,0.02214,1.2572
2,187073,7,dispense,18.0732,U,1,55,1.2330,0.0296,1.2346,0.02077,1.2403
2,187270,7,dispense,18.0747,U,1,55,1.2432,0.0603,1.2352,0.02182,1.2583
2,187454,7,dispense,18.0913,U,1,55,1.2801,0.1107,1.2511,0.02101,1.3078
2,187651,7,dispense,18.1209,U,1,55,1.3245,0.1347,1.2808,0.02187,1.3582
2,187848,7,dispense,18.1300,U,1,55,1.3026,0.0498,1.2922,0.02214,1.3150
2,188036,7,dispense,18.1206,U,1,55,1.2706,0.0052,1.2826,0.02136,1.2719
2,188219,7,dispense,18.1242,U,1,55,1.2953,0.0725,1.2841,0.02074,1.3134
2,188417,7,dispense,18.1442,U,1,55,1.3389,0.1210,1.3039,0.02194,1.3692
2,188614,7,dispense,18.1752,U,1,55,1.3793,0.1326,1.3354,0.02216,1.4125
2,188794,7,dispense,18.2149,U,1,55,1.4272,0.1544,1.3748,0.02069,1.4658
2,188991,7,dispense,18.2371,U,1,55,1.4256,0.0849,1.3989,0.02180,1.4468
2,189175,7,dispense,18.2385,U,1,55,1.4002,0.0256,1.4006,0.02101,1.4066
2,189372,7,dispense,18.2470,U,1,55,1.4221,0.0751,1.4071,0.02187,1.4408
2,189569,7,dispense,18.2596,U,1,55,1.4428,0.0900,1.4201,0.02214,1.4653
2,189748,7,dispense,18.2780,U,1,55,1.4664,0.1021,1.4385,0.02061,1.4920
2,189945,7,dispense,18.3022,U,1,55,1.4971,0.1127,1.4625,0.02178,1.5252
2,190142,7,dispense,18.3157,U,1,55,1.4949,0.0702,1.4772,0.02214,1.5124
2,190324,7,dispense,18.3190,U,1,55,1.4860,0.0453,1.4804,0.02085,1.4973
2,190521,7,dispense,18.3220,U,1,55,1.4911,0.0583,1.4828,0.02184,1.5057
2,190705,7,dispense,18.3288,U,1,55,1.5041,0.0740,1.4894,0.02101,1.5226
2,190902,7,dispense,18.3483,U,1,55,1.5396,0.1101,1.5083,0.02187,1.5671
2,191110,7,dispense,18.3696,U,1,55,1.5607,0.1002,1.5304,0.02316,1.5858
2,191287,7,dispense,18.3818,U,1,55,1.5597,0.0682,1.5431,0.02069,1.5767
2,191472,7,dispense,18.3895,U,1,55,1.5627,0.0626,1.5506,0.02069,1.5784
2,191670,7,dispense,18.4041,U,1,55,1.5879,0.0921,1.5643,0.02198,1.6109
2,191853,7,dispense,18.4269,U,1,55,1.6212,0.1167,1.5871,0.02095,1.6504
2,192050,7,dispense,18.4616,U,1,55,1.6694,0.1420,1.6214,0.02186,1.7049
2,192247,7,dispense,18.4843,U,1,55,1.6735,0.0887,1.6458,0.02214,1.6956
2,192426,7,dispense,18.4897,U,1,55,1.6574,0.0409,1.6515,0.02061,1.6676
2,192623,7,dispense,18.4919,U,1,55,1.6585,0.0511,1.6528,0.02178,1.6713
2,192820,7,dispense,18.4955,U,1,55,1.6671,0.0650,1.6562,0.02214,1.6833
2,193001,7,dispense,18.5163,U,1,55,1.7094,0.1210,1.6760,0.02077,1.7397
2,193198,7,dispense,18.5387,U,1,55,1.7327,0.1086,1.6994,0.02182,1.7598
2,193383,7,dispense,18.5352,U,1,55,1.6926,0.0123,1.6979,0.02109,1.6957
2,193580,7,dispense,18.5296,U,1,55,1.6862,0.0313,1.6906,0.02189,1.6941
2,193777,7,dispense,18.5414,U,1,55,1.7260,0.1021,1.7010,0.02214,1.7515
2,193958,7,dispense,18.5769,U,1,55,1.7893,0.1663,1.7361,0.02077,1.8309
2,194155,7,dispense,18.6124,U,1,55,1.8205,0.1348,1.7732,0.02182,1.8542
2,194350,7,dispense,18.6388,U,1,55,1.8307,0.0951,1.8000,0.02196,1.8544
2,194531,7,dispense,18.6416,U,1,55,1.8058,0.0300,1.8037,0.02073,1.8133
2,194729,7,dispense,18.6411,U,1,55,1.8040,0.0437,1.8021,0.02191,1.8150
2,194914,7,dispense,18.6481,U,1,55,1.8244,0.0799,1.8084,0.02111,1.8444
2,195112,7,dispense,18.6605,U,1,55,1.8435,0.0890,1.8211,0.02199,1.8657
2,195295,7,dispense,18.6828,U,1,55,1.8761,0.1147,1.8430,0.02095,1.9048
2,195492,7,dispense,18.7048,U,1,55,1.8966,0.1026,1.8656,0.02186,1.9222
2,195689,7,dispense,18.7152,U,1,55,1.8900,0.0608,1.8767,0.02214,1.9052
2,195870,7,dispense,18.7237,U,1,55,1.8980,0.0673,1.8845,0.02077,1.9148
2,196067,7,dispense,18.7386,U,1,55,1.9232,0.0936,1.8989,0.02182,1.9466
2,196264,7,dispense,18.7611,U,1,55,1.9548,0.1113,1.9214,0.02214,1.9826
2,196443,7,dispense,18.7856,U,1,55,1.9802,0.1128,1.9461,0.02061,2.0084
2,196641,7,settle,18.7969,U,0,0,,,,,
2,196828,7,settle,18.8092,U,0,0,,,,,
2,197014,7,settle,18.8116,U,0,0,,,,,
2,197202,7,settle,18.8134,U,0,0,,,,,
2,197394,7,settle,18.8163,U,0,0,,,,,
2,197587,7,settle,18.8196,U,0,0,,,,,
2,197776,7,settle,18.8188,U,0,0,,,,,
2,197967,7,settle,18.8176,U,0,0,,,,,
2,198159,7,settle,18.8173,U,0,0,,,,,
2,198350,7,settle,18.8171,U,0,0,,,,,
2,198543,7,settle,18.8169,U,0,0,,,,,
2,198732,7,settle,18.8168,U,0,0,,,,,
2,198924,7,settle,18.8167,U,0,0,,,,,
2,199116,7,settle,18.8166,U,0,0,,,,,
2,199308,7,settle,18.8166,U,0,0,,,,,
2,199498,7,settle,18.8165,U,0,0,,,,,
2,199689,7,settle,18.8164,U,0,0,,,,,
2,199881,7,settle,18.8162,U,0,0,,,,,
2,200073,7,settle,18.8161,U,0,0,,,,,
2,200265,7,settle,18.8160,U,0,0,,,,,
2,200454,7,settle,18.8159,U,0,0,,,,,
2,200646,7,settle,18.8157,U,0,0,,,,,
2,200845,7,settle,18.8156,U,0,0,,,,,
2,201032,7,settle,18.8155,U,0,0,,,,,
2,201221,7,settle,18.8154,U,0,0,,,,,
2,201410,7,settle,18.8153,U,0,0,,,,,
2,201603,7,settle,18.8153,U,0,0,,,,,
2,201794,7,settle,18.8152,U,0,0,,,,,
2,201986,7,settle,18.8152,S,0,0,,,,,
2,202174,7,settle,18.8152,S,0,0,,,,,
2,202366,7,settle,18.8152,S,0,0,,,,,
2,202559,7,settle,18.8152,S,0,0,,,,,
2,202847,7,settle,18.8152,S,0,0,,,,,
2,203035,7,settle,18.8152,S,0,0,,,,,
2,203228,7,settle,18.8152,S,0,0,,,,,
2,203420,7,settle,18.8153,S,0,0,,,,,
2,203610,7,settle,18.8153,S,0,0,,,,,
2,203803,7,settle,18.8153,S,0,0,,,,,
2,203992,7,settle,18.8153,S,0,0,,,,,
2,204184,7,settle,18.8153,S,0,0,,,,,
2,204375,7,settle,18.8153,S,0,0,,,,,
2,204567,7,settle,18.8153,S,0,0,,,,,
2,204759,7,settle,18.8153,S,0,0,,,,,
2,204950,7,settle,18.8152,S,0,0,,,,,
2,205140,7,settle,18.8152,S,0,0,,,,,
2,205332,7,settle,18.8152,S,0,0,,,,,
2,205524,7,settle,18.8152,S,0,0,,,,,
2,205715,7,settle,18.8152,S,0,0,,,,,
2,207152,8,preroll,18.8152,S,1,0,0.0000,0.0000,0.0000,0.01649,0.0000
2,207348,8,preroll,18.8152,S,0,0,0.0000,0.0000,0.0000,0.02711,0.0000
2,207542,8,preroll,18.8152,S,1,0,0.0000,0.0000,0.0000,0.02182,0.0000
2,207738,8,preroll,18.8151,S,1,0,-0.0003,0.0000,-0.0001,0.02006,0.0000
2,207919,8,preroll,18.8151,S,0,0,-0.0003,0.0000,-0.0002,0.02913,0.0000
2,208114,8,preroll,18.8151,S,1,0,0.0000,0.0003,-0.0001,0.02195,0.0000
2,208311,8,preroll,18.8151,S,0,0,0.0001,0.0002,-0.0000,0.03213,0.0000
2,208492,8,preroll,18.8151,S,1,0,-0.0002,0.0000,-0.0001,0.02182,0.0000
2,208691,8,dispense,18.8151,S,0,55,-0.0002,0.0174,-0.0001,0.02527,0.0042
2,208887,8,dispense,18.8151,S,1,55,0.0033,0.0466,-0.0001,0.02024,0.0150
2,209069,8,dispense,18.8150,S,1,55,0.0061,0.0538,0.0000,0.02076,0.0196
2,209267,8,dispense,18.8218,U,1,55,0.0218,0.0758,0.0064,0.02190,0.0408
2,209455,8,dispense,18.8354,U,1,55,0.0432,0.0923,0.0200,0.02137,0.0663
2,209640,8,dispense,18.8569,U,1,55,0.0734,0.1116,0.0412,0.02091,0.1013
2,209837,8,dispense,18.8874,U,1,55,0.1140,0.1298,0.0716,0.02189,0.1465
2,210034,8,dispense,18.9075,U,1,55,0.1181,0.0848,0.0930,0.02214,0.1393
2,210215,8,dispense,18.9138,U,1,55,0.1074,0.0478,0.0995,0.02077,0.1194
2,210412,8,dispense,18.9164,U,1,55,0.1080,0.0527,0.1015,0.02182,0.1211
2,210597,8,dispense,18.9271,U,1,55,0.1313,0.0875,0.1114,0.02109,0.1532
2,210794,8,dispense,18.9539,U,1,55,0.1786,0.1310,0.1377,0.02189,0.2113
2,210975,8,settle,18.9630,U,0,0,,,,,
2,211165,8,settle,18.9599,U,0,0,,,,,
2,211356,8,settle,18.9536,U,0,0,,,,,
2,211548,8,settle,18.9647,U,0,0,,,,,
2,211740,8,settle,19.0015,U,0,0,,,,,
2,211928,8,settle,19.0188,U,0,0,,,,,
2,212120,8,settle,19.0208,U,0,0,,,,,
2,212312,8,settle,19.0196,U,0,0,,,,,
2,212504,8,settle,19.0192,U,0,0,,,,,
2,212696,8,settle,19.0192,U,0,0,,,,,
2,212885,8,settle,19.0192,S,0,0,,,,,
2,213077,8,settle,19.0192,S,0,0,,,,,
2,213269,8,settle,19.0192,S,0,0,,,,,
2,213461,8,settle,19.0192,S,0,0,,,,,
2,213652,8,settle,19.0192,S,0,0,,,,,
2,213842,8,settle,19.0193,S,0,0,,,,,
2,214033,8,settle,19.0193,S,0,0,,,,,
2,214226,8,settle,19.0193,S,0,0,,,,,
2,214417,8,settle,19.0193,S,0,0,,,,,
2,214607,8,settle,19.0193,S,0,0,,,,,
2,214799,8,settle,19.0193,S,0,0,,,,,
2,214990,8,settle,19.0193,S,0,0,,,,,
2,215182,8,settle,19.0193,S,0,0,,,,,
2,215374,8,settle,19.0193,S,0,0,,,,,
2,215563,8,settle,19.0193,S,0,0,,,,,
2,215756,8,settle,19.0193,S,0,0,,,,,
2,215947,8,settle,19.0193,S,0,0,,,,,
2,216138,8,settle,19.0193,S,0,0,,,,,
2,216330,8,settle,19.0193,S,0,0,,,,,
2,216520,8,settle,19.0193,S,0,0,,,,,
2,216712,8,settle,19.0193,S,0,0,,,,,
2,216904,8,settle,19.0193,S,0,0,,,,,
2,217192,8,settle,19.0193,S,0,0,,,,,
2,217381,8,settle,19.0193,S,0,0,,,,,
2,217572,8,settle,19.0193,S,0,0,,,,,
2,217764,8,settle,19.0193,S,0,0,,,,,
2,217963,8,settle,19.0193,S,0,0,,,,,
2,218149,8,settle,19.0193,S,0,0,,,,,
2,218337,8,settle,19.0193,S,0,0,,,,,
2,218530,8,settle,19.0193,S,0,0,,,,,
2,218721,8,settle,19.0193,S,0,0,,,,,
2,218912,8,settle,19.0193,S,0,0,,,,,
2,219102,8,settle,19.0193,S,0,0,,,,,
2,219295,8,settle,19.0193,S,0,0,,,,,
2,219486,8,settle,19.0193,S,0,0,,,,,
2,219677,8,settle,19.0192,S,0,0,,,,,
2,219870,8,settle,19.0192,S,0,0,,,,,
2,220060,8,settle,19.0192,S,0,0,,,,,
2,221497,9,preroll,19.0192,S,1,0,0.0000,0.0000,0.0000,0.01649,0.0000
2,221693,9,preroll,19.0192,S,0,0,0.0000,0.0000,0.0000,0.02711,0.0000
2,221887,9,preroll,19.0192,S,1,0,0.0000,0.0000,0.0000,0.02182,0.0000
2,222083,9,preroll,19.0192,S,0,0,0.0000,0.0000,0.0000,0.03192,0.0000
2,222262,9,preroll,19.0192,S,1,0,0.0000,0.0000,0.0000,0.02157,0.0000
2,222458,9,preroll,19.0192,S,0,0,0.0000,0.0000,0.0000,0.03158,0.0000
2,222652,9,preroll,19.0192,S,1,0,0.0000,0.0000,0.0000,0.02289,0.0000
2,222848,9,preroll,19.0192,S,0,0,0.0000,0.0000,0.0000,0.03290,0.0000
2,223029,9,dispense,19.0192,S,1,55,0.0000,0.0174,0.0000,0.01760,0.0044
2,223226,9,dispense,19.0192,S,0,55,0.0034,0.0467,0.0000,0.02776,0.0151
2,223423,9,dispense,19.0192,S,1,55,0.0083,0.0602,0.0001,0.02337,0.0234
2,223605,9,dispense,19.0266,U,1,55,0.0233,0.0776,0.0073,0.02084,0.0427
2,223803,9,dispense,19.0418,U,1,55,0.0476,0.0957,0.0223,0.02195,0.0716
2,223985,9,dispense,19.0588,U,1,55,0.0653,0.0945,0.0396,0.02087,0.0889
2,224182,9,dispense,19.0744,U,1,55,0.0781,0.0853,0.0554,0.02183,0.0994
2,224370,9,dispense,19.0892,U,1,55,0.0917,0.0841,0.0701,0.02135,0.1127
2,224553,9,settle,19.0913,U,0,0,,,,,
2,224745,9,settle,19.0922,U,0,0,,,,,
2,224936,9,settle,19.1016,U,0,0,,,,,
2,225127,9,settle,19.1144,U,0,0,,,,,
2,225317,9,settle,19.1390,U,0,0,,,,,
2,225510,9,settle,19.1650,U,0,0,,,,,
2,225700,9,settle,19.1741,U,0,0,,,,,
2,225893,9,settle,19.1728,U,0,0,,,,,
2,226085,9,settle,19.1715,U,0,0,,,,,
2,226273,9,settle,19.1713,U,0,0,,,,,
2,226465,9,settle,19.1712,U,0,0,,,,,
2,226657,9,settle,19.1711,U,0,0,,,,,
2,226849,9,settle,19.1711,S,0,0,,,,,
2,227040,9,settle,19.1710,U,0,0,,,,,
2,227231,9,settle,19.1710,S,0,0,,,,,
2,227423,9,settle,19.1709,S,0,0,,,,,
2,227613,9,settle,19.1709,S,0,0,,,,,
2,227805,9,settle,19.1709,S,0,0,,,,,
2,227996,9,settle,19.1708,S,0,0,,,,,
2,228188,9,settle,19.1707,U,0,0,,,,,
2,228379,9,settle,19.1707,S,0,0,,,,,
2,228571,9,settle,19.1706,U,0,0,,,,,
2,228763,9,settle,19.1705,U,0,0,,,,,
2,228952,9,settle,19.1705,S,0,0,,,,,
2,229144,9,settle,19.1704,U,0,0,,,,,
2,229336,9,settle,19.1704,S,0,0,,,,,
2,229526,9,settle,19.1704,S,0,0,,,,,
2,229718,9,settle,19.1703,S,0,0,,,,,
2,229908,9,settle,19.1703,S,0,0,,,,,
2,230100,9,settle,19.1703,S,0,0,,,,,
2,230291,9,settle,19.1703,S,0,0,,,,,
2,230483,9,settle,19.1703,S,0,0,,,,,
2,230769,9,settle,19.1703,S,0,0,,,,,
2,230960,9,settle,19.1703,S,0,0,,,,,
2,231152,9,settle,19.1703,S,0,0,,,,,
2,231345,9,settle,19.1703,S,0,0,,,,,
2,231535,9,settle,19.1703,S,0,0,,,,,
2,231725,9,settle,19.1703,S,0,0,,,,,
2,231917,9,settle,19.1703,S,0,0,,,,,
2,232109,9,settle,19.1703,S,0,0,,,,,
2,232300,9,settle,19.1703,S,0,0,,,,,
2,232490,9,settle,19.1703,S,0,0,,,,,
2,232682,9,settle,19.1703,S,0,0,,,,,
2,232874,9,settle,19.1703,S,0,0,,,,,
2,233065,9,settle,19.1703,S,0,0,,,,,
2,233257,9,settle,19.1703,S,0,0,,,,,
2,233447,9,settle,19.1703,S,0,0,,,,,
2,233640,9,settle,19.1703,S,0,0,,,,,
2,235077,10,preroll,19.1704,S,1,0,0.0000,0.0000,0.0000,0.01649,0.0000
2,235273,10,preroll,19.1704,S,0,0,0.0000,0.0000,0.0000,0.02711,0.0000
2,235468,10,preroll,19.1704,S,1,0,0.0000,0.0000,0.0000,0.02192,0.0000
2,235652,10,preroll,19.1704,S,0,0,0.0000,0.0000,0.0000,0.03106,0.0000
2,235847,10,preroll,19.1704,S,1,0,0.0000,0.0000,0.0000,0.02242,0.0000
2,236035,10,preroll,19.1704,S,0,0,0.0000,0.0000,0.0000,0.03183,0.0000
2,236230,10,preroll,19.1704,S,1,0,0.0000,0.0000,0.0000,0.02269,0.0000
2,236426,10,preroll,19.1704,S,0,0,0.0000,0.0000,0.0000,0.03272,0.0000
2,236609,10,dispense,19.1704,S,1,90,0.0000,0.0285,0.0000,0.01757,0.0071
2,236806,10,dispense,19.1704,S,0,90,0.0056,0.0764,0.0000,0.02773,0.0247
2,237002,10,dispense,19.1705,S,1,90,0.0137,0.0985,0.0002,0.02328,0.0383
2,237183,10,dispense,19.1705,S,0,90,0.0315,0.1172,0.0093,0.03206,0.0608
2,237380,10,dispense,19.1760,U,1,90,0.0216,0.1013,0.0059,0.02320,0.0470
2,237565,10,dispense,19.1772,U,1,90,0.0177,0.0863,0.0074,0.02109,0.0392
2,237763,10,dispense,19.1786,U,1,90,0.0200,0.0910,0.0087,0.02201,0.0427
2,237947,10,dispense,19.1895,U,1,90,0.0429,0.1220,0.0189,0.02103,0.0734
2,238144,10,dispense,19.2137,U,1,90,0.0838,0.1566,0.0427,0.02188,0.1229
2,238341,10,dispense,19.2404,U,1,90,0.1105,0.1482,0.0701,0.02214,0.1475
2,238522,10,dispense,19.2569,U,1,90,0.1123,0.1109,0.0873,0.02077,0.1400
2,238719,10,dispense,19.2719,U,1,90,0.1262,0.1152,0.1018,0.02182,0.1550
2,238903,10,dispense,19.2950,U,1,90,0.1614,0.1491,0.1241,0.02101,0.1987
2,239100,10,dispense,19.3183,U,1,90,0.1848,0.1411,0.1481,0.02187,0.2201
2,239288,10,dispense,19.3299,U,1,90,0.1793,0.0974,0.1606,0.02135,0.2037
2,239485,10,dispense,19.3519,U,1,90,0.2160,0.1425,0.1809,0.02196,0.2516
2,239668,10,dispense,19.3859,U,1,90,0.2665,0.1820,0.2147,0.02093,0.3120
2,239866,10,dispense,19.4073,U,1,90,0.2694,0.1234,0.2380,0.02195,0.3003
2,240063,10,dispense,19.4329,U,1,90,0.2989,0.1411,0.2623,0.02216,0.3342
2,240243,10,dispense,19.4652,U,1,90,0.3420,0.1713,0.2942,0.02069,0.3848
2,240441,10,dispense,19.4768,U,1,90,0.3265,0.0942,0.3081,0.02189,0.3501
2,240624,10,dispense,19.4741,U,1,90,0.3050,0.0558,0.3050,0.02095,0.3189
2,240822,10,dispense,19.4886,U,1,90,0.3461,0.1349,0.3172,0.02194,0.3798
2,241019,10,dispense,19.5166,U,1,90,0.3923,0.1684,0.3456,0.02216,0.4344
2,241199,10,dispense,19.5374,U,1,90,0.3995,0.1265,0.3678,0.02069,0.4311
2,241396,10,dispense,19.5564,U,1,90,0.4148,0.1223,0.3863,0.02180,0.4454
2,241581,10,dispense,19.5890,U,1,90,0.4666,0.1763,0.4176,0.02109,0.5107
2,241779,10,dispense,19.6174,U,1,90,0.4892,0.1488,0.4474,0.02199,0.5264
2,241976,10,dispense,19.6375,U,1,90,0.4957,0.1174,0.4678,0.02216,0.5250
2,242156,10,dispense,19.6638,U,1,90,0.5322,0.1525,0.4929,0.02069,0.5703
2,242353,10,dispense,19.6940,U,1,90,0.5688,0.1606,0.5234,0.02180,0.6089
2,242541,10,dispense,19.7134,U,1,90,0.5720,0.1170,0.5439,0.02135,0.6013
2,242738,10,dispense,19.7302,U,1,90,0.5859,0.1172,0.5601,0.02196,0.6152
2,242921,10,dispense,19.7636,U,1,90,0.6428,0.1826,0.5920,0.02093,0.6884
2,243119,10,dispense,19.7888,U,1,90,0.6570,0.1392,0.6191,0.02195,0.6918
2,243302,10,dispense,19.8003,U,1,90,0.6481,0.0912,0.6310,0.02095,0.6709
2,243500,10,dispense,19.8253,U,1,90,0.6929,0.1516,0.6540,0.02195,0.7308
2,243697,10,dispense,19.8521,U,1,90,0.7231,0.1515,0.6817,0.02216,0.7610
2,243877,10,dispense,19.8617,U,1,90,0.7085,0.0872,0.6927,0.02069,0.7303
2,244075,10,dispense,19.8703,U,1,90,0.7166,0.0993,0.7002,0.02189,0.7415
2,244258,10,dispense,19.8914,U,1,90,0.7568,0.1511,0.7203,0.02095,0.7945
2,244455,10,dispense,19.9158,U,1,90,0.7849,0.1484,0.7455,0.02185,0.8220
2,244652,10,dispense,19.9323,U,1,90,0.7877,0.1120,0.7627,0.02214,0.8157
2,244833,10,dispense,19.9552,U,1,90,0.8197,0.1436,0.7844,0.02077,0.8556
2,245030,10,dispense,19.9845,U,1,90,0.8586,0.1610,0.8137,0.02182,0.8989
2,245227,10,dispense,20.0086,U,1,90,0.8735,0.1330,0.8387,0.02214,0.9067
2,245407,10,dispense,20.0348,U,1,90,0.9024,0.1468,0.8642,0.02069,0.9391
2,245605,10,dispense,20.0660,U,1,90,0.9411,0.1615,0.8953,0.02189,0.9815
2,245793,10,dispense,20.0942,U,1,90,0.9642,0.1464,0.9240,0.02137,1.0008
2,245973,10,settle,20.1021,U,0,0,,,,,
2,246166,10,settle,20.1199,U,0,0,,,,,
2,246358,10,settle,20.1544,U,0,0,,,,,
2,246550,10,settle,20.1767,U,0,0,,,,,
2,246739,10,settle,20.1846,U,0,0,,,,,
2,246930,10,settle,20.1912,U,0,0,,,,,
2,247123,10,settle,20.1929,U,0,0,,,,,
2,247315,10,settle,20.1919,U,0,0,,,,,
2,247505,10,settle,20.1915,U,0,0,,,,,
2,247696,10,settle,20.1914,U,0,0,,,,,
2,247887,10,settle,20.1912,U,0,0,,,,,
2,248078,10,settle,20.1911,U,0,0,,,,,
2,248270,10,settle,20.1911,U,0,0,,,,,
2,248463,10,settle,20.1910,U,0,0,,,,,
2,248652,10,settle,20.1909,U,0,0,,,,,
2,248844,10,settle,20.1909,S,0,0,,,,,
2,249036,10,settle,20.1908,U,0,0,,,,,
2,249227,10,settle,20.1908,S,0,0,,,,,
2,249417,10,settle,20.1907,U,0,0,,,,,
2,249608,10,settle,20.1906,U,0,0,,,,,
2,249801,10,settle,20.1906,S,0,0,,,,,
2,249992,10,settle,20.1905,U,0,0,,,,,
2,250183,10,settle,20.1905,S,0,0,,,,,
2,250374,10,settle,20.1904,U,0,0,,,,,
2,250566,10,settle,20.1904,S,0,0,,,,,
2,250756,10,settle,20.1904,S,0,0,,,,,
2,250949,10,settle,20.1904,S,0,0,,,,,
2,251140,10,settle,20.1904,S,0,0,,,,,
2,251330,10,settle,20.1904,S,0,0,,,,,
2,251522,10,settle,20.1904,S,0,0,,,,,
2,251714,10,settle,20.1904,S,0,0,,,,,
2,251906,10,settle,20.1904,S,0,0,,,,,
2,252191,10,settle,20.1904,S,0,0,,,,,
2,252382,10,settle,20.1903,S,0,0,,,,,
2,252574,10,settle,20.1903,S,0,0,,,,,
2,252765,10,settle,20.1903,S,0,0,,,,,
2,252955,10,settle,20.1903,S,0,0,,,,,
2,253147,10,settle,20.1903,S,0,0,,,,,
2,253338,10,settle,20.1903,S,0,0,,,,,
2,253530,10,settle,20.1903,S,0,0,,,,,
2,253722,10,settle,20.1903,S,0,0,,,,,
2,253912,10,settle,20.1903,S,0,0,,,,,
2,254104,10,settle,20.1903,S,0,0,,,,,
2,254295,10,settle,20.1903,S,0,0,,,,,
2,254487,10,settle,20.1903,S,0,0,,,,,
2,254679,10,settle,20.1903,S,0,0,,,,,
2,254869,10,settle,20.1903,S,0,0,,,,,
2,255061,10,settle,20.1903,S,0,0,,,,,
