M,experiment,afterflow-phase-A-slug-B-halt-phase
M,powder_id,salt
M,gear_ratio_stepper_per_auger,44/20=2.2
M,steps_per_auger_rev,3520
M,full_steps_rev,200
M,microsteps,8
M,stepper_direction,1
M,accel_rev_per_s2,4.0
M,cap_g,40.0
M,hard_g,45.0
M,tare_mode,no-hardware-tare-absolute-differences
M,auger_tare_g,56.716
M,total_loaded_g,127.98
M,salt_onboard_est_g,71.26
M,tilt_A,55.0
M,rpm_A,30.0
M,incr_deg_A,45.0
M,scan_revs_A,4
M,n_scans_A,2
M,rpm_B,90.0
M,cruise_revs_B,4
M,phases_B,0|45|90|135|180|225|270|315
M,tilts_B,55|70
M,planned_B_trials,40
E,1039,baseline (no tare) + 15 s static noise stream
P,5046,0,baseline0,2.4396,U,0.0000,0.00
D,5161,0,noise,2.4398,U,0,0.0000,0.00
D,5352,0,noise,2.4456,U,0,0.0000,0.00
D,5543,0,noise,2.4518,U,0,0.0000,0.00
D,5735,0,noise,2.4565,U,0,0.0000,0.00
D,5925,0,noise,2.4545,U,0,0.0000,0.00
D,6116,0,noise,2.4437,U,0,0.0000,0.00
D,6307,0,noise,2.4395,U,0,0.0000,0.00
D,6498,0,noise,2.4440,U,0,0.0000,0.00
D,6689,0,noise,2.4510,U,0,0.0000,0.00
D,6880,0,noise,2.4565,U,0,0.0000,0.00
D,7072,0,noise,2.4569,U,0,0.0000,0.00
D,7263,0,noise,2.4475,U,0,0.0000,0.00
D,7454,0,noise,2.4374,U,0,0.0000,0.00
D,7645,0,noise,2.4380,U,0,0.0000,0.00
D,7836,0,noise,2.4429,U,0,0.0000,0.00
D,8027,0,noise,2.4399,U,0,0.0000,0.00
D,8219,0,noise,2.4372,U,0,0.0000,0.00
D,8411,0,noise,2.4398,U,0,0.0000,0.00
D,8603,0,noise,2.4495,U,0,0.0000,0.00
D,8794,0,noise,2.4429,U,0,0.0000,0.00
D,8985,0,noise,2.4368,U,0,0.0000,0.00
D,9176,0,noise,2.4444,U,0,0.0000,0.00
D,9368,0,noise,2.4494,U,0,0.0000,0.00
D,9559,0,noise,2.4501,U,0,0.0000,0.00
D,9750,0,noise,2.4475,U,0,0.0000,0.00
D,9941,0,noise,2.4334,U,0,0.0000,0.00
D,10133,0,noise,2.4251,U,0,0.0000,0.00
D,10324,0,noise,2.4233,U,0,0.0000,0.00
D,10515,0,noise,2.4268,U,0,0.0000,0.00
D,10706,0,noise,2.4351,U,0,0.0000,0.00
D,10897,0,noise,2.4313,U,0,0.0000,0.00
D,11088,0,noise,2.4211,U,0,0.0000,0.00
D,11279,0,noise,2.4253,U,0,0.0000,0.00
D,11470,0,noise,2.4321,U,0,0.0000,0.00
D,11661,0,noise,2.4343,U,0,0.0000,0.00
D,11853,0,noise,2.4403,U,0,0.0000,0.00
D,12044,0,noise,2.4431,U,0,0.0000,0.00
D,12235,0,noise,2.4502,U,0,0.0000,0.00
D,12428,0,noise,2.4494,U,0,0.0000,0.00
D,12618,0,noise,2.4418,U,0,0.0000,0.00
D,12809,0,noise,2.4487,U,0,0.0000,0.00
D,13000,0,noise,2.4585,U,0,0.0000,0.00
D,13203,0,noise,2.4592,U,0,0.0000,0.00
D,13395,0,noise,2.4570,U,0,0.0000,0.00
D,13585,0,noise,2.4513,U,0,0.0000,0.00
D,13775,0,noise,2.4412,U,0,0.0000,0.00
D,13967,0,noise,2.4395,U,0,0.0000,0.00
D,14158,0,noise,2.4445,U,0,0.0000,0.00
D,14349,0,noise,2.4458,U,0,0.0000,0.00
D,14541,0,noise,2.4404,U,0,0.0000,0.00
D,14720,0,noise,2.4315,U,0,0.0000,0.00
D,14912,0,noise,2.4256,U,0,0.0000,0.00
D,15104,0,noise,2.4295,U,0,0.0000,0.00
D,15295,0,noise,2.4318,U,0,0.0000,0.00
D,15487,0,noise,2.4241,U,0,0.0000,0.00
D,15678,0,noise,2.4239,U,0,0.0000,0.00
D,15869,0,noise,2.4348,U,0,0.0000,0.00
D,16060,0,noise,2.4381,U,0,0.0000,0.00
D,16252,0,noise,2.4370,U,0,0.0000,0.00
D,16444,0,noise,2.4390,U,0,0.0000,0.00
D,16635,0,noise,2.4427,U,0,0.0000,0.00
D,16827,0,noise,2.4425,U,0,0.0000,0.00
D,17018,0,noise,2.4373,U,0,0.0000,0.00
D,17209,0,noise,2.4318,U,0,0.0000,0.00
D,17400,0,noise,2.4361,U,0,0.0000,0.00
D,17591,0,noise,2.4353,U,0,0.0000,0.00
D,17782,0,noise,2.4270,U,0,0.0000,0.00
D,17974,0,noise,2.4277,U,0,0.0000,0.00
D,18165,0,noise,2.4385,U,0,0.0000,0.00
D,18356,0,noise,2.4501,U,0,0.0000,0.00
D,18548,0,noise,2.4469,U,0,0.0000,0.00
D,18739,0,noise,2.4419,U,0,0.0000,0.00
D,18930,0,noise,2.4436,U,0,0.0000,0.00
D,19121,0,noise,2.4416,U,0,0.0000,0.00
D,19312,0,noise,2.4350,U,0,0.0000,0.00
D,19504,0,noise,2.4257,U,0,0.0000,0.00
D,19695,0,noise,2.4216,U,0,0.0000,0.00
D,19886,0,noise,2.4211,U,0,0.0000,0.00
D,20077,0,noise,2.4190,U,0,0.0000,0.00
P,24365,0,noise_end,2.4563,U,0.0000,0.00
E,24367,noise baseline done
E,24370,=== A scan 1 trial 1 : tilt 55 rpm 30 incr 45 x 32 ===
P,30303,1,scan0,2.4345,U,0.0000,0.00
D,30406,1,scanmove,2.4326,U,30,0.1250,45.00
D,30597,1,scanmove,2.4368,U,30,0.1250,45.00
D,30789,1,scanmove,2.4420,U,30,0.1250,45.00
P,33927,1,scan1,2.4485,U,0.1250,45.00
A,1,1,1,55,30,45,45.0,45.00,0.1250,2.4345,2.4485,0.0140
D,34046,1,scanmove,2.4578,U,30,0.2500,90.00
D,34237,1,scanmove,2.4607,U,30,0.2500,90.00
D,34430,1,scanmove,2.4496,U,30,0.2500,90.00
P,37562,1,scan2,2.4591,U,0.2500,90.00
A,1,1,2,55,30,45,90.0,90.00,0.2500,2.4485,2.4591,0.0106
D,37680,1,scanmove,2.4573,U,30,0.3750,135.00
D,37872,1,scanmove,2.4586,U,30,0.3750,135.00
D,38065,1,scanmove,2.4625,U,30,0.3750,135.00
P,41196,1,scan3,2.4639,U,0.3750,135.00
A,1,1,3,55,30,45,135.0,135.00,0.3750,2.4591,2.4639,0.0048
D,41315,1,scanmove,2.4568,U,30,0.5000,180.00
D,41506,1,scanmove,2.4562,U,30,0.5000,180.00
D,41698,1,scanmove,2.4592,U,30,0.5000,180.00
P,44831,1,scan4,2.4667,U,0.5000,180.00
A,1,1,4,55,30,45,180.0,180.00,0.5000,2.4639,2.4667,0.0028
D,44950,1,scanmove,2.4635,U,30,0.6250,225.00
D,45141,1,scanmove,2.4605,U,30,0.6250,225.00
D,45334,1,scanmove,2.4664,U,30,0.6250,225.00
P,48464,1,scan5,2.4606,U,0.6250,225.00
A,1,1,5,55,30,45,225.0,225.00,0.6250,2.4667,2.4606,-0.0061
D,48583,1,scanmove,2.4730,U,30,0.7500,270.00
D,48775,1,scanmove,2.4790,U,30,0.7500,270.00
D,48967,1,scanmove,2.4760,U,30,0.7500,270.00
P,52098,1,scan6,2.4693,U,0.7500,270.00
A,1,1,6,55,30,45,270.0,270.00,0.7500,2.4606,2.4693,0.0087
D,52217,1,scanmove,2.4769,U,30,0.8750,315.00
D,52409,1,scanmove,2.4856,U,30,0.8750,315.00
D,52600,1,scanmove,2.4857,U,30,0.8750,315.00
P,55732,1,scan7,2.4753,U,0.8750,315.00
A,1,1,7,55,30,45,315.0,315.00,0.8750,2.4693,2.4753,0.0060
D,55851,1,scanmove,2.4715,U,30,1.0000,0.00
D,56042,1,scanmove,2.4741,U,30,1.0000,0.00
D,56234,1,scanmove,2.4704,U,30,1.0000,0.00
P,59371,1,scan8,2.4981,U,1.0000,0.00
A,1,1,8,55,30,45,360.0,0.00,1.0000,2.4753,2.4981,0.0228
D,59489,1,scanmove,2.4947,U,30,1.1250,45.00
D,59680,1,scanmove,2.5003,U,30,1.1250,45.00
D,59860,1,scanmove,2.5105,U,30,1.1250,45.00
P,63001,1,scan9,2.5295,U,1.1250,45.00
A,1,1,9,55,30,45,405.0,45.00,1.1250,2.4981,2.5295,0.0314
D,63120,1,scanmove,2.5189,U,30,1.2500,90.00
D,63311,1,scanmove,2.5207,U,30,1.2500,90.00
D,63504,1,scanmove,2.5350,U,30,1.2500,90.00
P,66635,1,scan10,2.5176,U,1.2500,90.00
A,1,1,10,55,30,45,450.0,90.00,1.2500,2.5295,2.5176,-0.0119
D,66753,1,scanmove,2.5222,U,30,1.3750,135.00
D,66945,1,scanmove,2.5244,U,30,1.3750,135.00
D,67137,1,scanmove,2.5236,U,30,1.3750,135.00
P,70269,1,scan11,2.5200,U,1.3750,135.00
A,1,1,11,55,30,45,495.0,135.00,1.3750,2.5176,2.5200,0.0024
D,70388,1,scanmove,2.5125,U,30,1.5000,180.00
D,70580,1,scanmove,2.5139,U,30,1.5000,180.00
D,70773,1,scanmove,2.5256,U,30,1.5000,180.00
P,73904,1,scan12,2.5175,U,1.5000,180.00
A,1,1,12,55,30,45,540.0,180.00,1.5000,2.5200,2.5175,-0.0025
D,74022,1,scanmove,2.5223,U,30,1.6250,225.00
D,74214,1,scanmove,2.5248,U,30,1.6250,225.00
D,74406,1,scanmove,2.5246,U,30,1.6250,225.00
P,77536,1,scan13,2.5318,U,1.6250,225.00
A,1,1,13,55,30,45,585.0,225.00,1.6250,2.5175,2.5318,0.0143
D,77655,1,scanmove,2.5183,U,30,1.7500,270.00
D,77846,1,scanmove,2.5167,U,30,1.7500,270.00
D,78038,1,scanmove,2.5237,U,30,1.7500,270.00
P,81170,1,scan14,2.5592,U,1.7500,270.00
A,1,1,14,55,30,45,630.0,270.00,1.7500,2.5318,2.5592,0.0274
D,81289,1,scanmove,2.5418,U,30,1.8750,315.00
D,81480,1,scanmove,2.5225,U,30,1.8750,315.00
D,81672,1,scanmove,2.5229,U,30,1.8750,315.00
P,84804,1,scan15,2.5360,U,1.8750,315.00
A,1,1,15,55,30,45,675.0,315.00,1.8750,2.5592,2.5360,-0.0232
D,84922,1,scanmove,2.5270,U,30,2.0000,0.00
D,85114,1,scanmove,2.5273,U,30,2.0000,0.00
D,85306,1,scanmove,2.5425,U,30,2.0000,0.00
P,88438,1,scan16,2.5563,U,2.0000,0.00
A,1,1,16,55,30,45,720.0,0.00,2.0000,2.5360,2.5563,0.0203
D,88557,1,scanmove,2.5470,U,30,2.1250,45.00
D,88748,1,scanmove,2.5465,U,30,2.1250,45.00
D,88940,1,scanmove,2.5485,U,30,2.1250,45.00
P,92072,1,scan17,2.5267,U,2.1250,45.00
A,1,1,17,55,30,45,765.0,45.00,2.1250,2.5563,2.5267,-0.0296
D,92190,1,scanmove,2.5418,U,30,2.2500,90.00
D,92382,1,scanmove,2.5626,U,30,2.2500,90.00
D,92575,1,scanmove,2.5785,U,30,2.2500,90.00
P,95706,1,scan18,2.5637,U,2.2500,90.00
A,1,1,18,55,30,45,810.0,90.00,2.2500,2.5267,2.5637,0.0370
D,95825,1,scanmove,2.5634,U,30,2.3750,135.00
D,96017,1,scanmove,2.5544,U,30,2.3750,135.00
D,96208,1,scanmove,2.5525,U,30,2.3750,135.00
P,99340,1,scan19,2.5520,U,2.3750,135.00
A,1,1,19,55,30,45,855.0,135.00,2.3750,2.5637,2.5520,-0.0117
D,99459,1,scanmove,2.5662,U,30,2.5000,180.00
D,99650,1,scanmove,2.5842,U,30,2.5000,180.00
D,99842,1,scanmove,2.5858,U,30,2.5000,180.00
P,102974,1,scan20,2.5820,U,2.5000,180.00
A,1,1,20,55,30,45,900.0,180.00,2.5000,2.5520,2.5820,0.0300
D,103093,1,scanmove,2.5711,U,30,2.6250,225.00
D,103285,1,scanmove,2.5596,U,30,2.6250,225.00
D,103476,1,scanmove,2.5527,U,30,2.6250,225.00
P,106608,1,scan21,2.5721,U,2.6250,225.00
A,1,1,21,55,30,45,945.0,225.00,2.6250,2.5820,2.5721,-0.0099
D,106727,1,scanmove,2.5664,U,30,2.7500,270.00
D,106918,1,scanmove,2.5558,U,30,2.7500,270.00
D,107111,1,scanmove,2.5591,U,30,2.7500,270.00
P,110242,1,scan22,2.5813,U,2.7500,270.00
A,1,1,22,55,30,45,990.0,270.00,2.7500,2.5721,2.5813,0.0092
D,110361,1,scanmove,2.5692,U,30,2.8750,315.00
D,110552,1,scanmove,2.5645,U,30,2.8750,315.00
D,110744,1,scanmove,2.5667,U,30,2.8750,315.00
P,113878,1,scan23,2.5833,U,2.8750,315.00
A,1,1,23,55,30,45,1035.0,315.00,2.8750,2.5813,2.5833,0.0020
D,113997,1,scanmove,2.5834,U,30,3.0000,0.00
D,114188,1,scanmove,2.5810,U,30,3.0000,0.00
D,114380,1,scanmove,2.5844,U,30,3.0000,0.00
P,117511,1,scan24,2.5839,U,3.0000,0.00
A,1,1,24,55,30,45,1080.0,0.00,3.0000,2.5833,2.5839,0.0006
D,117630,1,scanmove,2.5816,U,30,3.1250,45.00
D,117822,1,scanmove,2.5860,U,30,3.1250,45.00
D,118013,1,scanmove,2.5862,U,30,3.1250,45.00
P,121145,1,scan25,2.6108,U,3.1250,45.00
A,1,1,25,55,30,45,1125.0,45.00,3.1250,2.5839,2.6108,0.0269
D,121263,1,scanmove,2.6122,U,30,3.2500,90.00
D,121455,1,scanmove,2.6159,U,30,3.2500,90.00
D,121647,1,scanmove,2.6116,U,30,3.2500,90.00
P,124779,1,scan26,2.6163,U,3.2500,90.00
A,1,1,26,55,30,45,1170.0,90.00,3.2500,2.6108,2.6163,0.0055
D,124898,1,scanmove,2.6138,U,30,3.3750,135.00
D,125089,1,scanmove,2.6013,U,30,3.3750,135.00
D,125281,1,scanmove,2.5937,U,30,3.3750,135.00
P,128413,1,scan27,2.6145,U,3.3750,135.00
A,1,1,27,55,30,45,1215.0,135.00,3.3750,2.6163,2.6145,-0.0018
D,128532,1,scanmove,2.6132,U,30,3.5000,180.00
D,128724,1,scanmove,2.6060,U,30,3.5000,180.00
D,128915,1,scanmove,2.6052,U,30,3.5000,180.00
P,132047,1,scan28,2.6138,U,3.5000,180.00
A,1,1,28,55,30,45,1260.0,180.00,3.5000,2.6145,2.6138,-0.0007
D,132166,1,scanmove,2.6105,U,30,3.6250,225.00
D,132357,1,scanmove,2.6134,U,30,3.6250,225.00
D,132550,1,scanmove,2.6147,U,30,3.6250,225.00
P,135681,1,scan29,2.5962,U,3.6250,225.00
A,1,1,29,55,30,45,1305.0,225.00,3.6250,2.6138,2.5962,-0.0176
D,135800,1,scanmove,2.5909,U,30,3.7500,270.00
D,135991,1,scanmove,2.5923,U,30,3.7500,270.00
D,136183,1,scanmove,2.5982,U,30,3.7500,270.00
P,139314,1,scan30,2.6313,U,3.7500,270.00
A,1,1,30,55,30,45,1350.0,270.00,3.7500,2.5962,2.6313,0.0351
D,139432,1,scanmove,2.6281,U,30,3.8750,315.00
D,139624,1,scanmove,2.6223,U,30,3.8750,315.00
D,139816,1,scanmove,2.6220,U,30,3.8750,315.00
P,142948,1,scan31,2.6383,U,3.8750,315.00
A,1,1,31,55,30,45,1395.0,315.00,3.8750,2.6313,2.6383,0.0070
D,143067,1,scanmove,2.6407,U,30,4.0000,0.00
D,143259,1,scanmove,2.6444,U,30,4.0000,0.00
D,143450,1,scanmove,2.6371,U,30,4.0000,0.00
P,146583,1,scan32,2.6524,U,4.0000,0.00
A,1,1,32,55,30,45,1440.0,0.00,4.0000,2.6383,2.6524,0.0141
E,146589,=== A scan 2 trial 2 : tilt 55 rpm 30 incr 45 x 32 ===
P,150600,2,scan0,2.6337,U,4.0000,0.00
D,150716,2,scanmove,2.6295,U,30,4.1250,45.00
D,150907,2,scanmove,2.6332,U,30,4.1250,45.00
D,151099,2,scanmove,2.6400,U,30,4.1250,45.00
P,154234,2,scan1,2.6442,U,4.1250,45.00
A,2,2,1,55,30,45,45.0,45.00,4.1250,2.6337,2.6442,0.0105
D,154353,2,scanmove,2.6484,U,30,4.2500,90.00
D,154544,2,scanmove,2.6482,U,30,4.2500,90.00
D,154736,2,scanmove,2.6522,U,30,4.2500,90.00
P,157868,2,scan2,2.6636,U,4.2500,90.00
A,2,2,2,55,30,45,90.0,90.00,4.2500,2.6442,2.6636,0.0194
D,157987,2,scanmove,2.6740,U,30,4.3750,135.00
D,158179,2,scanmove,2.6637,U,30,4.3750,135.00
D,158370,2,scanmove,2.6497,U,30,4.3750,135.00
P,161503,2,scan3,2.6644,U,4.3750,135.00
A,2,2,3,55,30,45,135.0,135.00,4.3750,2.6636,2.6644,0.0008
D,161622,2,scanmove,2.6564,U,30,4.5000,180.00
D,161814,2,scanmove,2.6460,U,30,4.5000,180.00
D,162005,2,scanmove,2.6468,U,30,4.5000,180.00
P,165136,2,scan4,2.6587,U,4.5000,180.00
A,2,2,4,55,30,45,180.0,180.00,4.5000,2.6644,2.6587,-0.0057
D,165255,2,scanmove,2.6526,U,30,4.6250,225.00
D,165447,2,scanmove,2.6440,U,30,4.6250,225.00
D,165639,2,scanmove,2.6487,U,30,4.6250,225.00
P,168769,2,scan5,2.6652,U,4.6250,225.00
A,2,2,5,55,30,45,225.0,225.00,4.6250,2.6587,2.6652,0.0065
D,168888,2,scanmove,2.6656,U,30,4.7500,270.00
D,169079,2,scanmove,2.6597,U,30,4.7500,270.00
D,169271,2,scanmove,2.6593,U,30,4.7500,270.00
P,172403,2,scan6,2.6739,U,4.7500,270.00
A,2,2,6,55,30,45,270.0,270.00,4.7500,2.6652,2.6739,0.0087
D,172522,2,scanmove,2.6645,U,30,4.8750,315.00
D,172714,2,scanmove,2.6564,U,30,4.8750,315.00
D,172905,2,scanmove,2.6535,U,30,4.8750,315.00
P,176037,2,scan7,2.6611,U,4.8750,315.00
A,2,2,7,55,30,45,315.0,315.00,4.8750,2.6739,2.6611,-0.0128
D,176156,2,scanmove,2.6607,U,30,5.0000,0.00
D,176347,2,scanmove,2.6658,U,30,5.0000,0.00
D,176539,2,scanmove,2.6675,U,30,5.0000,0.00
P,179672,2,scan8,2.6791,U,5.0000,0.00
A,2,2,8,55,30,45,360.0,0.00,5.0000,2.6611,2.6791,0.0180
D,179791,2,scanmove,2.6762,U,30,5.1250,45.00
D,179982,2,scanmove,2.6735,U,30,5.1250,45.00
D,180175,2,scanmove,2.6719,U,30,5.1250,45.00
P,183305,2,scan9,2.6968,U,5.1250,45.00
A,2,2,9,55,30,45,405.0,45.00,5.1250,2.6791,2.6968,0.0177
D,183424,2,scanmove,2.6906,U,30,5.2500,90.00
D,183615,2,scanmove,2.6797,U,30,5.2500,90.00
D,183808,2,scanmove,2.6780,U,30,5.2500,90.00
P,186939,2,scan10,2.7038,U,5.2500,90.00
A,2,2,10,55,30,45,450.0,90.00,5.2500,2.6968,2.7038,0.0070
D,187058,2,scanmove,2.7087,U,30,5.3750,135.00
D,187261,2,scanmove,2.7063,U,30,5.3750,135.00
D,187435,2,scanmove,2.6984,U,30,5.3750,135.00
P,190573,2,scan11,2.7061,U,5.3750,135.00
A,2,2,11,55,30,45,495.0,135.00,5.3750,2.7038,2.7061,0.0023
D,190692,2,scanmove,2.7068,U,30,5.5000,180.00
D,190883,2,scanmove,2.7005,U,30,5.5000,180.00
D,191075,2,scanmove,2.6950,U,30,5.5000,180.00
P,194208,2,scan12,2.6988,U,5.5000,180.00
A,2,2,12,55,30,45,540.0,180.00,5.5000,2.7061,2.6988,-0.0073
D,194326,2,scanmove,2.6939,U,30,5.6250,225.00
D,194518,2,scanmove,2.6996,U,30,5.6250,225.00
D,194710,2,scanmove,2.7041,U,30,5.6250,225.00
P,197843,2,scan13,2.7090,U,5.6250,225.00
A,2,2,13,55,30,45,585.0,225.00,5.6250,2.6988,2.7090,0.0102
D,197962,2,scanmove,2.7190,U,30,5.7500,270.00
D,198153,2,scanmove,2.7224,U,30,5.7500,270.00
D,198345,2,scanmove,2.7109,U,30,5.7500,270.00
P,201476,2,scan14,2.7027,U,5.7500,270.00
A,2,2,14,55,30,45,630.0,270.00,5.7500,2.7090,2.7027,-0.0063
D,201588,2,scanmove,2.7135,U,30,5.8750,315.00
D,201779,2,scanmove,2.7232,U,30,5.8750,315.00
D,201971,2,scanmove,2.7245,U,30,5.8750,315.00
P,205110,2,scan15,2.7383,U,5.8750,315.00
A,2,2,15,55,30,45,675.0,315.00,5.8750,2.7027,2.7383,0.0356
D,205229,2,scanmove,2.7305,U,30,6.0000,0.00
D,205420,2,scanmove,2.7202,U,30,6.0000,0.00
D,205612,2,scanmove,2.7180,U,30,6.0000,0.00
P,208744,2,scan16,2.7262,U,6.0000,0.00
A,2,2,16,55,30,45,720.0,0.00,6.0000,2.7383,2.7262,-0.0121
D,208862,2,scanmove,2.7332,U,30,6.1250,45.00
D,209055,2,scanmove,2.7480,U,30,6.1250,45.00
D,209246,2,scanmove,2.7561,U,30,6.1250,45.00
P,212378,2,scan17,2.7292,U,6.1250,45.00
A,2,2,17,55,30,45,765.0,45.00,6.1250,2.7262,2.7292,0.0030
D,212497,2,scanmove,2.7299,U,30,6.2500,90.00
D,212688,2,scanmove,2.7294,U,30,6.2500,90.00
D,212880,2,scanmove,2.7303,U,30,6.2500,90.00
P,216023,2,scan18,2.7482,U,6.2500,90.00
A,2,2,18,55,30,45,810.0,90.00,6.2500,2.7292,2.7482,0.0190
D,216123,2,scanmove,2.7493,U,30,6.3750,135.00
D,216315,2,scanmove,2.7483,U,30,6.3750,135.00
D,216506,2,scanmove,2.7489,U,30,6.3750,135.00
P,219646,2,scan19,2.7370,U,6.3750,135.00
A,2,2,19,55,30,45,855.0,135.00,6.3750,2.7482,2.7370,-0.0112
D,219765,2,scanmove,2.7398,U,30,6.5000,180.00
D,219956,2,scanmove,2.7459,U,30,6.5000,180.00
D,220148,2,scanmove,2.7419,U,30,6.5000,180.00
P,223281,2,scan20,2.7638,U,6.5000,180.00
A,2,2,20,55,30,45,900.0,180.00,6.5000,2.7370,2.7638,0.0268
D,223400,2,scanmove,2.7685,U,30,6.6250,225.00
D,223592,2,scanmove,2.7599,U,30,6.6250,225.00
D,223783,2,scanmove,2.7547,U,30,6.6250,225.00
P,226913,2,scan21,2.7832,U,6.6250,225.00
A,2,2,21,55,30,45,945.0,225.00,6.6250,2.7638,2.7832,0.0194
D,227032,2,scanmove,2.7709,U,30,6.7500,270.00
D,227223,2,scanmove,2.7613,U,30,6.7500,270.00
D,227415,2,scanmove,2.7584,U,30,6.7500,270.00
P,230557,2,scan22,2.7494,U,6.7500,270.00
A,2,2,22,55,30,45,990.0,270.00,6.7500,2.7832,2.7494,-0.0338
D,230660,2,scanmove,2.7524,U,30,6.8750,315.00
D,230851,2,scanmove,2.7532,U,30,6.8750,315.00
D,231043,2,scanmove,2.7521,U,30,6.8750,315.00
P,234182,2,scan23,2.7594,U,6.8750,315.00
A,2,2,23,55,30,45,1035.0,315.00,6.8750,2.7494,2.7594,0.0100
D,234301,2,scanmove,2.7602,U,30,7.0000,0.00
D,234492,2,scanmove,2.7590,U,30,7.0000,0.00
D,234685,2,scanmove,2.7589,U,30,7.0000,0.00
P,237815,2,scan24,2.7633,U,7.0000,0.00
A,2,2,24,55,30,45,1080.0,0.00,7.0000,2.7594,2.7633,0.0039
D,237934,2,scanmove,2.7668,U,30,7.1250,45.00
D,238125,2,scanmove,2.7819,U,30,7.1250,45.00
D,238318,2,scanmove,2.7789,U,30,7.1250,45.00
P,241450,2,scan25,2.7950,U,7.1250,45.00
A,2,2,25,55,30,45,1125.0,45.00,7.1250,2.7633,2.7950,0.0317
D,241569,2,scanmove,2.7988,U,30,7.2500,90.00
D,241760,2,scanmove,2.8018,U,30,7.2500,90.00
D,241952,2,scanmove,2.8060,U,30,7.2500,90.00
P,245085,2,scan26,2.7969,U,7.2500,90.00
A,2,2,26,55,30,45,1170.0,90.00,7.2500,2.7950,2.7969,0.0019
D,245204,2,scanmove,2.7927,U,30,7.3750,135.00
D,245396,2,scanmove,2.7990,U,30,7.3750,135.00
D,245587,2,scanmove,2.8013,U,30,7.3750,135.00
P,248719,2,scan27,2.7890,U,7.3750,135.00
A,2,2,27,55,30,45,1215.0,135.00,7.3750,2.7969,2.7890,-0.0079
D,248837,2,scanmove,2.7902,U,30,7.5000,180.00
D,249029,2,scanmove,2.7905,U,30,7.5000,180.00
D,249221,2,scanmove,2.7897,U,30,7.5000,180.00
P,252352,2,scan28,2.7906,U,7.5000,180.00
A,2,2,28,55,30,45,1260.0,180.00,7.5000,2.7890,2.7906,0.0016
D,252470,2,scanmove,2.8021,U,30,7.6250,225.00
D,252663,2,scanmove,2.8042,U,30,7.6250,225.00
D,252854,2,scanmove,2.8075,U,30,7.6250,225.00
P,255987,2,scan29,2.7769,U,7.6250,225.00
A,2,2,29,55,30,45,1305.0,225.00,7.6250,2.7906,2.7769,-0.0137
D,256106,2,scanmove,2.7842,U,30,7.7500,270.00
D,256297,2,scanmove,2.7898,U,30,7.7500,270.00
D,256490,2,scanmove,2.7868,U,30,7.7500,270.00
P,259628,2,scan30,2.7972,U,7.7500,270.00
A,2,2,30,55,30,45,1350.0,270.00,7.7500,2.7769,2.7972,0.0203
D,259733,2,scanmove,2.7904,U,30,7.8750,315.00
D,259925,2,scanmove,2.7910,U,30,7.8750,315.00
D,260116,2,scanmove,2.8005,U,30,7.8750,315.00
P,263254,2,scan31,2.8251,U,7.8750,315.00
A,2,2,31,55,30,45,1395.0,315.00,7.8750,2.7972,2.8251,0.0279
D,263373,2,scanmove,2.8254,U,30,8.0000,0.00
D,263564,2,scanmove,2.8149,U,30,8.0000,0.00
D,263756,2,scanmove,2.8118,U,30,8.0000,0.00
P,266888,2,scan32,2.8267,U,8.0000,0.00
A,2,2,32,55,30,45,1440.0,0.00,8.0000,2.8251,2.8267,0.0016
E,266894,=== B trial 3 : tilt 55 rep 1 rpm 90 cruise 4 rev -> phase 0 deg (abs 2.83) ===
P,270904,3,base,2.8157,U,8.0000,0.00
D,271018,3,preroll,2.8170,U,0,8.0000,0.00
D,271210,3,preroll,2.8241,U,0,8.0000,0.00
D,271401,3,preroll,2.8285,U,0,8.0000,0.00
D,271593,3,preroll,2.8202,U,0,8.0000,0.00
D,271786,3,preroll,2.8090,U,0,8.0000,0.00
D,271979,3,move,2.8033,U,90,12.0000,0.00
D,272172,3,move,2.7961,U,90,12.0000,0.00
D,272364,3,move,2.7970,U,90,12.0000,0.00
D,272555,3,move,2.8074,U,90,12.0000,0.00
D,272747,3,move,2.8142,U,90,12.0000,0.00
D,272939,3,move,2.8093,U,90,12.0000,0.00
D,273131,3,move,2.7937,U,90,12.0000,0.00
D,273324,3,move,2.7879,U,90,12.0000,0.00
D,273501,3,move,2.7964,U,90,12.0000,0.00
D,273694,3,move,2.8087,U,90,12.0000,0.00
D,273885,3,move,2.8200,U,90,12.0000,0.00
D,274077,3,move,2.8258,U,90,12.0000,0.00
D,274267,3,move,2.8334,U,90,12.0000,0.00
D,274458,3,move,2.8450,U,90,12.0000,0.00
D,274650,3,move,2.8587,U,90,12.0000,0.00
D,274842,3,move,2.8723,U,90,12.0000,0.00
D,275035,3,move,2.8877,U,90,12.0000,0.00
D,275226,3,settle,2.9063,U,0,12.0000,0.00
D,275418,3,settle,2.9260,U,0,12.0000,0.00
D,275610,3,settle,2.9407,U,0,12.0000,0.00
D,275802,3,settle,2.9509,U,0,12.0000,0.00
D,275994,3,settle,2.9543,U,0,12.0000,0.00
D,276186,3,settle,2.9563,U,0,12.0000,0.00
D,276379,3,settle,2.9592,U,0,12.0000,0.00
D,276570,3,settle,2.9615,U,0,12.0000,0.00
D,276762,3,settle,2.9681,U,0,12.0000,0.00
D,276954,3,settle,2.9709,U,0,12.0000,0.00
D,277146,3,settle,2.9698,U,0,12.0000,0.00
D,277338,3,settle,2.9673,U,0,12.0000,0.00
D,277530,3,settle,2.9596,U,0,12.0000,0.00
D,277722,3,settle,2.9559,U,0,12.0000,0.00
D,277901,3,settle,2.9586,U,0,12.0000,0.00
D,278093,3,settle,2.9613,U,0,12.0000,0.00
D,278285,3,settle,2.9635,U,0,12.0000,0.00
D,278478,3,settle,2.9557,U,0,12.0000,0.00
D,278669,3,settle,2.9525,U,0,12.0000,0.00
D,278861,3,settle,2.9569,U,0,12.0000,0.00
D,279053,3,settle,2.9575,U,0,12.0000,0.00
D,279245,3,settle,2.9553,U,0,12.0000,0.00
D,279437,3,settle,2.9570,U,0,12.0000,0.00
D,279629,3,settle,2.9649,U,0,12.0000,0.00
D,279821,3,settle,2.9663,U,0,12.0000,0.00
D,280013,3,settle,2.9664,U,0,12.0000,0.00
D,280205,3,settle,2.9690,U,0,12.0000,0.00
D,280397,3,settle,2.9683,U,0,12.0000,0.00
D,280589,3,settle,2.9669,U,0,12.0000,0.00
D,280782,3,settle,2.9633,U,0,12.0000,0.00
D,280973,3,settle,2.9585,U,0,12.0000,0.00
D,281165,3,settle,2.9575,U,0,12.0000,0.00
D,281358,3,settle,2.9662,U,0,12.0000,0.00
D,281535,3,settle,2.9700,U,0,12.0000,0.00
D,281726,3,settle,2.9649,U,0,12.0000,0.00
D,281919,3,settle,2.9589,U,0,12.0000,0.00
D,282110,3,settle,2.9533,U,0,12.0000,0.00
P,285249,3,settled,2.9468,U,12.0000,0.00
B,3,55,1,90,4,0.0,12.0000,2.8157,2.8877,3.24,2.9468,0.0591,0.1311,2.9468,ok
E,285257,=== B trial 4 : tilt 55 rep 1 rpm 90 cruise 4 rev -> phase 45 deg (abs 2.95) ===
P,289266,4,base,2.9631,U,12.0000,0.00
D,289380,4,preroll,2.9478,U,0,12.0000,0.00
D,289573,4,preroll,2.9474,U,0,12.0000,0.00
D,289764,4,preroll,2.9583,U,0,12.0000,0.00
D,289956,4,preroll,2.9627,U,0,12.0000,0.00
D,290148,4,preroll,2.9619,U,0,12.0000,0.00
D,290343,4,move,2.9585,U,90,16.1250,45.00
D,290534,4,move,2.9565,U,90,16.1250,45.00
D,290726,4,move,2.9583,U,90,16.1250,45.00
D,290918,4,move,2.9592,U,90,16.1250,45.00
D,291110,4,move,2.9582,U,90,16.1250,45.00
D,291293,4,move,2.9529,U,90,16.1250,45.00
D,291485,4,move,2.9469,U,90,16.1250,45.00
D,291676,4,move,2.9478,U,90,16.1250,45.00
D,291869,4,move,2.9574,U,90,16.1250,45.00
D,292061,4,move,2.9656,U,90,16.1250,45.00
D,292252,4,move,2.9768,U,90,16.1250,45.00
D,292444,4,move,2.9945,U,90,16.1250,45.00
D,292636,4,move,3.0074,U,90,16.1250,45.00
D,292828,4,move,3.0121,U,90,16.1250,45.00
D,293021,4,move,3.0156,U,90,16.1250,45.00
D,293212,4,move,3.0252,U,90,16.1250,45.00
D,293404,4,move,3.0414,U,90,16.1250,45.00
D,293597,4,move,3.0599,U,90,16.1250,45.00
D,293788,4,settle,3.0797,U,0,16.1250,45.00
D,293968,4,settle,3.0946,U,0,16.1250,45.00
D,294159,4,settle,3.1011,U,0,16.1250,45.00
D,294351,4,settle,3.1068,U,0,16.1250,45.00
D,294543,4,settle,3.1151,U,0,16.1250,45.00
D,294735,4,settle,3.1130,U,0,16.1250,45.00
D,294927,4,settle,3.1067,U,0,16.1250,45.00
D,295119,4,settle,3.1028,U,0,16.1250,45.00
D,295311,4,settle,3.1069,U,0,16.1250,45.00
D,295503,4,settle,3.1162,U,0,16.1250,45.00
D,295695,4,settle,3.1224,U,0,16.1250,45.00
D,295887,4,settle,3.1270,U,0,16.1250,45.00
D,296079,4,settle,3.1248,U,0,16.1250,45.00
D,296271,4,settle,3.1225,U,0,16.1250,45.00
D,296463,4,settle,3.1189,U,0,16.1250,45.00
D,296655,4,settle,3.1136,U,0,16.1250,45.00
D,296847,4,settle,3.1101,U,0,16.1250,45.00
D,297039,4,settle,3.1079,U,0,16.1250,45.00
D,297231,4,settle,3.1116,U,0,16.1250,45.00
D,297423,4,settle,3.1120,U,0,16.1250,45.00
D,297601,4,settle,3.1116,U,0,16.1250,45.00
D,297793,4,settle,3.1184,U,0,16.1250,45.00
D,297986,4,settle,3.1199,U,0,16.1250,45.00
D,298177,4,settle,3.1184,U,0,16.1250,45.00
D,298369,4,settle,3.1185,U,0,16.1250,45.00
D,298561,4,settle,3.1140,U,0,16.1250,45.00
D,298753,4,settle,3.1147,U,0,16.1250,45.00
D,298945,4,settle,3.1164,U,0,16.1250,45.00
D,299137,4,settle,3.1153,U,0,16.1250,45.00
D,299329,4,settle,3.1059,U,0,16.1250,45.00
D,299521,4,settle,3.1026,U,0,16.1250,45.00
D,299713,4,settle,3.1057,U,0,16.1250,45.00
D,299905,4,settle,3.1070,U,0,16.1250,45.00
D,300097,4,settle,3.1065,U,0,16.1250,45.00
D,300289,4,settle,3.1150,U,0,16.1250,45.00
D,300481,4,settle,3.1257,U,0,16.1250,45.00
D,300673,4,settle,3.1265,U,0,16.1250,45.00
P,303803,4,settled,3.1155,U,16.1250,45.00
B,4,55,1,90,4,45.0,16.1250,2.9631,3.0599,3.33,3.1155,0.0556,0.1524,3.1155,ok
E,303811,=== B trial 5 : tilt 55 rep 1 rpm 90 cruise 4 rev -> phase 90 deg (abs 3.12) ===
P,307818,5,base,3.1179,U,16.1250,45.00
D,307932,5,preroll,3.1195,U,0,16.1250,45.00
D,308124,5,preroll,3.1187,U,0,16.1250,45.00
D,308312,5,preroll,3.1113,U,0,16.1250,45.00
D,308503,5,preroll,3.1143,U,0,16.1250,45.00
D,308695,5,preroll,3.1160,U,0,16.1250,45.00
D,308887,5,preroll,3.1056,U,0,16.1250,45.00
D,309082,5,move,3.1015,U,90,20.2500,90.00
D,309273,5,move,3.1062,U,90,20.2500,90.00
D,309465,5,move,3.1138,U,90,20.2500,90.00
D,309657,5,move,3.1122,U,90,20.2500,90.00
D,309849,5,move,3.1068,U,90,20.2500,90.00
D,310041,5,move,3.1034,U,90,20.2500,90.00
D,310233,5,move,3.1008,U,90,20.2500,90.00
D,310425,5,move,3.1041,U,90,20.2500,90.00
D,310617,5,move,3.1066,U,90,20.2500,90.00
D,310809,5,move,3.1204,U,90,20.2500,90.00
D,311001,5,move,3.1434,U,90,20.2500,90.00
D,311181,5,move,3.1537,U,90,20.2500,90.00
D,311373,5,move,3.1540,U,90,20.2500,90.00
D,311565,5,move,3.1611,U,90,20.2500,90.00
D,311757,5,move,3.1781,U,90,20.2500,90.00
D,311949,5,move,3.1980,U,90,20.2500,90.00
D,312141,5,move,3.2104,U,90,20.2500,90.00
D,312333,5,move,3.2123,U,90,20.2500,90.00
D,312527,5,settle,3.2264,U,0,20.2500,90.00
D,312718,5,settle,3.2579,U,0,20.2500,90.00
D,312910,5,settle,3.2777,U,0,20.2500,90.00
D,313102,5,settle,3.2869,U,0,20.2500,90.00
D,313294,5,settle,3.2915,U,0,20.2500,90.00
D,313486,5,settle,3.2878,U,0,20.2500,90.00
D,313678,5,settle,3.2812,U,0,20.2500,90.00
D,313870,5,settle,3.2751,U,0,20.2500,90.00
D,314062,5,settle,3.2758,U,0,20.2500,90.00
D,314254,5,settle,3.2895,U,0,20.2500,90.00
D,314434,5,settle,3.2905,U,0,20.2500,90.00
D,314626,5,settle,3.2766,U,0,20.2500,90.00
D,314818,5,settle,3.2712,U,0,20.2500,90.00
D,315010,5,settle,3.2765,U,0,20.2500,90.00
D,315202,5,settle,3.2804,U,0,20.2500,90.00
D,315394,5,settle,3.2762,U,0,20.2500,90.00
D,315586,5,settle,3.2715,U,0,20.2500,90.00
D,315778,5,settle,3.2705,U,0,20.2500,90.00
D,315970,5,settle,3.2655,U,0,20.2500,90.00
D,316162,5,settle,3.2628,U,0,20.2500,90.00
D,316354,5,settle,3.2654,U,0,20.2500,90.00
D,316546,5,settle,3.2741,U,0,20.2500,90.00
D,316738,5,settle,3.2835,U,0,20.2500,90.00
D,316930,5,settle,3.2844,U,0,20.2500,90.00
D,317122,5,settle,3.2824,U,0,20.2500,90.00
D,317301,5,settle,3.2828,U,0,20.2500,90.00
D,317493,5,settle,3.2824,U,0,20.2500,90.00
D,317685,5,settle,3.2748,U,0,20.2500,90.00
D,317877,5,settle,3.2729,U,0,20.2500,90.00
D,318069,5,settle,3.2708,U,0,20.2500,90.00
D,318261,5,settle,3.2741,U,0,20.2500,90.00
D,318453,5,settle,3.2771,U,0,20.2500,90.00
D,318645,5,settle,3.2751,U,0,20.2500,90.00
D,318837,5,settle,3.2724,U,0,20.2500,90.00
D,319029,5,settle,3.2699,U,0,20.2500,90.00
D,319221,5,settle,3.2734,U,0,20.2500,90.00
D,319413,5,settle,3.2773,U,0,20.2500,90.00
P,322547,5,settled,3.2733,U,20.2500,90.00
B,5,55,1,90,4,90.0,20.2500,3.1179,3.2123,3.33,3.2733,0.0610,0.1554,3.2733,ok
E,322555,=== B trial 6 : tilt 55 rep 1 rpm 90 cruise 4 rev -> phase 135 deg (abs 3.27) ===
P,326571,6,base,3.2820,U,20.2500,90.00
D,326685,6,preroll,3.2794,U,0,20.2500,90.00
D,326876,6,preroll,3.2807,U,0,20.2500,90.00
D,327068,6,preroll,3.2820,U,0,20.2500,90.00
D,327247,6,preroll,3.2816,U,0,20.2500,90.00
D,327439,6,preroll,3.2778,U,0,20.2500,90.00
D,327631,6,preroll,3.2773,U,0,20.2500,90.00
D,327826,6,move,3.2777,U,90,24.3750,135.00
D,328016,6,move,3.2767,U,90,24.3750,135.00
D,328207,6,move,3.2672,U,90,24.3750,135.00
D,328399,6,move,3.2636,U,90,24.3750,135.00
D,328591,6,move,3.2670,U,90,24.3750,135.00
D,328783,6,move,3.2659,U,90,24.3750,135.00
D,328974,6,move,3.2643,U,90,24.3750,135.00
D,329165,6,move,3.2643,U,90,24.3750,135.00
D,329356,6,move,3.2711,U,90,24.3750,135.00
D,329547,6,move,3.2774,U,90,24.3750,135.00
D,329738,6,move,3.2837,U,90,24.3750,135.00
D,329930,6,move,3.2972,U,90,24.3750,135.00
D,330121,6,move,3.3128,U,90,24.3750,135.00
D,330313,6,move,3.3233,U,90,24.3750,135.00
D,330504,6,move,3.3273,U,90,24.3750,135.00
D,330696,6,move,3.3289,U,90,24.3750,135.00
D,330887,6,move,3.3387,U,90,24.3750,135.00
D,331078,6,move,3.3575,U,90,24.3750,135.00
D,331271,6,settle,3.3764,U,0,24.3750,135.00
D,331463,6,settle,3.3952,U,0,24.3750,135.00
D,331655,6,settle,3.4058,U,0,24.3750,135.00
D,331848,6,settle,3.4042,U,0,24.3750,135.00
D,332039,6,settle,3.4039,U,0,24.3750,135.00
D,332231,6,settle,3.4067,U,0,24.3750,135.00
D,332423,6,settle,3.4110,U,0,24.3750,135.00
D,332602,6,settle,3.4091,U,0,24.3750,135.00
D,332794,6,settle,3.4099,U,0,24.3750,135.00
D,332986,6,settle,3.4162,U,0,24.3750,135.00
D,333178,6,settle,3.4192,U,0,24.3750,135.00
D,333370,6,settle,3.4242,U,0,24.3750,135.00
D,333562,6,settle,3.4285,U,0,24.3750,135.00
D,333754,6,settle,3.4283,U,0,24.3750,135.00
D,333946,6,settle,3.4237,U,0,24.3750,135.00
D,334138,6,settle,3.4157,U,0,24.3750,135.00
D,334331,6,settle,3.4094,U,0,24.3750,135.00
D,334522,6,settle,3.4092,U,0,24.3750,135.00
D,334714,6,settle,3.4104,U,0,24.3750,135.00
D,334906,6,settle,3.4109,U,0,24.3750,135.00
D,335098,6,settle,3.4173,U,0,24.3750,135.00
D,335290,6,settle,3.4165,U,0,24.3750,135.00
D,335482,6,settle,3.4109,U,0,24.3750,135.00
D,335674,6,settle,3.4109,U,0,24.3750,135.00
D,335866,6,settle,3.4172,U,0,24.3750,135.00
D,336045,6,settle,3.4230,U,0,24.3750,135.00
D,336237,6,settle,3.4191,U,0,24.3750,135.00
D,336429,6,settle,3.4149,U,0,24.3750,135.00
D,336622,6,settle,3.4169,U,0,24.3750,135.00
D,336813,6,settle,3.4137,U,0,24.3750,135.00
D,337005,6,settle,3.4139,U,0,24.3750,135.00
D,337197,6,settle,3.4232,U,0,24.3750,135.00
D,337389,6,settle,3.4233,U,0,24.3750,135.00
D,337581,6,settle,3.4207,U,0,24.3750,135.00
D,337773,6,settle,3.4163,U,0,24.3750,135.00
D,337965,6,settle,3.4154,U,0,24.3750,135.00
D,338157,6,settle,3.4194,U,0,24.3750,135.00
P,341290,6,settled,3.4158,U,24.3750,135.00
B,6,55,1,90,4,135.0,24.3750,3.2820,3.3575,3.33,3.4158,0.0583,0.1338,3.4158,ok
E,341298,=== B trial 7 : tilt 55 rep 1 rpm 90 cruise 4 rev -> phase 180 deg (abs 3.42) ===
P,345306,7,base,3.4218,U,24.3750,135.00
D,345420,7,preroll,3.4186,U,0,24.3750,135.00
D,345611,7,preroll,3.4186,U,0,24.3750,135.00
D,345803,7,preroll,3.4203,U,0,24.3750,135.00
D,345995,7,preroll,3.4190,U,0,24.3750,135.00
D,346187,7,preroll,3.4149,U,0,24.3750,135.00
D,346382,7,move,3.4198,U,90,28.5000,180.00
D,346572,7,move,3.4243,U,90,28.5000,180.00
D,346763,7,move,3.4163,U,90,28.5000,180.00
D,346954,7,move,3.4072,U,90,28.5000,180.00
D,347145,7,move,3.4020,U,90,28.5000,180.00
D,347337,7,move,3.3995,U,90,28.5000,180.00
D,347527,7,move,3.4033,U,90,28.5000,180.00
D,347718,7,move,3.4062,U,90,28.5000,180.00
D,347909,7,move,3.4079,U,90,28.5000,180.00
D,348100,7,move,3.4203,U,90,28.5000,180.00
D,348291,7,move,3.4320,U,90,28.5000,180.00
D,348482,7,move,3.4440,U,90,28.5000,180.00
D,348674,7,move,3.4611,U,90,28.5000,180.00
D,348865,7,move,3.4755,U,90,28.5000,180.00
D,349055,7,move,3.4792,U,90,28.5000,180.00
D,349246,7,move,3.4800,U,90,28.5000,180.00
D,349438,7,move,3.4844,U,90,28.5000,180.00
D,349629,7,move,3.4989,U,90,28.5000,180.00
D,349823,7,settle,3.5247,U,0,28.5000,180.00
D,350014,7,settle,3.5480,U,0,28.5000,180.00
D,350206,7,settle,3.5537,U,0,28.5000,180.00
D,350398,7,settle,3.5614,U,0,28.5000,180.00
D,350590,7,settle,3.5731,U,0,28.5000,180.00
D,350782,7,settle,3.5702,U,0,28.5000,180.00
D,350974,7,settle,3.5648,U,0,28.5000,180.00
D,351166,7,settle,3.5629,U,0,28.5000,180.00
D,351358,7,settle,3.5605,U,0,28.5000,180.00
D,351550,7,settle,3.5629,U,0,28.5000,180.00
D,351730,7,settle,3.5634,U,0,28.5000,180.00
D,351922,7,settle,3.5625,U,0,28.5000,180.00
D,352114,7,settle,3.5558,U,0,28.5000,180.00
D,352306,7,settle,3.5579,U,0,28.5000,180.00
D,352498,7,settle,3.5698,U,0,28.5000,180.00
D,352690,7,settle,3.5741,U,0,28.5000,180.00
D,352882,7,settle,3.5619,U,0,28.5000,180.00
D,353074,7,settle,3.5539,U,0,28.5000,180.00
D,353266,7,settle,3.5611,U,0,28.5000,180.00
D,353458,7,settle,3.5685,U,0,28.5000,180.00
D,353650,7,settle,3.5680,U,0,28.5000,180.00
D,353842,7,settle,3.5686,U,0,28.5000,180.00
D,354035,7,settle,3.5698,U,0,28.5000,180.00
D,354226,7,settle,3.5681,U,0,28.5000,180.00
D,354418,7,settle,3.5599,U,0,28.5000,180.00
D,354610,7,settle,3.5562,U,0,28.5000,180.00
D,354802,7,settle,3.5541,U,0,28.5000,180.00
D,354980,7,settle,3.5538,U,0,28.5000,180.00
D,355172,7,settle,3.5582,U,0,28.5000,180.00
D,355364,7,settle,3.5742,U,0,28.5000,180.00
D,355556,7,settle,3.5783,U,0,28.5000,180.00
D,355748,7,settle,3.5730,U,0,28.5000,180.00
D,355940,7,settle,3.5728,U,0,28.5000,180.00
D,356132,7,settle,3.5726,U,0,28.5000,180.00
D,356324,7,settle,3.5702,U,0,28.5000,180.00
D,356517,7,settle,3.5668,U,0,28.5000,180.00
D,356708,7,settle,3.5607,U,0,28.5000,180.00
P,359581,7,settled,3.5623,S,28.5000,180.00
B,7,55,1,90,4,180.0,28.5000,3.4218,3.4989,3.33,3.5623,0.0634,0.1405,3.5623,ok
E,359588,=== B trial 8 : tilt 55 rep 1 rpm 90 cruise 4 rev -> phase 225 deg (abs 3.56) ===
P,363764,8,base,3.5621,U,28.5000,180.00
D,363879,8,preroll,3.5608,U,0,28.5000,180.00
D,364069,8,preroll,3.5615,U,0,28.5000,180.00
D,364261,8,preroll,3.5596,U,0,28.5000,180.00
D,364453,8,preroll,3.5587,U,0,28.5000,180.00
D,364646,8,preroll,3.5702,U,0,28.5000,180.00
D,364839,8,move,3.5791,U,90,32.6250,225.00
D,365030,8,move,3.5762,U,90,32.6250,225.00
D,365221,8,move,3.5698,U,90,32.6250,225.00
D,365413,8,move,3.5608,U,90,32.6250,225.00
D,365604,8,move,3.5569,U,90,32.6250,225.00
D,365795,8,move,3.5587,U,90,32.6250,225.00
D,365986,8,move,3.5581,U,90,32.6250,225.00
D,366176,8,move,3.5565,U,90,32.6250,225.00
D,366367,8,move,3.5670,U,90,32.6250,225.00
D,366558,8,move,3.5852,U,90,32.6250,225.00
D,366749,8,move,3.5916,U,90,32.6250,225.00
D,366940,8,move,3.5952,U,90,32.6250,225.00
D,367132,8,move,3.6064,U,90,32.6250,225.00
D,367322,8,move,3.6181,U,90,32.6250,225.00
D,367513,8,move,3.6282,U,90,32.6250,225.00
D,367704,8,move,3.6417,U,90,32.6250,225.00
D,367895,8,move,3.6547,U,90,32.6250,225.00
D,368087,8,move,3.6588,U,90,32.6250,225.00
D,368278,8,settle,3.6692,U,0,32.6250,225.00
D,368470,8,settle,3.6897,U,0,32.6250,225.00
D,368660,8,settle,3.7042,U,0,32.6250,225.00
D,368852,8,settle,3.7096,U,0,32.6250,225.00
D,369043,8,settle,3.7092,U,0,32.6250,225.00
D,369235,8,settle,3.7109,U,0,32.6250,225.00
D,369427,8,settle,3.7125,U,0,32.6250,225.00
D,369619,8,settle,3.7157,U,0,32.6250,225.00
D,369811,8,settle,3.7152,U,0,32.6250,225.00
D,370003,8,settle,3.7140,U,0,32.6250,225.00
D,370195,8,settle,3.7145,U,0,32.6250,225.00
D,370387,8,settle,3.7151,U,0,32.6250,225.00
D,370579,8,settle,3.7152,U,0,32.6250,225.00
D,370771,8,settle,3.7150,U,0,32.6250,225.00
D,370951,8,settle,3.7150,U,0,32.6250,225.00
D,371143,8,settle,3.7147,U,0,32.6250,225.00
D,371335,8,settle,3.7143,U,0,32.6250,225.00
D,371527,8,settle,3.7141,U,0,32.6250,225.00
D,371719,8,settle,3.7169,U,0,32.6250,225.00
D,371911,8,settle,3.7212,U,0,32.6250,225.00
D,372103,8,settle,3.7191,U,0,32.6250,225.00
D,372295,8,settle,3.7094,U,0,32.6250,225.00
D,372487,8,settle,3.7048,U,0,32.6250,225.00
D,372679,8,settle,3.7026,U,0,32.6250,225.00
D,372871,8,settle,3.7003,U,0,32.6250,225.00
D,373063,8,settle,3.7022,U,0,32.6250,225.00
D,373255,8,settle,3.7113,U,0,32.6250,225.00
D,373447,8,settle,3.7157,U,0,32.6250,225.00
D,373639,8,settle,3.7111,U,0,32.6250,225.00
D,373831,8,settle,3.7103,U,0,32.6250,225.00
D,374023,8,settle,3.7095,U,0,32.6250,225.00
D,374216,8,settle,3.7045,U,0,32.6250,225.00
D,374407,8,settle,3.6998,U,0,32.6250,225.00
D,374585,8,settle,3.7026,U,0,32.6250,225.00
D,374777,8,settle,3.7061,U,0,32.6250,225.00
D,374969,8,settle,3.7086,U,0,32.6250,225.00
D,375161,8,settle,3.7108,U,0,32.6250,225.00
P,378299,8,settled,3.7144,U,32.6250,225.00
B,8,55,1,90,4,225.0,32.6250,3.5621,3.6588,3.33,3.7144,0.0556,0.1523,3.7144,ok
E,378306,=== B trial 9 : tilt 55 rep 1 rpm 90 cruise 4 rev -> phase 270 deg (abs 3.71) ===
P,382317,9,base,3.7081,U,32.6250,225.00
D,382432,9,preroll,3.7098,U,0,32.6250,225.00
D,382622,9,preroll,3.7106,U,0,32.6250,225.00
D,382813,9,preroll,3.7100,U,0,32.6250,225.00
D,383005,9,preroll,3.7109,U,0,32.6250,225.00
D,383197,9,preroll,3.7167,U,0,32.6250,225.00
D,383391,9,move,3.7140,U,90,36.7500,270.00
D,383583,9,move,3.7088,U,90,36.7500,270.00
D,383773,9,move,3.7024,U,90,36.7500,270.00
D,383965,9,move,3.6999,U,90,36.7500,270.00
D,384155,9,move,3.7030,U,90,36.7500,270.00
D,384346,9,move,3.7043,U,90,36.7500,270.00
D,384537,9,move,3.7009,U,90,36.7500,270.00
D,384728,9,move,3.6976,U,90,36.7500,270.00
D,384919,9,move,3.7067,U,90,36.7500,270.00
D,385110,9,move,3.7213,U,90,36.7500,270.00
D,385301,9,move,3.7308,U,90,36.7500,270.00
D,385492,9,move,3.7472,U,90,36.7500,270.00
D,385683,9,move,3.7570,U,90,36.7500,270.00
D,385874,9,move,3.7622,U,90,36.7500,270.00
D,386065,9,move,3.7698,U,90,36.7500,270.00
D,386256,9,move,3.7871,U,90,36.7500,270.00
D,386447,9,move,3.8003,U,90,36.7500,270.00
D,386639,9,move,3.8025,U,90,36.7500,270.00
D,386830,9,settle,3.8152,U,0,36.7500,270.00
D,387021,9,settle,3.8380,U,0,36.7500,270.00
D,387212,9,settle,3.8567,U,0,36.7500,270.00
D,387403,9,settle,3.8671,U,0,36.7500,270.00
D,387594,9,settle,3.8670,U,0,36.7500,270.00
D,387785,9,settle,3.8615,U,0,36.7500,270.00
D,387976,9,settle,3.8600,U,0,36.7500,270.00
D,388167,9,settle,3.8680,U,0,36.7500,270.00
D,388359,9,settle,3.8711,U,0,36.7500,270.00
D,388551,9,settle,3.8722,U,0,36.7500,270.00
D,388742,9,settle,3.8745,U,0,36.7500,270.00
D,388933,9,settle,3.8788,U,0,36.7500,270.00
D,389125,9,settle,3.8815,U,0,36.7500,270.00
D,389317,9,settle,3.8741,U,0,36.7500,270.00
D,389509,9,settle,3.8654,U,0,36.7500,270.00
D,389701,9,settle,3.8623,U,0,36.7500,270.00
D,389894,9,settle,3.8655,U,0,36.7500,270.00
D,390085,9,settle,3.8679,U,0,36.7500,270.00
D,390277,9,settle,3.8611,U,0,36.7500,270.00
D,390469,9,settle,3.8591,U,0,36.7500,270.00
D,390661,9,settle,3.8660,U,0,36.7500,270.00
D,390853,9,settle,3.8597,U,0,36.7500,270.00
D,391045,9,settle,3.8511,U,0,36.7500,270.00
D,391237,9,settle,3.8430,U,0,36.7500,270.00
D,391429,9,settle,3.8405,U,0,36.7500,270.00
D,391607,9,settle,3.8473,U,0,36.7500,270.00
D,391799,9,settle,3.8601,U,0,36.7500,270.00
D,391991,9,settle,3.8626,U,0,36.7500,270.00
D,392183,9,settle,3.8553,U,0,36.7500,270.00
D,392376,9,settle,3.8584,U,0,36.7500,270.00
D,392567,9,settle,3.8614,U,0,36.7500,270.00
D,392759,9,settle,3.8630,U,0,36.7500,270.00
D,392951,9,settle,3.8691,U,0,36.7500,270.00
D,393143,9,settle,3.8718,U,0,36.7500,270.00
D,393347,9,settle,3.8737,U,0,36.7500,270.00
D,393521,9,settle,3.8796,U,0,36.7500,270.00
D,393712,9,settle,3.8771,U,0,36.7500,270.00
P,396853,9,settled,3.8576,U,36.7500,270.00
B,9,55,1,90,4,270.0,36.7500,3.7081,3.8025,3.33,3.8576,0.0551,0.1495,3.8576,ok
E,396861,=== B trial 10 : tilt 55 rep 1 rpm 90 cruise 4 rev -> phase 315 deg (abs 3.86) ===
P,400869,10,base,3.8342,U,36.7500,270.00
D,400983,10,preroll,3.8274,U,0,36.7500,270.00
D,401174,10,preroll,3.8242,U,0,36.7500,270.00
D,401365,10,preroll,3.8224,U,0,36.7500,270.00
D,401556,10,preroll,3.8258,U,0,36.7500,270.00
D,401747,10,preroll,3.8346,U,0,36.7500,270.00
D,401938,10,preroll,3.8398,U,0,36.7500,270.00
D,402133,10,move,3.8383,U,90,40.8750,315.00
D,402323,10,move,3.8415,U,90,40.8750,315.00
D,402514,10,move,3.8451,U,90,40.8750,315.00
D,402705,10,move,3.8493,U,90,40.8750,315.00
D,402896,10,move,3.8525,U,90,40.8750,315.00
D,403088,10,move,3.8490,U,90,40.8750,315.00
D,403278,10,move,3.8364,U,90,40.8750,315.00
D,403469,10,move,3.8321,U,90,40.8750,315.00
D,403660,10,move,3.8499,U,90,40.8750,315.00
D,403851,10,move,3.8726,U,90,40.8750,315.00
D,404042,10,move,3.8839,U,90,40.8750,315.00
D,404233,10,move,3.8832,U,90,40.8750,315.00
D,404425,10,move,3.8859,U,90,40.8750,315.00
D,404615,10,move,3.8878,U,90,40.8750,315.00
D,404806,10,move,3.8902,U,90,40.8750,315.00
D,404997,10,move,3.9152,U,90,40.8750,315.00
D,405188,10,move,3.9353,U,90,40.8750,315.00
D,405379,10,move,3.9461,U,90,40.8750,315.00
D,405571,10,settle,3.9703,U,0,40.8750,315.00
D,405763,10,settle,3.9888,U,0,40.8750,315.00
D,405954,10,settle,3.9923,U,0,40.8750,315.00
D,406145,10,settle,3.9899,U,0,40.8750,315.00
D,406336,10,settle,3.9877,U,0,40.8750,315.00
D,406527,10,settle,3.9879,U,0,40.8750,315.00
D,406718,10,settle,3.9896,U,0,40.8750,315.00
D,406909,10,settle,3.9937,U,0,40.8750,315.00
D,407100,10,settle,3.9945,U,0,40.8750,315.00
D,407292,10,settle,3.9972,U,0,40.8750,315.00
D,407485,10,settle,4.0043,U,0,40.8750,315.00
D,407675,10,settle,3.9976,U,0,40.8750,315.00
D,407866,10,settle,3.9841,U,0,40.8750,315.00
D,408058,10,settle,3.9870,U,0,40.8750,315.00
D,408250,10,settle,3.9858,U,0,40.8750,315.00
D,408442,10,settle,3.9823,U,0,40.8750,315.00
D,408634,10,settle,3.9838,U,0,40.8750,315.00
D,408826,10,settle,3.9926,U,0,40.8750,315.00
D,409018,10,settle,3.9867,U,0,40.8750,315.00
D,409210,10,settle,3.9796,U,0,40.8750,315.00
D,409402,10,settle,3.9887,U,0,40.8750,315.00
D,409594,10,settle,3.9964,U,0,40.8750,315.00
D,409786,10,settle,3.9996,U,0,40.8750,315.00
D,409979,10,settle,4.0029,U,0,40.8750,315.00
D,410162,10,settle,3.9997,U,0,40.8750,315.00
D,410352,10,settle,3.9869,U,0,40.8750,315.00
D,410543,10,settle,3.9751,U,0,40.8750,315.00
D,410734,10,settle,3.9726,U,0,40.8750,315.00
D,410927,10,settle,3.9736,U,0,40.8750,315.00
D,411118,10,settle,3.9761,U,0,40.8750,315.00
D,411310,10,settle,3.9905,U,0,40.8750,315.00
D,411501,10,settle,3.9992,U,0,40.8750,315.00
D,411693,10,settle,3.9989,U,0,40.8750,315.00
D,411885,10,settle,4.0053,U,0,40.8750,315.00
D,412076,10,settle,4.0047,U,0,40.8750,315.00
D,412269,10,settle,3.9980,U,0,40.8750,315.00
D,412460,10,settle,3.9964,U,0,40.8750,315.00
P,415597,10,settled,3.9797,U,40.8750,315.00
B,10,55,1,90,4,315.0,40.8750,3.8342,3.9461,3.33,3.9797,0.0336,0.1455,3.9797,ok
E,415605,=== B trial 11 : tilt 55 rep 2 rpm 90 cruise 4 rev -> phase 0 deg (abs 3.98) ===
P,419612,11,base,3.9980,U,40.8750,315.00
D,419726,11,preroll,3.9962,U,0,40.8750,315.00
D,419918,11,preroll,3.9848,U,0,40.8750,315.00
D,420110,11,preroll,3.9807,U,0,40.8750,315.00
D,420302,11,preroll,3.9795,U,0,40.8750,315.00
D,420495,11,preroll,3.9776,U,0,40.8750,315.00
D,420688,11,move,3.9803,U,90,45.0000,0.00
D,420880,11,move,3.9888,U,90,45.0000,0.00
D,421072,11,move,3.9911,U,90,45.0000,0.00
D,421264,11,move,3.9895,U,90,45.0000,0.00
D,421457,11,move,3.9879,U,90,45.0000,0.00
D,421649,11,move,3.9889,U,90,45.0000,0.00
D,421841,11,move,3.9926,U,90,45.0000,0.00
D,422018,11,move,3.9973,U,90,45.0000,0.00
D,422211,11,move,4.0014,U,90,45.0000,0.00
D,422402,11,move,4.0005,U,90,45.0000,0.00
D,422595,11,move,4.0168,U,90,45.0000,0.00
D,422787,11,move,4.0367,U,90,45.0000,0.00
D,422979,11,move,4.0464,U,90,45.0000,0.00
D,423171,11,move,4.0579,U,90,45.0000,0.00
D,423362,11,move,4.0733,U,90,45.0000,0.00
D,423554,11,move,4.0876,U,90,45.0000,0.00
D,423746,11,move,4.1012,U,90,45.0000,0.00
D,423938,11,move,4.1120,U,90,45.0000,0.00
D,424131,11,settle,4.1201,U,0,45.0000,0.00
D,424323,11,settle,4.1264,U,0,45.0000,0.00
D,424515,11,settle,4.1323,U,0,45.0000,0.00
D,424707,11,settle,4.1344,U,0,45.0000,0.00
D,424899,11,settle,4.1330,U,0,45.0000,0.00
D,425091,11,settle,4.1339,U,0,45.0000,0.00
D,425283,11,settle,4.1334,U,0,45.0000,0.00
D,425475,11,settle,4.1329,U,0,45.0000,0.00
D,425652,11,settle,4.1411,U,0,45.0000,0.00
D,425844,11,settle,4.1404,U,0,45.0000,0.00
D,426036,11,settle,4.1393,U,0,45.0000,0.00
D,426228,11,settle,4.1403,U,0,45.0000,0.00
D,426420,11,settle,4.1351,U,0,45.0000,0.00
D,426612,11,settle,4.1312,U,0,45.0000,0.00
D,426816,11,settle,4.1306,U,0,45.0000,0.00
D,426992,11,settle,4.1351,U,0,45.0000,0.00
D,427184,11,settle,4.1408,U,0,45.0000,0.00
D,427376,11,settle,4.1360,U,0,45.0000,0.00
D,427568,11,settle,4.1269,U,0,45.0000,0.00
D,427761,11,settle,4.1247,U,0,45.0000,0.00
D,427952,11,settle,4.1259,U,0,45.0000,0.00
D,428144,11,settle,4.1273,U,0,45.0000,0.00
D,428336,11,settle,4.1273,U,0,45.0000,0.00
D,428528,11,settle,4.1221,U,0,45.0000,0.00
D,428720,11,settle,4.1221,U,0,45.0000,0.00
D,428912,11,settle,4.1248,U,0,45.0000,0.00
D,429104,11,settle,4.1326,U,0,45.0000,0.00
D,429296,11,settle,4.1371,U,0,45.0000,0.00
D,429488,11,settle,4.1358,U,0,45.0000,0.00
D,429680,11,settle,4.1358,U,0,45.0000,0.00
D,429872,11,settle,4.1325,U,0,45.0000,0.00
D,430052,11,settle,4.1336,U,0,45.0000,0.00
D,430244,11,settle,4.1501,U,0,45.0000,0.00
D,430436,11,settle,4.1614,U,0,45.0000,0.00
D,430628,11,settle,4.1412,U,0,45.0000,0.00
D,430820,11,settle,4.1212,U,0,45.0000,0.00
D,431012,11,settle,4.1228,U,0,45.0000,0.00
P,434149,11,settled,4.1418,U,45.0000,0.00
B,11,55,2,90,4,0.0,45.0000,3.9980,4.1120,3.33,4.1418,0.0298,0.1438,4.1418,ok
E,434157,=== B trial 12 : tilt 55 rep 2 rpm 90 cruise 4 rev -> phase 315 deg (abs 4.14) ===
P,438165,12,base,4.1210,U,45.0000,0.00
D,438280,12,preroll,4.1268,U,0,45.0000,0.00
D,438471,12,preroll,4.1393,U,0,45.0000,0.00
D,438663,12,preroll,4.1432,U,0,45.0000,0.00
D,438855,12,preroll,4.1378,U,0,45.0000,0.00
D,439047,12,preroll,4.1294,U,0,45.0000,0.00
D,439242,12,move,4.1186,U,90,49.8750,315.00
D,439432,12,move,4.1092,U,90,49.8750,315.00
D,439624,12,move,4.1135,U,90,49.8750,315.00
D,439816,12,move,4.1284,U,90,49.8750,315.00
D,440008,12,move,4.1404,U,90,49.8750,315.00
D,440201,12,move,4.1485,U,90,49.8750,315.00
D,440393,12,move,4.1530,U,90,49.8750,315.00
D,440585,12,move,4.1608,U,90,49.8750,315.00
D,440762,12,move,4.1776,U,90,49.8750,315.00
D,440954,12,move,4.1948,U,90,49.8750,315.00
D,441147,12,move,4.2056,U,90,49.8750,315.00
D,441338,12,move,4.2125,U,90,49.8750,315.00
D,441530,12,move,4.2193,U,90,49.8750,315.00
D,441722,12,move,4.2274,U,90,49.8750,315.00
D,441914,12,move,4.2344,U,90,49.8750,315.00
D,442106,12,move,4.2424,U,90,49.8750,315.00
D,442298,12,move,4.2554,U,90,49.8750,315.00
D,442490,12,move,4.2643,U,90,49.8750,315.00
D,442683,12,move,4.2747,U,90,49.8750,315.00
D,442873,12,move,4.2890,U,90,49.8750,315.00
D,443065,12,move,4.2944,U,90,49.8750,315.00
D,443258,12,settle,4.2965,U,0,49.8750,315.00
D,443450,12,settle,4.3064,U,0,49.8750,315.00
D,443633,12,settle,4.3167,U,0,49.8750,315.00
D,443824,12,settle,4.3188,U,0,49.8750,315.00
D,444016,12,settle,4.3171,U,0,49.8750,315.00
D,444209,12,settle,4.3169,U,0,49.8750,315.00
D,444400,12,settle,4.3185,U,0,49.8750,315.00
D,444592,12,settle,4.3311,U,0,49.8750,315.00
D,444784,12,settle,4.3413,U,0,49.8750,315.00
D,444976,12,settle,4.3475,U,0,49.8750,315.00
D,445168,12,settle,4.3399,U,0,49.8750,315.00
D,445360,12,settle,4.3230,U,0,49.8750,315.00
D,445552,12,settle,4.3173,U,0,49.8750,315.00
D,445744,12,settle,4.3202,U,0,49.8750,315.00
D,445936,12,settle,4.3167,U,0,49.8750,315.00
D,446128,12,settle,4.3156,U,0,49.8750,315.00
D,446320,12,settle,4.3168,U,0,49.8750,315.00
D,446512,12,settle,4.3237,U,0,49.8750,315.00
D,446704,12,settle,4.3331,U,0,49.8750,315.00
D,446896,12,settle,4.3358,U,0,49.8750,315.00
D,447074,12,settle,4.3396,U,0,49.8750,315.00
D,447266,12,settle,4.3428,U,0,49.8750,315.00
D,447458,12,settle,4.3326,U,0,49.8750,315.00
D,447650,12,settle,4.3255,U,0,49.8750,315.00
D,447842,12,settle,4.3274,U,0,49.8750,315.00
D,448035,12,settle,4.3254,U,0,49.8750,315.00
D,448226,12,settle,4.3207,U,0,49.8750,315.00
D,448418,12,settle,4.3128,U,0,49.8750,315.00
D,448610,12,settle,4.3090,U,0,49.8750,315.00
D,448802,12,settle,4.3111,U,0,49.8750,315.00
D,448994,12,settle,4.3142,U,0,49.8750,315.00
D,449186,12,settle,4.3177,U,0,49.8750,315.00
D,449378,12,settle,4.3114,U,0,49.8750,315.00
D,449570,12,settle,4.3099,U,0,49.8750,315.00
D,449762,12,settle,4.3231,U,0,49.8750,315.00
D,449954,12,settle,4.3344,U,0,49.8750,315.00
D,450147,12,settle,4.3295,U,0,49.8750,315.00
P,453276,12,settled,4.3253,U,49.8750,315.00
B,12,55,2,90,4,315.0,49.8750,4.1210,4.2944,3.83,4.3253,0.0309,0.2043,4.3253,ok
E,453284,=== B trial 13 : tilt 55 rep 2 rpm 90 cruise 4 rev -> phase 270 deg (abs 4.33) ===
P,457292,13,base,4.3214,U,49.8750,315.00
D,457406,13,preroll,4.3137,U,0,49.8750,315.00
D,457598,13,preroll,4.3110,U,0,49.8750,315.00
D,457790,13,preroll,4.3097,U,0,49.8750,315.00
D,457982,13,preroll,4.3133,U,0,49.8750,315.00
D,458174,13,preroll,4.3280,U,0,49.8750,315.00
D,458368,13,move,4.3419,U,90,54.7500,270.00
D,458560,13,move,4.3345,U,90,54.7500,270.00
D,458752,13,move,4.3204,U,90,54.7500,270.00
D,458944,13,move,4.3158,U,90,54.7500,270.00
D,459136,13,move,4.3184,U,90,54.7500,270.00
D,459328,13,move,4.3275,U,90,54.7500,270.00
D,459506,13,move,4.3394,U,90,54.7500,270.00
D,459698,13,move,4.3524,U,90,54.7500,270.00
D,459890,13,move,4.3579,U,90,54.7500,270.00
D,460083,13,move,4.3634,U,90,54.7500,270.00
D,460274,13,move,4.3733,U,90,54.7500,270.00
D,460463,13,move,4.3819,U,90,54.7500,270.00
D,460655,13,move,4.3885,U,90,54.7500,270.00
D,460846,13,move,4.3973,U,90,54.7500,270.00
D,461039,13,move,4.4052,U,90,54.7500,270.00
D,461231,13,move,4.4175,U,90,54.7500,270.00
D,461422,13,move,4.4300,U,90,54.7500,270.00
D,461614,13,move,4.4414,U,90,54.7500,270.00
D,461807,13,move,4.4596,U,90,54.7500,270.00
D,461999,13,move,4.4751,U,90,54.7500,270.00
D,462191,13,move,4.4869,U,90,54.7500,270.00
D,462383,13,settle,4.4914,U,0,54.7500,270.00
D,462575,13,settle,4.4915,U,0,54.7500,270.00
D,462768,13,settle,4.4945,U,0,54.7500,270.00
D,462959,13,settle,4.4933,U,0,54.7500,270.00
D,463152,13,settle,4.4918,U,0,54.7500,270.00
D,463343,13,settle,4.4912,U,0,54.7500,270.00
D,463535,13,settle,4.4923,U,0,54.7500,270.00
D,463728,13,settle,4.4903,U,0,54.7500,270.00
D,463919,13,settle,4.4856,U,0,54.7500,270.00
D,464097,13,settle,4.4925,U,0,54.7500,270.00
D,464289,13,settle,4.4971,U,0,54.7500,270.00
D,464482,13,settle,4.4952,U,0,54.7500,270.00
D,464674,13,settle,4.4818,U,0,54.7500,270.00
D,464866,13,settle,4.4805,U,0,54.7500,270.00
D,465058,13,settle,4.4959,U,0,54.7500,270.00
D,465250,13,settle,4.4970,U,0,54.7500,270.00
D,465442,13,settle,4.4855,U,0,54.7500,270.00
D,465634,13,settle,4.4906,U,0,54.7500,270.00
D,465826,13,settle,4.4989,U,0,54.7500,270.00
D,466017,13,settle,4.5004,U,0,54.7500,270.00
D,466210,13,settle,4.5041,U,0,54.7500,270.00
D,466401,13,settle,4.5054,U,0,54.7500,270.00
D,466593,13,settle,4.4982,U,0,54.7500,270.00
D,466785,13,settle,4.4914,U,0,54.7500,270.00
D,466977,13,settle,4.4923,U,0,54.7500,270.00
D,467170,13,settle,4.4945,U,0,54.7500,270.00
D,467361,13,settle,4.4954,U,0,54.7500,270.00
D,467539,13,settle,4.4931,U,0,54.7500,270.00
D,467731,13,settle,4.4830,U,0,54.7500,270.00
D,467923,13,settle,4.4834,U,0,54.7500,270.00
D,468115,13,settle,4.4914,U,0,54.7500,270.00
D,468307,13,settle,4.4961,U,0,54.7500,270.00
D,468500,13,settle,4.4968,U,0,54.7500,270.00
D,468691,13,settle,4.4990,U,0,54.7500,270.00
D,468883,13,settle,4.4967,U,0,54.7500,270.00
D,469075,13,settle,4.4923,U,0,54.7500,270.00
D,469267,13,settle,4.4888,U,0,54.7500,270.00
P,472401,13,settled,4.4975,U,54.7500,270.00
B,13,55,2,90,4,270.0,54.7500,4.3214,4.4869,3.83,4.4975,0.0106,0.1761,4.4975,ok
E,472409,=== B trial 14 : tilt 55 rep 2 rpm 90 cruise 4 rev -> phase 225 deg (abs 4.50) ===
P,476419,14,base,4.4811,U,54.7500,270.00
D,476534,14,preroll,4.4750,U,0,54.7500,270.00
D,476725,14,preroll,4.4654,U,0,54.7500,270.00
D,476917,14,preroll,4.4647,U,0,54.7500,270.00
D,477109,14,preroll,4.4665,U,0,54.7500,270.00
D,477313,14,preroll,4.4625,U,0,54.7500,270.00
D,477486,14,move,4.4578,U,90,59.6250,225.00
D,477678,14,move,4.4649,U,90,59.6250,225.00
D,477869,14,move,4.4696,U,90,59.6250,225.00
D,478061,14,move,4.4752,U,90,59.6250,225.00
D,478253,14,move,4.4880,U,90,59.6250,225.00
D,478444,14,move,4.4986,U,90,59.6250,225.00
D,478636,14,move,4.5092,U,90,59.6250,225.00
D,478827,14,move,4.5264,U,90,59.6250,225.00
D,479018,14,move,4.5442,U,90,59.6250,225.00
D,479210,14,move,4.5547,U,90,59.6250,225.00
D,479402,14,move,4.5606,U,90,59.6250,225.00
D,479593,14,move,4.5685,U,90,59.6250,225.00
D,479784,14,move,4.5774,U,90,59.6250,225.00
D,479977,14,move,4.5794,U,90,59.6250,225.00
D,480169,14,move,4.5798,U,90,59.6250,225.00
D,480360,14,move,4.5955,U,90,59.6250,225.00
D,480551,14,move,4.6174,U,90,59.6250,225.00
D,480744,14,move,4.6366,U,90,59.6250,225.00
D,480935,14,move,4.6519,U,90,59.6250,225.00
D,481127,14,move,4.6559,U,90,59.6250,225.00
D,481320,14,move,4.6658,U,90,59.6250,225.00
D,481513,14,settle,4.6799,U,0,59.6250,225.00
D,481705,14,settle,4.6786,U,0,59.6250,225.00
D,481896,14,settle,4.6665,U,0,59.6250,225.00
D,482076,14,settle,4.6520,U,0,59.6250,225.00
D,482268,14,settle,4.6471,U,0,59.6250,225.00
D,482460,14,settle,4.6522,U,0,59.6250,225.00
D,482652,14,settle,4.6561,U,0,59.6250,225.00
D,482844,14,settle,4.6572,U,0,59.6250,225.00
D,483036,14,settle,4.6614,U,0,59.6250,225.00
D,483228,14,settle,4.6631,U,0,59.6250,225.00
D,483420,14,settle,4.6586,U,0,59.6250,225.00
D,483613,14,settle,4.6582,U,0,59.6250,225.00
D,483805,14,settle,4.6620,U,0,59.6250,225.00
D,483996,14,settle,4.6674,U,0,59.6250,225.00
D,484188,14,settle,4.6759,U,0,59.6250,225.00
D,484380,14,settle,4.6846,U,0,59.6250,225.00
D,484572,14,settle,4.6874,U,0,59.6250,225.00
D,484764,14,settle,4.6830,U,0,59.6250,225.00
D,484956,14,settle,4.6780,U,0,59.6250,225.00
D,485148,14,settle,4.6734,U,0,59.6250,225.00
D,485340,14,settle,4.6771,U,0,59.6250,225.00
D,485519,14,settle,4.6782,U,0,59.6250,225.00
D,485710,14,settle,4.6749,U,0,59.6250,225.00
D,485902,14,settle,4.6624,U,0,59.6250,225.00
D,486094,14,settle,4.6654,U,0,59.6250,225.00
D,486286,14,settle,4.6692,U,0,59.6250,225.00
D,486479,14,settle,4.6660,U,0,59.6250,225.00
D,486670,14,settle,4.6625,U,0,59.6250,225.00
D,486862,14,settle,4.6615,U,0,59.6250,225.00
D,487054,14,settle,4.6618,U,0,59.6250,225.00
D,487246,14,settle,4.6615,U,0,59.6250,225.00
D,487439,14,settle,4.6617,U,0,59.6250,225.00
D,487631,14,settle,4.6665,U,0,59.6250,225.00
D,487822,14,settle,4.6623,U,0,59.6250,225.00
D,488014,14,settle,4.6559,U,0,59.6250,225.00
D,488207,14,settle,4.6605,U,0,59.6250,225.00
D,488398,14,settle,4.6633,U,0,59.6250,225.00
P,491529,14,settled,4.6797,U,59.6250,225.00
B,14,55,2,90,4,225.0,59.6250,4.4811,4.6658,3.83,4.6797,0.0139,0.1986,4.6797,ok
E,491537,=== B trial 15 : tilt 55 rep 2 rpm 90 cruise 4 rev -> phase 180 deg (abs 4.68) ===
P,495551,15,base,4.6626,U,59.6250,225.00
D,495666,15,preroll,4.6609,U,0,59.6250,225.00
D,495858,15,preroll,4.6696,U,0,59.6250,225.00
D,496049,15,preroll,4.6792,U,0,59.6250,225.00
D,496241,15,preroll,4.6851,U,0,59.6250,225.00
D,496421,15,preroll,4.6918,U,0,59.6250,225.00
D,496612,15,preroll,4.6893,U,0,59.6250,225.00
D,496807,15,move,4.6717,U,90,64.5000,180.00
D,496999,15,move,4.6562,U,90,64.5000,180.00
D,497191,15,move,4.6576,U,90,64.5000,180.00
D,497383,15,move,4.6608,U,90,64.5000,180.00
D,497575,15,move,4.6663,U,90,64.5000,180.00
D,497767,15,move,4.6757,U,90,64.5000,180.00
D,497958,15,move,4.6843,U,90,64.5000,180.00
D,498150,15,move,4.6953,U,90,64.5000,180.00
D,498342,15,move,4.7118,U,90,64.5000,180.00
D,498535,15,move,4.7270,U,90,64.5000,180.00
D,498727,15,move,4.7386,U,90,64.5000,180.00
D,498919,15,move,4.7469,U,90,64.5000,180.00
D,499110,15,move,4.7543,U,90,64.5000,180.00
D,499303,15,move,4.7602,U,90,64.5000,180.00
D,499482,15,move,4.7627,U,90,64.5000,180.00
D,499675,15,move,4.7702,U,90,64.5000,180.00
D,499866,15,move,4.7843,U,90,64.5000,180.00
D,500058,15,move,4.7947,U,90,64.5000,180.00
D,500250,15,move,4.8073,U,90,64.5000,180.00
D,500443,15,move,4.8170,U,90,64.5000,180.00
D,500636,15,settle,4.8295,U,0,64.5000,180.00
D,500828,15,settle,4.8549,U,0,64.5000,180.00
D,501019,15,settle,4.8622,U,0,64.5000,180.00
D,501212,15,settle,4.8549,U,0,64.5000,180.00
D,501403,15,settle,4.8512,U,0,64.5000,180.00
D,501595,15,settle,4.8452,U,0,64.5000,180.00
D,501787,15,settle,4.8374,U,0,64.5000,180.00
D,501980,15,settle,4.8409,U,0,64.5000,180.00
D,502172,15,settle,4.8488,U,0,64.5000,180.00
D,502363,15,settle,4.8496,U,0,64.5000,180.00
D,502541,15,settle,4.8453,U,0,64.5000,180.00
D,502734,15,settle,4.8444,U,0,64.5000,180.00
D,502925,15,settle,4.8457,U,0,64.5000,180.00
D,503117,15,settle,4.8471,U,0,64.5000,180.00
D,503309,15,settle,4.8536,U,0,64.5000,180.00
D,503501,15,settle,4.8524,U,0,64.5000,180.00
D,503693,15,settle,4.8575,U,0,64.5000,180.00
D,503885,15,settle,4.8592,U,0,64.5000,180.00
D,504077,15,settle,4.8549,U,0,64.5000,180.00
D,504270,15,settle,4.8499,U,0,64.5000,180.00
D,504462,15,settle,4.8476,U,0,64.5000,180.00
D,504654,15,settle,4.8527,U,0,64.5000,180.00
D,504845,15,settle,4.8507,U,0,64.5000,180.00
D,505037,15,settle,4.8326,U,0,64.5000,180.00
D,505229,15,settle,4.8298,U,0,64.5000,180.00
D,505421,15,settle,4.8326,U,0,64.5000,180.00
D,505613,15,settle,4.8357,U,0,64.5000,180.00
D,505805,15,settle,4.8368,U,0,64.5000,180.00
D,505997,15,settle,4.8411,U,0,64.5000,180.00
D,506176,15,settle,4.8455,U,0,64.5000,180.00
D,506367,15,settle,4.8414,U,0,64.5000,180.00
D,506559,15,settle,4.8334,U,0,64.5000,180.00
D,506752,15,settle,4.8359,U,0,64.5000,180.00
D,506943,15,settle,4.8416,U,0,64.5000,180.00
D,507135,15,settle,4.8421,U,0,64.5000,180.00
D,507327,15,settle,4.8422,U,0,64.5000,180.00
D,507519,15,settle,4.8464,U,0,64.5000,180.00
P,510666,15,settled,4.8438,U,64.5000,180.00
B,15,55,2,90,4,180.0,64.5000,4.6626,4.8170,3.83,4.8438,0.0268,0.1812,4.8438,ok
E,510673,=== B trial 16 : tilt 55 rep 2 rpm 90 cruise 4 rev -> phase 135 deg (abs 4.84) ===
P,514863,16,base,4.8328,U,64.5000,180.00
D,514978,16,preroll,4.8401,U,0,64.5000,180.00
D,515169,16,preroll,4.8445,U,0,64.5000,180.00
D,515361,16,preroll,4.8434,U,0,64.5000,180.00
D,515554,16,preroll,4.8429,U,0,64.5000,180.00
D,515745,16,preroll,4.8432,U,0,64.5000,180.00
D,515939,16,move,4.8438,U,90,69.3750,135.00
D,516131,16,move,4.8504,U,90,69.3750,135.00
D,516322,16,move,4.8540,U,90,69.3750,135.00
D,516513,16,move,4.8559,U,90,69.3750,135.00
D,516705,16,move,4.8570,U,90,69.3750,135.00
D,516896,16,move,4.8598,U,90,69.3750,135.00
D,517088,16,move,4.8636,U,90,69.3750,135.00
D,517278,16,move,4.8723,U,90,69.3750,135.00
D,517470,16,move,4.8864,U,90,69.3750,135.00
D,517662,16,move,4.9011,U,90,69.3750,135.00
D,517854,16,move,4.9083,U,90,69.3750,135.00
D,518034,16,move,4.9114,U,90,69.3750,135.00
D,518226,16,move,4.9158,U,90,69.3750,135.00
D,518418,16,move,4.9179,U,90,69.3750,135.00
D,518611,16,move,4.9244,U,90,69.3750,135.00
D,518802,16,move,4.9418,U,90,69.3750,135.00
D,518995,16,move,4.9565,U,90,69.3750,135.00
D,519187,16,move,4.9678,U,90,69.3750,135.00
D,519377,16,move,4.9776,U,90,69.3750,135.00
D,519569,16,move,4.9820,U,90,69.3750,135.00
D,519762,16,move,4.9926,U,90,69.3750,135.00
D,519954,16,settle,5.0131,U,0,69.3750,135.00
D,520146,16,settle,5.0223,U,0,69.3750,135.00
D,520339,16,settle,5.0165,U,0,69.3750,135.00
D,520530,16,settle,5.0156,U,0,69.3750,135.00
D,520722,16,settle,5.0193,U,0,69.3750,135.00
D,520914,16,settle,5.0230,U,0,69.3750,135.00
D,521107,16,settle,5.0267,U,0,69.3750,135.00
D,521284,16,settle,5.0293,U,0,69.3750,135.00
D,521476,16,settle,5.0362,U,0,69.3750,135.00
D,521668,16,settle,5.0442,U,0,69.3750,135.00
D,521860,16,settle,5.0388,U,0,69.3750,135.00
D,522052,16,settle,5.0289,U,0,69.3750,135.00
D,522244,16,settle,5.0222,U,0,69.3750,135.00
D,522436,16,settle,5.0189,U,0,69.3750,135.00
D,522628,16,settle,5.0211,U,0,69.3750,135.00
D,522820,16,settle,5.0230,U,0,69.3750,135.00
D,523012,16,settle,5.0229,U,0,69.3750,135.00
D,523204,16,settle,5.0241,U,0,69.3750,135.00
D,523396,16,settle,5.0286,U,0,69.3750,135.00
D,523588,16,settle,5.0212,U,0,69.3750,135.00
D,523780,16,settle,5.0144,U,0,69.3750,135.00
D,523972,16,settle,5.0148,U,0,69.3750,135.00
D,524164,16,settle,5.0139,U,0,69.3750,135.00
D,524356,16,settle,5.0121,U,0,69.3750,135.00
D,524548,16,settle,5.0123,U,0,69.3750,135.00
D,524740,16,settle,5.0132,U,0,69.3750,135.00
D,524920,16,settle,5.0250,U,0,69.3750,135.00
D,525111,16,settle,5.0294,U,0,69.3750,135.00
D,525303,16,settle,5.0277,U,0,69.3750,135.00
D,525495,16,settle,5.0265,U,0,69.3750,135.00
D,525687,16,settle,5.0354,U,0,69.3750,135.00
D,525879,16,settle,5.0474,U,0,69.3750,135.00
D,526072,16,settle,5.0437,U,0,69.3750,135.00
D,526263,16,settle,5.0451,U,0,69.3750,135.00
D,526455,16,settle,5.0412,U,0,69.3750,135.00
D,526647,16,settle,5.0279,U,0,69.3750,135.00
D,526840,16,settle,5.0269,U,0,69.3750,135.00
P,529973,16,settled,5.0153,U,69.3750,135.00
B,16,55,2,90,4,135.0,69.3750,4.8328,4.9926,3.83,5.0153,0.0227,0.1825,5.0153,ok
E,529980,=== B trial 17 : tilt 55 rep 2 rpm 90 cruise 4 rev -> phase 90 deg (abs 5.02) ===
P,533988,17,base,5.0276,U,69.3750,135.00
D,534103,17,preroll,5.0253,U,0,69.3750,135.00
D,534294,17,preroll,5.0133,U,0,69.3750,135.00
D,534486,17,preroll,5.0051,U,0,69.3750,135.00
D,534679,17,preroll,5.0076,U,0,69.3750,135.00
D,534870,17,preroll,5.0149,U,0,69.3750,135.00
D,535065,17,move,5.0207,U,90,74.2500,90.00
D,535257,17,move,5.0155,U,90,74.2500,90.00
D,535448,17,move,5.0103,U,90,74.2500,90.00
D,535640,17,move,5.0147,U,90,74.2500,90.00
D,535833,17,move,5.0270,U,90,74.2500,90.00
D,536025,17,move,5.0378,U,90,74.2500,90.00
D,536216,17,move,5.0398,U,90,74.2500,90.00
D,536408,17,move,5.0412,U,90,74.2500,90.00
D,536587,17,move,5.0501,U,90,74.2500,90.00
D,536779,17,move,5.0664,U,90,74.2500,90.00
D,536971,17,move,5.0786,U,90,74.2500,90.00
D,537163,17,move,5.0877,U,90,74.2500,90.00
D,537354,17,move,5.1022,U,90,74.2500,90.00
D,537546,17,move,5.1175,U,90,74.2500,90.00
D,537738,17,move,5.1137,U,90,74.2500,90.00
D,537930,17,move,5.1109,U,90,74.2500,90.00
D,538123,17,move,5.1199,U,90,74.2500,90.00
D,538314,17,move,5.1402,U,90,74.2500,90.00
D,538506,17,move,5.1538,U,90,74.2500,90.00
D,538698,17,move,5.1649,U,90,74.2500,90.00
D,538891,17,settle,5.1780,U,0,74.2500,90.00
D,539084,17,settle,5.1996,U,0,74.2500,90.00
D,539275,17,settle,5.2155,U,0,74.2500,90.00
D,539467,17,settle,5.2125,U,0,74.2500,90.00
D,539660,17,settle,5.2056,U,0,74.2500,90.00
D,539839,17,settle,5.2004,U,0,74.2500,90.00
D,540031,17,settle,5.1940,U,0,74.2500,90.00
D,540223,17,settle,5.1940,U,0,74.2500,90.00
D,540415,17,settle,5.1990,U,0,74.2500,90.00
D,540607,17,settle,5.1962,U,0,74.2500,90.00
D,540799,17,settle,5.1849,U,0,74.2500,90.00
D,540992,17,settle,5.1891,U,0,74.2500,90.00
D,541183,17,settle,5.2008,U,0,74.2500,90.00
D,541375,17,settle,5.2008,U,0,74.2500,90.00
D,541567,17,settle,5.1969,U,0,74.2500,90.00
D,541760,17,settle,5.1949,U,0,74.2500,90.00
D,541951,17,settle,5.1952,U,0,74.2500,90.00
D,542144,17,settle,5.1959,U,0,74.2500,90.00
D,542335,17,settle,5.2025,U,0,74.2500,90.00
D,542528,17,settle,5.2076,U,0,74.2500,90.00
D,542706,17,settle,5.2020,U,0,74.2500,90.00
D,542898,17,settle,5.1947,U,0,74.2500,90.00
D,543090,17,settle,5.1912,U,0,74.2500,90.00
D,543282,17,settle,5.1889,U,0,74.2500,90.00
D,543474,17,settle,5.1931,U,0,74.2500,90.00
D,543667,17,settle,5.1991,U,0,74.2500,90.00
D,543858,17,settle,5.2005,U,0,74.2500,90.00
D,544050,17,settle,5.2013,U,0,74.2500,90.00
D,544242,17,settle,5.2005,U,0,74.2500,90.00
D,544434,17,settle,5.1989,U,0,74.2500,90.00
D,544638,17,settle,5.1896,U,0,74.2500,90.00
D,544811,17,settle,5.1839,U,0,74.2500,90.00
D,545003,17,settle,5.2001,U,0,74.2500,90.00
D,545195,17,settle,5.2159,U,0,74.2500,90.00
D,545388,17,settle,5.2181,U,0,74.2500,90.00
D,545580,17,settle,5.2156,U,0,74.2500,90.00
D,545771,17,settle,5.2041,U,0,74.2500,90.00
P,548908,17,settled,5.2076,U,74.2500,90.00
B,17,55,2,90,4,90.0,74.2500,5.0276,5.1649,3.83,5.2076,0.0427,0.1800,5.2076,ok
E,548915,=== B trial 18 : tilt 55 rep 2 rpm 90 cruise 4 rev -> phase 45 deg (abs 5.21) ===
P,552924,18,base,5.1985,U,74.2500,90.00
D,553039,18,preroll,5.2020,U,0,74.2500,90.00
D,553231,18,preroll,5.2027,U,0,74.2500,90.00
D,553422,18,preroll,5.1971,U,0,74.2500,90.00
D,553614,18,preroll,5.1888,U,0,74.2500,90.00
D,553806,18,preroll,5.1870,U,0,74.2500,90.00
D,554000,18,move,5.1840,U,90,79.1250,45.00
D,554193,18,move,5.1871,U,90,79.1250,45.00
D,554384,18,move,5.1984,U,90,79.1250,45.00
D,554576,18,move,5.2052,U,90,79.1250,45.00
D,554768,18,move,5.2092,U,90,79.1250,45.00
D,554960,18,move,5.2152,U,90,79.1250,45.00
D,555152,18,move,5.2193,U,90,79.1250,45.00
D,555330,18,move,5.2185,U,90,79.1250,45.00
D,555522,18,move,5.2250,U,90,79.1250,45.00
D,555715,18,move,5.2388,U,90,79.1250,45.00
D,555906,18,move,5.2474,U,90,79.1250,45.00
D,556098,18,move,5.2544,U,90,79.1250,45.00
D,556290,18,move,5.2713,U,90,79.1250,45.00
D,556482,18,move,5.2893,U,90,79.1250,45.00
D,556674,18,move,5.2947,U,90,79.1250,45.00
D,556866,18,move,5.2969,U,90,79.1250,45.00
D,557058,18,move,5.3061,U,90,79.1250,45.00
D,557250,18,move,5.3175,U,90,79.1250,45.00
D,557442,18,move,5.3300,U,90,79.1250,45.00
D,557634,18,move,5.3338,U,90,79.1250,45.00
D,557827,18,settle,5.3426,U,0,79.1250,45.00
D,558019,18,settle,5.3612,U,0,79.1250,45.00
D,558211,18,settle,5.3744,U,0,79.1250,45.00
D,558391,18,settle,5.3729,U,0,79.1250,45.00
D,558583,18,settle,5.3702,U,0,79.1250,45.00
D,558775,18,settle,5.3753,U,0,79.1250,45.00
D,558967,18,settle,5.3806,U,0,79.1250,45.00
D,559159,18,settle,5.3734,U,0,79.1250,45.00
D,559351,18,settle,5.3717,U,0,79.1250,45.00
D,559544,18,settle,5.3768,U,0,79.1250,45.00
D,559735,18,settle,5.3729,U,0,79.1250,45.00
D,559928,18,settle,5.3555,U,0,79.1250,45.00
D,560119,18,settle,5.3466,U,0,79.1250,45.00
D,560311,18,settle,5.3567,U,0,79.1250,45.00
D,560503,18,settle,5.3692,U,0,79.1250,45.00
D,560695,18,settle,5.3705,U,0,79.1250,45.00
D,560887,18,settle,5.3731,U,0,79.1250,45.00
D,561079,18,settle,5.3794,U,0,79.1250,45.00
D,561271,18,settle,5.3787,U,0,79.1250,45.00
D,561454,18,settle,5.3695,U,0,79.1250,45.00
D,561646,18,settle,5.3615,U,0,79.1250,45.00
D,561837,18,settle,5.3603,U,0,79.1250,45.00
D,562029,18,settle,5.3644,U,0,79.1250,45.00
D,562222,18,settle,5.3707,U,0,79.1250,45.00
D,562413,18,settle,5.3687,U,0,79.1250,45.00
D,562605,18,settle,5.3610,U,0,79.1250,45.00
D,562798,18,settle,5.3650,U,0,79.1250,45.00
D,562989,18,settle,5.3729,U,0,79.1250,45.00
D,563181,18,settle,5.3773,U,0,79.1250,45.00
D,563373,18,settle,5.3801,U,0,79.1250,45.00
D,563565,18,settle,5.3769,U,0,79.1250,45.00
D,563757,18,settle,5.3669,U,0,79.1250,45.00
D,563950,18,settle,5.3593,U,0,79.1250,45.00
D,564141,18,settle,5.3581,U,0,79.1250,45.00
D,564319,18,settle,5.3598,U,0,79.1250,45.00
D,564511,18,settle,5.3667,U,0,79.1250,45.00
D,564703,18,settle,5.3755,U,0,79.1250,45.00
P,567842,18,settled,5.3591,U,79.1250,45.00
B,18,55,2,90,4,45.0,79.1250,5.1985,5.3338,3.83,5.3591,0.0253,0.1606,5.3591,ok
E,567850,=== B trial 19 : tilt 55 rep 3 rpm 90 cruise 4 rev -> phase 90 deg (abs 5.36) ===
P,571859,19,base,5.3588,U,79.1250,45.00
D,571973,19,preroll,5.3645,U,0,79.1250,45.00
D,572165,19,preroll,5.3675,U,0,79.1250,45.00
D,572357,19,preroll,5.3677,U,0,79.1250,45.00
D,572549,19,preroll,5.3655,U,0,79.1250,45.00
D,572741,19,preroll,5.3648,U,0,79.1250,45.00
D,572936,19,move,5.3668,U,90,83.2500,90.00
D,573128,19,move,5.3905,U,90,83.2500,90.00
D,573319,19,move,5.3911,U,90,83.2500,90.00
D,573511,19,move,5.3834,U,90,83.2500,90.00
D,573704,19,move,5.3883,U,90,83.2500,90.00
D,573895,19,move,5.3913,U,90,83.2500,90.00
D,574073,19,move,5.3971,U,90,83.2500,90.00
D,574266,19,move,5.4057,U,90,83.2500,90.00
D,574457,19,move,5.4136,U,90,83.2500,90.00
D,574649,19,move,5.4213,U,90,83.2500,90.00
D,574841,19,move,5.4305,U,90,83.2500,90.00
D,575034,19,move,5.4406,U,90,83.2500,90.00
D,575225,19,move,5.4484,U,90,83.2500,90.00
D,575417,19,move,5.4517,U,90,83.2500,90.00
D,575610,19,move,5.4580,U,90,83.2500,90.00
D,575802,19,move,5.4690,U,90,83.2500,90.00
D,575993,19,move,5.4778,U,90,83.2500,90.00
D,576186,19,move,5.4806,U,90,83.2500,90.00
D,576379,19,settle,5.4890,U,0,83.2500,90.00
D,576570,19,settle,5.5125,U,0,83.2500,90.00
D,576762,19,settle,5.5180,U,0,83.2500,90.00
D,576954,19,settle,5.5056,U,0,83.2500,90.00
D,577147,19,settle,5.5024,U,0,83.2500,90.00
D,577338,19,settle,5.5061,U,0,83.2500,90.00
D,577531,19,settle,5.5034,U,0,83.2500,90.00
D,577708,19,settle,5.5024,U,0,83.2500,90.00
D,577901,19,settle,5.5030,U,0,83.2500,90.00
D,578104,19,settle,5.5068,U,0,83.2500,90.00
D,578295,19,settle,5.5073,U,0,83.2500,90.00
D,578473,19,settle,5.5078,U,0,83.2500,90.00
D,578665,19,settle,5.5112,U,0,83.2500,90.00
D,578858,19,settle,5.5118,U,0,83.2500,90.00
D,579049,19,settle,5.5093,U,0,83.2500,90.00
D,579242,19,settle,5.5094,U,0,83.2500,90.00
D,579434,19,settle,5.5098,U,0,83.2500,90.00
D,579626,19,settle,5.5099,U,0,83.2500,90.00
D,579817,19,settle,5.5150,U,0,83.2500,90.00
D,580009,19,settle,5.5227,U,0,83.2500,90.00
D,580201,19,settle,5.5237,U,0,83.2500,90.00
D,580393,19,settle,5.5235,U,0,83.2500,90.00
D,580585,19,settle,5.5214,U,0,83.2500,90.00
D,580777,19,settle,5.5197,U,0,83.2500,90.00
D,580969,19,settle,5.5178,U,0,83.2500,90.00
D,581162,19,settle,5.5114,U,0,83.2500,90.00
D,581353,19,settle,5.5076,U,0,83.2500,90.00
D,581546,19,settle,5.5060,U,0,83.2500,90.00
D,581737,19,settle,5.5043,U,0,83.2500,90.00
D,581929,19,settle,5.4996,U,0,83.2500,90.00
D,582107,19,settle,5.4940,U,0,83.2500,90.00
D,582300,19,settle,5.4978,U,0,83.2500,90.00
D,582491,19,settle,5.5075,U,0,83.2500,90.00
D,582683,19,settle,5.5154,U,0,83.2500,90.00
D,582876,19,settle,5.5095,U,0,83.2500,90.00
D,583067,19,settle,5.4993,U,0,83.2500,90.00
D,583260,19,settle,5.4958,U,0,83.2500,90.00
P,586396,19,settled,5.5024,U,83.2500,90.00
B,19,55,3,90,4,90.0,83.2500,5.3588,5.4806,3.33,5.5024,0.0218,0.1436,5.5024,ok
E,586404,=== B trial 20 : tilt 55 rep 3 rpm 90 cruise 4 rev -> phase 135 deg (abs 5.50) ===
P,590412,20,base,5.4873,U,83.2500,90.00
D,590527,20,preroll,5.4991,U,0,83.2500,90.00
D,590718,20,preroll,5.5013,U,0,83.2500,90.00
D,590911,20,preroll,5.4868,U,0,83.2500,90.00
D,591103,20,preroll,5.4830,U,0,83.2500,90.00
D,591295,20,preroll,5.4947,U,0,83.2500,90.00
D,591488,20,move,5.5132,U,90,87.3750,135.00
D,591680,20,move,5.5186,U,90,87.3750,135.00
D,591872,20,move,5.5062,U,90,87.3750,135.00
D,592065,20,move,5.5006,U,90,87.3750,135.00
D,592256,20,move,5.5094,U,90,87.3750,135.00
D,592448,20,move,5.5247,U,90,87.3750,135.00
D,592629,20,move,5.5371,U,90,87.3750,135.00
D,592821,20,move,5.5434,U,90,87.3750,135.00
D,593012,20,move,5.5395,U,90,87.3750,135.00
D,593204,20,move,5.5439,U,90,87.3750,135.00
D,593396,20,move,5.5626,U,90,87.3750,135.00
D,593588,20,move,5.5751,U,90,87.3750,135.00
D,593780,20,move,5.5835,U,90,87.3750,135.00
D,593973,20,move,5.6007,U,90,87.3750,135.00
D,594164,20,move,5.6152,U,90,87.3750,135.00
D,594357,20,move,5.6166,U,90,87.3750,135.00
D,594548,20,move,5.6192,U,90,87.3750,135.00
D,594740,20,move,5.6350,U,90,87.3750,135.00
D,594924,20,settle,5.6572,U,0,87.3750,135.00
D,595116,20,settle,5.6741,U,0,87.3750,135.00
D,595308,20,settle,5.6747,U,0,87.3750,135.00
D,595500,20,settle,5.6671,U,0,87.3750,135.00
D,595692,20,settle,5.6640,U,0,87.3750,135.00
D,595884,20,settle,5.6645,U,0,87.3750,135.00
D,596076,20,settle,5.6630,U,0,87.3750,135.00
D,596267,20,settle,5.6579,U,0,87.3750,135.00
D,596460,20,settle,5.6545,U,0,87.3750,135.00
D,596652,20,settle,5.6524,U,0,87.3750,135.00
D,596844,20,settle,5.6507,U,0,87.3750,135.00
D,597036,20,settle,5.6495,U,0,87.3750,135.00
D,597227,20,settle,5.6465,U,0,87.3750,135.00
D,597419,20,settle,5.6410,U,0,87.3750,135.00
D,597611,20,settle,5.6387,U,0,87.3750,135.00
D,597804,20,settle,5.6453,U,0,87.3750,135.00
D,597995,20,settle,5.6497,U,0,87.3750,135.00
D,598173,20,settle,5.6468,U,0,87.3750,135.00
D,598365,20,settle,5.6482,U,0,87.3750,135.00
D,598558,20,settle,5.6485,U,0,87.3750,135.00
D,598750,20,settle,5.6406,U,0,87.3750,135.00
D,598941,20,settle,5.6448,U,0,87.3750,135.00
D,599133,20,settle,5.6631,U,0,87.3750,135.00
D,599325,20,settle,5.6686,U,0,87.3750,135.00
D,599518,20,settle,5.6609,U,0,87.3750,135.00
D,599710,20,settle,5.6541,U,0,87.3750,135.00
D,599901,20,settle,5.6432,U,0,87.3750,135.00
D,600093,20,settle,5.6417,U,0,87.3750,135.00
D,600285,20,settle,5.6523,U,0,87.3750,135.00
D,600477,20,settle,5.6551,U,0,87.3750,135.00
D,600670,20,settle,5.6550,U,0,87.3750,135.00
D,600861,20,settle,5.6552,U,0,87.3750,135.00
D,601054,20,settle,5.6564,U,0,87.3750,135.00
D,601245,20,settle,5.6601,U,0,87.3750,135.00
D,601438,20,settle,5.6543,U,0,87.3750,135.00
D,601629,20,settle,5.6483,U,0,87.3750,135.00
D,601807,20,settle,5.6527,U,0,87.3750,135.00
P,604949,20,settled,5.6407,U,87.3750,135.00
B,20,55,3,90,4,135.0,87.3750,5.4873,5.6350,3.33,5.6407,0.0057,0.1534,5.6407,ok
E,604957,=== B trial 21 : tilt 55 rep 3 rpm 90 cruise 4 rev -> phase 180 deg (abs 5.64) ===
P,608966,21,base,5.6632,U,87.3750,135.00
D,609080,21,preroll,5.6639,U,0,87.3750,135.00
D,609272,21,preroll,5.6646,U,0,87.3750,135.00
D,609464,21,preroll,5.6634,U,0,87.3750,135.00
D,609656,21,preroll,5.6629,U,0,87.3750,135.00
D,609848,21,preroll,5.6628,U,0,87.3750,135.00
D,610043,21,move,5.6655,U,90,91.5000,180.00
D,610234,21,move,5.6665,U,90,91.5000,180.00
D,610426,21,move,5.6683,U,90,91.5000,180.00
D,610618,21,move,5.6723,U,90,91.5000,180.00
D,610797,21,move,5.6714,U,90,91.5000,180.00
D,610989,21,move,5.6697,U,90,91.5000,180.00
D,611180,21,move,5.6700,U,90,91.5000,180.00
D,611373,21,move,5.6708,U,90,91.5000,180.00
D,611564,21,move,5.6842,U,90,91.5000,180.00
D,611768,21,move,5.7053,U,90,91.5000,180.00
D,611945,21,move,5.7221,U,90,91.5000,180.00
D,612137,21,move,5.7256,U,90,91.5000,180.00
D,612329,21,move,5.7335,U,90,91.5000,180.00
D,612522,21,move,5.7508,U,90,91.5000,180.00
D,612713,21,move,5.7578,U,90,91.5000,180.00
D,612906,21,move,5.7613,U,90,91.5000,180.00
D,613098,21,move,5.7743,U,90,91.5000,180.00
D,613290,21,move,5.7904,U,90,91.5000,180.00
D,613483,21,settle,5.8061,U,0,91.5000,180.00
D,613675,21,settle,5.8094,U,0,91.5000,180.00
D,613866,21,settle,5.7982,U,0,91.5000,180.00
D,614058,21,settle,5.7893,U,0,91.5000,180.00
D,614250,21,settle,5.7878,U,0,91.5000,180.00
D,614442,21,settle,5.7891,U,0,91.5000,180.00
D,614635,21,settle,5.7899,U,0,91.5000,180.00
D,614827,21,settle,5.7926,U,0,91.5000,180.00
D,615006,21,settle,5.7942,U,0,91.5000,180.00
D,615198,21,settle,5.7952,U,0,91.5000,180.00
D,615391,21,settle,5.7977,U,0,91.5000,180.00
D,615583,21,settle,5.8053,U,0,91.5000,180.00
D,615774,21,settle,5.8149,U,0,91.5000,180.00
D,615967,21,settle,5.8162,U,0,91.5000,180.00
D,616158,21,settle,5.8126,U,0,91.5000,180.00
D,616350,21,settle,5.8112,U,0,91.5000,180.00
D,616542,21,settle,5.8142,U,0,91.5000,180.00
D,616734,21,settle,5.8130,U,0,91.5000,180.00
D,616926,21,settle,5.8118,U,0,91.5000,180.00
D,617118,21,settle,5.8206,U,0,91.5000,180.00
D,617310,21,settle,5.8281,U,0,91.5000,180.00
D,617502,21,settle,5.8183,U,0,91.5000,180.00
D,617695,21,settle,5.7966,U,0,91.5000,180.00
D,617873,21,settle,5.7876,U,0,91.5000,180.00
D,618066,21,settle,5.7927,U,0,91.5000,180.00
D,618258,21,settle,5.7948,U,0,91.5000,180.00
D,618449,21,settle,5.7953,U,0,91.5000,180.00
D,618642,21,settle,5.8015,U,0,91.5000,180.00
D,618834,21,settle,5.8046,U,0,91.5000,180.00
D,619025,21,settle,5.8031,U,0,91.5000,180.00
D,619217,21,settle,5.8060,U,0,91.5000,180.00
D,619409,21,settle,5.8110,U,0,91.5000,180.00
D,619601,21,settle,5.8088,U,0,91.5000,180.00
D,619793,21,settle,5.8074,U,0,91.5000,180.00
D,619985,21,settle,5.8105,U,0,91.5000,180.00
D,620177,21,settle,5.8161,U,0,91.5000,180.00
D,620369,21,settle,5.8061,U,0,91.5000,180.00
P,623500,21,settled,5.8122,U,91.5000,180.00
B,21,55,3,90,4,180.0,91.5000,5.6632,5.7904,3.33,5.8122,0.0218,0.1490,5.8122,ok
E,623508,=== B trial 22 : tilt 55 rep 3 rpm 90 cruise 4 rev -> phase 225 deg (abs 5.81) ===
P,627518,22,base,5.7822,U,91.5000,180.00
D,627632,22,preroll,5.7847,U,0,91.5000,180.00
D,627824,22,preroll,5.7873,U,0,91.5000,180.00
D,628016,22,preroll,5.7923,U,0,91.5000,180.00
D,628209,22,preroll,5.7967,U,0,91.5000,180.00
D,628401,22,preroll,5.7975,U,0,91.5000,180.00
D,628585,22,move,5.7981,U,90,95.6250,225.00
D,628777,22,move,5.8001,U,90,95.6250,225.00
D,628968,22,move,5.8006,U,90,95.6250,225.00
D,629160,22,move,5.7934,U,90,95.6250,225.00
D,629351,22,move,5.7914,U,90,95.6250,225.00
D,629542,22,move,5.8030,U,90,95.6250,225.00
D,629735,22,move,5.8121,U,90,95.6250,225.00
D,629926,22,move,5.8112,U,90,95.6250,225.00
D,630118,22,move,5.8212,U,90,95.6250,225.00
D,630310,22,move,5.8393,U,90,95.6250,225.00
D,630503,22,move,5.8450,U,90,95.6250,225.00
D,630693,22,move,5.8512,U,90,95.6250,225.00
D,630886,22,move,5.8703,U,90,95.6250,225.00
D,631077,22,move,5.8832,U,90,95.6250,225.00
D,631269,22,move,5.8916,U,90,95.6250,225.00
D,631461,22,move,5.9095,U,90,95.6250,225.00
D,631652,22,move,5.9278,U,90,95.6250,225.00
D,631843,22,move,5.9309,U,90,95.6250,225.00
D,632035,22,settle,5.9407,U,0,95.6250,225.00
D,632227,22,settle,5.9519,U,0,95.6250,225.00
D,632419,22,settle,5.9450,U,0,95.6250,225.00
D,632610,22,settle,5.9323,U,0,95.6250,225.00
D,632802,22,settle,5.9244,U,0,95.6250,225.00
D,632994,22,settle,5.9135,U,0,95.6250,225.00
D,633186,22,settle,5.9073,U,0,95.6250,225.00
D,633378,22,settle,5.9152,U,0,95.6250,225.00
D,633570,22,settle,5.9200,U,0,95.6250,225.00
D,633749,22,settle,5.9141,U,0,95.6250,225.00
D,633941,22,settle,5.9129,U,0,95.6250,225.00
D,634134,22,settle,5.9160,U,0,95.6250,225.00
D,634325,22,settle,5.9209,U,0,95.6250,225.00
D,634517,22,settle,5.9344,U,0,95.6250,225.00
D,634709,22,settle,5.9488,U,0,95.6250,225.00
D,634902,22,settle,5.9523,U,0,95.6250,225.00
D,635093,22,settle,5.9422,U,0,95.6250,225.00
D,635285,22,settle,5.9299,U,0,95.6250,225.00
D,635478,22,settle,5.9243,U,0,95.6250,225.00
D,635669,22,settle,5.9240,U,0,95.6250,225.00
D,635862,22,settle,5.9265,U,0,95.6250,225.00
D,636053,22,settle,5.9267,U,0,95.6250,225.00
D,636245,22,settle,5.9251,U,0,95.6250,225.00
D,636437,22,settle,5.9198,U,0,95.6250,225.00
D,636630,22,settle,5.9240,U,0,95.6250,225.00
D,636809,22,settle,5.9222,U,0,95.6250,225.00
D,637001,22,settle,5.9027,U,0,95.6250,225.00
D,637193,22,settle,5.8964,U,0,95.6250,225.00
D,637385,22,settle,5.9069,U,0,95.6250,225.00
D,637578,22,settle,5.9150,U,0,95.6250,225.00
D,637769,22,settle,5.9150,U,0,95.6250,225.00
D,637961,22,settle,5.9107,U,0,95.6250,225.00
D,638153,22,settle,5.9023,U,0,95.6250,225.00
D,638345,22,settle,5.9069,U,0,95.6250,225.00
D,638538,22,settle,5.9219,U,0,95.6250,225.00
D,638729,22,settle,5.9268,U,0,95.6250,225.00
D,638921,22,settle,5.9247,U,0,95.6250,225.00
P,642054,22,settled,5.9225,U,95.6250,225.00
B,22,55,3,90,4,225.0,95.6250,5.7822,5.9309,3.33,5.9225,-0.0084,0.1403,5.9225,ok
E,642062,=== B trial 23 : tilt 55 rep 3 rpm 90 cruise 4 rev -> phase 270 deg (abs 5.92) ===
P,646070,23,base,5.9149,U,95.6250,225.00
D,646185,23,preroll,5.9122,U,0,95.6250,225.00
D,646376,23,preroll,5.9136,U,0,95.6250,225.00
D,646568,23,preroll,5.9141,U,0,95.6250,225.00
D,646760,23,preroll,5.9168,U,0,95.6250,225.00
D,646952,23,preroll,5.9175,U,0,95.6250,225.00
D,647147,23,move,5.9201,U,90,99.7500,270.00
D,647339,23,move,5.9249,U,90,99.7500,270.00
D,647530,23,move,5.9317,U,90,99.7500,270.00
D,647723,23,move,5.9382,U,90,99.7500,270.00
D,647915,23,move,5.9468,U,90,99.7500,270.00
D,648107,23,move,5.9546,U,90,99.7500,270.00
D,648284,23,move,5.9603,U,90,99.7500,270.00
D,648476,23,move,5.9717,U,90,99.7500,270.00
D,648669,23,move,5.9826,U,90,99.7500,270.00
D,648861,23,move,5.9935,U,90,99.7500,270.00
D,649053,23,move,6.0009,U,90,99.7500,270.00
D,649245,23,move,6.0082,U,90,99.7500,270.00
D,649437,23,move,6.0204,U,90,99.7500,270.00
D,649629,23,move,6.0278,U,90,99.7500,270.00
D,649820,23,move,6.0359,U,90,99.7500,270.00
D,650012,23,move,6.0421,U,90,99.7500,270.00
D,650205,23,move,6.0424,U,90,99.7500,270.00
D,650397,23,move,6.0586,U,90,99.7500,270.00
D,650589,23,settle,6.0869,U,0,99.7500,270.00
D,650782,23,settle,6.0974,U,0,99.7500,270.00
D,650974,23,settle,6.0855,U,0,99.7500,270.00
D,651165,23,settle,6.0753,U,0,99.7500,270.00
D,651358,23,settle,6.0805,U,0,99.7500,270.00
D,651537,23,settle,6.0861,U,0,99.7500,270.00
D,651730,23,settle,6.0810,U,0,99.7500,270.00
D,651921,23,settle,6.0734,U,0,99.7500,270.00
D,652114,23,settle,6.0655,U,0,99.7500,270.00
D,652305,23,settle,6.0586,U,0,99.7500,270.00
D,652497,23,settle,6.0612,U,0,99.7500,270.00
D,652689,23,settle,6.0661,U,0,99.7500,270.00
D,652882,23,settle,6.0689,U,0,99.7500,270.00
D,653073,23,settle,6.0707,U,0,99.7500,270.00
D,653266,23,settle,6.0684,U,0,99.7500,270.00
D,653458,23,settle,6.0606,U,0,99.7500,270.00
D,653650,23,settle,6.0545,U,0,99.7500,270.00
D,653841,23,settle,6.0580,U,0,99.7500,270.00
D,654034,23,settle,6.0609,U,0,99.7500,270.00
D,654225,23,settle,6.0571,U,0,99.7500,270.00
D,654417,23,settle,6.0557,U,0,99.7500,270.00
D,654596,23,settle,6.0575,U,0,99.7500,270.00
D,654789,23,settle,6.0566,U,0,99.7500,270.00
D,654980,23,settle,6.0574,U,0,99.7500,270.00
D,655172,23,settle,6.0644,U,0,99.7500,270.00
D,655365,23,settle,6.0605,U,0,99.7500,270.00
D,655556,23,settle,6.0604,U,0,99.7500,270.00
D,655749,23,settle,6.0625,U,0,99.7500,270.00
D,655940,23,settle,6.0627,U,0,99.7500,270.00
D,656132,23,settle,6.0631,U,0,99.7500,270.00
D,656325,23,settle,6.0735,U,0,99.7500,270.00
D,656516,23,settle,6.0725,U,0,99.7500,270.00
D,656708,23,settle,6.0641,U,0,99.7500,270.00
D,656900,23,settle,6.0575,U,0,99.7500,270.00
D,657092,23,settle,6.0564,U,0,99.7500,270.00
D,657284,23,settle,6.0576,U,0,99.7500,270.00
D,657476,23,settle,6.0651,U,0,99.7500,270.00
P,660606,23,settled,6.0635,U,99.7500,270.00
B,23,55,3,90,4,270.0,99.7500,5.9149,6.0586,3.33,6.0635,0.0049,0.1486,6.0635,ok
E,660614,=== B trial 24 : tilt 55 rep 3 rpm 90 cruise 4 rev -> phase 315 deg (abs 6.06) ===
P,664625,24,base,6.1015,U,99.7500,270.00
D,664740,24,preroll,6.1012,U,0,99.7500,270.00
D,664931,24,preroll,6.1017,U,0,99.7500,270.00
D,665123,24,preroll,6.1169,U,0,99.7500,270.00
D,665315,24,preroll,6.1207,U,0,99.7500,270.00
D,665507,24,preroll,6.1089,U,0,99.7500,270.00
D,665702,24,move,6.0973,U,90,103.8750,315.00
D,665892,24,move,6.0900,U,90,103.8750,315.00
D,666085,24,move,6.0896,U,90,103.8750,315.00
D,666263,24,move,6.0897,U,90,103.8750,315.00
D,666456,24,move,6.0897,U,90,103.8750,315.00
D,666648,24,move,6.0988,U,90,103.8750,315.00
D,666839,24,move,6.1130,U,90,103.8750,315.00
D,667030,24,move,6.1258,U,90,103.8750,315.00
D,667221,24,move,6.1324,U,90,103.8750,315.00
D,667412,24,move,6.1391,U,90,103.8750,315.00
D,667603,24,move,6.1492,U,90,103.8750,315.00
D,667796,24,move,6.1563,U,90,103.8750,315.00
D,667986,24,move,6.1624,U,90,103.8750,315.00
D,668177,24,move,6.1767,U,90,103.8750,315.00
D,668368,24,move,6.1938,U,90,103.8750,315.00
D,668560,24,move,6.2026,U,90,103.8750,315.00
D,668751,24,move,6.2100,U,90,103.8750,315.00
D,668943,24,move,6.2259,U,90,103.8750,315.00
D,669137,24,settle,6.2406,U,0,103.8750,315.00
D,669328,24,settle,6.2451,U,0,103.8750,315.00
D,669520,24,settle,6.2501,U,0,103.8750,315.00
D,669712,24,settle,6.2590,U,0,103.8750,315.00
D,669904,24,settle,6.2663,U,0,103.8750,315.00
D,670096,24,settle,6.2661,U,0,103.8750,315.00
D,670288,24,settle,6.2632,U,0,103.8750,315.00
D,670480,24,settle,6.2606,U,0,103.8750,315.00
D,670672,24,settle,6.2487,U,0,103.8750,315.00
D,670864,24,settle,6.2319,U,0,103.8750,315.00
D,671056,24,settle,6.2236,U,0,103.8750,315.00
D,671248,24,settle,6.2259,U,0,103.8750,315.00
D,671441,24,settle,6.2306,U,0,103.8750,315.00
D,671618,24,settle,6.2341,U,0,103.8750,315.00
D,671810,24,settle,6.2370,U,0,103.8750,315.00
D,672002,24,settle,6.2380,U,0,103.8750,315.00
D,672194,24,settle,6.2375,U,0,103.8750,315.00
D,672386,24,settle,6.2387,U,0,103.8750,315.00
D,672579,24,settle,6.2449,U,0,103.8750,315.00
D,672770,24,settle,6.2451,U,0,103.8750,315.00
D,672962,24,settle,6.2423,U,0,103.8750,315.00
D,673154,24,settle,6.2369,U,0,103.8750,315.00
D,673346,24,settle,6.2323,U,0,103.8750,315.00
D,673538,24,settle,6.2318,U,0,103.8750,315.00
D,673730,24,settle,6.2379,U,0,103.8750,315.00
D,673922,24,settle,6.2553,U,0,103.8750,315.00
D,674114,24,settle,6.2621,U,0,103.8750,315.00
D,674307,24,settle,6.2524,U,0,103.8750,315.00
D,674498,24,settle,6.2504,U,0,103.8750,315.00
D,674691,24,settle,6.2604,U,0,103.8750,315.00
D,674882,24,settle,6.2602,U,0,103.8750,315.00
D,675074,24,settle,6.2521,U,0,103.8750,315.00
D,675253,24,settle,6.2463,U,0,103.8750,315.00
D,675445,24,settle,6.2391,U,0,103.8750,315.00
D,675637,24,settle,6.2346,U,0,103.8750,315.00
D,675829,24,settle,6.2444,U,0,103.8750,315.00
D,676021,24,settle,6.2544,U,0,103.8750,315.00
P,679167,24,settled,6.2329,U,103.8750,315.00
B,24,55,3,90,4,315.0,103.8750,6.1015,6.2259,3.33,6.2329,0.0070,0.1314,6.2329,ok
E,679175,=== B trial 25 : tilt 55 rep 3 rpm 90 cruise 4 rev -> phase 0 deg (abs 6.23) ===
P,683366,25,base,6.2479,U,103.8750,315.00
D,683480,25,preroll,6.2363,U,0,103.8750,315.00
D,683672,25,preroll,6.2322,U,0,103.8750,315.00
D,683865,25,preroll,6.2399,U,0,103.8750,315.00
D,684056,25,preroll,6.2513,U,0,103.8750,315.00
D,684248,25,preroll,6.2505,U,0,103.8750,315.00
D,684443,25,move,6.2462,U,90,108.0000,0.00
D,684635,25,move,6.2512,U,90,108.0000,0.00
D,684827,25,move,6.2600,U,90,108.0000,0.00
D,685019,25,move,6.2587,U,90,108.0000,0.00
D,685199,25,move,6.2508,U,90,108.0000,0.00
D,685392,25,move,6.2443,U,90,108.0000,0.00
D,685583,25,move,6.2500,U,90,108.0000,0.00
D,685775,25,move,6.2700,U,90,108.0000,0.00
D,685967,25,move,6.2793,U,90,108.0000,0.00
D,686159,25,move,6.2791,U,90,108.0000,0.00
D,686351,25,move,6.2836,U,90,108.0000,0.00
D,686544,25,move,6.2956,U,90,108.0000,0.00
D,686736,25,move,6.3092,U,90,108.0000,0.00
D,686927,25,move,6.3246,U,90,108.0000,0.00
D,687119,25,move,6.3391,U,90,108.0000,0.00
D,687311,25,move,6.3520,U,90,108.0000,0.00
D,687504,25,move,6.3545,U,90,108.0000,0.00
D,687696,25,move,6.3592,U,90,108.0000,0.00
D,687888,25,settle,6.3719,U,0,108.0000,0.00
D,688080,25,settle,6.3840,U,0,108.0000,0.00
D,688260,25,settle,6.3877,U,0,108.0000,0.00
D,688452,25,settle,6.3862,U,0,108.0000,0.00
D,688644,25,settle,6.3845,U,0,108.0000,0.00
D,688836,25,settle,6.3866,U,0,108.0000,0.00
D,689029,25,settle,6.3969,U,0,108.0000,0.00
D,689220,25,settle,6.4042,U,0,108.0000,0.00
D,689412,25,settle,6.4172,U,0,108.0000,0.00
D,689604,25,settle,6.4268,U,0,108.0000,0.00
D,689797,25,settle,6.4254,U,0,108.0000,0.00
D,689988,25,settle,6.4247,U,0,108.0000,0.00
D,690181,25,settle,6.4168,U,0,108.0000,0.00
D,690372,25,settle,6.4093,U,0,108.0000,0.00
D,690564,25,settle,6.4094,U,0,108.0000,0.00
D,690757,25,settle,6.4107,U,0,108.0000,0.00
D,690948,25,settle,6.4166,U,0,108.0000,0.00
D,691140,25,settle,6.4220,U,0,108.0000,0.00
D,691320,25,settle,6.4276,U,0,108.0000,0.00
D,691511,25,settle,6.4276,U,0,108.0000,0.00
D,691703,25,settle,6.4176,U,0,108.0000,0.00
D,691895,25,settle,6.4113,U,0,108.0000,0.00
D,692087,25,settle,6.4052,U,0,108.0000,0.00
D,692279,25,settle,6.4000,U,0,108.0000,0.00
D,692471,25,settle,6.4060,U,0,108.0000,0.00
D,692663,25,settle,6.4137,U,0,108.0000,0.00
D,692855,25,settle,6.4111,U,0,108.0000,0.00
D,693047,25,settle,6.4111,U,0,108.0000,0.00
D,693239,25,settle,6.4203,U,0,108.0000,0.00
D,693432,25,settle,6.4296,U,0,108.0000,0.00
D,693623,25,settle,6.4334,U,0,108.0000,0.00
D,693815,25,settle,6.4349,U,0,108.0000,0.00
D,694007,25,settle,6.4330,U,0,108.0000,0.00
D,694200,25,settle,6.4248,U,0,108.0000,0.00
D,694391,25,settle,6.4186,U,0,108.0000,0.00
D,694583,25,settle,6.4113,U,0,108.0000,0.00
D,694775,25,settle,6.4019,U,0,108.0000,0.00
P,697904,25,settled,6.3763,U,108.0000,0.00
B,25,55,3,90,4,0.0,108.0000,6.2479,6.3592,3.33,6.3763,0.0171,0.1284,6.3763,ok
E,697911,=== B trial 26 : tilt 55 rep 3 rpm 90 cruise 4 rev -> phase 45 deg (abs 6.38) ===
P,701921,26,base,6.4250,U,108.0000,0.00
D,702036,26,preroll,6.4169,U,0,108.0000,0.00
D,702228,26,preroll,6.4080,U,0,108.0000,0.00
D,702419,26,preroll,6.4054,U,0,108.0000,0.00
D,702611,26,preroll,6.4063,U,0,108.0000,0.00
D,702803,26,preroll,6.4097,U,0,108.0000,0.00
D,702998,26,move,6.4180,U,90,112.1250,45.00
D,703189,26,move,6.4203,U,90,112.1250,45.00
D,703380,26,move,6.4088,U,90,112.1250,45.00
D,703572,26,move,6.4005,U,90,112.1250,45.00
D,703751,26,move,6.4013,U,90,112.1250,45.00
D,703943,26,move,6.4035,U,90,112.1250,45.00
D,704135,26,move,6.4023,U,90,112.1250,45.00
D,704327,26,move,6.4160,U,90,112.1250,45.00
D,704519,26,move,6.4401,U,90,112.1250,45.00
D,704712,26,move,6.4510,U,90,112.1250,45.00
D,704902,26,move,6.4581,U,90,112.1250,45.00
D,705095,26,move,6.4697,U,90,112.1250,45.00
D,705285,26,move,6.4764,U,90,112.1250,45.00
D,705477,26,move,6.4847,U,90,112.1250,45.00
D,705669,26,move,6.5009,U,90,112.1250,45.00
D,705861,26,move,6.5092,U,90,112.1250,45.00
D,706053,26,move,6.5130,U,90,112.1250,45.00
D,706245,26,move,6.5221,U,90,112.1250,45.00
D,706439,26,settle,6.5407,U,0,112.1250,45.00
D,706630,26,settle,6.5581,U,0,112.1250,45.00
D,706823,26,settle,6.5697,U,0,112.1250,45.00
D,707014,26,settle,6.5727,U,0,112.1250,45.00
D,707207,26,settle,6.5655,U,0,112.1250,45.00
D,707385,26,settle,6.5623,U,0,112.1250,45.00
D,707578,26,settle,6.5687,U,0,112.1250,45.00
D,707769,26,settle,6.5715,U,0,112.1250,45.00
D,707962,26,settle,6.5668,U,0,112.1250,45.00
D,708154,26,settle,6.5599,U,0,112.1250,45.00
D,708346,26,settle,6.5634,U,0,112.1250,45.00
D,708537,26,settle,6.5764,U,0,112.1250,45.00
D,708729,26,settle,6.5830,U,0,112.1250,45.00
D,708921,26,settle,6.5794,U,0,112.1250,45.00
D,709113,26,settle,6.5741,U,0,112.1250,45.00
D,709306,26,settle,6.5749,U,0,112.1250,45.00
D,709497,26,settle,6.5737,U,0,112.1250,45.00
D,709689,26,settle,6.5700,U,0,112.1250,45.00
D,709882,26,settle,6.5649,U,0,112.1250,45.00
D,710074,26,settle,6.5586,U,0,112.1250,45.00
D,710266,26,settle,6.5537,U,0,112.1250,45.00
D,710458,26,settle,6.5578,U,0,112.1250,45.00
D,710649,26,settle,6.5625,U,0,112.1250,45.00
D,710842,26,settle,6.5592,U,0,112.1250,45.00
D,711019,26,settle,6.5548,U,0,112.1250,45.00
D,711212,26,settle,6.5535,U,0,112.1250,45.00
D,711403,26,settle,6.5629,U,0,112.1250,45.00
D,711596,26,settle,6.5757,U,0,112.1250,45.00
D,711788,26,settle,6.5724,U,0,112.1250,45.00
D,711979,26,settle,6.5628,U,0,112.1250,45.00
D,712171,26,settle,6.5612,U,0,112.1250,45.00
D,712364,26,settle,6.5584,U,0,112.1250,45.00
D,712555,26,settle,6.5547,U,0,112.1250,45.00
D,712748,26,settle,6.5617,U,0,112.1250,45.00
D,712933,26,settle,6.5722,U,0,112.1250,45.00
D,713125,26,settle,6.5729,U,0,112.1250,45.00
D,713316,26,settle,6.5656,U,0,112.1250,45.00
P,716455,26,settled,6.5483,U,112.1250,45.00
B,26,55,3,90,4,45.0,112.1250,6.4250,6.5221,3.33,6.5483,0.0262,0.1233,6.5483,ok
E,716463,=== B trial 27 : tilt 70 rep 1 rpm 90 cruise 4 rev -> phase 0 deg (abs 6.55) ===
P,721045,27,base,6.5591,U,112.1250,45.00
D,721160,27,preroll,6.5705,U,0,112.1250,45.00
D,721351,27,preroll,6.5831,U,0,112.1250,45.00
D,721543,27,preroll,6.5830,U,0,112.1250,45.00
D,721735,27,preroll,6.5777,U,0,112.1250,45.00
D,721928,27,preroll,6.5730,U,0,112.1250,45.00
D,722122,27,move,6.5667,U,90,117.0000,0.00
D,722314,27,move,6.5560,U,90,117.0000,0.00
D,722506,27,move,6.5464,U,90,117.0000,0.00
D,722698,27,move,6.5406,U,90,117.0000,0.00
D,722889,27,move,6.5423,U,90,117.0000,0.00
D,723082,27,move,6.5462,U,90,117.0000,0.00
D,723273,27,move,6.5469,U,90,117.0000,0.00
D,723452,27,move,6.5579,U,90,117.0000,0.00
D,723643,27,move,6.5738,U,90,117.0000,0.00
D,723836,27,move,6.5793,U,90,117.0000,0.00
D,724028,27,move,6.5896,U,90,117.0000,0.00
D,724220,27,move,6.6097,U,90,117.0000,0.00
D,724411,27,move,6.6217,U,90,117.0000,0.00
D,724603,27,move,6.6309,U,90,117.0000,0.00
D,724795,27,move,6.6392,U,90,117.0000,0.00
D,724988,27,move,6.6469,U,90,117.0000,0.00
D,725179,27,move,6.6623,U,90,117.0000,0.00
D,725372,27,move,6.6815,U,90,117.0000,0.00
D,725564,27,move,6.6902,U,90,117.0000,0.00
D,725755,27,move,6.6916,U,90,117.0000,0.00
D,725948,27,settle,6.7013,U,0,117.0000,0.00
D,726140,27,settle,6.7148,U,0,117.0000,0.00
D,726332,27,settle,6.7255,U,0,117.0000,0.00
D,726525,27,settle,6.7296,U,0,117.0000,0.00
D,726704,27,settle,6.7293,U,0,117.0000,0.00
D,726896,27,settle,6.7328,U,0,117.0000,0.00
D,727089,27,settle,6.7409,U,0,117.0000,0.00
D,727280,27,settle,6.7414,U,0,117.0000,0.00
D,727472,27,settle,6.7374,U,0,117.0000,0.00
D,727664,27,settle,6.7393,U,0,117.0000,0.00
D,727856,27,settle,6.7538,U,0,117.0000,0.00
D,728048,27,settle,6.7713,U,0,117.0000,0.00
D,728241,27,settle,6.7760,U,0,117.0000,0.00
D,728432,27,settle,6.7724,U,0,117.0000,0.00
D,728624,27,settle,6.7736,U,0,117.0000,0.00
D,728816,27,settle,6.7728,U,0,117.0000,0.00
D,729008,27,settle,6.7551,U,0,117.0000,0.00
D,729200,27,settle,6.7444,U,0,117.0000,0.00
D,729404,27,settle,6.7430,U,0,117.0000,0.00
D,729575,27,settle,6.7379,U,0,117.0000,0.00
D,729766,27,settle,6.7287,U,0,117.0000,0.00
D,729958,27,settle,6.7276,U,0,117.0000,0.00
D,730151,27,settle,6.7315,U,0,117.0000,0.00
D,730342,27,settle,6.7321,U,0,117.0000,0.00
D,730534,27,settle,6.7339,U,0,117.0000,0.00
D,730727,27,settle,6.7393,U,0,117.0000,0.00
D,730918,27,settle,6.7417,U,0,117.0000,0.00
D,731111,27,settle,6.7384,U,0,117.0000,0.00
D,731302,27,settle,6.7360,U,0,117.0000,0.00
D,731495,27,settle,6.7403,U,0,117.0000,0.00
D,731687,27,settle,6.7557,U,0,117.0000,0.00
D,731878,27,settle,6.7647,U,0,117.0000,0.00
D,732070,27,settle,6.7595,U,0,117.0000,0.00
D,732262,27,settle,6.7583,U,0,117.0000,0.00
D,732441,27,settle,6.7588,U,0,117.0000,0.00
D,732633,27,settle,6.7443,U,0,117.0000,0.00
D,732825,27,settle,6.7314,U,0,117.0000,0.00
P,735965,27,settled,6.7328,U,117.0000,0.00
B,27,70,1,90,4,0.0,117.0000,6.5591,6.6916,3.83,6.7328,0.0412,0.1737,6.7328,ok
E,735973,=== B trial 28 : tilt 70 rep 1 rpm 90 cruise 4 rev -> phase 45 deg (abs 6.73) ===
P,739980,28,base,6.7479,U,117.0000,0.00
D,740095,28,preroll,6.7520,U,0,117.0000,0.00
D,740286,28,preroll,6.7538,U,0,117.0000,0.00
D,740478,28,preroll,6.7482,U,0,117.0000,0.00
D,740670,28,preroll,6.7378,U,0,117.0000,0.00
D,740863,28,preroll,6.7264,U,0,117.0000,0.00
D,741056,28,move,6.7219,U,90,121.1250,45.00
D,741248,28,move,6.7250,U,90,121.1250,45.00
D,741438,28,move,6.7334,U,90,121.1250,45.00
D,741631,28,move,6.7419,U,90,121.1250,45.00
D,741821,28,move,6.7407,U,90,121.1250,45.00
D,742013,28,move,6.7342,U,90,121.1250,45.00
D,742205,28,move,6.7324,U,90,121.1250,45.00
D,742397,28,move,6.7414,U,90,121.1250,45.00
D,742589,28,move,6.7574,U,90,121.1250,45.00
D,742782,28,move,6.7695,U,90,121.1250,45.00
D,742974,28,move,6.7698,U,90,121.1250,45.00
D,743151,28,move,6.7743,U,90,121.1250,45.00
D,743344,28,move,6.7906,U,90,121.1250,45.00
D,743535,28,move,6.8117,U,90,121.1250,45.00
D,743728,28,move,6.8267,U,90,121.1250,45.00
D,743919,28,move,6.8290,U,90,121.1250,45.00
D,744110,28,move,6.8322,U,90,121.1250,45.00
D,744302,28,move,6.8409,U,90,121.1250,45.00
D,744495,28,settle,6.8534,U,0,121.1250,45.00
D,744687,28,settle,6.8747,U,0,121.1250,45.00
D,744879,28,settle,6.8963,U,0,121.1250,45.00
D,745071,28,settle,6.9023,U,0,121.1250,45.00
D,745263,28,settle,6.9006,U,0,121.1250,45.00
D,745456,28,settle,6.8965,U,0,121.1250,45.00
D,745647,28,settle,6.8920,U,0,121.1250,45.00
D,745840,28,settle,6.8880,U,0,121.1250,45.00
D,746031,28,settle,6.8851,U,0,121.1250,45.00
D,746214,28,settle,6.8863,U,0,121.1250,45.00
D,746406,28,settle,6.8864,U,0,121.1250,45.00
D,746598,28,settle,6.8778,U,0,121.1250,45.00
D,746789,28,settle,6.8767,U,0,121.1250,45.00
D,746982,28,settle,6.8874,U,0,121.1250,45.00
D,747173,28,settle,6.8929,U,0,121.1250,45.00
D,747366,28,settle,6.8953,U,0,121.1250,45.00
D,747557,28,settle,6.8968,U,0,121.1250,45.00
D,747749,28,settle,6.8936,U,0,121.1250,45.00
D,747942,28,settle,6.8885,U,0,121.1250,45.00
D,748133,28,settle,6.8848,U,0,121.1250,45.00
D,748326,28,settle,6.8887,U,0,121.1250,45.00
D,748518,28,settle,6.8947,U,0,121.1250,45.00
D,748710,28,settle,6.9002,U,0,121.1250,45.00
D,748902,28,settle,6.9014,U,0,121.1250,45.00
D,749093,28,settle,6.8952,U,0,121.1250,45.00
D,749285,28,settle,6.8913,U,0,121.1250,45.00
D,749463,28,settle,6.8926,U,0,121.1250,45.00
D,749655,28,settle,6.8935,U,0,121.1250,45.00
D,749847,28,settle,6.8930,U,0,121.1250,45.00
D,750039,28,settle,6.8939,U,0,121.1250,45.00
D,750231,28,settle,6.8942,U,0,121.1250,45.00
D,750423,28,settle,6.8891,U,0,121.1250,45.00
D,750615,28,settle,6.8914,U,0,121.1250,45.00
D,750808,28,settle,6.8941,U,0,121.1250,45.00
D,750999,28,settle,6.8954,U,0,121.1250,45.00
D,751192,28,settle,6.8965,U,0,121.1250,45.00
D,751383,28,settle,6.9011,U,0,121.1250,45.00
P,754517,28,settled,6.8783,U,121.1250,45.00
B,28,70,1,90,4,45.0,121.1250,6.7479,6.8409,3.33,6.8783,0.0374,0.1304,6.8783,ok
E,754525,=== B trial 29 : tilt 70 rep 1 rpm 90 cruise 4 rev -> phase 90 deg (abs 6.88) ===
P,758534,29,base,6.8962,U,121.1250,45.00
D,758649,29,preroll,6.9025,U,0,121.1250,45.00
D,758841,29,preroll,6.9028,U,0,121.1250,45.00
D,759033,29,preroll,6.9005,U,0,121.1250,45.00
D,759224,29,preroll,6.9003,U,0,121.1250,45.00
D,759416,29,preroll,6.9002,U,0,121.1250,45.00
D,759611,29,move,6.8995,U,90,125.2500,90.00
D,759802,29,move,6.8991,U,90,125.2500,90.00
D,759995,29,move,6.8989,U,90,125.2500,90.00
D,760186,29,move,6.8982,U,90,125.2500,90.00
D,760366,29,move,6.8977,U,90,125.2500,90.00
D,760558,29,move,6.9001,U,90,125.2500,90.00
D,760751,29,move,6.8939,U,90,125.2500,90.00
D,760942,29,move,6.8923,U,90,125.2500,90.00
D,761135,29,move,6.9024,U,90,125.2500,90.00
D,761326,29,move,6.9176,U,90,125.2500,90.00
D,761518,29,move,6.9278,U,90,125.2500,90.00
D,761710,29,move,6.9369,U,90,125.2500,90.00
D,761902,29,move,6.9515,U,90,125.2500,90.00
D,762094,29,move,6.9643,U,90,125.2500,90.00
D,762287,29,move,6.9749,U,90,125.2500,90.00
D,762479,29,move,6.9782,U,90,125.2500,90.00
D,762671,29,move,6.9839,U,90,125.2500,90.00
D,762874,29,move,6.9989,U,90,125.2500,90.00
D,763045,29,settle,7.0210,U,0,125.2500,90.00
D,763237,29,settle,7.0510,U,0,125.2500,90.00
D,763429,29,settle,7.0642,U,0,125.2500,90.00
D,763622,29,settle,7.0579,U,0,125.2500,90.00
D,763813,29,settle,7.0513,U,0,125.2500,90.00
D,764006,29,settle,7.0551,U,0,125.2500,90.00
D,764197,29,settle,7.0655,U,0,125.2500,90.00
D,764390,29,settle,7.0646,U,0,125.2500,90.00
D,764582,29,settle,7.0490,U,0,125.2500,90.00
D,764773,29,settle,7.0383,U,0,125.2500,90.00
D,764965,29,settle,7.0408,U,0,125.2500,90.00
D,765158,29,settle,7.0449,U,0,125.2500,90.00
D,765350,29,settle,7.0457,U,0,125.2500,90.00
D,765541,29,settle,7.0502,U,0,125.2500,90.00
D,765722,29,settle,7.0585,U,0,125.2500,90.00
D,765914,29,settle,7.0668,U,0,125.2500,90.00
D,766106,29,settle,7.0660,U,0,125.2500,90.00
D,766297,29,settle,7.0571,U,0,125.2500,90.00
D,766489,29,settle,7.0531,U,0,125.2500,90.00
D,766681,29,settle,7.0546,U,0,125.2500,90.00
D,766873,29,settle,7.0622,U,0,125.2500,90.00
D,767066,29,settle,7.0588,U,0,125.2500,90.00
D,767257,29,settle,7.0474,U,0,125.2500,90.00
D,767449,29,settle,7.0404,U,0,125.2500,90.00
D,767642,29,settle,7.0394,U,0,125.2500,90.00
D,767833,29,settle,7.0437,U,0,125.2500,90.00
D,768025,29,settle,7.0507,U,0,125.2500,90.00
D,768218,29,settle,7.0607,U,0,125.2500,90.00
D,768409,29,settle,7.0556,U,0,125.2500,90.00
D,768601,29,settle,7.0473,U,0,125.2500,90.00
D,768794,29,settle,7.0446,U,0,125.2500,90.00
D,768986,29,settle,7.0503,U,0,125.2500,90.00
D,769164,29,settle,7.0577,U,0,125.2500,90.00
D,769356,29,settle,7.0544,U,0,125.2500,90.00
D,769548,29,settle,7.0516,U,0,125.2500,90.00
D,769740,29,settle,7.0479,U,0,125.2500,90.00
D,769931,29,settle,7.0416,U,0,125.2500,90.00
P,773070,29,settled,7.0505,U,125.2500,90.00
B,29,70,1,90,4,90.0,125.2500,6.8962,6.9989,3.33,7.0505,0.0516,0.1543,7.0505,ok
E,773078,=== B trial 30 : tilt 70 rep 1 rpm 90 cruise 4 rev -> phase 135 deg (abs 7.05) ===
P,777087,30,base,7.0523,U,125.2500,90.00
D,777202,30,preroll,7.0553,U,0,125.2500,90.00
D,777394,30,preroll,7.0493,U,0,125.2500,90.00
D,777585,30,preroll,7.0443,U,0,125.2500,90.00
D,777777,30,preroll,7.0407,U,0,125.2500,90.00
D,777969,30,preroll,7.0413,U,0,125.2500,90.00
D,778164,30,move,7.0423,U,90,129.3750,135.00
D,778355,30,move,7.0430,U,90,129.3750,135.00
D,778547,30,move,7.0428,U,90,129.3750,135.00
D,778738,30,move,7.0366,U,90,129.3750,135.00
D,778928,30,move,7.0318,U,90,129.3750,135.00
D,779119,30,move,7.0335,U,90,129.3750,135.00
D,779310,30,move,7.0416,U,90,129.3750,135.00
D,779501,30,move,7.0536,U,90,129.3750,135.00
D,779705,30,move,7.0627,U,90,129.3750,135.00
D,779877,30,move,7.0680,U,90,129.3750,135.00
D,780068,30,move,7.0753,U,90,129.3750,135.00
D,780259,30,move,7.0786,U,90,129.3750,135.00
D,780451,30,move,7.0848,U,90,129.3750,135.00
D,780642,30,move,7.1019,U,90,129.3750,135.00
D,780834,30,move,7.1099,U,90,129.3750,135.00
D,781025,30,move,7.1168,U,90,129.3750,135.00
D,781215,30,move,7.1253,U,90,129.3750,135.00
D,781406,30,move,7.1392,U,90,129.3750,135.00
D,781598,30,settle,7.1578,U,0,129.3750,135.00
D,781790,30,settle,7.1795,U,0,129.3750,135.00
D,781982,30,settle,7.1896,U,0,129.3750,135.00
D,782174,30,settle,7.1902,U,0,129.3750,135.00
D,782366,30,settle,7.1906,U,0,129.3750,135.00
D,782558,30,settle,7.1892,U,0,129.3750,135.00
D,782750,30,settle,7.1838,U,0,129.3750,135.00
D,782942,30,settle,7.1868,U,0,129.3750,135.00
D,783135,30,settle,7.1886,U,0,129.3750,135.00
D,783326,30,settle,7.1869,U,0,129.3750,135.00
D,783518,30,settle,7.1868,U,0,129.3750,135.00
D,783710,30,settle,7.1872,U,0,129.3750,135.00
D,783902,30,settle,7.1879,U,0,129.3750,135.00
D,784094,30,settle,7.1925,U,0,129.3750,135.00
D,784273,30,settle,7.1968,U,0,129.3750,135.00
D,784465,30,settle,7.1989,U,0,129.3750,135.00
D,784657,30,settle,7.2004,U,0,129.3750,135.00
D,784850,30,settle,7.2009,U,0,129.3750,135.00
D,785041,30,settle,7.2021,U,0,129.3750,135.00
D,785233,30,settle,7.2041,U,0,129.3750,135.00
D,785425,30,settle,7.2028,U,0,129.3750,135.00
D,785617,30,settle,7.1968,U,0,129.3750,135.00
D,785810,30,settle,7.1990,U,0,129.3750,135.00
D,786001,30,settle,7.2014,U,0,129.3750,135.00
D,786193,30,settle,7.1995,U,0,129.3750,135.00
D,786385,30,settle,7.1851,U,0,129.3750,135.00
D,786577,30,settle,7.1802,U,0,129.3750,135.00
D,786769,30,settle,7.1826,U,0,129.3750,135.00
D,786961,30,settle,7.1911,U,0,129.3750,135.00
D,787153,30,settle,7.1901,U,0,129.3750,135.00
D,787345,30,settle,7.1803,U,0,129.3750,135.00
D,787537,30,settle,7.1754,U,0,129.3750,135.00
D,787729,30,settle,7.1840,U,0,129.3750,135.00
D,787907,30,settle,7.1982,U,0,129.3750,135.00
D,788099,30,settle,7.1925,U,0,129.3750,135.00
D,788291,30,settle,7.1830,U,0,129.3750,135.00
D,788483,30,settle,7.1841,U,0,129.3750,135.00
P,791622,30,settled,7.1894,U,129.3750,135.00
B,30,70,1,90,4,135.0,129.3750,7.0523,7.1392,3.33,7.1894,0.0502,0.1371,7.1894,ok
E,791630,=== B trial 31 : tilt 70 rep 1 rpm 90 cruise 4 rev -> phase 180 deg (abs 7.19) ===
P,795639,31,base,7.1904,U,129.3750,135.00
D,795753,31,preroll,7.1991,U,0,129.3750,135.00
D,795945,31,preroll,7.2005,U,0,129.3750,135.00
D,796138,31,preroll,7.1937,U,0,129.3750,135.00
D,796330,31,preroll,7.1869,U,0,129.3750,135.00
D,796521,31,preroll,7.1810,U,0,129.3750,135.00
D,796708,31,move,7.1785,U,90,133.5000,180.00
D,796899,31,move,7.1800,U,90,133.5000,180.00
D,797091,31,move,7.1809,U,90,133.5000,180.00
D,797284,31,move,7.1805,U,90,133.5000,180.00
D,797475,31,move,7.1805,U,90,133.5000,180.00
D,797668,31,move,7.1809,U,90,133.5000,180.00
D,797860,31,move,7.1808,U,90,133.5000,180.00
D,798050,31,move,7.1887,U,90,133.5000,180.00
D,798243,31,move,7.2061,U,90,133.5000,180.00
D,798433,31,move,7.2215,U,90,133.5000,180.00
D,798625,31,move,7.2295,U,90,133.5000,180.00
D,798817,31,move,7.2337,U,90,133.5000,180.00
D,799009,31,move,7.2427,U,90,133.5000,180.00
D,799201,31,move,7.2522,U,90,133.5000,180.00
D,799393,31,move,7.2538,U,90,133.5000,180.00
D,799585,31,move,7.2609,U,90,133.5000,180.00
D,799777,31,move,7.2734,U,90,133.5000,180.00
D,799969,31,move,7.2932,U,90,133.5000,180.00
D,800150,31,settle,7.3245,U,0,133.5000,180.00
D,800342,31,settle,7.3455,U,0,133.5000,180.00
D,800534,31,settle,7.3356,U,0,133.5000,180.00
D,800726,31,settle,7.3240,U,0,133.5000,180.00
D,800918,31,settle,7.3264,U,0,133.5000,180.00
D,801110,31,settle,7.3382,U,0,133.5000,180.00
D,801302,31,settle,7.3475,U,0,133.5000,180.00
D,801494,31,settle,7.3435,U,0,133.5000,180.00
D,801686,31,settle,7.3371,U,0,133.5000,180.00
D,801878,31,settle,7.3382,U,0,133.5000,180.00
D,802070,31,settle,7.3371,U,0,133.5000,180.00
D,802262,31,settle,7.3342,U,0,133.5000,180.00
D,802454,31,settle,7.3299,U,0,133.5000,180.00
D,802646,31,settle,7.3279,U,0,133.5000,180.00
D,802838,31,settle,7.3249,U,0,133.5000,180.00
D,803030,31,settle,7.3231,U,0,133.5000,180.00
D,803209,31,settle,7.3290,U,0,133.5000,180.00
D,803401,31,settle,7.3319,U,0,133.5000,180.00
D,803593,31,settle,7.3294,U,0,133.5000,180.00
D,803786,31,settle,7.3325,U,0,133.5000,180.00
D,803978,31,settle,7.3440,U,0,133.5000,180.00
D,804169,31,settle,7.3471,U,0,133.5000,180.00
D,804361,31,settle,7.3440,U,0,133.5000,180.00
D,804553,31,settle,7.3388,U,0,133.5000,180.00
D,804745,31,settle,7.3316,U,0,133.5000,180.00
D,804937,31,settle,7.3245,U,0,133.5000,180.00
D,805129,31,settle,7.3216,U,0,133.5000,180.00
D,805321,31,settle,7.3242,U,0,133.5000,180.00
D,805514,31,settle,7.3267,U,0,133.5000,180.00
D,805705,31,settle,7.3199,U,0,133.5000,180.00
D,805897,31,settle,7.3141,U,0,133.5000,180.00
D,806089,31,settle,7.3174,U,0,133.5000,180.00
D,806281,31,settle,7.3217,U,0,133.5000,180.00
D,806473,31,settle,7.3193,U,0,133.5000,180.00
D,806651,31,settle,7.3089,U,0,133.5000,180.00
D,806843,31,settle,7.3119,U,0,133.5000,180.00
D,807035,31,settle,7.3240,U,0,133.5000,180.00
P,810175,31,settled,7.3277,U,133.5000,180.00
B,31,70,1,90,4,180.0,133.5000,7.1904,7.2932,3.33,7.3277,0.0345,0.1373,7.3277,ok
E,810183,=== B trial 32 : tilt 70 rep 1 rpm 90 cruise 4 rev -> phase 225 deg (abs 7.33) ===
P,814200,32,base,7.3295,U,133.5000,180.00
D,814315,32,preroll,7.3230,U,0,133.5000,180.00
D,814506,32,preroll,7.3273,U,0,133.5000,180.00
D,814684,32,preroll,7.3396,U,0,133.5000,180.00
D,814876,32,preroll,7.3437,U,0,133.5000,180.00
D,815068,32,preroll,7.3311,U,0,133.5000,180.00
D,815261,32,preroll,7.3202,U,0,133.5000,180.00
D,815454,32,move,7.3192,U,90,137.6250,225.00
D,815646,32,move,7.3224,U,90,137.6250,225.00
D,815837,32,move,7.3245,U,90,137.6250,225.00
D,816028,32,move,7.3310,U,90,137.6250,225.00
D,816220,32,move,7.3405,U,90,137.6250,225.00
D,816411,32,move,7.3450,U,90,137.6250,225.00
D,816602,32,move,7.3443,U,90,137.6250,225.00
D,816793,32,move,7.3432,U,90,137.6250,225.00
D,816984,32,move,7.3439,U,90,137.6250,225.00
D,817175,32,move,7.3548,U,90,137.6250,225.00
D,817366,32,move,7.3618,U,90,137.6250,225.00
D,817557,32,move,7.3723,U,90,137.6250,225.00
D,817748,32,move,7.3863,U,90,137.6250,225.00
D,817939,32,move,7.3971,U,90,137.6250,225.00
D,818131,32,move,7.4072,U,90,137.6250,225.00
D,818321,32,move,7.4225,U,90,137.6250,225.00
D,818512,32,move,7.4356,U,90,137.6250,225.00
D,818704,32,move,7.4417,U,90,137.6250,225.00
D,818898,32,settle,7.4558,U,0,137.6250,225.00
D,819089,32,settle,7.4729,U,0,137.6250,225.00
D,819282,32,settle,7.4841,U,0,137.6250,225.00
D,819473,32,settle,7.4930,U,0,137.6250,225.00
D,819666,32,settle,7.4944,U,0,137.6250,225.00
D,819857,32,settle,7.4818,U,0,137.6250,225.00
D,820049,32,settle,7.4713,U,0,137.6250,225.00
D,820241,32,settle,7.4784,U,0,137.6250,225.00
D,820433,32,settle,7.4890,U,0,137.6250,225.00
D,820625,32,settle,7.4871,U,0,137.6250,225.00
D,820818,32,settle,7.4877,U,0,137.6250,225.00
D,820997,32,settle,7.4896,U,0,137.6250,225.00
D,821189,32,settle,7.4886,U,0,137.6250,225.00
D,821380,32,settle,7.4828,U,0,137.6250,225.00
D,821572,32,settle,7.4823,U,0,137.6250,225.00
D,821764,32,settle,7.4766,U,0,137.6250,225.00
D,821956,32,settle,7.4665,U,0,137.6250,225.00
D,822148,32,settle,7.4611,U,0,137.6250,225.00
D,822341,32,settle,7.4596,U,0,137.6250,225.00
D,822532,32,settle,7.4610,U,0,137.6250,225.00
D,822724,32,settle,7.4634,U,0,137.6250,225.00
D,822917,32,settle,7.4699,U,0,137.6250,225.00
D,823109,32,settle,7.4785,U,0,137.6250,225.00
D,823300,32,settle,7.4795,U,0,137.6250,225.00
D,823492,32,settle,7.4762,U,0,137.6250,225.00
D,823685,32,settle,7.4766,U,0,137.6250,225.00
D,823877,32,settle,7.4767,U,0,137.6250,225.00
D,824068,32,settle,7.4760,U,0,137.6250,225.00
D,824261,32,settle,7.4736,U,0,137.6250,225.00
D,824453,32,settle,7.4754,U,0,137.6250,225.00
D,824630,32,settle,7.4780,U,0,137.6250,225.00
D,824822,32,settle,7.4813,U,0,137.6250,225.00
D,825015,32,settle,7.4804,U,0,137.6250,225.00
D,825206,32,settle,7.4763,U,0,137.6250,225.00
D,825398,32,settle,7.4739,U,0,137.6250,225.00
D,825590,32,settle,7.4781,U,0,137.6250,225.00
D,825782,32,settle,7.4771,U,0,137.6250,225.00
P,828919,32,settled,7.4724,U,137.6250,225.00
B,32,70,1,90,4,225.0,137.6250,7.3295,7.4417,3.33,7.4724,0.0307,0.1429,7.4724,ok
E,828928,=== B trial 33 : tilt 70 rep 1 rpm 90 cruise 4 rev -> phase 270 deg (abs 7.47) ===
P,832940,33,base,7.4543,U,137.6250,225.00
D,833055,33,preroll,7.4605,U,0,137.6250,225.00
D,833246,33,preroll,7.4662,U,0,137.6250,225.00
D,833439,33,preroll,7.4686,U,0,137.6250,225.00
D,833631,33,preroll,7.4750,U,0,137.6250,225.00
D,833822,33,preroll,7.4777,U,0,137.6250,225.00
D,834004,33,move,7.4754,U,90,141.7500,270.00
D,834196,33,move,7.4705,U,90,141.7500,270.00
D,834387,33,move,7.4702,U,90,141.7500,270.00
D,834578,33,move,7.4726,U,90,141.7500,270.00
D,834770,33,move,7.4752,U,90,141.7500,270.00
D,834961,33,move,7.4768,U,90,141.7500,270.00
D,835151,33,move,7.4730,U,90,141.7500,270.00
D,835343,33,move,7.4846,U,90,141.7500,270.00
D,835533,33,move,7.5031,U,90,141.7500,270.00
D,835726,33,move,7.5087,U,90,141.7500,270.00
D,835917,33,move,7.5119,U,90,141.7500,270.00
D,836109,33,move,7.5228,U,90,141.7500,270.00
D,836301,33,move,7.5473,U,90,141.7500,270.00
D,836494,33,move,7.5648,U,90,141.7500,270.00
D,836685,33,move,7.5678,U,90,141.7500,270.00
D,836876,33,move,7.5753,U,90,141.7500,270.00
D,837067,33,move,7.5817,U,90,141.7500,270.00
D,837258,33,move,7.5857,U,90,141.7500,270.00
D,837452,33,settle,7.5928,U,0,141.7500,270.00
D,837644,33,settle,7.5982,U,0,141.7500,270.00
D,837835,33,settle,7.6097,U,0,141.7500,270.00
D,838027,33,settle,7.6213,U,0,141.7500,270.00
D,838219,33,settle,7.6226,U,0,141.7500,270.00
D,838411,33,settle,7.6159,U,0,141.7500,270.00
D,838603,33,settle,7.6112,U,0,141.7500,270.00
D,838795,33,settle,7.6157,U,0,141.7500,270.00
D,838987,33,settle,7.6249,U,0,141.7500,270.00
D,839167,33,settle,7.6293,U,0,141.7500,270.00
D,839359,33,settle,7.6284,U,0,141.7500,270.00
D,839551,33,settle,7.6304,U,0,141.7500,270.00
D,839743,33,settle,7.6300,U,0,141.7500,270.00
D,839935,33,settle,7.6279,U,0,141.7500,270.00
D,840127,33,settle,7.6272,U,0,141.7500,270.00
D,840320,33,settle,7.6278,U,0,141.7500,270.00
D,840512,33,settle,7.6269,U,0,141.7500,270.00
D,840703,33,settle,7.6271,U,0,141.7500,270.00
D,840895,33,settle,7.6328,U,0,141.7500,270.00
D,841087,33,settle,7.6290,U,0,141.7500,270.00
D,841279,33,settle,7.6226,U,0,141.7500,270.00
D,841472,33,settle,7.6207,U,0,141.7500,270.00
D,841663,33,settle,7.6207,U,0,141.7500,270.00
D,841855,33,settle,7.6187,U,0,141.7500,270.00
D,842047,33,settle,7.6173,U,0,141.7500,270.00
D,842239,33,settle,7.6191,U,0,141.7500,270.00
D,842417,33,settle,7.6226,U,0,141.7500,270.00
D,842609,33,settle,7.6235,U,0,141.7500,270.00
D,842801,33,settle,7.6213,U,0,141.7500,270.00
D,842993,33,settle,7.6178,U,0,141.7500,270.00
D,843185,33,settle,7.6132,U,0,141.7500,270.00
D,843378,33,settle,7.6091,U,0,141.7500,270.00
D,843570,33,settle,7.6150,U,0,141.7500,270.00
D,843761,33,settle,7.6221,U,0,141.7500,270.00
D,843954,33,settle,7.6179,U,0,141.7500,270.00
D,844145,33,settle,7.6139,U,0,141.7500,270.00
D,844337,33,settle,7.6125,U,0,141.7500,270.00
P,847471,33,settled,7.6247,U,141.7500,270.00
B,33,70,1,90,4,270.0,141.7500,7.4543,7.5857,3.33,7.6247,0.0390,0.1704,7.6247,ok
E,847478,=== B trial 34 : tilt 70 rep 1 rpm 90 cruise 4 rev -> phase 315 deg (abs 7.62) ===
P,851488,34,base,7.6189,U,141.7500,270.00
D,851603,34,preroll,7.6190,U,0,141.7500,270.00
D,851794,34,preroll,7.6182,U,0,141.7500,270.00
D,851986,34,preroll,7.6180,U,0,141.7500,270.00
D,852178,34,preroll,7.6232,U,0,141.7500,270.00
D,852370,34,preroll,7.6230,U,0,141.7500,270.00
D,852565,34,move,7.6223,U,90,145.8750,315.00
D,852758,34,move,7.6210,U,90,145.8750,315.00
D,852950,34,move,7.6160,U,90,145.8750,315.00
D,853140,34,move,7.6182,U,90,145.8750,315.00
D,853331,34,move,7.6189,U,90,145.8750,315.00
D,853524,34,move,7.6228,U,90,145.8750,315.00
D,853714,34,move,7.6235,U,90,145.8750,315.00
D,853905,34,move,7.6172,U,90,145.8750,315.00
D,854096,34,move,7.6156,U,90,145.8750,315.00
D,854287,34,move,7.6318,U,90,145.8750,315.00
D,854479,34,move,7.6458,U,90,145.8750,315.00
D,854670,34,move,7.6580,U,90,145.8750,315.00
D,854861,34,move,7.6768,U,90,145.8750,315.00
D,855052,34,move,7.6905,U,90,145.8750,315.00
D,855243,34,move,7.6970,U,90,145.8750,315.00
D,855433,34,move,7.7131,U,90,145.8750,315.00
D,855624,34,move,7.7277,U,90,145.8750,315.00
D,855815,34,move,7.7312,U,90,145.8750,315.00
D,856008,34,settle,7.7426,U,0,145.8750,315.00
D,856200,34,settle,7.7584,U,0,145.8750,315.00
D,856391,34,settle,7.7718,U,0,145.8750,315.00
D,856583,34,settle,7.7764,U,0,145.8750,315.00
D,856762,34,settle,7.7724,U,0,145.8750,315.00
D,856955,34,settle,7.7726,U,0,145.8750,315.00
D,857146,34,settle,7.7734,U,0,145.8750,315.00
D,857339,34,settle,7.7770,U,0,145.8750,315.00
D,857530,34,settle,7.7820,U,0,145.8750,315.00
D,857722,34,settle,7.7827,U,0,145.8750,315.00
D,857914,34,settle,7.7817,U,0,145.8750,315.00
D,858106,34,settle,7.7797,U,0,145.8750,315.00
D,858298,34,settle,7.7750,U,0,145.8750,315.00
D,858491,34,settle,7.7650,U,0,145.8750,315.00
D,858682,34,settle,7.7700,U,0,145.8750,315.00
D,858874,34,settle,7.7904,U,0,145.8750,315.00
D,859067,34,settle,7.7885,U,0,145.8750,315.00
D,859258,34,settle,7.7776,U,0,145.8750,315.00
D,859451,34,settle,7.7840,U,0,145.8750,315.00
D,859643,34,settle,7.7941,U,0,145.8750,315.00
D,859834,34,settle,7.7914,U,0,145.8750,315.00
D,860026,34,settle,7.7819,U,0,145.8750,315.00
D,860219,34,settle,7.7776,U,0,145.8750,315.00
D,860396,34,settle,7.7763,U,0,145.8750,315.00
D,860588,34,settle,7.7705,U,0,145.8750,315.00
D,860780,34,settle,7.7638,U,0,145.8750,315.00
D,860972,34,settle,7.7621,U,0,145.8750,315.00
D,861164,34,settle,7.7710,U,0,145.8750,315.00
D,861356,34,settle,7.7761,U,0,145.8750,315.00
D,861548,34,settle,7.7661,U,0,145.8750,315.00
D,861740,34,settle,7.7503,U,0,145.8750,315.00
D,861933,34,settle,7.7487,U,0,145.8750,315.00
D,862125,34,settle,7.7618,U,0,145.8750,315.00
D,862316,34,settle,7.7651,U,0,145.8750,315.00
D,862509,34,settle,7.7611,U,0,145.8750,315.00
D,862700,34,settle,7.7659,U,0,145.8750,315.00
D,862893,34,settle,7.7740,U,0,145.8750,315.00
P,866023,34,settled,7.7710,U,145.8750,315.00
B,34,70,1,90,4,315.0,145.8750,7.6189,7.7312,3.33,7.7710,0.0398,0.1521,7.7710,ok
E,866031,=== B trial 35 : tilt 70 rep 2 rpm 90 cruise 4 rev -> phase 0 deg (abs 7.77) ===
P,870041,35,base,7.7871,U,145.8750,315.00
D,870156,35,preroll,7.7909,U,0,145.8750,315.00
D,870348,35,preroll,7.7847,U,0,145.8750,315.00
D,870540,35,preroll,7.7825,U,0,145.8750,315.00
D,870732,35,preroll,7.7779,U,0,145.8750,315.00
D,870924,35,preroll,7.7801,U,0,145.8750,315.00
D,871118,35,move,7.7871,U,90,150.0000,0.00
D,871309,35,move,7.7932,U,90,150.0000,0.00
D,871501,35,move,7.7896,U,90,150.0000,0.00
D,871694,35,move,7.7742,U,90,150.0000,0.00
D,871885,35,move,7.7615,U,90,150.0000,0.00
D,872065,35,move,7.7610,U,90,150.0000,0.00
D,872256,35,move,7.7720,U,90,150.0000,0.00
D,872449,35,move,7.7843,U,90,150.0000,0.00
D,872640,35,move,7.7968,U,90,150.0000,0.00
D,872832,35,move,7.8127,U,90,150.0000,0.00
D,873024,35,move,7.8203,U,90,150.0000,0.00
D,873216,35,move,7.8214,U,90,150.0000,0.00
D,873408,35,move,7.8315,U,90,150.0000,0.00
D,873600,35,move,7.8441,U,90,150.0000,0.00
D,873792,35,move,7.8525,U,90,150.0000,0.00
D,873985,35,move,7.8738,U,90,150.0000,0.00
D,874177,35,move,7.9009,U,90,150.0000,0.00
D,874368,35,move,7.9159,U,90,150.0000,0.00
D,874561,35,settle,7.9144,U,0,150.0000,0.00
D,874753,35,settle,7.9096,U,0,150.0000,0.00
D,874945,35,settle,7.9166,U,0,150.0000,0.00
D,875125,35,settle,7.9311,U,0,150.0000,0.00
D,875317,35,settle,7.9327,U,0,150.0000,0.00
D,875509,35,settle,7.9270,U,0,150.0000,0.00
D,875701,35,settle,7.9295,U,0,150.0000,0.00
D,875894,35,settle,7.9295,U,0,150.0000,0.00
D,876085,35,settle,7.9277,U,0,150.0000,0.00
D,876278,35,settle,7.9274,U,0,150.0000,0.00
D,876470,35,settle,7.9329,U,0,150.0000,0.00
D,876661,35,settle,7.9354,U,0,150.0000,0.00
D,876853,35,settle,7.9312,U,0,150.0000,0.00
D,877045,35,settle,7.9219,U,0,150.0000,0.00
D,877237,35,settle,7.9185,U,0,150.0000,0.00
D,877429,35,settle,7.9284,U,0,150.0000,0.00
D,877621,35,settle,7.9329,U,0,150.0000,0.00
D,877813,35,settle,7.9195,U,0,150.0000,0.00
D,878006,35,settle,7.9079,U,0,150.0000,0.00
D,878197,35,settle,7.9022,U,0,150.0000,0.00
D,878375,35,settle,7.9031,U,0,150.0000,0.00
D,878568,35,settle,7.9066,U,0,150.0000,0.00
D,878760,35,settle,7.9095,U,0,150.0000,0.00
D,878951,35,settle,7.9085,U,0,150.0000,0.00
D,879143,35,settle,7.9053,U,0,150.0000,0.00
D,879335,35,settle,7.9067,U,0,150.0000,0.00
D,879527,35,settle,7.9165,U,0,150.0000,0.00
D,879719,35,settle,7.9260,U,0,150.0000,0.00
D,879911,35,settle,7.9302,U,0,150.0000,0.00
D,880104,35,settle,7.9314,U,0,150.0000,0.00
D,880295,35,settle,7.9199,U,0,150.0000,0.00
D,880487,35,settle,7.9027,U,0,150.0000,0.00
D,880680,35,settle,7.9004,U,0,150.0000,0.00
D,880883,35,settle,7.9040,U,0,150.0000,0.00
D,881054,35,settle,7.9013,U,0,150.0000,0.00
D,881246,35,settle,7.9021,U,0,150.0000,0.00
D,881437,35,settle,7.9116,U,0,150.0000,0.00
P,884576,35,settled,7.9227,U,150.0000,0.00
B,35,70,2,90,4,0.0,150.0000,7.7871,7.9159,3.33,7.9227,0.0068,0.1356,7.9227,ok
E,884584,=== B trial 36 : tilt 70 rep 2 rpm 90 cruise 4 rev -> phase 315 deg (abs 7.92) ===
P,888593,36,base,7.9189,U,150.0000,0.00
D,888707,36,preroll,7.9330,U,0,150.0000,0.00
D,888899,36,preroll,7.9395,U,0,150.0000,0.00
D,889091,36,preroll,7.9333,U,0,150.0000,0.00
D,889283,36,preroll,7.9232,U,0,150.0000,0.00
D,889475,36,preroll,7.9166,U,0,150.0000,0.00
D,889670,36,move,7.9249,U,90,154.8750,315.00
D,889861,36,move,7.9384,U,90,154.8750,315.00
D,890053,36,move,7.9379,U,90,154.8750,315.00
D,890243,36,move,7.9306,U,90,154.8750,315.00
D,890434,36,move,7.9236,U,90,154.8750,315.00
D,890625,36,move,7.9266,U,90,154.8750,315.00
D,890816,36,move,7.9355,U,90,154.8750,315.00
D,891007,36,move,7.9412,U,90,154.8750,315.00
D,891199,36,move,7.9469,U,90,154.8750,315.00
D,891390,36,move,7.9544,U,90,154.8750,315.00
D,891580,36,move,7.9616,U,90,154.8750,315.00
D,891772,36,move,7.9699,U,90,154.8750,315.00
D,891962,36,move,7.9832,U,90,154.8750,315.00
D,892154,36,move,7.9947,U,90,154.8750,315.00
D,892345,36,move,8.0050,U,90,154.8750,315.00
D,892536,36,move,8.0181,U,90,154.8750,315.00
D,892728,36,move,8.0270,U,90,154.8750,315.00
D,892919,36,move,8.0342,U,90,154.8750,315.00
D,893110,36,move,8.0410,U,90,154.8750,315.00
D,893301,36,move,8.0522,U,90,154.8750,315.00
D,893492,36,move,8.0693,U,90,154.8750,315.00
D,893685,36,settle,8.0773,U,0,154.8750,315.00
D,893876,36,settle,8.0775,U,0,154.8750,315.00
D,894068,36,settle,8.0774,U,0,154.8750,315.00
D,894260,36,settle,8.0831,U,0,154.8750,315.00
D,894453,36,settle,8.0885,U,0,154.8750,315.00
D,894644,36,settle,8.0834,U,0,154.8750,315.00
D,894837,36,settle,8.0798,U,0,154.8750,315.00
D,895028,36,settle,8.0792,U,0,154.8750,315.00
D,895206,36,settle,8.0755,U,0,154.8750,315.00
D,895398,36,settle,8.0748,U,0,154.8750,315.00
D,895591,36,settle,8.0756,U,0,154.8750,315.00
D,895782,36,settle,8.0754,U,0,154.8750,315.00
D,895975,36,settle,8.0749,U,0,154.8750,315.00
D,896166,36,settle,8.0747,U,0,154.8750,315.00
D,896358,36,settle,8.0749,U,0,154.8750,315.00
D,896551,36,settle,8.0753,U,0,154.8750,315.00
D,896742,36,settle,8.0792,U,0,154.8750,315.00
D,896934,36,settle,8.0827,U,0,154.8750,315.00
D,897127,36,settle,8.0887,U,0,154.8750,315.00
D,897319,36,settle,8.0844,U,0,154.8750,315.00
D,897522,36,settle,8.0776,U,0,154.8750,315.00
D,897694,36,settle,8.0837,U,0,154.8750,315.00
D,897886,36,settle,8.0853,U,0,154.8750,315.00
D,898078,36,settle,8.0772,U,0,154.8750,315.00
D,898271,36,settle,8.0772,U,0,154.8750,315.00
D,898463,36,settle,8.0884,U,0,154.8750,315.00
D,898655,36,settle,8.0930,U,0,154.8750,315.00
D,898847,36,settle,8.0817,U,0,154.8750,315.00
D,899039,36,settle,8.0709,U,0,154.8750,315.00
D,899231,36,settle,8.0655,U,0,154.8750,315.00
D,899423,36,settle,8.0640,U,0,154.8750,315.00
D,899614,36,settle,8.0694,U,0,154.8750,315.00
D,899807,36,settle,8.0797,U,0,154.8750,315.00
D,899998,36,settle,8.0818,U,0,154.8750,315.00
D,900191,36,settle,8.0726,U,0,154.8750,315.00
D,900383,36,settle,8.0684,U,0,154.8750,315.00
D,900563,36,settle,8.0715,U,0,154.8750,315.00
P,903704,36,settled,8.0819,U,154.8750,315.00
B,36,70,2,90,4,315.0,154.8750,7.9189,8.0693,3.83,8.0819,0.0126,0.1630,8.0819,ok
E,903712,=== B trial 37 : tilt 70 rep 2 rpm 90 cruise 4 rev -> phase 270 deg (abs 8.08) ===
P,907720,37,base,8.0713,U,154.8750,315.00
D,907835,37,preroll,8.0798,U,0,154.8750,315.00
D,908027,37,preroll,8.0829,U,0,154.8750,315.00
D,908218,37,preroll,8.0803,U,0,154.8750,315.00
D,908410,37,preroll,8.0784,U,0,154.8750,315.00
D,908603,37,preroll,8.0748,U,0,154.8750,315.00
D,908797,37,move,8.0786,U,90,159.7500,270.00
D,908987,37,move,8.0817,U,90,159.7500,270.00
D,909179,37,move,8.0786,U,90,159.7500,270.00
D,909371,37,move,8.0791,U,90,159.7500,270.00
D,909562,37,move,8.0797,U,90,159.7500,270.00
D,909753,37,move,8.0881,U,90,159.7500,270.00
D,909944,37,move,8.1052,U,90,159.7500,270.00
D,910136,37,move,8.1148,U,90,159.7500,270.00
D,910328,37,move,8.1204,U,90,159.7500,270.00
D,910508,37,move,8.1324,U,90,159.7500,270.00
D,910700,37,move,8.1423,U,90,159.7500,270.00
D,910892,37,move,8.1479,U,90,159.7500,270.00
D,911084,37,move,8.1529,U,90,159.7500,270.00
D,911277,37,move,8.1599,U,90,159.7500,270.00
D,911468,37,move,8.1729,U,90,159.7500,270.00
D,911658,37,move,8.1852,U,90,159.7500,270.00
D,911850,37,move,8.1964,U,90,159.7500,270.00
D,912042,37,move,8.2031,U,90,159.7500,270.00
D,912234,37,move,8.2107,U,90,159.7500,270.00
D,912426,37,move,8.2253,U,90,159.7500,270.00
D,912618,37,move,8.2404,U,90,159.7500,270.00
D,912811,37,settle,8.2493,U,0,159.7500,270.00
D,913003,37,settle,8.2556,U,0,159.7500,270.00
D,913195,37,settle,8.2595,U,0,159.7500,270.00
D,913387,37,settle,8.2652,U,0,159.7500,270.00
D,913579,37,settle,8.2618,U,0,159.7500,270.00
D,913771,37,settle,8.2530,U,0,159.7500,270.00
D,913963,37,settle,8.2571,U,0,159.7500,270.00
D,914142,37,settle,8.2632,U,0,159.7500,270.00
D,914346,37,settle,8.2593,U,0,159.7500,270.00
D,914537,37,settle,8.2546,U,0,159.7500,270.00
D,914729,37,settle,8.2618,U,0,159.7500,270.00
D,914907,37,settle,8.2599,U,0,159.7500,270.00
D,915100,37,settle,8.2459,U,0,159.7500,270.00
D,915292,37,settle,8.2426,U,0,159.7500,270.00
D,915484,37,settle,8.2458,U,0,159.7500,270.00
D,915675,37,settle,8.2494,U,0,159.7500,270.00
D,915867,37,settle,8.2600,U,0,159.7500,270.00
D,916059,37,settle,8.2610,U,0,159.7500,270.00
D,916251,37,settle,8.2552,U,0,159.7500,270.00
D,916444,37,settle,8.2548,U,0,159.7500,270.00
D,916636,37,settle,8.2598,U,0,159.7500,270.00
D,916827,37,settle,8.2653,U,0,159.7500,270.00
D,917020,37,settle,8.2583,U,0,159.7500,270.00
D,917211,37,settle,8.2454,U,0,159.7500,270.00
D,917404,37,settle,8.2446,U,0,159.7500,270.00
D,917595,37,settle,8.2447,U,0,159.7500,270.00
D,917787,37,settle,8.2463,U,0,159.7500,270.00
D,917979,37,settle,8.2526,U,0,159.7500,270.00
D,918171,37,settle,8.2586,U,0,159.7500,270.00
D,918363,37,settle,8.2641,U,0,159.7500,270.00
D,918541,37,settle,8.2618,U,0,159.7500,270.00
D,918733,37,settle,8.2536,U,0,159.7500,270.00
D,918925,37,settle,8.2490,U,0,159.7500,270.00
D,919117,37,settle,8.2506,U,0,159.7500,270.00
D,919310,37,settle,8.2557,U,0,159.7500,270.00
D,919501,37,settle,8.2533,U,0,159.7500,270.00
D,919693,37,settle,8.2489,U,0,159.7500,270.00
P,922830,37,settled,8.2460,U,159.7500,270.00
B,37,70,2,90,4,270.0,159.7500,8.0713,8.2404,3.83,8.2460,0.0056,0.1747,8.2460,ok
E,922838,=== B trial 38 : tilt 70 rep 2 rpm 90 cruise 4 rev -> phase 225 deg (abs 8.25) ===
P,926847,38,base,8.2604,U,159.7500,270.00
D,926961,38,preroll,8.2562,U,0,159.7500,270.00
D,927153,38,preroll,8.2491,U,0,159.7500,270.00
D,927346,38,preroll,8.2476,U,0,159.7500,270.00
D,927537,38,preroll,8.2507,U,0,159.7500,270.00
D,927729,38,preroll,8.2491,U,0,159.7500,270.00
D,927924,38,move,8.2480,U,90,164.6250,225.00
D,928116,38,move,8.2488,U,90,164.6250,225.00
D,928306,38,move,8.2504,U,90,164.6250,225.00
D,928498,38,move,8.2463,U,90,164.6250,225.00
D,928688,38,move,8.2455,U,90,164.6250,225.00
D,928880,38,move,8.2572,U,90,164.6250,225.00
D,929071,38,move,8.2747,U,90,164.6250,225.00
D,929261,38,move,8.2929,U,90,164.6250,225.00
D,929452,38,move,8.3028,U,90,164.6250,225.00
D,929644,38,move,8.3085,U,90,164.6250,225.00
D,929834,38,move,8.3155,U,90,164.6250,225.00
D,930025,38,move,8.3194,U,90,164.6250,225.00
D,930216,38,move,8.3244,U,90,164.6250,225.00
D,930407,38,move,8.3343,U,90,164.6250,225.00
D,930599,38,move,8.3488,U,90,164.6250,225.00
D,930789,38,move,8.3614,U,90,164.6250,225.00
D,930980,38,move,8.3730,U,90,164.6250,225.00
D,931165,38,move,8.3813,U,90,164.6250,225.00
D,931357,38,move,8.3864,U,90,164.6250,225.00
D,931549,38,move,8.3950,U,90,164.6250,225.00
D,931740,38,move,8.4071,U,90,164.6250,225.00
D,931932,38,settle,8.4174,U,0,164.6250,225.00
D,932125,38,settle,8.4254,U,0,164.6250,225.00
D,932316,38,settle,8.4299,U,0,164.6250,225.00
D,932508,38,settle,8.4321,U,0,164.6250,225.00
D,932700,38,settle,8.4393,U,0,164.6250,225.00
D,932892,38,settle,8.4431,U,0,164.6250,225.00
D,933085,38,settle,8.4383,U,0,164.6250,225.00
D,933277,38,settle,8.4354,U,0,164.6250,225.00
D,933468,38,settle,8.4317,U,0,164.6250,225.00
D,933660,38,settle,8.4280,U,0,164.6250,225.00
D,933853,38,settle,8.4256,U,0,164.6250,225.00
D,934045,38,settle,8.4257,U,0,164.6250,225.00
D,934236,38,settle,8.4235,U,0,164.6250,225.00
D,934428,38,settle,8.4220,U,0,164.6250,225.00
D,934608,38,settle,8.4248,U,0,164.6250,225.00
D,934799,38,settle,8.4330,U,0,164.6250,225.00
D,934991,38,settle,8.4329,U,0,164.6250,225.00
D,935183,38,settle,8.4325,U,0,164.6250,225.00
D,935375,38,settle,8.4328,U,0,164.6250,225.00
D,935567,38,settle,8.4323,U,0,164.6250,225.00
D,935759,38,settle,8.4323,U,0,164.6250,225.00
D,935951,38,settle,8.4320,U,0,164.6250,225.00
D,936143,38,settle,8.4322,U,0,164.6250,225.00
D,936336,38,settle,8.4326,U,0,164.6250,225.00
D,936528,38,settle,8.4345,U,0,164.6250,225.00
D,936719,38,settle,8.4271,U,0,164.6250,225.00
D,936911,38,settle,8.4208,U,0,164.6250,225.00
D,937103,38,settle,8.4210,U,0,164.6250,225.00
D,937295,38,settle,8.4255,U,0,164.6250,225.00
D,937487,38,settle,8.4318,U,0,164.6250,225.00
D,937680,38,settle,8.4391,U,0,164.6250,225.00
D,937871,38,settle,8.4413,U,0,164.6250,225.00
D,938063,38,settle,8.4327,U,0,164.6250,225.00
D,938241,38,settle,8.4280,U,0,164.6250,225.00
D,938433,38,settle,8.4327,U,0,164.6250,225.00
D,938625,38,settle,8.4352,U,0,164.6250,225.00
D,938817,38,settle,8.4356,U,0,164.6250,225.00
P,941957,38,settled,8.4210,U,164.6250,225.00
B,38,70,2,90,4,225.0,164.6250,8.2604,8.4071,3.83,8.4210,0.0139,0.1606,8.4210,ok
E,941965,=== B trial 39 : tilt 70 rep 2 rpm 90 cruise 4 rev -> phase 180 deg (abs 8.42) ===
P,945973,39,base,8.4254,U,164.6250,225.00
D,946087,39,preroll,8.4255,U,0,164.6250,225.00
D,946279,39,preroll,8.4236,U,0,164.6250,225.00
D,946471,39,preroll,8.4199,U,0,164.6250,225.00
D,946664,39,preroll,8.4167,U,0,164.6250,225.00
D,946855,39,preroll,8.4249,U,0,164.6250,225.00
D,947050,39,move,8.4384,U,90,169.5000,180.00
D,947240,39,move,8.4423,U,90,169.5000,180.00
D,947432,39,move,8.4339,U,90,169.5000,180.00
D,947624,39,move,8.4301,U,90,169.5000,180.00
D,947817,39,move,8.4351,U,90,169.5000,180.00
D,947999,39,move,8.4411,U,90,169.5000,180.00
D,948190,39,move,8.4449,U,90,169.5000,180.00
D,948380,39,move,8.4570,U,90,169.5000,180.00
D,948573,39,move,8.4744,U,90,169.5000,180.00
D,948764,39,move,8.4787,U,90,169.5000,180.00
D,948955,39,move,8.4781,U,90,169.5000,180.00
D,949146,39,move,8.4893,U,90,169.5000,180.00
D,949337,39,move,8.4994,U,90,169.5000,180.00
D,949529,39,move,8.5036,U,90,169.5000,180.00
D,949722,39,move,8.5161,U,90,169.5000,180.00
D,949912,39,move,8.5296,U,90,169.5000,180.00
D,950104,39,move,8.5319,U,90,169.5000,180.00
D,950297,39,move,8.5370,U,90,169.5000,180.00
D,950489,39,move,8.5490,U,90,169.5000,180.00
D,950681,39,move,8.5654,U,90,169.5000,180.00
D,950873,39,move,8.5770,U,90,169.5000,180.00
D,951065,39,settle,8.5899,U,0,169.5000,180.00
D,951256,39,settle,8.5992,U,0,169.5000,180.00
D,951448,39,settle,8.5963,U,0,169.5000,180.00
D,951640,39,settle,8.5928,U,0,169.5000,180.00
D,951832,39,settle,8.5931,U,0,169.5000,180.00
D,952024,39,settle,8.5924,U,0,169.5000,180.00
D,952216,39,settle,8.5921,U,0,169.5000,180.00
D,952409,39,settle,8.5928,U,0,169.5000,180.00
D,952586,39,settle,8.5926,U,0,169.5000,180.00
D,952778,39,settle,8.5923,U,0,169.5000,180.00
D,952970,39,settle,8.5929,U,0,169.5000,180.00
D,953163,39,settle,8.5957,U,0,169.5000,180.00
D,953355,39,settle,8.5959,U,0,169.5000,180.00
D,953547,39,settle,8.5944,U,0,169.5000,180.00
D,953738,39,settle,8.5862,U,0,169.5000,180.00
D,953930,39,settle,8.5837,U,0,169.5000,180.00
D,954122,39,settle,8.5832,U,0,169.5000,180.00
D,954315,39,settle,8.5861,U,0,169.5000,180.00
D,954506,39,settle,8.5913,U,0,169.5000,180.00
D,954699,39,settle,8.5978,U,0,169.5000,180.00
D,954890,39,settle,8.6033,U,0,169.5000,180.00
D,955082,39,settle,8.5991,U,0,169.5000,180.00
D,955275,39,settle,8.5894,U,0,169.5000,180.00
D,955466,39,settle,8.5876,U,0,169.5000,180.00
D,955659,39,settle,8.5955,U,0,169.5000,180.00
D,955851,39,settle,8.5986,U,0,169.5000,180.00
D,956042,39,settle,8.5954,U,0,169.5000,180.00
D,956220,39,settle,8.5911,U,0,169.5000,180.00
D,956412,39,settle,8.5930,U,0,169.5000,180.00
D,956605,39,settle,8.6064,U,0,169.5000,180.00
D,956796,39,settle,8.6156,U,0,169.5000,180.00
D,956989,39,settle,8.6074,U,0,169.5000,180.00
D,957181,39,settle,8.5979,U,0,169.5000,180.00
D,957372,39,settle,8.5908,U,0,169.5000,180.00
D,957564,39,settle,8.5862,U,0,169.5000,180.00
D,957757,39,settle,8.5898,U,0,169.5000,180.00
D,957949,39,settle,8.5951,U,0,169.5000,180.00
P,961082,39,settled,8.5861,U,169.5000,180.00
B,39,70,2,90,4,180.0,169.5000,8.4254,8.5770,3.83,8.5861,0.0091,0.1607,8.5861,ok
E,961090,=== B trial 40 : tilt 70 rep 2 rpm 90 cruise 4 rev -> phase 135 deg (abs 8.59) ===
P,965099,40,base,8.5926,U,169.5000,180.00
D,965214,40,preroll,8.5940,U,0,169.5000,180.00
D,965405,40,preroll,8.5977,U,0,169.5000,180.00
D,965598,40,preroll,8.6017,U,0,169.5000,180.00
D,965790,40,preroll,8.5989,U,0,169.5000,180.00
D,965981,40,preroll,8.5935,U,0,169.5000,180.00
D,966176,40,move,8.5901,U,90,174.3750,135.00
D,966368,40,move,8.5944,U,90,174.3750,135.00
D,966560,40,move,8.6008,U,90,174.3750,135.00
D,966752,40,move,8.6034,U,90,174.3750,135.00
D,966943,40,move,8.6090,U,90,174.3750,135.00
D,967134,40,move,8.6182,U,90,174.3750,135.00
D,967325,40,move,8.6235,U,90,174.3750,135.00
D,967516,40,move,8.6243,U,90,174.3750,135.00
D,967708,40,move,8.6284,U,90,174.3750,135.00
D,967899,40,move,8.6360,U,90,174.3750,135.00
D,968090,40,move,8.6517,U,90,174.3750,135.00
D,968283,40,move,8.6712,U,90,174.3750,135.00
D,968474,40,move,8.6785,U,90,174.3750,135.00
D,968652,40,move,8.6755,U,90,174.3750,135.00
D,968845,40,move,8.6850,U,90,174.3750,135.00
D,969036,40,move,8.7025,U,90,174.3750,135.00
D,969228,40,move,8.7150,U,90,174.3750,135.00
D,969419,40,move,8.7234,U,90,174.3750,135.00
D,969611,40,move,8.7304,U,90,174.3750,135.00
D,969803,40,move,8.7454,U,90,174.3750,135.00
D,969995,40,move,8.7628,U,90,174.3750,135.00
D,970188,40,settle,8.7770,U,0,174.3750,135.00
D,970379,40,settle,8.7851,U,0,174.3750,135.00
D,970571,40,settle,8.7762,U,0,174.3750,135.00
D,970763,40,settle,8.7668,U,0,174.3750,135.00
D,970955,40,settle,8.7671,U,0,174.3750,135.00
D,971148,40,settle,8.7708,U,0,174.3750,135.00
D,971339,40,settle,8.7736,U,0,174.3750,135.00
D,971531,40,settle,8.7729,U,0,174.3750,135.00
D,971723,40,settle,8.7710,U,0,174.3750,135.00
D,971915,40,settle,8.7713,U,0,174.3750,135.00
D,972107,40,settle,8.7674,U,0,174.3750,135.00
D,972286,40,settle,8.7642,U,0,174.3750,135.00
D,972478,40,settle,8.7726,U,0,174.3750,135.00
D,972671,40,settle,8.7763,U,0,174.3750,135.00
D,972863,40,settle,8.7728,U,0,174.3750,135.00
D,973055,40,settle,8.7658,U,0,174.3750,135.00
D,973246,40,settle,8.7572,U,0,174.3750,135.00
D,973438,40,settle,8.7610,U,0,174.3750,135.00
D,973631,40,settle,8.7782,U,0,174.3750,135.00
D,973822,40,settle,8.7817,U,0,174.3750,135.00
D,974015,40,settle,8.7725,U,0,174.3750,135.00
D,974206,40,settle,8.7658,U,0,174.3750,135.00
D,974398,40,settle,8.7647,U,0,174.3750,135.00
D,974590,40,settle,8.7627,U,0,174.3750,135.00
D,974782,40,settle,8.7651,U,0,174.3750,135.00
D,974974,40,settle,8.7663,U,0,174.3750,135.00
D,975167,40,settle,8.7696,U,0,174.3750,135.00
D,975359,40,settle,8.7764,U,0,174.3750,135.00
D,975551,40,settle,8.7707,U,0,174.3750,135.00
D,975729,40,settle,8.7578,U,0,174.3750,135.00
D,975921,40,settle,8.7548,U,0,174.3750,135.00
D,976113,40,settle,8.7605,U,0,174.3750,135.00
D,976306,40,settle,8.7688,U,0,174.3750,135.00
D,976497,40,settle,8.7735,U,0,174.3750,135.00
D,976689,40,settle,8.7710,U,0,174.3750,135.00
D,976881,40,settle,8.7627,U,0,174.3750,135.00
D,977073,40,settle,8.7669,U,0,174.3750,135.00
P,980211,40,settled,8.7682,U,174.3750,135.00
B,40,70,2,90,4,135.0,174.3750,8.5926,8.7628,3.83,8.7682,0.0054,0.1756,8.7682,ok
E,980219,=== B trial 41 : tilt 70 rep 2 rpm 90 cruise 4 rev -> phase 90 deg (abs 8.77) ===
P,984230,41,base,8.7653,U,174.3750,135.00
D,984345,41,preroll,8.7659,U,0,174.3750,135.00
D,984536,41,preroll,8.7683,U,0,174.3750,135.00
D,984729,41,preroll,8.7780,U,0,174.3750,135.00
D,984921,41,preroll,8.7864,U,0,174.3750,135.00
D,985112,41,preroll,8.7882,U,0,174.3750,135.00
D,985294,41,move,8.7780,U,90,179.2500,90.00
D,985485,41,move,8.7692,U,90,179.2500,90.00
D,985678,41,move,8.7778,U,90,179.2500,90.00
D,985870,41,move,8.7838,U,90,179.2500,90.00
D,986062,41,move,8.7786,U,90,179.2500,90.00
D,986254,41,move,8.7763,U,90,179.2500,90.00
D,986446,41,move,8.7791,U,90,179.2500,90.00
D,986637,41,move,8.7853,U,90,179.2500,90.00
D,986829,41,move,8.7981,U,90,179.2500,90.00
D,987021,41,move,8.8100,U,90,179.2500,90.00
D,987213,41,move,8.8202,U,90,179.2500,90.00
D,987405,41,move,8.8343,U,90,179.2500,90.00
D,987598,41,move,8.8426,U,90,179.2500,90.00
D,987790,41,move,8.8452,U,90,179.2500,90.00
D,987982,41,move,8.8542,U,90,179.2500,90.00
D,988174,41,move,8.8685,U,90,179.2500,90.00
D,988353,41,move,8.8779,U,90,179.2500,90.00
D,988544,41,move,8.8838,U,90,179.2500,90.00
D,988736,41,move,8.8968,U,90,179.2500,90.00
D,988928,41,move,8.9137,U,90,179.2500,90.00
D,989121,41,move,8.9241,U,90,179.2500,90.00
D,989313,41,settle,8.9333,U,0,179.2500,90.00
D,989505,41,settle,8.9431,U,0,179.2500,90.00
D,989697,41,settle,8.9460,U,0,179.2500,90.00
D,989890,41,settle,8.9446,U,0,179.2500,90.00
D,990081,41,settle,8.9442,U,0,179.2500,90.00
D,990273,41,settle,8.9431,U,0,179.2500,90.00
D,990465,41,settle,8.9427,U,0,179.2500,90.00
D,990658,41,settle,8.9446,U,0,179.2500,90.00
D,990850,41,settle,8.9475,U,0,179.2500,90.00
D,991042,41,settle,8.9451,U,0,179.2500,90.00
D,991233,41,settle,8.9423,U,0,179.2500,90.00
D,991425,41,settle,8.9442,U,0,179.2500,90.00
D,991617,41,settle,8.9473,U,0,179.2500,90.00
D,991797,41,settle,8.9515,U,0,179.2500,90.00
D,991990,41,settle,8.9536,U,0,179.2500,90.00
D,992182,41,settle,8.9518,U,0,179.2500,90.00
D,992373,41,settle,8.9459,U,0,179.2500,90.00
D,992566,41,settle,8.9445,U,0,179.2500,90.00
D,992758,41,settle,8.9457,U,0,179.2500,90.00
D,992950,41,settle,8.9467,U,0,179.2500,90.00
D,993141,41,settle,8.9472,U,0,179.2500,90.00
D,993334,41,settle,8.9477,U,0,179.2500,90.00
D,993525,41,settle,8.9476,U,0,179.2500,90.00
D,993717,41,settle,8.9472,U,0,179.2500,90.00
D,993909,41,settle,8.9458,U,0,179.2500,90.00
D,994101,41,settle,8.9469,U,0,179.2500,90.00
D,994293,41,settle,8.9513,U,0,179.2500,90.00
D,994485,41,settle,8.9559,U,0,179.2500,90.00
D,994664,41,settle,8.9589,U,0,179.2500,90.00
D,994856,41,settle,8.9522,U,0,179.2500,90.00
D,995049,41,settle,8.9426,U,0,179.2500,90.00
D,995240,41,settle,8.9374,U,0,179.2500,90.00
D,995432,41,settle,8.9399,U,0,179.2500,90.00
D,995625,41,settle,8.9486,U,0,179.2500,90.00
D,995816,41,settle,8.9535,U,0,179.2500,90.00
D,996008,41,settle,8.9525,U,0,179.2500,90.00
D,996200,41,settle,8.9541,U,0,179.2500,90.00
P,999342,41,settled,8.9397,U,179.2500,90.00
B,41,70,2,90,4,90.0,179.2500,8.7653,8.9241,3.83,8.9397,0.0156,0.1744,8.9397,ok
E,999349,=== B trial 42 : tilt 70 rep 2 rpm 90 cruise 4 rev -> phase 45 deg (abs 8.94) ===
P,1003352,42,base,8.9618,U,179.2500,90.00
D,1003466,42,preroll,8.9612,U,0,179.2500,90.00
D,1003658,42,preroll,8.9495,U,0,179.2500,90.00
D,1003850,42,preroll,8.9413,U,0,179.2500,90.00
D,1004042,42,preroll,8.9422,U,0,179.2500,90.00
D,1004234,42,preroll,8.9434,U,0,179.2500,90.00
D,1004428,42,move,8.9427,U,90,184.1250,45.00
D,1004619,42,move,8.9441,U,90,184.1250,45.00
D,1004812,42,move,8.9516,U,90,184.1250,45.00
D,1005003,42,move,8.9502,U,90,184.1250,45.00
D,1005193,42,move,8.9459,U,90,184.1250,45.00
D,1005386,42,move,8.9440,U,90,184.1250,45.00
D,1005576,42,move,8.9512,U,90,184.1250,45.00
D,1005769,42,move,8.9672,U,90,184.1250,45.00
D,1005960,42,move,8.9822,U,90,184.1250,45.00
D,1006153,42,move,8.9896,U,90,184.1250,45.00
D,1006332,42,move,8.9902,U,90,184.1250,45.00
D,1006525,42,move,8.9990,U,90,184.1250,45.00
D,1006715,42,move,9.0173,U,90,184.1250,45.00
D,1006907,42,move,9.0317,U,90,184.1250,45.00
D,1007099,42,move,9.0391,U,90,184.1250,45.00
D,1007292,42,move,9.0480,U,90,184.1250,45.00
D,1007482,42,move,9.0582,U,90,184.1250,45.00
D,1007675,42,move,9.0669,U,90,184.1250,45.00
D,1007865,42,move,9.0815,U,90,184.1250,45.00
D,1008057,42,move,9.0942,U,90,184.1250,45.00
D,1008250,42,move,9.0987,U,90,184.1250,45.00
D,1008443,42,settle,9.1090,U,0,184.1250,45.00
D,1008634,42,settle,9.1222,U,0,184.1250,45.00
D,1008826,42,settle,9.1269,U,0,184.1250,45.00
D,1009018,42,settle,9.1286,U,0,184.1250,45.00
D,1009210,42,settle,9.1289,U,0,184.1250,45.00
D,1009402,42,settle,9.1279,U,0,184.1250,45.00
D,1009594,42,settle,9.1233,U,0,184.1250,45.00
D,1009786,42,settle,9.1209,U,0,184.1250,45.00
D,1009966,42,settle,9.1202,U,0,184.1250,45.00
D,1010158,42,settle,9.1237,U,0,184.1250,45.00
D,1010350,42,settle,9.1314,U,0,184.1250,45.00
D,1010542,42,settle,9.1341,U,0,184.1250,45.00
D,1010735,42,settle,9.1285,U,0,184.1250,45.00
D,1010926,42,settle,9.1212,U,0,184.1250,45.00
D,1011118,42,settle,9.1221,U,0,184.1250,45.00
D,1011310,42,settle,9.1242,U,0,184.1250,45.00
D,1011502,42,settle,9.1256,U,0,184.1250,45.00
D,1011694,42,settle,9.1300,U,0,184.1250,45.00
D,1011886,42,settle,9.1298,U,0,184.1250,45.00
D,1012078,42,settle,9.1263,U,0,184.1250,45.00
D,1012270,42,settle,9.1259,U,0,184.1250,45.00
D,1012462,42,settle,9.1212,U,0,184.1250,45.00
D,1012654,42,settle,9.1163,U,0,184.1250,45.00
D,1012846,42,settle,9.1181,U,0,184.1250,45.00
D,1013038,42,settle,9.1287,U,0,184.1250,45.00
D,1013230,42,settle,9.1389,U,0,184.1250,45.00
D,1013408,42,settle,9.1399,U,0,184.1250,45.00
D,1013600,42,settle,9.1353,U,0,184.1250,45.00
D,1013793,42,settle,9.1308,U,0,184.1250,45.00
D,1013984,42,settle,9.1267,U,0,184.1250,45.00
D,1014176,42,settle,9.1235,U,0,184.1250,45.00
D,1014368,42,settle,9.1174,U,0,184.1250,45.00
D,1014560,42,settle,9.1155,U,0,184.1250,45.00
D,1014752,42,settle,9.1199,U,0,184.1250,45.00
D,1014944,42,settle,9.1305,U,0,184.1250,45.00
D,1015136,42,settle,9.1363,U,0,184.1250,45.00
D,1015328,42,settle,9.1329,U,0,184.1250,45.00
P,1018462,42,settled,9.1294,U,184.1250,45.00
B,42,70,2,90,4,45.0,184.1250,8.9618,9.0987,3.83,9.1294,0.0307,0.1676,9.1294,ok
E,1018468,battery complete
SUMMARY,trials=42,abs_g=9.129
