{
  "y_m": [
    0.0064,
    0.006196825396825397,
    0.005993650793650794,
    0.005790476190476191,
    0.005587301587301588,
    0.005384126984126984,
    0.005180952380952382,
    0.004977777777777778,
    0.004774603174603175,
    0.004571428571428572,
    0.004368253968253969,
    0.0041650793650793655,
    0.003961904761904762,
    0.0037587301587301593,
    0.0035555555555555557,
    0.003352380952380953,
    0.0031492063492063495,
    0.0029460317460317464,
    0.0027428571428571432,
    0.00253968253968254,
    0.002336507936507937,
    0.002133333333333334,
    0.0019301587301587305,
    0.0017269841269841272,
    0.0015238095238095239,
    0.0013206349206349214,
    0.001117460317460318,
    0.0009142857142857146,
    0.0007111111111111113,
    0.0005079365079365079,
    0.00030476190476190544,
    0.00010158730158730212,
    -0.00010158730158730122,
    -0.0003047619047619046,
    -0.0005079365079365079,
    -0.0007111111111111104,
    -0.0009142857142857137,
    -0.0011174603174603172,
    -0.0013206349206349205,
    -0.0015238095238095247,
    -0.001726984126984126,
    -0.0019301587301587305,
    -0.002133333333333333,
    -0.0023365079365079353,
    -0.0025396825396825397,
    -0.002742857142857142,
    -0.0029460317460317464,
    -0.0031492063492063486,
    -0.003352380952380953,
    -0.0035555555555555553,
    -0.003758730158730158,
    -0.003961904761904762,
    -0.004165079365079365,
    -0.004368253968253969,
    -0.004571428571428571,
    -0.004774603174603174,
    -0.004977777777777778,
    -0.005180952380952381,
    -0.005384126984126984,
    -0.005587301587301587,
    -0.00579047619047619,
    -0.005993650793650794,
    -0.006196825396825396,
    -0.0064
  ],
  "Fy_N": [
    -205.4054,
    -185.298,
    -166.5015,
    -148.973,
    -132.6701,
    -117.5498,
    -103.5695,
    -90.68662,
    -78.85833,
    -68.04194,
    -58.19477,
    -49.2741,
    -41.23724,
    -34.04149,
    -27.64414,
    -22.00248,
    -17.07382,
    -12.81547,
    -9.184455,
    -6.138543,
    -3.634803,
    -1.63055,
    -0.08308629,
    1.050305,
    1.812314,
    2.245653,
    2.393017,
    2.297112,
    2.000639,
    1.546302,
    0.9768001,
    0.334837,
    -0.3368813,
    -0.9956589,
    -1.59879,
    -2.10357,
    -2.467302,
    -2.64728,
    -2.600804,
    -2.285169,
    -1.657678,
    -0.675621,
    0.703693,
    2.52298,
    4.824937,
    7.652251,
    11.04765,
    15.05381,
    19.71346,
    25.06929,
    31.16398,
    38.04028,
    45.74082,
    54.3084,
    63.78566,
    74.21527,
    85.64002,
    98.10251,
    111.6456,
    126.3118,
    142.1439,
    159.1847,
    177.4771,
    197.0627
  ]
}