{
  "y_m": [
    -0.0064,
    -0.00608,
    -0.00576,
    -0.00544,
    -0.00512,
    -0.0048000000000000004,
    -0.00448,
    -0.0041600000000000005,
    -0.00384,
    -0.00352,
    -0.0032,
    -0.00288,
    -0.0025599999999999998,
    -0.00224,
    -0.0019199999999999998,
    -0.0015999999999999999,
    -0.0012799999999999999,
    -0.0009599999999999999,
    -0.0006399999999999999,
    -0.00031999999999999997,
    0.0,
    0.00031999999999999997,
    0.0006399999999999999,
    0.0009599999999999999,
    0.0012800000000000008,
    0.0015999999999999999,
    0.0019200000000000007,
    0.00224,
    0.0025600000000000006,
    0.0028799999999999997,
    0.0032000000000000006,
    0.0035199999999999997,
    0.0038400000000000005,
    0.004160000000000001,
    0.0044800000000000005,
    0.004800000000000001,
    0.00512,
    0.005440000000000001,
    0.00576,
    0.006080000000000001,
    0.0064
  ],
  "Fy_N": [
    168.6665,
    144.3455,
    122.5438,
    103.1134,
    85.90765,
    70.78142,
    57.59186,
    46.19819,
    36.46225,
    28.24851,
    21.42406,
    15.85828,
    11.4221,
    7.986384,
    5.418944,
    3.580737,
    2.325098,
    1.506339,
    0.9968741,
    0.6991004,
    0.5451305,
    0.4883596,
    0.493664,
    0.5254438,
    0.5257613,
    0.3579587,
    -0.2784437,
    -1.728277,
    -4.157057,
    -7.653069,
    -12.31648,
    -18.26249,
    -25.61574,
    -34.50714,
    -45.07238,
    -57.45117,
    -71.78673,
    -88.22532,
    -106.9158,
    -128.0091,
    -151.6578
  ]
}