M,experiment,rapid-dispense-stop-response
M,powder_id,salt
M,trigger_g,0.5
M,fast_rpm,55.0
M,tap_every_polls,3
M,tap_on_ms,60
M,angles_plate_deg,25.0|40.0|50.0|60.0|70.0
M,reps,2
M,noise_baseline_s,60.0
M,settle_stream_s,15.0
E,1223,noise baseline: tare, then 60 s static raw stream
P,3386,0,0.0,0,pretare,-0.0512
P,3962,0,0.0,0,tare0,-0.0001
D,4056,0,noise,-0.0003,U,0,0
D,4152,0,noise,-0.0055,U,0,0
D,4246,0,noise,-0.0103,U,0,0
D,4342,0,noise,-0.0146,U,0,0
D,4438,0,noise,-0.0157,U,0,0
D,4533,0,noise,-0.0131,U,0,0
D,4630,0,noise,-0.0089,U,0,0
D,4725,0,noise,-0.0051,U,0,0
D,4821,0,noise,-0.0019,U,0,0
D,4918,0,noise,0.0015,U,0,0
D,5013,0,noise,0.0053,U,0,0
D,5107,0,noise,0.0087,U,0,0
D,5203,0,noise,0.0100,U,0,0
D,5298,0,noise,0.0061,U,0,0
D,5394,0,noise,-0.0048,U,0,0
D,5490,0,noise,-0.0184,U,0,0
D,5586,0,noise,-0.0257,U,0,0
D,5682,0,noise,-0.0215,U,0,0
D,5778,0,noise,-0.0102,U,0,0
D,5873,0,noise,-0.0013,U,0,0
D,5967,0,noise,0.0000,U,0,0
D,6063,0,noise,-0.0038,U,0,0
D,6159,0,noise,-0.0078,U,0,0
D,6255,0,noise,-0.0095,U,0,0
D,6351,0,noise,-0.0095,U,0,0
D,6446,0,noise,-0.0092,U,0,0
D,6542,0,noise,-0.0091,U,0,0
D,6638,0,noise,-0.0093,U,0,0
D,6734,0,noise,-0.0096,U,0,0
D,6830,0,noise,-0.0099,U,0,0
D,6924,0,noise,-0.0101,U,0,0
D,7020,0,noise,-0.0101,U,0,0
D,7115,0,noise,-0.0100,U,0,0
D,7211,0,noise,-0.0098,U,0,0
D,7307,0,noise,-0.0096,U,0,0
D,7403,0,noise,-0.0095,U,0,0
D,7499,0,noise,-0.0092,U,0,0
D,7595,0,noise,-0.0091,U,0,0
D,7691,0,noise,-0.0093,U,0,0
D,7784,0,noise,-0.0183,U,0,0
D,7880,0,noise,-0.0245,U,0,0
D,7976,0,noise,-0.0247,U,0,0
D,8072,0,noise,-0.0186,U,0,0
D,8168,0,noise,-0.0113,U,0,0
D,8264,0,noise,-0.0074,U,0,0
D,8359,0,noise,-0.0076,U,0,0
D,8455,0,noise,-0.0097,U,0,0
D,8551,0,noise,-0.0112,U,0,0
D,8645,0,noise,-0.0115,U,0,0
D,8741,0,noise,-0.0113,U,0,0
D,8837,0,noise,-0.0111,U,0,0
D,8932,0,noise,-0.0113,U,0,0
D,9028,0,noise,-0.0115,U,0,0
D,9124,0,noise,-0.0119,U,0,0
D,9220,0,noise,-0.0124,U,0,0
D,9316,0,noise,-0.0151,U,0,0
D,9412,0,noise,-0.0150,U,0,0
D,9505,0,noise,-0.0141,U,0,0
D,9601,0,noise,-0.0138,U,0,0
D,9697,0,noise,-0.0137,U,0,0
D,9793,0,noise,-0.0138,U,0,0
D,9889,0,noise,-0.0137,U,0,0
D,9985,0,noise,-0.0136,U,0,0
D,10081,0,noise,-0.0135,U,0,0
D,10176,0,noise,-0.0133,U,0,0
D,10272,0,noise,-0.0131,U,0,0
D,10368,0,noise,-0.0130,U,0,0
D,10462,0,noise,-0.0129,U,0,0
D,10558,0,noise,-0.0130,U,0,0
D,10654,0,noise,-0.0130,U,0,0
D,10750,0,noise,-0.0131,U,0,0
D,10846,0,noise,-0.0131,U,0,0
D,10941,0,noise,-0.0131,U,0,0
D,11037,0,noise,-0.0130,S,0,0
D,11133,0,noise,-0.0081,U,0,0
D,11229,0,noise,-0.0060,U,0,0
D,11323,0,noise,-0.0062,U,0,0
D,11418,0,noise,-0.0092,U,0,0
D,11514,0,noise,-0.0132,U,0,0
D,11610,0,noise,-0.0165,U,0,0
D,11706,0,noise,-0.0197,U,0,0
D,11802,0,noise,-0.0236,U,0,0
D,11898,0,noise,-0.0270,U,0,0
D,11993,0,noise,-0.0275,U,0,0
D,12089,0,noise,-0.0237,U,0,0
D,12183,0,noise,-0.0163,U,0,0
D,12279,0,noise,-0.0071,U,0,0
D,12375,0,noise,0.0015,U,0,0
D,12471,0,noise,0.0064,U,0,0
D,12577,0,noise,0.0064,U,0,0
D,12758,0,noise,0.0099,U,0,0
D,12854,0,noise,0.0184,U,0,0
D,12950,0,noise,0.0242,U,0,0
D,13046,0,noise,0.0194,U,0,0
D,13140,0,noise,0.0020,U,0,0
D,13235,0,noise,-0.0222,U,0,0
D,13331,0,noise,-0.0412,U,0,0
D,13427,0,noise,-0.0452,U,0,0
D,13523,0,noise,-0.0351,U,0,0
D,13619,0,noise,-0.0205,U,0,0
D,13715,0,noise,-0.0097,U,0,0
D,13810,0,noise,-0.0043,U,0,0
D,13906,0,noise,-0.0022,U,0,0
D,14000,0,noise,-0.0012,U,0,0
D,14096,0,noise,-0.0007,U,0,0
D,14192,0,noise,-0.0007,U,0,0
D,14288,0,noise,-0.0009,U,0,0
D,14384,0,noise,-0.0010,U,0,0
D,14479,0,noise,-0.0011,U,0,0
D,14575,0,noise,-0.0011,U,0,0
D,14671,0,noise,-0.0013,U,0,0
D,14767,0,noise,-0.0014,U,0,0
D,14861,0,noise,-0.0013,U,0,0
D,14957,0,noise,-0.0012,U,0,0
D,15053,0,noise,-0.0009,U,0,0
D,15149,0,noise,-0.0007,U,0,0
D,15244,0,noise,-0.0004,U,0,0
D,15340,0,noise,-0.0004,U,0,0
D,15436,0,noise,-0.0004,U,0,0
D,15532,0,noise,-0.0005,U,0,0
D,15628,0,noise,-0.0005,U,0,0
D,15724,0,noise,-0.0004,S,0,0
D,15818,0,noise,-0.0004,S,0,0
D,15913,0,noise,-0.0005,S,0,0
D,16009,0,noise,-0.0006,U,0,0
D,16105,0,noise,-0.0006,U,0,0
D,16201,0,noise,-0.0007,U,0,0
D,16297,0,noise,-0.0007,U,0,0
D,16393,0,noise,-0.0007,U,0,0
D,16489,0,noise,-0.0007,S,0,0
D,16584,0,noise,-0.0006,S,0,0
D,16678,0,noise,-0.0006,S,0,0
D,16774,0,noise,-0.0005,U,0,0
D,16870,0,noise,-0.0005,U,0,0
D,16966,0,noise,-0.0006,S,0,0
D,17062,0,noise,-0.0006,S,0,0
D,17158,0,noise,-0.0006,S,0,0
D,17253,0,noise,-0.0008,U,0,0
D,17349,0,noise,-0.0009,U,0,0
D,17445,0,noise,-0.0009,U,0,0
D,17539,0,noise,-0.0008,U,0,0
D,17635,0,noise,-0.0008,U,0,0
D,17731,0,noise,-0.0008,S,0,0
D,17826,0,noise,-0.0008,S,0,0
D,17922,0,noise,-0.0008,S,0,0
D,18018,0,noise,-0.0008,S,0,0
D,18114,0,noise,-0.0008,S,0,0
D,18210,0,noise,-0.0007,S,0,0
D,18306,0,noise,-0.0007,S,0,0
D,18400,0,noise,-0.0007,S,0,0
D,18496,0,noise,-0.0007,S,0,0
D,18592,0,noise,-0.0007,S,0,0
D,18687,0,noise,-0.0007,S,0,0
D,18783,0,noise,-0.0007,S,0,0
D,18879,0,noise,-0.0007,S,0,0
D,18975,0,noise,-0.0007,S,0,0
D,19071,0,noise,-0.0007,S,0,0
D,19167,0,noise,-0.0007,S,0,0
D,19263,0,noise,-0.0007,S,0,0
D,19356,0,noise,-0.0007,S,0,0
D,19452,0,noise,-0.0007,S,0,0
D,19548,0,noise,-0.0007,S,0,0
D,19644,0,noise,-0.0007,S,0,0
D,19740,0,noise,-0.0007,S,0,0
D,19836,0,noise,-0.0007,S,0,0
D,19931,0,noise,-0.0007,S,0,0
D,20027,0,noise,-0.0007,S,0,0
D,20123,0,noise,-0.0007,S,0,0
D,20217,0,noise,-0.0007,S,0,0
D,20313,0,noise,-0.0007,S,0,0
D,20409,0,noise,-0.0007,S,0,0
D,20505,0,noise,-0.0007,S,0,0
D,20601,0,noise,-0.0007,S,0,0
D,20696,0,noise,-0.0007,S,0,0
D,20792,0,noise,-0.0007,S,0,0
D,20888,0,noise,-0.0007,S,0,0
D,20984,0,noise,-0.0007,S,0,0
D,21078,0,noise,-0.0007,S,0,0
D,21174,0,noise,-0.0007,S,0,0
D,21270,0,noise,-0.0007,S,0,0
D,21365,0,noise,-0.0007,S,0,0
D,21461,0,noise,-0.0007,S,0,0
D,21557,0,noise,-0.0007,S,0,0
D,21653,0,noise,-0.0007,S,0,0
D,21749,0,noise,-0.0007,S,0,0
D,21845,0,noise,-0.0007,S,0,0
D,21941,0,noise,-0.0007,S,0,0
D,22035,0,noise,-0.0007,S,0,0
D,22130,0,noise,-0.0007,S,0,0
D,22226,0,noise,-0.0007,S,0,0
D,22322,0,noise,-0.0007,S,0,0
D,22418,0,noise,-0.0007,S,0,0
D,22514,0,noise,-0.0007,S,0,0
D,22610,0,noise,-0.0007,S,0,0
D,22706,0,noise,-0.0007,S,0,0
D,22801,0,noise,-0.0007,S,0,0
D,22895,0,noise,-0.0007,S,0,0
D,22991,0,noise,-0.0007,S,0,0
D,23087,0,noise,-0.0007,S,0,0
D,23183,0,noise,-0.0007,S,0,0
D,23279,0,noise,-0.0007,S,0,0
D,23374,0,noise,-0.0008,S,0,0
D,23470,0,noise,-0.0008,S,0,0
D,23566,0,noise,-0.0008,S,0,0
D,23662,0,noise,-0.0008,S,0,0
D,23756,0,noise,-0.0008,S,0,0
D,23852,0,noise,-0.0008,S,0,0
D,23948,0,noise,-0.0008,S,0,0
D,24043,0,noise,-0.0008,S,0,0
D,24139,0,noise,-0.0008,S,0,0
D,24235,0,noise,-0.0008,S,0,0
D,24331,0,noise,-0.0008,S,0,0
D,24427,0,noise,-0.0008,S,0,0
D,24523,0,noise,-0.0008,S,0,0
D,24618,0,noise,-0.0008,S,0,0
D,24712,0,noise,-0.0008,S,0,0
D,24808,0,noise,-0.0008,S,0,0
D,24904,0,noise,-0.0008,S,0,0
D,25000,0,noise,-0.0008,S,0,0
D,25096,0,noise,-0.0009,S,0,0
D,25192,0,noise,-0.0009,S,0,0
D,25287,0,noise,-0.0009,S,0,0
D,25383,0,noise,-0.0009,S,0,0
D,25479,0,noise,-0.0009,S,0,0
D,25573,0,noise,-0.0009,S,0,0
D,25669,0,noise,-0.0009,S,0,0
D,25765,0,noise,-0.0009,S,0,0
D,25860,0,noise,-0.0009,S,0,0
D,25956,0,noise,-0.0009,S,0,0
D,26052,0,noise,-0.0009,S,0,0
D,26148,0,noise,-0.0009,S,0,0
D,26248,0,noise,-0.0009,S,0,0
D,26340,0,noise,-0.0009,S,0,0
D,26433,0,noise,-0.0009,S,0,0
D,26529,0,noise,-0.0009,S,0,0
D,26625,0,noise,-0.0009,S,0,0
D,26721,0,noise,-0.0009,S,0,0
D,26817,0,noise,-0.0009,S,0,0
D,26913,0,noise,-0.0009,S,0,0
D,27009,0,noise,-0.0009,S,0,0
D,27104,0,noise,-0.0009,S,0,0
D,27200,0,noise,-0.0009,S,0,0
D,27296,0,noise,-0.0009,S,0,0
D,27390,0,noise,-0.0010,S,0,0
D,27486,0,noise,-0.0010,S,0,0
D,27582,0,noise,-0.0010,S,0,0
D,27677,0,noise,-0.0010,S,0,0
D,27773,0,noise,-0.0010,S,0,0
D,27869,0,noise,-0.0010,S,0,0
D,27965,0,noise,-0.0010,S,0,0
D,28061,0,noise,-0.0010,S,0,0
D,28157,0,noise,-0.0010,S,0,0
D,28251,0,noise,-0.0010,S,0,0
D,28346,0,noise,-0.0010,S,0,0
D,28442,0,noise,-0.0010,S,0,0
D,28538,0,noise,-0.0010,S,0,0
D,28634,0,noise,-0.0010,S,0,0
D,28730,0,noise,-0.0010,S,0,0
D,28826,0,noise,-0.0010,S,0,0
D,28921,0,noise,-0.0010,S,0,0
D,29017,0,noise,-0.0010,S,0,0
D,29111,0,noise,-0.0011,S,0,0
D,29207,0,noise,-0.0011,S,0,0
D,29303,0,noise,-0.0011,S,0,0
D,29399,0,noise,-0.0011,S,0,0
D,29494,0,noise,-0.0011,S,0,0
D,29590,0,noise,-0.0011,S,0,0
D,29686,0,noise,-0.0011,S,0,0
D,29782,0,noise,-0.0011,S,0,0
D,29878,0,noise,-0.0011,S,0,0
D,29972,0,noise,-0.0011,S,0,0
D,30068,0,noise,-0.0011,S,0,0
D,30163,0,noise,-0.0011,S,0,0
D,30259,0,noise,-0.0011,S,0,0
D,30355,0,noise,-0.0011,S,0,0
D,30451,0,noise,-0.0011,S,0,0
D,30547,0,noise,-0.0011,S,0,0
D,30643,0,noise,-0.0011,S,0,0
D,30738,0,noise,-0.0011,S,0,0
D,30834,0,noise,-0.0011,S,0,0
D,30928,0,noise,-0.0011,S,0,0
D,31024,0,noise,-0.0011,S,0,0
D,31120,0,noise,-0.0011,S,0,0
D,31216,0,noise,-0.0011,S,0,0
D,31312,0,noise,-0.0011,S,0,0
D,31407,0,noise,-0.0011,S,0,0
D,31503,0,noise,-0.0012,S,0,0
D,31599,0,noise,-0.0012,S,0,0
D,31695,0,noise,-0.0012,S,0,0
D,31789,0,noise,-0.0012,S,0,0
D,31885,0,noise,-0.0012,S,0,0
D,31981,0,noise,-0.0012,S,0,0
D,32076,0,noise,-0.0012,S,0,0
D,32172,0,noise,-0.0012,S,0,0
D,32268,0,noise,-0.0012,S,0,0
D,32364,0,noise,-0.0012,S,0,0
D,32460,0,noise,-0.0012,S,0,0
D,32556,0,noise,-0.0012,S,0,0
D,32650,0,noise,-0.0012,S,0,0
D,32745,0,noise,-0.0012,S,0,0
D,32841,0,noise,-0.0012,S,0,0
D,32937,0,noise,-0.0012,S,0,0
D,33033,0,noise,-0.0012,S,0,0
D,33129,0,noise,-0.0012,S,0,0
D,33225,0,noise,-0.0012,S,0,0
D,33321,0,noise,-0.0012,S,0,0
D,33416,0,noise,-0.0013,S,0,0
D,33512,0,noise,-0.0013,S,0,0
D,33606,0,noise,-0.0013,S,0,0
D,33702,0,noise,-0.0013,S,0,0
D,33798,0,noise,-0.0013,S,0,0
D,33893,0,noise,-0.0013,S,0,0
D,33989,0,noise,-0.0013,S,0,0
D,34085,0,noise,-0.0013,S,0,0
D,34181,0,noise,-0.0013,S,0,0
D,34277,0,noise,-0.0013,S,0,0
D,34373,0,noise,-0.0013,S,0,0
D,34466,0,noise,-0.0013,S,0,0
D,34562,0,noise,-0.0013,S,0,0
D,34658,0,noise,-0.0013,S,0,0
D,34754,0,noise,-0.0013,S,0,0
D,34850,0,noise,-0.0013,S,0,0
D,34946,0,noise,-0.0013,S,0,0
D,35042,0,noise,-0.0014,S,0,0
D,35137,0,noise,-0.0014,S,0,0
D,35233,0,noise,-0.0014,S,0,0
D,35327,0,noise,-0.0014,S,0,0
D,35423,0,noise,-0.0014,S,0,0
D,35519,0,noise,-0.0014,S,0,0
D,35615,0,noise,-0.0014,S,0,0
D,35711,0,noise,-0.0014,S,0,0
D,35806,0,noise,-0.0014,S,0,0
D,35902,0,noise,-0.0014,S,0,0
D,35998,0,noise,-0.0014,S,0,0
D,36094,0,noise,-0.0014,S,0,0
D,36190,0,noise,-0.0014,S,0,0
D,36284,0,noise,-0.0014,S,0,0
D,36380,0,noise,-0.0014,S,0,0
D,36475,0,noise,-0.0014,S,0,0
D,36571,0,noise,-0.0014,S,0,0
D,36667,0,noise,-0.0014,S,0,0
D,36763,0,noise,-0.0014,S,0,0
D,36859,0,noise,-0.0015,S,0,0
D,36954,0,noise,-0.0015,S,0,0
D,37050,0,noise,-0.0015,S,0,0
D,37144,0,noise,-0.0015,S,0,0
D,37240,0,noise,-0.0015,S,0,0
D,37336,0,noise,-0.0015,S,0,0
D,37432,0,noise,-0.0015,S,0,0
D,37528,0,noise,-0.0015,S,0,0
D,37623,0,noise,-0.0015,S,0,0
D,37719,0,noise,-0.0015,S,0,0
D,37815,0,noise,-0.0015,S,0,0
D,37911,0,noise,-0.0015,S,0,0
D,38005,0,noise,-0.0015,S,0,0
D,38101,0,noise,-0.0015,S,0,0
D,38197,0,noise,-0.0015,S,0,0
D,38292,0,noise,-0.0015,S,0,0
D,38388,0,noise,-0.0015,S,0,0
D,38484,0,noise,-0.0015,S,0,0
D,38580,0,noise,-0.0015,S,0,0
D,38676,0,noise,-0.0015,S,0,0
D,38772,0,noise,-0.0016,S,0,0
D,38865,0,noise,-0.0016,S,0,0
D,38961,0,noise,-0.0016,S,0,0
D,39057,0,noise,-0.0016,S,0,0
D,39153,0,noise,-0.0016,S,0,0
D,39249,0,noise,-0.0016,S,0,0
D,39345,0,noise,-0.0016,S,0,0
D,39441,0,noise,-0.0016,S,0,0
D,39536,0,noise,-0.0016,S,0,0
D,39632,0,noise,-0.0016,S,0,0
D,39728,0,noise,-0.0016,S,0,0
D,39822,0,noise,-0.0016,S,0,0
D,39922,0,noise,-0.0016,S,0,0
D,40014,0,noise,-0.0016,S,0,0
D,40109,0,noise,-0.0016,S,0,0
D,40205,0,noise,-0.0016,S,0,0
D,40301,0,noise,-0.0016,S,0,0
D,40397,0,noise,-0.0016,S,0,0
D,40493,0,noise,-0.0016,S,0,0
D,40589,0,noise,-0.0016,S,0,0
D,40682,0,noise,-0.0016,S,0,0
D,40778,0,noise,-0.0016,S,0,0
D,40874,0,noise,-0.0016,S,0,0
D,40970,0,noise,-0.0016,S,0,0
D,41066,0,noise,-0.0016,S,0,0
D,41162,0,noise,-0.0016,S,0,0
D,41258,0,noise,-0.0016,S,0,0
D,41353,0,noise,-0.0016,S,0,0
D,41449,0,noise,-0.0016,S,0,0
D,41543,0,noise,-0.0017,S,0,0
D,41639,0,noise,-0.0017,S,0,0
D,41735,0,noise,-0.0017,S,0,0
D,41831,0,noise,-0.0017,S,0,0
D,41926,0,noise,-0.0017,S,0,0
D,42022,0,noise,-0.0017,S,0,0
D,42118,0,noise,-0.0017,S,0,0
D,42214,0,noise,-0.0017,S,0,0
D,42310,0,noise,-0.0017,S,0,0
D,42406,0,noise,-0.0017,S,0,0
D,42500,0,noise,-0.0017,S,0,0
D,42595,0,noise,-0.0017,S,0,0
D,42691,0,noise,-0.0017,S,0,0
D,42787,0,noise,-0.0017,S,0,0
D,42883,0,noise,-0.0017,S,0,0
D,42979,0,noise,-0.0017,S,0,0
D,43075,0,noise,-0.0017,S,0,0
D,43170,0,noise,-0.0017,S,0,0
D,43266,0,noise,-0.0017,S,0,0
D,43360,0,noise,-0.0017,S,0,0
D,43456,0,noise,-0.0017,S,0,0
D,43552,0,noise,-0.0017,S,0,0
D,43648,0,noise,-0.0017,S,0,0
D,43744,0,noise,-0.0017,S,0,0
D,43839,0,noise,-0.0017,S,0,0
D,43935,0,noise,-0.0017,S,0,0
D,44031,0,noise,-0.0017,S,0,0
D,44127,0,noise,-0.0018,S,0,0
D,44221,0,noise,-0.0018,S,0,0
D,44317,0,noise,-0.0018,S,0,0
D,44412,0,noise,-0.0018,S,0,0
D,44508,0,noise,-0.0018,S,0,0
D,44604,0,noise,-0.0018,S,0,0
D,44700,0,noise,-0.0018,S,0,0
D,44796,0,noise,-0.0018,S,0,0
D,44892,0,noise,-0.0018,S,0,0
D,44987,0,noise,-0.0018,S,0,0
D,45083,0,noise,-0.0018,S,0,0
D,45177,0,noise,-0.0018,S,0,0
D,45273,0,noise,-0.0018,S,0,0
D,45369,0,noise,-0.0018,S,0,0
D,45465,0,noise,-0.0018,S,0,0
D,45561,0,noise,-0.0018,S,0,0
D,45656,0,noise,-0.0018,S,0,0
D,45752,0,noise,-0.0018,S,0,0
D,45848,0,noise,-0.0018,S,0,0
D,45944,0,noise,-0.0018,S,0,0
D,46038,0,noise,-0.0018,S,0,0
D,46134,0,noise,-0.0018,S,0,0
D,46229,0,noise,-0.0018,S,0,0
D,46326,0,noise,-0.0019,S,0,0
D,46421,0,noise,-0.0019,S,0,0
D,46517,0,noise,-0.0019,S,0,0
D,46613,0,noise,-0.0019,S,0,0
D,46709,0,noise,-0.0019,S,0,0
D,46805,0,noise,-0.0019,S,0,0
D,46898,0,noise,-0.0019,S,0,0
D,46994,0,noise,-0.0019,S,0,0
D,47090,0,noise,-0.0019,S,0,0
D,47186,0,noise,-0.0019,S,0,0
D,47282,0,noise,-0.0019,S,0,0
D,47378,0,noise,-0.0019,S,0,0
D,47473,0,noise,-0.0019,S,0,0
D,47569,0,noise,-0.0019,S,0,0
D,47665,0,noise,-0.0019,S,0,0
D,47761,0,noise,-0.0019,S,0,0
D,47855,0,noise,-0.0019,S,0,0
D,47951,0,noise,-0.0019,S,0,0
D,48046,0,noise,-0.0019,S,0,0
D,48142,0,noise,-0.0019,S,0,0
D,48238,0,noise,-0.0019,S,0,0
D,48334,0,noise,-0.0019,S,0,0
D,48430,0,noise,-0.0020,S,0,0
D,48526,0,noise,-0.0020,S,0,0
D,48622,0,noise,-0.0020,S,0,0
D,48715,0,noise,-0.0020,S,0,0
D,48811,0,noise,-0.0020,S,0,0
D,48907,0,noise,-0.0020,S,0,0
D,49003,0,noise,-0.0020,S,0,0
D,49099,0,noise,-0.0020,S,0,0
D,49195,0,noise,-0.0020,S,0,0
D,49290,0,noise,-0.0020,S,0,0
D,49387,0,noise,-0.0020,S,0,0
D,49482,0,noise,-0.0020,S,0,0
D,49576,0,noise,-0.0020,S,0,0
D,49672,0,noise,-0.0020,S,0,0
D,49768,0,noise,-0.0020,S,0,0
D,49864,0,noise,-0.0020,S,0,0
D,49959,0,noise,-0.0020,S,0,0
D,50055,0,noise,-0.0020,S,0,0
D,50151,0,noise,-0.0020,S,0,0
D,50247,0,noise,-0.0020,S,0,0
D,50343,0,noise,-0.0021,S,0,0
D,50437,0,noise,-0.0021,S,0,0
D,50533,0,noise,-0.0021,S,0,0
D,50628,0,noise,-0.0021,S,0,0
D,50724,0,noise,-0.0021,S,0,0
D,50820,0,noise,-0.0021,S,0,0
D,50916,0,noise,-0.0021,S,0,0
D,51012,0,noise,-0.0021,S,0,0
D,51108,0,noise,-0.0021,S,0,0
D,51203,0,noise,-0.0021,S,0,0
D,51299,0,noise,-0.0021,S,0,0
D,51393,0,noise,-0.0021,S,0,0
D,51489,0,noise,-0.0021,S,0,0
D,51585,0,noise,-0.0021,S,0,0
D,51681,0,noise,-0.0021,S,0,0
D,51777,0,noise,-0.0021,S,0,0
D,51873,0,noise,-0.0021,S,0,0
D,51968,0,noise,-0.0021,S,0,0
D,52064,0,noise,-0.0021,S,0,0
D,52160,0,noise,-0.0021,S,0,0
D,52254,0,noise,-0.0021,S,0,0
D,52350,0,noise,-0.0022,S,0,0
D,52446,0,noise,-0.0022,S,0,0
D,52541,0,noise,-0.0022,S,0,0
D,52637,0,noise,-0.0022,S,0,0
D,52733,0,noise,-0.0022,S,0,0
D,52829,0,noise,-0.0022,S,0,0
D,52925,0,noise,-0.0022,S,0,0
D,53021,0,noise,-0.0022,S,0,0
D,53114,0,noise,-0.0022,S,0,0
D,53210,0,noise,-0.0022,S,0,0
D,53306,0,noise,-0.0022,S,0,0
D,53402,0,noise,-0.0022,S,0,0
D,53498,0,noise,-0.0022,S,0,0
D,53598,0,noise,-0.0022,S,0,0
D,53690,0,noise,-0.0022,S,0,0
D,53785,0,noise,-0.0022,S,0,0
D,53881,0,noise,-0.0022,S,0,0
D,53977,0,noise,-0.0022,S,0,0
D,54071,0,noise,-0.0022,S,0,0
D,54167,0,noise,-0.0022,S,0,0
D,54262,0,noise,-0.0022,S,0,0
D,54358,0,noise,-0.0022,S,0,0
D,54454,0,noise,-0.0022,S,0,0
D,54550,0,noise,-0.0022,S,0,0
D,54646,0,noise,-0.0022,S,0,0
D,54742,0,noise,-0.0022,S,0,0
D,54838,0,noise,-0.0022,S,0,0
D,54932,0,noise,-0.0022,S,0,0
D,55027,0,noise,-0.0022,S,0,0
D,55123,0,noise,-0.0022,S,0,0
D,55219,0,noise,-0.0022,S,0,0
D,55315,0,noise,-0.0022,S,0,0
D,55411,0,noise,-0.0022,S,0,0
D,55507,0,noise,-0.0023,S,0,0
D,55602,0,noise,-0.0023,S,0,0
D,55698,0,noise,-0.0023,S,0,0
D,55792,0,noise,-0.0023,S,0,0
D,55888,0,noise,-0.0023,S,0,0
D,55984,0,noise,-0.0023,S,0,0
D,56080,0,noise,-0.0023,S,0,0
D,56176,0,noise,-0.0023,S,0,0
D,56271,0,noise,-0.0023,S,0,0
D,56367,0,noise,-0.0023,S,0,0
D,56463,0,noise,-0.0023,S,0,0
D,56559,0,noise,-0.0023,S,0,0
D,56655,0,noise,-0.0023,S,0,0
D,56749,0,noise,-0.0023,S,0,0
D,56844,0,noise,-0.0023,S,0,0
D,56940,0,noise,-0.0023,S,0,0
D,57036,0,noise,-0.0023,S,0,0
D,57132,0,noise,-0.0023,S,0,0
D,57228,0,noise,-0.0023,S,0,0
D,57324,0,noise,-0.0023,S,0,0
D,57420,0,noise,-0.0023,S,0,0
D,57515,0,noise,-0.0023,S,0,0
D,57609,0,noise,-0.0023,S,0,0
D,57705,0,noise,-0.0023,S,0,0
D,57801,0,noise,-0.0023,S,0,0
D,57897,0,noise,-0.0023,S,0,0
D,57993,0,noise,-0.0023,S,0,0
D,58088,0,noise,-0.0023,S,0,0
D,58184,0,noise,-0.0024,S,0,0
D,58280,0,noise,-0.0024,S,0,0
D,58376,0,noise,-0.0024,S,0,0
D,58470,0,noise,-0.0024,S,0,0
D,58566,0,noise,-0.0024,S,0,0
D,58661,0,noise,-0.0024,S,0,0
D,58757,0,noise,-0.0024,S,0,0
D,58853,0,noise,-0.0024,S,0,0
D,58949,0,noise,-0.0024,S,0,0
D,59045,0,noise,-0.0024,S,0,0
D,59141,0,noise,-0.0024,S,0,0
D,59237,0,noise,-0.0024,S,0,0
D,59330,0,noise,-0.0024,S,0,0
D,59426,0,noise,-0.0024,S,0,0
D,59522,0,noise,-0.0024,S,0,0
D,59618,0,noise,-0.0024,S,0,0
D,59714,0,noise,-0.0024,S,0,0
D,59810,0,noise,-0.0024,S,0,0
D,59905,0,noise,-0.0025,S,0,0
D,60001,0,noise,-0.0025,S,0,0
D,60097,0,noise,-0.0025,S,0,0
D,60193,0,noise,-0.0025,S,0,0
D,60287,0,noise,-0.0025,S,0,0
D,60383,0,noise,-0.0025,S,0,0
D,60478,0,noise,-0.0025,S,0,0
D,60574,0,noise,-0.0025,S,0,0
D,60670,0,noise,-0.0025,S,0,0
D,60766,0,noise,-0.0025,S,0,0
D,60862,0,noise,-0.0025,S,0,0
D,60958,0,noise,-0.0025,S,0,0
D,61054,0,noise,-0.0025,S,0,0
D,61147,0,noise,-0.0025,S,0,0
D,61243,0,noise,-0.0025,S,0,0
D,61339,0,noise,-0.0025,S,0,0
D,61435,0,noise,-0.0025,S,0,0
D,61531,0,noise,-0.0025,S,0,0
D,61627,0,noise,-0.0025,S,0,0
D,61722,0,noise,-0.0026,S,0,0
D,61818,0,noise,-0.0026,S,0,0
D,61914,0,noise,-0.0026,S,0,0
D,62008,0,noise,-0.0026,S,0,0
D,62104,0,noise,-0.0026,S,0,0
D,62200,0,noise,-0.0026,S,0,0
D,62296,0,noise,-0.0026,S,0,0
D,62391,0,noise,-0.0026,S,0,0
D,62487,0,noise,-0.0026,S,0,0
D,62583,0,noise,-0.0026,S,0,0
D,62679,0,noise,-0.0026,S,0,0
D,62775,0,noise,-0.0026,S,0,0
D,62871,0,noise,-0.0026,S,0,0
D,62964,0,noise,-0.0026,S,0,0
D,63060,0,noise,-0.0026,S,0,0
D,63156,0,noise,-0.0026,S,0,0
D,63252,0,noise,-0.0026,S,0,0
D,63348,0,noise,-0.0026,S,0,0
D,63444,0,noise,-0.0026,S,0,0
D,63540,0,noise,-0.0026,S,0,0
D,63635,0,noise,-0.0026,S,0,0
D,63731,0,noise,-0.0026,S,0,0
D,63825,0,noise,-0.0026,S,0,0
D,63921,0,noise,-0.0027,S,0,0
P,64018,0,0.0,0,settled,-0.0027
P,64496,0,0.0,0,settled,-0.0027
P,64974,0,0.0,0,settled,-0.0027
P,65453,0,0.0,0,settled,-0.0027
P,65930,0,0.0,0,settled,-0.0027
E,66332,noise baseline done
E,66334,=== trial 1 : angle 25.0 plate deg, rep 1 ===
P,68426,1,25.0,1,pretare,-0.0028
P,68997,1,25.0,1,tare0,0.0000
D,69089,1,preroll,0.0000,S,0,0
D,69180,1,preroll,0.0000,S,0,0
D,69276,1,preroll,0.0000,S,0,0
D,69372,1,preroll,0.0000,S,0,0
D,69468,1,preroll,0.0000,S,0,0
D,69564,1,preroll,0.0000,S,0,0
D,69660,1,preroll,0.0000,S,0,0
D,69756,1,preroll,0.0000,S,0,0
D,69851,1,preroll,0.0000,S,0,0
D,69947,1,preroll,0.0000,S,0,0
D,70041,1,preroll,0.0000,S,0,0
D,70137,1,preroll,0.0000,S,0,0
D,70233,1,preroll,0.0000,S,0,0
D,70340,1,preroll,0.0000,S,0,0
D,70520,1,preroll,0.0000,S,0,0
D,70616,1,preroll,0.0000,S,0,0
D,70712,1,preroll,0.0000,S,0,0
D,70808,1,preroll,0.0000,S,0,0
D,70902,1,preroll,0.0000,S,0,0
D,70998,1,preroll,0.0000,S,0,0
E,71062,dispense start: 55 rpm, tap every 3 polls
D,71093,1,dispense,0.0000,S,55,0
D,71189,1,dispense,0.0000,S,55,0
D,71285,1,dispense,0.0000,S,55,0
D,71381,1,dispense,0.0000,S,55,1
D,71477,1,dispense,0.0000,S,55,1
D,71573,1,dispense,0.0000,S,55,1
D,71668,1,dispense,0.0000,S,55,2
D,71764,1,dispense,0.0000,S,55,2
D,71858,1,dispense,0.0000,S,55,2
D,71954,1,dispense,0.0000,S,55,3
D,72049,1,dispense,0.0047,U,55,3
D,72144,1,dispense,0.0086,U,55,3
D,72240,1,dispense,0.0153,U,55,4
D,72336,1,dispense,0.0255,U,55,4
D,72432,1,dispense,0.0385,U,55,4
D,72528,1,dispense,0.0518,U,55,5
D,72623,1,dispense,0.0619,U,55,5
D,72717,1,dispense,0.0675,U,55,5
D,72813,1,dispense,0.0700,U,55,6
D,72909,1,dispense,0.0726,U,55,6
D,73005,1,dispense,0.0783,U,55,6
D,73101,1,dispense,0.0889,U,55,7
D,73197,1,dispense,0.1046,U,55,7
D,73293,1,dispense,0.1242,U,55,7
D,73388,1,dispense,0.1463,U,55,8
D,73484,1,dispense,0.1686,U,55,8
D,73578,1,dispense,0.1886,U,55,8
D,73674,1,dispense,0.2034,U,55,9
D,73770,1,dispense,0.2118,U,55,9
D,73866,1,dispense,0.2152,U,55,9
D,73961,1,dispense,0.2172,U,55,10
D,74057,1,dispense,0.2216,U,55,10
D,74153,1,dispense,0.2312,U,55,10
D,74249,1,dispense,0.2473,U,55,11
D,74345,1,dispense,0.2694,U,55,11
D,74441,1,dispense,0.2952,U,55,11
D,74534,1,dispense,0.3213,U,55,12
D,74630,1,dispense,0.3444,U,55,12
D,74726,1,dispense,0.3619,U,55,12
D,74822,1,dispense,0.3727,U,55,13
D,74918,1,dispense,0.3777,U,55,13
D,75014,1,dispense,0.3794,U,55,13
D,75110,1,dispense,0.3816,U,55,14
D,75205,1,dispense,0.3878,U,55,14
D,75301,1,dispense,0.4001,U,55,14
D,75395,1,dispense,0.4187,U,55,15
D,75491,1,dispense,0.4424,U,55,15
D,75587,1,dispense,0.4685,U,55,15
D,75683,1,dispense,0.4934,U,55,16
D,75778,1,dispense,0.5137,U,55,16
E,75782,TRIGGER 0.5137 g at t=4.63 s -- ALL STOP
D,75875,1,settle,0.5274,U,0,16
D,75970,1,settle,0.5342,U,0,16
D,76066,1,settle,0.5365,U,0,16
D,76162,1,settle,0.5380,U,0,16
D,76256,1,settle,0.5428,U,0,16
D,76352,1,settle,0.5538,U,0,16
D,76447,1,settle,0.5716,U,0,16
D,76543,1,settle,0.5945,U,0,16
D,76639,1,settle,0.6182,U,0,16
D,76735,1,settle,0.6374,U,0,16
D,76831,1,settle,0.6488,U,0,16
D,76926,1,settle,0.6524,U,0,16
D,77022,1,settle,0.6511,U,0,16
D,77116,1,settle,0.6486,U,0,16
D,77212,1,settle,0.6465,U,0,16
D,77308,1,settle,0.6455,U,0,16
D,77404,1,settle,0.6450,U,0,16
D,77500,1,settle,0.6449,U,0,16
D,77596,1,settle,0.6448,U,0,16
D,77691,1,settle,0.6447,U,0,16
D,77787,1,settle,0.6447,U,0,16
D,77883,1,settle,0.6447,U,0,16
D,77979,1,settle,0.6447,U,0,16
D,78073,1,settle,0.6447,S,0,16
D,78169,1,settle,0.6447,S,0,16
D,78264,1,settle,0.6447,S,0,16
D,78360,1,settle,0.6447,S,0,16
D,78456,1,settle,0.6447,S,0,16
D,78552,1,settle,0.6447,S,0,16
D,78648,1,settle,0.6447,S,0,16
D,78744,1,settle,0.6447,S,0,16
D,78840,1,settle,0.6447,S,0,16
D,78934,1,settle,0.6447,S,0,16
D,79029,1,settle,0.6447,S,0,16
D,79125,1,settle,0.6447,S,0,16
D,79221,1,settle,0.6446,S,0,16
D,79317,1,settle,0.6446,S,0,16
D,79413,1,settle,0.6446,S,0,16
D,79509,1,settle,0.6446,S,0,16
D,79605,1,settle,0.6446,S,0,16
D,79701,1,settle,0.6446,S,0,16
D,79795,1,settle,0.6446,S,0,16
D,79890,1,settle,0.6446,S,0,16
D,79986,1,settle,0.6446,S,0,16
D,80082,1,settle,0.6446,S,0,16
D,80178,1,settle,0.6446,S,0,16
D,80274,1,settle,0.6446,S,0,16
D,80370,1,settle,0.6446,S,0,16
D,80465,1,settle,0.6446,S,0,16
D,80561,1,settle,0.6446,S,0,16
D,80657,1,settle,0.6446,S,0,16
D,80751,1,settle,0.6446,S,0,16
D,80847,1,settle,0.6446,S,0,16
D,80946,1,settle,0.6446,S,0,16
D,81039,1,settle,0.6446,S,0,16
D,81134,1,settle,0.6446,S,0,16
D,81230,1,settle,0.6446,S,0,16
D,81326,1,settle,0.6445,S,0,16
D,81422,1,settle,0.6445,S,0,16
D,81518,1,settle,0.6445,S,0,16
D,81612,1,settle,0.6445,S,0,16
D,81708,1,settle,0.6445,S,0,16
D,81804,1,settle,0.6445,S,0,16
D,81899,1,settle,0.6445,S,0,16
D,81995,1,settle,0.6445,S,0,16
D,82091,1,settle,0.6445,S,0,16
D,82187,1,settle,0.6445,S,0,16
D,82283,1,settle,0.6445,S,0,16
D,82379,1,settle,0.6445,S,0,16
D,82473,1,settle,0.6445,S,0,16
D,82568,1,settle,0.6445,S,0,16
D,82665,1,settle,0.6445,S,0,16
D,82760,1,settle,0.6445,S,0,16
D,82856,1,settle,0.6445,S,0,16
D,82952,1,settle,0.6445,S,0,16
D,83048,1,settle,0.6445,S,0,16
D,83144,1,settle,0.6445,S,0,16
D,83240,1,settle,0.6445,S,0,16
D,83335,1,settle,0.6445,S,0,16
D,83429,1,settle,0.6445,S,0,16
D,83525,1,settle,0.6445,S,0,16
D,83621,1,settle,0.6445,S,0,16
D,83717,1,settle,0.6445,S,0,16
D,83813,1,settle,0.6445,S,0,16
D,83909,1,settle,0.6445,S,0,16
D,84004,1,settle,0.6445,S,0,16
D,84100,1,settle,0.6445,S,0,16
D,84196,1,settle,0.6445,S,0,16
D,84290,1,settle,0.6445,S,0,16
D,84386,1,settle,0.6444,S,0,16
D,84482,1,settle,0.6444,S,0,16
D,84577,1,settle,0.6444,S,0,16
D,84673,1,settle,0.6444,S,0,16
D,84769,1,settle,0.6444,S,0,16
D,84865,1,settle,0.6444,S,0,16
D,84961,1,settle,0.6444,S,0,16
D,85057,1,settle,0.6444,S,0,16
D,85151,1,settle,0.6444,S,0,16
D,85246,1,settle,0.6444,S,0,16
D,85342,1,settle,0.6444,S,0,16
D,85438,1,settle,0.6444,S,0,16
D,85534,1,settle,0.6444,S,0,16
D,85630,1,settle,0.6444,S,0,16
D,85726,1,settle,0.6444,S,0,16
D,85822,1,settle,0.6444,S,0,16
D,85917,1,settle,0.6444,S,0,16
D,86013,1,settle,0.6444,S,0,16
D,86107,1,settle,0.6444,S,0,16
D,86203,1,settle,0.6444,S,0,16
D,86299,1,settle,0.6443,S,0,16
D,86395,1,settle,0.6443,S,0,16
D,86491,1,settle,0.6443,S,0,16
D,86586,1,settle,0.6443,S,0,16
D,86682,1,settle,0.6443,S,0,16
D,86778,1,settle,0.6443,S,0,16
D,86874,1,settle,0.6443,S,0,16
D,86968,1,settle,0.6443,S,0,16
D,87064,1,settle,0.6443,S,0,16
D,87160,1,settle,0.6443,S,0,16
D,87255,1,settle,0.6443,S,0,16
D,87351,1,settle,0.6443,S,0,16
D,87447,1,settle,0.6443,S,0,16
D,87543,1,settle,0.6443,S,0,16
D,87639,1,settle,0.6443,S,0,16
D,87734,1,settle,0.6443,S,0,16
D,87828,1,settle,0.6443,S,0,16
D,87924,1,settle,0.6443,S,0,16
D,88020,1,settle,0.6443,S,0,16
D,88116,1,settle,0.6442,S,0,16
D,88212,1,settle,0.6442,S,0,16
D,88307,1,settle,0.6442,S,0,16
D,88403,1,settle,0.6442,S,0,16
D,88499,1,settle,0.6442,S,0,16
D,88595,1,settle,0.6442,S,0,16
D,88689,1,settle,0.6442,S,0,16
D,88785,1,settle,0.6442,S,0,16
D,88881,1,settle,0.6442,S,0,16
D,88977,1,settle,0.6442,S,0,16
D,89072,1,settle,0.6442,S,0,16
D,89168,1,settle,0.6442,S,0,16
D,89264,1,settle,0.6442,S,0,16
D,89360,1,settle,0.6442,S,0,16
D,89456,1,settle,0.6442,S,0,16
D,89552,1,settle,0.6442,S,0,16
D,89645,1,settle,0.6442,S,0,16
D,89741,1,settle,0.6442,S,0,16
D,89837,1,settle,0.6441,S,0,16
D,89933,1,settle,0.6441,S,0,16
D,90029,1,settle,0.6441,S,0,16
D,90125,1,settle,0.6441,S,0,16
D,90221,1,settle,0.6441,S,0,16
D,90316,1,settle,0.6441,S,0,16
D,90412,1,settle,0.6441,S,0,16
D,90506,1,settle,0.6441,S,0,16
D,90602,1,settle,0.6441,S,0,16
D,90698,1,settle,0.6441,S,0,16
D,90794,1,settle,0.6441,S,0,16
P,90890,1,25.0,1,settled,0.6441
D,90985,1,settle,0.6441,S,0,16
D,91081,1,settle,0.6441,S,0,16
D,91177,1,settle,0.6441,S,0,16
D,91273,1,settle,0.6441,S,0,16
D,91367,1,settle,0.6441,S,0,16
D,91463,1,settle,0.6441,S,0,16
D,91558,1,settle,0.6441,S,0,16
D,91654,1,settle,0.6441,S,0,16
D,91750,1,settle,0.6440,S,0,16
D,91846,1,settle,0.6440,S,0,16
D,91942,1,settle,0.6440,S,0,16
D,92038,1,settle,0.6440,S,0,16
D,92133,1,settle,0.6440,S,0,16
D,92229,1,settle,0.6440,S,0,16
D,92323,1,settle,0.6440,S,0,16
D,92419,1,settle,0.6440,S,0,16
D,92515,1,settle,0.6440,S,0,16
D,92611,1,settle,0.6440,S,0,16
D,92706,1,settle,0.6440,S,0,16
D,92802,1,settle,0.6440,S,0,16
D,92898,1,settle,0.6440,S,0,16
D,92994,1,settle,0.6440,S,0,16
D,93090,1,settle,0.6440,S,0,16
D,93184,1,settle,0.6440,S,0,16
D,93280,1,settle,0.6440,S,0,16
D,93375,1,settle,0.6440,S,0,16
D,93471,1,settle,0.6440,S,0,16
D,93567,1,settle,0.6440,S,0,16
D,93663,1,settle,0.6440,S,0,16
D,93759,1,settle,0.6440,S,0,16
D,93855,1,settle,0.6440,S,0,16
D,93950,1,settle,0.6440,S,0,16
D,94044,1,settle,0.6440,S,0,16
D,94144,1,settle,0.6440,S,0,16
D,94236,1,settle,0.6440,S,0,16
D,94332,1,settle,0.6440,S,0,16
D,94428,1,settle,0.6440,S,0,16
D,94523,1,settle,0.6440,S,0,16
D,94619,1,settle,0.6440,S,0,16
D,94715,1,settle,0.6440,S,0,16
D,94811,1,settle,0.6439,S,0,16
D,94907,1,settle,0.6439,S,0,16
D,95001,1,settle,0.6439,S,0,16
D,95097,1,settle,0.6439,S,0,16
D,95192,1,settle,0.6439,S,0,16
D,95288,1,settle,0.6439,S,0,16
D,95384,1,settle,0.6439,S,0,16
D,95480,1,settle,0.6439,S,0,16
D,95576,1,settle,0.6439,S,0,16
D,95672,1,settle,0.6439,S,0,16
D,95767,1,settle,0.6439,S,0,16
D,95862,1,settle,0.6439,S,0,16
P,95958,1,25.0,1,settled2,0.6439
R,1,25.0,1,0.5137,4.72,0.6441,0.6439,16,ok
E,95963,=== trial 2 : angle 40.0 plate deg, rep 1 ===
P,97775,2,40.0,1,pretare,0.6438
P,98349,2,40.0,1,tare0,0.0000
D,98445,2,preroll,0.0000,S,0,16
D,98539,2,preroll,0.0000,S,0,16
D,98635,2,preroll,0.0000,S,0,16
D,98731,2,preroll,0.0000,S,0,16
D,98827,2,preroll,0.0000,S,0,16
D,98922,2,preroll,0.0000,S,0,16
D,99018,2,preroll,0.0000,S,0,16
D,99114,2,preroll,0.0000,S,0,16
D,99210,2,preroll,0.0000,S,0,16
D,99306,2,preroll,0.0000,S,0,16
D,99400,2,preroll,0.0000,S,0,16
D,99495,2,preroll,0.0000,S,0,16
D,99591,2,preroll,0.0000,S,0,16
D,99687,2,preroll,0.0000,S,0,16
D,99783,2,preroll,0.0000,S,0,16
D,99879,2,preroll,0.0000,S,0,16
D,99975,2,preroll,0.0000,S,0,16
D,100070,2,preroll,0.0000,S,0,16
D,100167,2,preroll,0.0000,S,0,16
D,100260,2,preroll,0.0000,S,0,16
D,100356,2,preroll,0.0000,S,0,16
E,100420,dispense start: 55 rpm, tap every 3 polls
D,100452,2,dispense,0.0000,S,55,16
D,100548,2,dispense,0.0000,S,55,16
D,100644,2,dispense,0.0000,S,55,16
D,100739,2,dispense,0.0000,S,55,17
D,100835,2,dispense,0.0000,S,55,17
D,100931,2,dispense,0.0000,S,55,17
D,101027,2,dispense,0.0000,S,55,18
D,101123,2,dispense,0.0000,S,55,18
D,101215,2,dispense,0.0069,U,55,18
D,101311,2,dispense,0.0160,U,55,19
D,101407,2,dispense,0.0299,U,55,19
D,101503,2,dispense,0.0468,U,55,19
D,101599,2,dispense,0.0629,U,55,20
D,101694,2,dispense,0.0746,U,55,20
D,101790,2,dispense,0.0806,U,55,20
D,101886,2,dispense,0.0827,U,55,21
D,101982,2,dispense,0.0847,U,55,21
D,102076,2,dispense,0.0905,U,55,21
D,102172,2,dispense,0.1030,U,55,22
D,102268,2,dispense,0.1234,U,55,22
D,102363,2,dispense,0.1513,U,55,22
D,102459,2,dispense,0.1846,U,55,23
D,102555,2,dispense,0.2196,U,55,23
D,102651,2,dispense,0.2508,U,55,23
D,102747,2,dispense,0.2731,U,55,24
D,102843,2,dispense,0.2842,U,55,24
D,102937,2,dispense,0.2869,U,55,24
D,103032,2,dispense,0.2873,U,55,25
D,103128,2,dispense,0.2911,U,55,25
D,103224,2,dispense,0.3017,U,55,25
D,103320,2,dispense,0.3204,U,55,26
D,103416,2,dispense,0.3469,U,55,26
D,103512,2,dispense,0.3797,U,55,26
D,103608,2,dispense,0.4153,U,55,27
D,103703,2,dispense,0.4483,U,55,27
D,103799,2,dispense,0.4731,U,55,27
D,103893,2,dispense,0.4868,U,55,28
D,103989,2,dispense,0.4910,U,55,28
D,104085,2,dispense,0.4909,U,55,28
D,104180,2,dispense,0.4924,U,55,29
D,104277,2,dispense,0.4996,U,55,29
D,104372,2,dispense,0.5145,U,55,29
E,104376,TRIGGER 0.5145 g at t=3.86 s -- ALL STOP
D,104469,2,settle,0.5376,U,0,29
D,104564,2,settle,0.5680,U,0,29
D,104660,2,settle,0.6030,U,0,29
D,104753,2,settle,0.6380,U,0,29
D,104850,2,settle,0.6670,U,0,29
D,104945,2,settle,0.6850,U,0,29
D,105041,2,settle,0.6915,U,0,29
D,105137,2,settle,0.6904,U,0,29
D,105233,2,settle,0.6868,U,0,29
D,105329,2,settle,0.6840,U,0,29
D,105424,2,settle,0.6826,U,0,29
D,105520,2,settle,0.6820,U,0,29
D,105614,2,settle,0.6817,U,0,29
D,105710,2,settle,0.6816,U,0,29
D,105806,2,settle,0.6816,U,0,29
D,105902,2,settle,0.6816,U,0,29
D,105998,2,settle,0.6816,U,0,29
D,106094,2,settle,0.6816,S,0,29
D,106189,2,settle,0.6816,S,0,29
D,106285,2,settle,0.6816,S,0,29
D,106392,2,settle,0.6816,S,0,29
D,106571,2,settle,0.6816,S,0,29
D,106667,2,settle,0.6816,S,0,29
D,106763,2,settle,0.6816,S,0,29
D,106858,2,settle,0.6816,S,0,29
D,106954,2,settle,0.6815,S,0,29
D,107050,2,settle,0.6815,S,0,29
D,107146,2,settle,0.6815,S,0,29
D,107242,2,settle,0.6815,S,0,29
D,107338,2,settle,0.6815,S,0,29
D,107432,2,settle,0.6815,S,0,29
D,107528,2,settle,0.6815,S,0,29
D,107623,2,settle,0.6815,S,0,29
D,107719,2,settle,0.6815,S,0,29
D,107815,2,settle,0.6815,S,0,29
D,107911,2,settle,0.6815,S,0,29
D,108007,2,settle,0.6815,S,0,29
D,108103,2,settle,0.6815,S,0,29
D,108199,2,settle,0.6815,S,0,29
D,108292,2,settle,0.6815,S,0,29
D,108388,2,settle,0.6815,S,0,29
D,108484,2,settle,0.6815,S,0,29
D,108580,2,settle,0.6815,S,0,29
D,108676,2,settle,0.6815,S,0,29
D,108772,2,settle,0.6815,S,0,29
D,108868,2,settle,0.6815,S,0,29
D,108964,2,settle,0.6815,S,0,29
D,109059,2,settle,0.6815,S,0,29
D,109153,2,settle,0.6815,S,0,29
D,109249,2,settle,0.6815,S,0,29
D,109345,2,settle,0.6815,S,0,29
D,109441,2,settle,0.6815,S,0,29
D,109537,2,settle,0.6815,S,0,29
D,109632,2,settle,0.6815,S,0,29
D,109729,2,settle,0.6815,S,0,29
D,109824,2,settle,0.6815,S,0,29
D,109920,2,settle,0.6815,S,0,29
D,110016,2,settle,0.6815,S,0,29
D,110110,2,settle,0.6815,S,0,29
D,110206,2,settle,0.6815,S,0,29
D,110301,2,settle,0.6815,S,0,29
D,110398,2,settle,0.6815,S,0,29
D,110493,2,settle,0.6815,S,0,29
D,110589,2,settle,0.6815,S,0,29
D,110685,2,settle,0.6815,S,0,29
D,110781,2,settle,0.6814,S,0,29
D,110877,2,settle,0.6814,S,0,29
D,110971,2,settle,0.6814,S,0,29
D,111066,2,settle,0.6814,S,0,29
D,111162,2,settle,0.6814,S,0,29
D,111258,2,settle,0.6814,S,0,29
D,111354,2,settle,0.6814,S,0,29
D,111450,2,settle,0.6814,S,0,29
D,111546,2,settle,0.6814,S,0,29
D,111642,2,settle,0.6814,S,0,29
D,111737,2,settle,0.6814,S,0,29
D,111831,2,settle,0.6814,S,0,29
D,111927,2,settle,0.6814,S,0,29
D,112023,2,settle,0.6814,S,0,29
D,112119,2,settle,0.6814,S,0,29
D,112215,2,settle,0.6814,S,0,29
D,112311,2,settle,0.6814,S,0,29
D,112407,2,settle,0.6814,S,0,29
D,112502,2,settle,0.6814,S,0,29
D,112598,2,settle,0.6814,S,0,29
D,112694,2,settle,0.6814,S,0,29
D,112788,2,settle,0.6814,S,0,29
D,112884,2,settle,0.6814,S,0,29
D,112980,2,settle,0.6814,S,0,29
D,113076,2,settle,0.6814,S,0,29
D,113171,2,settle,0.6814,S,0,29
D,113267,2,settle,0.6814,S,0,29
D,113363,2,settle,0.6814,S,0,29
D,113459,2,settle,0.6814,S,0,29
D,113555,2,settle,0.6814,S,0,29
D,113649,2,settle,0.6814,S,0,29
D,113744,2,settle,0.6813,S,0,29
D,113840,2,settle,0.6813,S,0,29
D,113936,2,settle,0.6813,S,0,29
D,114032,2,settle,0.6813,S,0,29
D,114128,2,settle,0.6813,S,0,29
D,114224,2,settle,0.6813,S,0,29
D,114319,2,settle,0.6813,S,0,29
D,114415,2,settle,0.6813,S,0,29
D,114509,2,settle,0.6813,S,0,29
D,114605,2,settle,0.6813,S,0,29
D,114701,2,settle,0.6813,S,0,29
D,114797,2,settle,0.6813,S,0,29
D,114893,2,settle,0.6813,S,0,29
D,114988,2,settle,0.6813,S,0,29
D,115084,2,settle,0.6813,S,0,29
D,115180,2,settle,0.6813,S,0,29
D,115276,2,settle,0.6813,S,0,29
D,115372,2,settle,0.6813,S,0,29
D,115466,2,settle,0.6813,S,0,29
D,115561,2,settle,0.6813,S,0,29
D,115657,2,settle,0.6812,S,0,29
D,115753,2,settle,0.6812,S,0,29
D,115849,2,settle,0.6812,S,0,29
D,115945,2,settle,0.6812,S,0,29
D,116041,2,settle,0.6812,S,0,29
D,116137,2,settle,0.6812,S,0,29
D,116232,2,settle,0.6812,S,0,29
D,116326,2,settle,0.6812,S,0,29
D,116422,2,settle,0.6812,S,0,29
D,116518,2,settle,0.6812,S,0,29
D,116614,2,settle,0.6812,S,0,29
D,116710,2,settle,0.6812,S,0,29
D,116805,2,settle,0.6812,S,0,29
D,116901,2,settle,0.6812,S,0,29
D,116997,2,settle,0.6812,S,0,29
D,117093,2,settle,0.6812,S,0,29
D,117187,2,settle,0.6812,S,0,29
D,117283,2,settle,0.6812,S,0,29
D,117379,2,settle,0.6812,S,0,29
D,117474,2,settle,0.6812,S,0,29
D,117570,2,settle,0.6812,S,0,29
D,117666,2,settle,0.6811,S,0,29
D,117762,2,settle,0.6811,S,0,29
D,117858,2,settle,0.6811,S,0,29
D,117954,2,settle,0.6811,S,0,29
D,118047,2,settle,0.6811,S,0,29
D,118143,2,settle,0.6811,S,0,29
D,118239,2,settle,0.6811,S,0,29
D,118335,2,settle,0.6811,S,0,29
D,118431,2,settle,0.6811,S,0,29
D,118527,2,settle,0.6811,S,0,29
D,118623,2,settle,0.6811,S,0,29
D,118719,2,settle,0.6811,S,0,29
D,118814,2,settle,0.6811,S,0,29
D,118910,2,settle,0.6811,S,0,29
D,119004,2,settle,0.6811,S,0,29
D,119100,2,settle,0.6811,S,0,29
D,119196,2,settle,0.6811,S,0,29
D,119291,2,settle,0.6811,S,0,29
D,119387,2,settle,0.6811,S,0,29
P,119483,2,40.0,1,settled,0.6811
D,119590,2,settle,0.6811,S,0,29
D,119771,2,settle,0.6811,S,0,29
D,119864,2,settle,0.6810,S,0,29
D,119960,2,settle,0.6810,S,0,29
D,120056,2,settle,0.6810,S,0,29
D,120152,2,settle,0.6810,S,0,29
D,120248,2,settle,0.6810,S,0,29
D,120344,2,settle,0.6810,S,0,29
D,120440,2,settle,0.6810,S,0,29
D,120536,2,settle,0.6810,S,0,29
D,120631,2,settle,0.6810,S,0,29
D,120725,2,settle,0.6810,S,0,29
D,120821,2,settle,0.6810,S,0,29
D,120917,2,settle,0.6810,S,0,29
D,121013,2,settle,0.6810,S,0,29
D,121109,2,settle,0.6810,S,0,29
D,121204,2,settle,0.6810,S,0,29
D,121300,2,settle,0.6810,S,0,29
D,121396,2,settle,0.6810,S,0,29
D,121492,2,settle,0.6810,S,0,29
D,121588,2,settle,0.6810,S,0,29
D,121682,2,settle,0.6810,S,0,29
D,121778,2,settle,0.6810,S,0,29
D,121873,2,settle,0.6810,S,0,29
D,121969,2,settle,0.6810,S,0,29
D,122065,2,settle,0.6810,S,0,29
D,122161,2,settle,0.6810,S,0,29
D,122257,2,settle,0.6810,S,0,29
D,122352,2,settle,0.6810,S,0,29
D,122448,2,settle,0.6810,S,0,29
D,122542,2,settle,0.6810,S,0,29
D,122638,2,settle,0.6810,S,0,29
D,122734,2,settle,0.6809,S,0,29
D,122830,2,settle,0.6809,S,0,29
D,122926,2,settle,0.6809,S,0,29
D,123021,2,settle,0.6809,S,0,29
D,123117,2,settle,0.6809,S,0,29
D,123213,2,settle,0.6809,S,0,29
D,123309,2,settle,0.6809,S,0,29
D,123403,2,settle,0.6809,S,0,29
D,123499,2,settle,0.6809,S,0,29
D,123595,2,settle,0.6809,S,0,29
D,123690,2,settle,0.6809,S,0,29
D,123786,2,settle,0.6809,S,0,29
D,123882,2,settle,0.6809,S,0,29
D,123978,2,settle,0.6809,S,0,29
D,124074,2,settle,0.6809,S,0,29
D,124170,2,settle,0.6809,S,0,29
D,124266,2,settle,0.6809,S,0,29
D,124359,2,settle,0.6809,S,0,29
D,124455,2,settle,0.6809,S,0,29
P,124552,2,40.0,1,settled2,0.6809
R,2,40.0,1,0.5145,3.96,0.6811,0.6809,13,ok
E,124557,=== trial 3 : angle 50.0 plate deg, rep 1 ===
P,126179,3,50.0,1,pretare,0.6808
P,126751,3,50.0,1,tare0,0.0000
D,126847,3,preroll,0.0000,S,0,29
D,126941,3,preroll,0.0000,S,0,29
D,127037,3,preroll,0.0000,S,0,29
D,127133,3,preroll,0.0000,S,0,29
D,127229,3,preroll,0.0000,S,0,29
D,127325,3,preroll,0.0000,S,0,29
D,127420,3,preroll,0.0000,S,0,29
D,127516,3,preroll,0.0000,S,0,29
D,127612,3,preroll,0.0000,S,0,29
D,127708,3,preroll,0.0000,S,0,29
D,127804,3,preroll,0.0000,S,0,29
D,127898,3,preroll,0.0000,S,0,29
D,127993,3,preroll,0.0000,S,0,29
D,128089,3,preroll,0.0000,S,0,29
D,128185,3,preroll,0.0000,S,0,29
D,128281,3,preroll,0.0000,S,0,29
D,128377,3,preroll,0.0000,S,0,29
D,128473,3,preroll,0.0000,S,0,29
D,128568,3,preroll,0.0000,S,0,29
D,128664,3,preroll,0.0000,S,0,29
D,128758,3,preroll,0.0000,S,0,29
E,128822,dispense start: 55 rpm, tap every 3 polls
D,128854,3,dispense,0.0000,S,55,29
D,128950,3,dispense,0.0000,S,55,29
D,129046,3,dispense,0.0000,S,55,29
D,129142,3,dispense,0.0000,S,55,30
D,129237,3,dispense,0.0000,S,55,30
D,129333,3,dispense,0.0000,S,55,30
D,129429,3,dispense,0.0000,S,55,31
D,129525,3,dispense,0.0000,S,55,31
D,129619,3,dispense,0.0000,S,55,31
D,129715,3,dispense,0.0000,S,55,32
D,129809,3,dispense,0.0072,U,55,32
D,129905,3,dispense,0.0174,U,55,32
D,130001,3,dispense,0.0350,U,55,33
D,130097,3,dispense,0.0606,U,55,33
D,130193,3,dispense,0.0937,U,55,33
D,130288,3,dispense,0.1322,U,55,34
D,130384,3,dispense,0.1713,U,55,34
D,130480,3,dispense,0.2044,U,55,34
D,130574,3,dispense,0.2254,U,55,35
D,130670,3,dispense,0.2335,U,55,35
D,130766,3,dispense,0.2337,U,55,35
D,130861,3,dispense,0.2333,U,55,36
D,130957,3,dispense,0.2379,U,55,36
D,131053,3,dispense,0.2502,U,55,36
D,131149,3,dispense,0.2711,U,55,37
D,131245,3,dispense,0.3005,U,55,37
D,131341,3,dispense,0.3368,U,55,37
D,131435,3,dispense,0.3756,U,55,38
D,131530,3,dispense,0.4104,U,55,38
D,131626,3,dispense,0.4347,U,55,38
D,131722,3,dispense,0.4464,U,55,39
D,131818,3,dispense,0.4490,U,55,39
D,131914,3,dispense,0.4493,U,55,39
D,132010,3,dispense,0.4528,U,55,40
D,132105,3,dispense,0.4627,U,55,40
D,132201,3,dispense,0.4802,U,55,40
D,132303,3,dispense,0.5058,U,55,41
E,132306,TRIGGER 0.5058 g at t=3.44 s -- ALL STOP
D,132399,3,settle,0.5389,U,0,41
D,132487,3,settle,0.5765,U,0,41
D,132583,3,settle,0.6132,U,0,41
D,132678,3,settle,0.6423,U,0,41
D,132774,3,settle,0.6593,U,0,41
D,132870,3,settle,0.6651,U,0,41
D,132966,3,settle,0.6653,U,0,41
D,133062,3,settle,0.6657,U,0,41
D,133158,3,settle,0.6686,U,0,41
D,133252,3,settle,0.6726,U,0,41
D,133347,3,settle,0.6754,U,0,41
D,133443,3,settle,0.6761,U,0,41
D,133539,3,settle,0.6754,U,0,41
D,133635,3,settle,0.6746,U,0,41
D,133731,3,settle,0.6741,U,0,41
D,133827,3,settle,0.6739,U,0,41
D,133922,3,settle,0.6739,U,0,41
D,134019,3,settle,0.6739,U,0,41
D,134112,3,settle,0.6739,U,0,41
D,134208,3,settle,0.6739,U,0,41
D,134304,3,settle,0.6739,S,0,41
D,134400,3,settle,0.6739,S,0,41
D,134496,3,settle,0.6739,S,0,41
D,134592,3,settle,0.6739,S,0,41
D,134687,3,settle,0.6739,S,0,41
D,134783,3,settle,0.6739,S,0,41
D,134879,3,settle,0.6738,S,0,41
D,134973,3,settle,0.6738,S,0,41
D,135069,3,settle,0.6738,S,0,41
D,135165,3,settle,0.6738,S,0,41
D,135261,3,settle,0.6738,S,0,41
D,135356,3,settle,0.6738,S,0,41
D,135452,3,settle,0.6738,S,0,41
D,135548,3,settle,0.6738,S,0,41
D,135644,3,settle,0.6738,S,0,41
D,135740,3,settle,0.6738,S,0,41
D,135834,3,settle,0.6738,S,0,41
D,135930,3,settle,0.6738,S,0,41
D,136026,3,settle,0.6738,S,0,41
D,136122,3,settle,0.6738,S,0,41
D,136217,3,settle,0.6738,S,0,41
D,136313,3,settle,0.6738,S,0,41
D,136409,3,settle,0.6738,S,0,41
D,136505,3,settle,0.6738,S,0,41
D,136601,3,settle,0.6738,S,0,41
D,136697,3,settle,0.6738,S,0,41
D,136790,3,settle,0.6738,S,0,41
D,136886,3,settle,0.6738,S,0,41
D,136982,3,settle,0.6738,S,0,41
D,137078,3,settle,0.6738,S,0,41
D,137174,3,settle,0.6738,S,0,41
D,137270,3,settle,0.6738,S,0,41
D,137366,3,settle,0.6738,S,0,41
D,137462,3,settle,0.6738,S,0,41
D,137557,3,settle,0.6738,S,0,41
D,137651,3,settle,0.6738,S,0,41
D,137747,3,settle,0.6738,S,0,41
D,137843,3,settle,0.6738,S,0,41
D,137939,3,settle,0.6738,S,0,41
D,138035,3,settle,0.6738,S,0,41
D,138131,3,settle,0.6738,S,0,41
D,138226,3,settle,0.6737,S,0,41
D,138322,3,settle,0.6737,S,0,41
D,138418,3,settle,0.6737,S,0,41
D,138512,3,settle,0.6737,S,0,41
D,138608,3,settle,0.6737,S,0,41
D,138704,3,settle,0.6737,S,0,41
D,138800,3,settle,0.6737,S,0,41
D,138896,3,settle,0.6737,S,0,41
D,138992,3,settle,0.6737,S,0,41
D,139087,3,settle,0.6737,S,0,41
D,139183,3,settle,0.6737,S,0,41
D,139279,3,settle,0.6737,S,0,41
D,139375,3,settle,0.6737,S,0,41
D,139469,3,settle,0.6737,S,0,41
D,139565,3,settle,0.6737,S,0,41
D,139660,3,settle,0.6737,S,0,41
D,139756,3,settle,0.6737,S,0,41
D,139852,3,settle,0.6737,S,0,41
D,139948,3,settle,0.6737,S,0,41
D,140044,3,settle,0.6737,S,0,41
D,140140,3,settle,0.6737,S,0,41
D,140236,3,settle,0.6737,S,0,41
D,140330,3,settle,0.6737,S,0,41
D,140425,3,settle,0.6737,S,0,41
D,140521,3,settle,0.6737,S,0,41
D,140617,3,settle,0.6737,S,0,41
D,140713,3,settle,0.6737,S,0,41
D,140809,3,settle,0.6737,S,0,41
D,140905,3,settle,0.6737,S,0,41
D,141001,3,settle,0.6736,S,0,41
D,141096,3,settle,0.6736,S,0,41
D,141190,3,settle,0.6736,S,0,41
D,141286,3,settle,0.6736,S,0,41
D,141382,3,settle,0.6736,S,0,41
D,141478,3,settle,0.6736,S,0,41
D,141574,3,settle,0.6736,S,0,41
D,141669,3,settle,0.6736,S,0,41
D,141765,3,settle,0.6736,S,0,41
D,141861,3,settle,0.6736,S,0,41
D,141957,3,settle,0.6736,S,0,41
D,142053,3,settle,0.6736,S,0,41
D,142147,3,settle,0.6736,S,0,41
D,142242,3,settle,0.6736,S,0,41
D,142338,3,settle,0.6736,S,0,41
D,142434,3,settle,0.6736,S,0,41
D,142530,3,settle,0.6736,S,0,41
D,142626,3,settle,0.6736,S,0,41
D,142722,3,settle,0.6736,S,0,41
D,142818,3,settle,0.6736,S,0,41
D,142913,3,settle,0.6735,S,0,41
D,143007,3,settle,0.6735,S,0,41
D,143103,3,settle,0.6735,S,0,41
D,143199,3,settle,0.6735,S,0,41
D,143295,3,settle,0.6735,S,0,41
D,143391,3,settle,0.6735,S,0,41
D,143486,3,settle,0.6735,S,0,41
D,143582,3,settle,0.6735,S,0,41
D,143678,3,settle,0.6735,S,0,41
D,143774,3,settle,0.6735,S,0,41
D,143868,3,settle,0.6735,S,0,41
D,143964,3,settle,0.6735,S,0,41
D,144060,3,settle,0.6735,S,0,41
D,144155,3,settle,0.6735,S,0,41
D,144251,3,settle,0.6735,S,0,41
D,144347,3,settle,0.6735,S,0,41
D,144443,3,settle,0.6735,S,0,41
D,144539,3,settle,0.6735,S,0,41
D,144635,3,settle,0.6735,S,0,41
D,144730,3,settle,0.6735,S,0,41
D,144824,3,settle,0.6735,S,0,41
D,144920,3,settle,0.6735,S,0,41
D,145016,3,settle,0.6735,S,0,41
D,145112,3,settle,0.6735,S,0,41
D,145208,3,settle,0.6735,S,0,41
D,145303,3,settle,0.6735,S,0,41
D,145399,3,settle,0.6735,S,0,41
D,145592,3,settle,0.6734,S,0,41
D,145685,3,settle,0.6734,S,0,41
D,145781,3,settle,0.6734,S,0,41
D,145877,3,settle,0.6734,S,0,41
D,145972,3,settle,0.6734,S,0,41
D,146068,3,settle,0.6734,S,0,41
D,146164,3,settle,0.6734,S,0,41
D,146260,3,settle,0.6734,S,0,41
D,146356,3,settle,0.6734,S,0,41
D,146452,3,settle,0.6734,S,0,41
D,146545,3,settle,0.6734,S,0,41
D,146642,3,settle,0.6734,S,0,41
D,146737,3,settle,0.6734,S,0,41
D,146833,3,settle,0.6734,S,0,41
D,146929,3,settle,0.6734,S,0,41
D,147025,3,settle,0.6734,S,0,41
D,147121,3,settle,0.6734,S,0,41
D,147216,3,settle,0.6734,S,0,41
D,147312,3,settle,0.6734,S,0,41
P,147407,3,50.0,1,settled,0.6734
D,147502,3,settle,0.6734,S,0,41
D,147598,3,settle,0.6734,S,0,41
D,147694,3,settle,0.6734,S,0,41
D,147789,3,settle,0.6734,S,0,41
D,147885,3,settle,0.6733,S,0,41
D,147981,3,settle,0.6733,S,0,41
D,148077,3,settle,0.6733,S,0,41
D,148173,3,settle,0.6733,S,0,41
D,148269,3,settle,0.6733,S,0,41
D,148363,3,settle,0.6733,S,0,41
D,148458,3,settle,0.6733,S,0,41
D,148554,3,settle,0.6733,S,0,41
D,148650,3,settle,0.6733,S,0,41
D,148746,3,settle,0.6733,S,0,41
D,148842,3,settle,0.6733,S,0,41
D,148938,3,settle,0.6733,S,0,41
D,149033,3,settle,0.6733,S,0,41
D,149129,3,settle,0.6733,S,0,41
D,149223,3,settle,0.6733,S,0,41
D,149319,3,settle,0.6733,S,0,41
D,149415,3,settle,0.6733,S,0,41
D,149511,3,settle,0.6733,S,0,41
D,149607,3,settle,0.6733,S,0,41
D,149702,3,settle,0.6733,S,0,41
D,149798,3,settle,0.6733,S,0,41
D,149894,3,settle,0.6733,S,0,41
D,149990,3,settle,0.6732,S,0,41
D,150084,3,settle,0.6732,S,0,41
D,150180,3,settle,0.6732,S,0,41
D,150275,3,settle,0.6732,S,0,41
D,150371,3,settle,0.6732,S,0,41
D,150467,3,settle,0.6732,S,0,41
D,150563,3,settle,0.6732,S,0,41
D,150659,3,settle,0.6732,S,0,41
D,150755,3,settle,0.6732,S,0,41
D,150850,3,settle,0.6732,S,0,41
D,150947,3,settle,0.6732,S,0,41
D,151040,3,settle,0.6732,S,0,41
D,151136,3,settle,0.6732,S,0,41
D,151232,3,settle,0.6732,S,0,41
D,151328,3,settle,0.6732,S,0,41
D,151424,3,settle,0.6732,S,0,41
D,151519,3,settle,0.6732,S,0,41
D,151615,3,settle,0.6732,S,0,41
D,151711,3,settle,0.6732,S,0,41
D,151807,3,settle,0.6732,S,0,41
D,151901,3,settle,0.6732,S,0,41
D,151997,3,settle,0.6731,S,0,41
D,152093,3,settle,0.6731,S,0,41
D,152188,3,settle,0.6731,S,0,41
D,152284,3,settle,0.6731,S,0,41
D,152380,3,settle,0.6731,S,0,41
P,152476,3,50.0,1,settled2,0.6731
R,3,50.0,1,0.5058,3.49,0.6734,0.6731,12,ok
E,152482,=== trial 4 : angle 60.0 plate deg, rep 1 ===
P,155056,4,60.0,1,pretare,0.6985
P,155630,4,60.0,1,tare0,0.0000
D,155725,4,preroll,0.0000,S,0,41
D,155821,4,preroll,0.0000,S,0,41
D,155917,4,preroll,0.0000,S,0,41
D,156013,4,preroll,0.0000,S,0,41
D,156109,4,preroll,0.0000,S,0,41
D,156205,4,preroll,0.0000,S,0,41
D,156299,4,preroll,0.0000,S,0,41
D,156395,4,preroll,0.0000,S,0,41
D,156491,4,preroll,0.0000,S,0,41
D,156586,4,preroll,0.0000,S,0,41
D,156682,4,preroll,0.0000,S,0,41
D,156778,4,preroll,0.0000,S,0,41
D,156874,4,preroll,0.0000,S,0,41
D,156970,4,preroll,0.0000,S,0,41
D,157066,4,preroll,0.0000,S,0,41
D,157161,4,preroll,0.0000,S,0,41
D,157256,4,preroll,0.0000,S,0,41
D,157351,4,preroll,0.0000,S,0,41
D,157447,4,preroll,0.0000,S,0,41
D,157543,4,preroll,0.0000,S,0,41
D,157639,4,preroll,0.0000,S,0,41
E,157703,dispense start: 55 rpm, tap every 3 polls
D,157735,4,dispense,0.0000,S,55,41
D,157831,4,dispense,0.0000,S,55,41
D,157927,4,dispense,0.0000,S,55,41
D,158022,4,dispense,0.0000,S,55,42
D,158116,4,dispense,0.0000,S,55,42
D,158212,4,dispense,0.0000,S,55,42
D,158308,4,dispense,0.0000,S,55,43
D,158404,4,dispense,0.0000,S,55,43
D,158500,4,dispense,0.0000,S,55,43
D,158595,4,dispense,0.0110,U,55,44
D,158690,4,dispense,0.0245,U,55,44
D,158786,4,dispense,0.0467,U,55,44
D,158882,4,dispense,0.0777,U,55,45
D,158976,4,dispense,0.1154,U,55,45
D,159072,4,dispense,0.1553,U,55,45
D,159168,4,dispense,0.1913,U,55,46
D,159263,4,dispense,0.2182,U,55,46
D,159367,4,dispense,0.2341,U,55,46
D,159563,4,dispense,0.2451,U,55,47
D,159656,4,dispense,0.2512,U,55,47
D,159749,4,dispense,0.2631,U,55,47
D,159840,4,dispense,0.2820,U,55,48
D,159933,4,dispense,0.3078,U,55,48
D,160028,4,dispense,0.3392,U,55,48
D,160124,4,dispense,0.3742,U,55,49
D,160220,4,dispense,0.4084,U,55,49
D,160316,4,dispense,0.4357,U,55,49
D,160412,4,dispense,0.4518,U,55,50
D,160508,4,dispense,0.4574,U,55,50
D,160604,4,dispense,0.4577,U,55,50
D,160699,4,dispense,0.4586,U,55,51
D,160793,4,dispense,0.4632,U,55,51
D,160889,4,dispense,0.4726,U,55,51
D,160985,4,dispense,0.4875,U,55,52
D,161081,4,dispense,0.5084,U,55,52
E,161085,TRIGGER 0.5084 g at t=3.29 s -- ALL STOP
D,161178,4,settle,0.5345,U,0,52
D,161272,4,settle,0.5629,U,0,52
D,161368,4,settle,0.5888,U,0,52
D,161464,4,settle,0.6068,U,0,52
D,161560,4,settle,0.6152,U,0,52
D,161654,4,settle,0.6168,U,0,52
D,161750,4,settle,0.6161,U,0,52
D,161845,4,settle,0.6166,U,0,52
D,161941,4,settle,0.6189,U,0,52
D,162037,4,settle,0.6216,U,0,52
D,162133,4,settle,0.6234,U,0,52
D,162229,4,settle,0.6238,U,0,52
D,162325,4,settle,0.6234,U,0,52
D,162420,4,settle,0.6229,U,0,52
D,162516,4,settle,0.6226,U,0,52
D,162610,4,settle,0.6225,U,0,52
D,162706,4,settle,0.6225,U,0,52
D,162802,4,settle,0.6225,U,0,52
D,162898,4,settle,0.6224,U,0,52
D,162994,4,settle,0.6224,U,0,52
D,163089,4,settle,0.6224,S,0,52
D,163185,4,settle,0.6224,S,0,52
D,163281,4,settle,0.6224,S,0,52
D,163377,4,settle,0.6224,S,0,52
D,163471,4,settle,0.6224,S,0,52
D,163567,4,settle,0.6224,S,0,52
D,163663,4,settle,0.6224,S,0,52
D,163759,4,settle,0.6224,S,0,52
D,163854,4,settle,0.6224,S,0,52
D,163950,4,settle,0.6224,S,0,52
D,164046,4,settle,0.6224,S,0,52
D,164142,4,settle,0.6224,S,0,52
D,164238,4,settle,0.6224,S,0,52
D,164332,4,settle,0.6224,S,0,52
D,164428,4,settle,0.6223,S,0,52
D,164524,4,settle,0.6223,S,0,52
D,164619,4,settle,0.6223,S,0,52
D,164715,4,settle,0.6223,S,0,52
D,164811,4,settle,0.6223,S,0,52
D,164907,4,settle,0.6223,S,0,52
D,165003,4,settle,0.6223,S,0,52
D,165099,4,settle,0.6223,S,0,52
D,165195,4,settle,0.6223,S,0,52
D,165289,4,settle,0.6223,S,0,52
D,165384,4,settle,0.6223,S,0,52
D,165480,4,settle,0.6223,S,0,52
D,165576,4,settle,0.6223,S,0,52
D,165672,4,settle,0.6223,S,0,52
D,165768,4,settle,0.6223,S,0,52
D,165864,4,settle,0.6223,S,0,52
D,165959,4,settle,0.6223,S,0,52
D,166055,4,settle,0.6223,S,0,52
D,166149,4,settle,0.6223,S,0,52
D,166245,4,settle,0.6223,S,0,52
D,166341,4,settle,0.6223,S,0,52
D,166437,4,settle,0.6223,S,0,52
D,166533,4,settle,0.6223,S,0,52
D,166629,4,settle,0.6223,S,0,52
D,166725,4,settle,0.6223,S,0,52
D,166820,4,settle,0.6223,S,0,52
D,166916,4,settle,0.6223,S,0,52
D,167010,4,settle,0.6223,S,0,52
D,167106,4,settle,0.6223,S,0,52
D,167202,4,settle,0.6223,S,0,52
D,167298,4,settle,0.6223,S,0,52
D,167393,4,settle,0.6223,S,0,52
D,167489,4,settle,0.6223,S,0,52
D,167585,4,settle,0.6223,S,0,52
D,167681,4,settle,0.6223,S,0,52
D,167777,4,settle,0.6223,S,0,52
D,167871,4,settle,0.6223,S,0,52
D,167967,4,settle,0.6223,S,0,52
D,168063,4,settle,0.6223,S,0,52
D,168158,4,settle,0.6223,S,0,52
D,168254,4,settle,0.6223,S,0,52
D,168350,4,settle,0.6223,S,0,52
D,168446,4,settle,0.6223,S,0,52
D,168542,4,settle,0.6223,S,0,52
D,168638,4,settle,0.6223,S,0,52
D,168734,4,settle,0.6223,S,0,52
D,168827,4,settle,0.6223,S,0,52
D,168923,4,settle,0.6223,S,0,52
D,169019,4,settle,0.6223,S,0,52
D,169115,4,settle,0.6223,S,0,52
D,169211,4,settle,0.6223,S,0,52
D,169307,4,settle,0.6223,S,0,52
D,169403,4,settle,0.6223,S,0,52
D,169499,4,settle,0.6223,S,0,52
D,169594,4,settle,0.6223,S,0,52
D,169688,4,settle,0.6222,S,0,52
D,169784,4,settle,0.6222,S,0,52
D,169880,4,settle,0.6222,S,0,52
D,169976,4,settle,0.6222,S,0,52
D,170072,4,settle,0.6222,S,0,52
D,170167,4,settle,0.6222,S,0,52
D,170263,4,settle,0.6222,S,0,52
D,170359,4,settle,0.6222,S,0,52
D,170455,4,settle,0.6222,S,0,52
D,170549,4,settle,0.6222,S,0,52
D,170645,4,settle,0.6222,S,0,52
D,170740,4,settle,0.6222,S,0,52
D,170836,4,settle,0.6222,S,0,52
D,170932,4,settle,0.6222,S,0,52
D,171028,4,settle,0.6222,S,0,52
D,171124,4,settle,0.6222,S,0,52
D,171220,4,settle,0.6222,S,0,52
D,171316,4,settle,0.6222,S,0,52
D,171411,4,settle,0.6222,S,0,52
D,171511,4,settle,0.6221,S,0,52
D,171601,4,settle,0.6221,S,0,52
D,171697,4,settle,0.6221,S,0,52
D,171793,4,settle,0.6221,S,0,52
D,171889,4,settle,0.6221,S,0,52
D,171984,4,settle,0.6221,S,0,52
D,172080,4,settle,0.6221,S,0,52
D,172176,4,settle,0.6221,S,0,52
D,172272,4,settle,0.6221,S,0,52
D,172366,4,settle,0.6221,S,0,52
D,172462,4,settle,0.6221,S,0,52
D,172558,4,settle,0.6221,S,0,52
D,172653,4,settle,0.6221,S,0,52
D,172749,4,settle,0.6221,S,0,52
D,172845,4,settle,0.6221,S,0,52
D,172941,4,settle,0.6220,S,0,52
D,173037,4,settle,0.6220,S,0,52
D,173132,4,settle,0.6220,S,0,52
D,173227,4,settle,0.6220,S,0,52
D,173322,4,settle,0.6220,S,0,52
D,173418,4,settle,0.6220,S,0,52
D,173514,4,settle,0.6220,S,0,52
D,173610,4,settle,0.6220,S,0,52
D,173706,4,settle,0.6220,S,0,52
D,173801,4,settle,0.6220,S,0,52
D,173897,4,settle,0.6220,S,0,52
D,173993,4,settle,0.6220,S,0,52
D,174089,4,settle,0.6220,S,0,52
D,174183,4,settle,0.6220,S,0,52
D,174279,4,settle,0.6220,S,0,52
D,174375,4,settle,0.6220,S,0,52
D,174470,4,settle,0.6220,S,0,52
D,174566,4,settle,0.6220,S,0,52
D,174662,4,settle,0.6220,S,0,52
D,174758,4,settle,0.6220,S,0,52
D,174854,4,settle,0.6220,S,0,52
D,174950,4,settle,0.6220,S,0,52
D,175044,4,settle,0.6219,S,0,52
D,175139,4,settle,0.6219,S,0,52
D,175235,4,settle,0.6219,S,0,52
D,175331,4,settle,0.6219,S,0,52
D,175427,4,settle,0.6219,S,0,52
D,175523,4,settle,0.6219,S,0,52
D,175619,4,settle,0.6219,S,0,52
D,175714,4,settle,0.6219,S,0,52
D,175810,4,settle,0.6219,S,0,52
D,175904,4,settle,0.6219,S,0,52
D,176000,4,settle,0.6219,S,0,52
D,176096,4,settle,0.6219,S,0,52
P,176193,4,60.0,1,settled,0.6219
D,176287,4,settle,0.6219,S,0,52
D,176383,4,settle,0.6219,S,0,52
D,176479,4,settle,0.6219,S,0,52
D,176575,4,settle,0.6219,S,0,52
D,176671,4,settle,0.6219,S,0,52
D,176765,4,settle,0.6219,S,0,52
D,176860,4,settle,0.6219,S,0,52
D,176956,4,settle,0.6219,S,0,52
D,177052,4,settle,0.6219,S,0,52
D,177148,4,settle,0.6219,S,0,52
D,177244,4,settle,0.6219,S,0,52
D,177340,4,settle,0.6219,S,0,52
D,177436,4,settle,0.6218,S,0,52
D,177532,4,settle,0.6218,S,0,52
D,177627,4,settle,0.6218,S,0,52
D,177721,4,settle,0.6218,S,0,52
D,177817,4,settle,0.6218,S,0,52
D,177913,4,settle,0.6218,S,0,52
D,178009,4,settle,0.6218,S,0,52
D,178105,4,settle,0.6218,S,0,52
D,178200,4,settle,0.6218,S,0,52
D,178296,4,settle,0.6218,S,0,52
D,178392,4,settle,0.6218,S,0,52
D,178488,4,settle,0.6218,S,0,52
D,178582,4,settle,0.6218,S,0,52
D,178678,4,settle,0.6218,S,0,52
D,178773,4,settle,0.6218,S,0,52
D,178869,4,settle,0.6218,S,0,52
D,178965,4,settle,0.6218,S,0,52
D,179061,4,settle,0.6218,S,0,52
D,179157,4,settle,0.6218,S,0,52
D,179253,4,settle,0.6218,S,0,52
D,179348,4,settle,0.6218,S,0,52
D,179442,4,settle,0.6217,S,0,52
D,179538,4,settle,0.6217,S,0,52
D,179634,4,settle,0.6217,S,0,52
D,179730,4,settle,0.6217,S,0,52
D,179826,4,settle,0.6217,S,0,52
D,179922,4,settle,0.6217,S,0,52
D,180017,4,settle,0.6217,S,0,52
D,180113,4,settle,0.6217,S,0,52
D,180209,4,settle,0.6217,S,0,52
D,180305,4,settle,0.6217,S,0,52
D,180399,4,settle,0.6217,S,0,52
D,180495,4,settle,0.6217,S,0,52
D,180590,4,settle,0.6217,S,0,52
D,180686,4,settle,0.6217,S,0,52
D,180782,4,settle,0.6217,S,0,52
D,180878,4,settle,0.6217,S,0,52
D,180974,4,settle,0.6217,S,0,52
D,181070,4,settle,0.6217,S,0,52
D,181166,4,settle,0.6217,S,0,52
P,181259,4,60.0,1,settled2,0.6217
R,4,60.0,1,0.5084,3.38,0.6219,0.6217,11,ok
E,181266,=== trial 5 : angle 70.0 plate deg, rep 1 ===
P,182888,5,70.0,1,pretare,0.6215
P,183460,5,70.0,1,tare0,0.0000
D,183556,5,preroll,0.0000,S,0,52
D,183652,5,preroll,0.0000,S,0,52
D,183747,5,preroll,0.0000,S,0,52
D,183843,5,preroll,0.0000,S,0,52
D,183937,5,preroll,0.0000,S,0,52
D,184033,5,preroll,0.0000,S,0,52
D,184129,5,preroll,0.0000,S,0,52
D,184225,5,preroll,0.0000,S,0,52
D,184320,5,preroll,0.0000,S,0,52
D,184416,5,preroll,0.0000,S,0,52
D,184512,5,preroll,0.0000,S,0,52
D,184608,5,preroll,0.0000,S,0,52
D,184704,5,preroll,0.0000,S,0,52
D,184798,5,preroll,0.0000,S,0,52
D,184894,5,preroll,0.0000,S,0,52
D,184990,5,preroll,0.0000,S,0,52
D,185085,5,preroll,0.0000,S,0,52
D,185181,5,preroll,0.0000,S,0,52
D,185277,5,preroll,0.0000,S,0,52
D,185373,5,preroll,0.0000,S,0,52
D,185469,5,preroll,0.0000,S,0,52
E,185533,dispense start: 55 rpm, tap every 3 polls
D,185564,5,dispense,0.0000,S,55,52
D,185658,5,dispense,0.0000,S,55,52
D,185754,5,dispense,0.0000,S,55,52
D,185861,5,dispense,0.0000,S,55,53
D,185953,5,dispense,0.0000,S,55,53
D,186045,5,dispense,0.0000,S,55,53
D,186137,5,dispense,0.0000,S,55,54
D,186233,5,dispense,0.0000,S,55,54
D,186329,5,dispense,0.0000,S,55,54
D,186425,5,dispense,0.0000,S,55,55
D,186519,5,dispense,0.0093,U,55,55
D,186613,5,dispense,0.0185,U,55,55
D,186709,5,dispense,0.0320,U,55,56
D,186805,5,dispense,0.0486,U,55,56
D,186901,5,dispense,0.0647,U,55,56
D,186997,5,dispense,0.0765,U,55,57
D,187093,5,dispense,0.0828,U,55,57
D,187188,5,dispense,0.0854,U,55,57
D,187284,5,dispense,0.0880,U,55,58
D,187380,5,dispense,0.0925,U,55,58
D,187474,5,dispense,0.0995,U,55,58
D,187570,5,dispense,0.1088,U,55,59
D,187666,5,dispense,0.1204,U,55,59
D,187761,5,dispense,0.1345,U,55,59
D,187858,5,dispense,0.1500,U,55,60
D,187953,5,dispense,0.1649,U,55,60
D,188049,5,dispense,0.1767,U,55,60
D,188145,5,dispense,0.1843,U,55,61
D,188241,5,dispense,0.1887,U,55,61
D,188335,5,dispense,0.1924,U,55,61
D,188430,5,dispense,0.1980,U,55,62
D,188526,5,dispense,0.2072,U,55,62
D,188622,5,dispense,0.2203,U,55,62
D,188718,5,dispense,0.2368,U,55,63
D,188814,5,dispense,0.2547,U,55,63
D,188910,5,dispense,0.2710,U,55,63
D,189005,5,dispense,0.2831,U,55,64
D,189101,5,dispense,0.2901,U,55,64
D,189197,5,dispense,0.2934,U,55,64
D,189291,5,dispense,0.2957,U,55,65
D,189387,5,dispense,0.2986,U,55,65
D,189483,5,dispense,0.3037,U,55,65
D,189579,5,dispense,0.3115,U,55,66
D,189674,5,dispense,0.3226,U,55,66
D,189770,5,dispense,0.3370,U,55,66
D,189866,5,dispense,0.3538,U,55,67
D,189962,5,dispense,0.3706,U,55,67
D,190058,5,dispense,0.3844,U,55,67
D,190152,5,dispense,0.3932,U,55,68
D,190247,5,dispense,0.3973,U,55,68
D,190343,5,dispense,0.3986,U,55,68
D,190439,5,dispense,0.3996,U,55,69
D,190535,5,dispense,0.4021,U,55,69
D,190631,5,dispense,0.4076,U,55,69
D,190727,5,dispense,0.4167,U,55,70
D,190822,5,dispense,0.4295,U,55,70
D,190918,5,dispense,0.4450,U,55,70
D,191012,5,dispense,0.4606,U,55,71
D,191108,5,dispense,0.4733,U,55,71
D,191204,5,dispense,0.4817,U,55,71
D,191300,5,dispense,0.4862,U,55,72
D,191396,5,dispense,0.4886,U,55,72
D,191491,5,dispense,0.4909,U,55,72
D,191587,5,dispense,0.4943,U,55,73
D,191683,5,dispense,0.4996,U,55,73
D,191779,5,dispense,0.5079,U,55,73
E,191783,TRIGGER 0.5079 g at t=6.15 s -- ALL STOP
D,191876,5,settle,0.5193,U,0,73
D,191969,5,settle,0.5335,U,0,73
D,192065,5,settle,0.5487,U,0,73
D,192160,5,settle,0.5626,U,0,73
D,192256,5,settle,0.5731,U,0,73
D,192352,5,settle,0.5798,U,0,73
D,192448,5,settle,0.5833,U,0,73
D,192544,5,settle,0.5847,U,0,73
D,192640,5,settle,0.5853,U,0,73
D,192735,5,settle,0.5856,U,0,73
D,192829,5,settle,0.5860,U,0,73
D,192925,5,settle,0.5862,U,0,73
D,193021,5,settle,0.5862,U,0,73
D,193117,5,settle,0.5861,U,0,73
D,193213,5,settle,0.5861,U,0,73
D,193309,5,settle,0.5861,S,0,73
D,193405,5,settle,0.5862,S,0,73
D,193500,5,settle,0.5862,S,0,73
D,193596,5,settle,0.5863,U,0,73
D,193690,5,settle,0.5864,U,0,73
D,193786,5,settle,0.5864,U,0,73
D,193882,5,settle,0.5865,U,0,73
D,193978,5,settle,0.5865,U,0,73
D,194074,5,settle,0.5865,U,0,73
D,194170,5,settle,0.5865,S,0,73
D,194265,5,settle,0.5865,S,0,73
D,194361,5,settle,0.5865,S,0,73
D,194457,5,settle,0.5865,S,0,73
D,194551,5,settle,0.5864,S,0,73
D,194647,5,settle,0.5864,S,0,73
D,194743,5,settle,0.5864,S,0,73
D,194839,5,settle,0.5864,S,0,73
D,194934,5,settle,0.5864,S,0,73
D,195030,5,settle,0.5864,S,0,73
D,195126,5,settle,0.5864,S,0,73
D,195222,5,settle,0.5864,S,0,73
D,195318,5,settle,0.5864,S,0,73
D,195414,5,settle,0.5864,S,0,73
D,195508,5,settle,0.5864,S,0,73
D,195604,5,settle,0.5864,S,0,73
D,195703,5,settle,0.5864,S,0,73
D,195795,5,settle,0.5864,S,0,73
D,195891,5,settle,0.5864,S,0,73
D,195987,5,settle,0.5864,S,0,73
D,196083,5,settle,0.5864,S,0,73
D,196179,5,settle,0.5863,S,0,73
D,196274,5,settle,0.5863,S,0,73
D,196368,5,settle,0.5863,S,0,73
D,196464,5,settle,0.5863,S,0,73
D,196560,5,settle,0.5863,S,0,73
D,196656,5,settle,0.5863,S,0,73
D,196752,5,settle,0.5863,S,0,73
D,196848,5,settle,0.5863,S,0,73
D,196943,5,settle,0.5863,S,0,73
D,197039,5,settle,0.5863,S,0,73
D,197135,5,settle,0.5863,S,0,73
D,197229,5,settle,0.5863,S,0,73
D,197325,5,settle,0.5863,S,0,73
D,197421,5,settle,0.5863,S,0,73
D,197517,5,settle,0.5863,S,0,73
D,197613,5,settle,0.5863,S,0,73
D,197709,5,settle,0.5863,S,0,73
D,197804,5,settle,0.5863,S,0,73
D,197900,5,settle,0.5863,S,0,73
D,197996,5,settle,0.5863,S,0,73
D,198092,5,settle,0.5863,S,0,73
D,198186,5,settle,0.5863,S,0,73
D,198282,5,settle,0.5863,S,0,73
D,198377,5,settle,0.5863,S,0,73
D,198473,5,settle,0.5863,S,0,73
D,198569,5,settle,0.5863,S,0,73
D,198665,5,settle,0.5863,S,0,73
D,198761,5,settle,0.5863,S,0,73
D,198857,5,settle,0.5863,S,0,73
D,198953,5,settle,0.5863,S,0,73
D,199047,5,settle,0.5863,S,0,73
D,199142,5,settle,0.5863,S,0,73
D,199238,5,settle,0.5863,S,0,73
D,199334,5,settle,0.5863,S,0,73
D,199430,5,settle,0.5863,S,0,73
D,199526,5,settle,0.5863,S,0,73
D,199622,5,settle,0.5863,S,0,73
D,199718,5,settle,0.5863,S,0,73
D,199813,5,settle,0.5863,S,0,73
D,199907,5,settle,0.5863,S,0,73
D,200003,5,settle,0.5863,S,0,73
D,200099,5,settle,0.5863,S,0,73
D,200195,5,settle,0.5863,S,0,73
D,200291,5,settle,0.5863,S,0,73
D,200386,5,settle,0.5863,S,0,73
D,200482,5,settle,0.5863,S,0,73
D,200578,5,settle,0.5863,S,0,73
D,200674,5,settle,0.5863,S,0,73
D,200770,5,settle,0.5863,S,0,73
D,200864,5,settle,0.5863,S,0,73
D,200960,5,settle,0.5863,S,0,73
D,201055,5,settle,0.5863,S,0,73
D,201151,5,settle,0.5863,S,0,73
D,201247,5,settle,0.5863,S,0,73
D,201343,5,settle,0.5863,S,0,73
D,201439,5,settle,0.5862,S,0,73
D,201535,5,settle,0.5862,S,0,73
D,201630,5,settle,0.5862,S,0,73
D,201724,5,settle,0.5862,S,0,73
D,201820,5,settle,0.5862,S,0,73
D,201916,5,settle,0.5862,S,0,73
D,202012,5,settle,0.5862,S,0,73
D,202108,5,settle,0.5862,S,0,73
D,202204,5,settle,0.5862,S,0,73
D,202299,5,settle,0.5862,S,0,73
D,202395,5,settle,0.5862,S,0,73
D,202491,5,settle,0.5862,S,0,73
D,202585,5,settle,0.5862,S,0,73
D,202681,5,settle,0.5862,S,0,73
D,202777,5,settle,0.5862,S,0,73
D,202872,5,settle,0.5862,S,0,73
D,202968,5,settle,0.5862,S,0,73
D,203064,5,settle,0.5862,S,0,73
D,203160,5,settle,0.5862,S,0,73
D,203256,5,settle,0.5862,S,0,73
D,203352,5,settle,0.5862,S,0,73
D,203448,5,settle,0.5862,S,0,73
D,203541,5,settle,0.5862,S,0,73
D,203637,5,settle,0.5862,S,0,73
D,203733,5,settle,0.5862,S,0,73
D,203829,5,settle,0.5862,S,0,73
D,203925,5,settle,0.5862,S,0,73
D,204021,5,settle,0.5862,S,0,73
D,204116,5,settle,0.5862,S,0,73
D,204212,5,settle,0.5861,S,0,73
D,204308,5,settle,0.5861,S,0,73
D,204402,5,settle,0.5861,S,0,73
D,204498,5,settle,0.5861,S,0,73
D,204594,5,settle,0.5861,S,0,73
D,204690,5,settle,0.5861,S,0,73
D,204786,5,settle,0.5861,S,0,73
D,204881,5,settle,0.5861,S,0,73
D,204977,5,settle,0.5861,S,0,73
D,205073,5,settle,0.5861,S,0,73
D,205169,5,settle,0.5861,S,0,73
D,205263,5,settle,0.5861,S,0,73
D,205358,5,settle,0.5861,S,0,73
D,205454,5,settle,0.5861,S,0,73
D,205550,5,settle,0.5861,S,0,73
D,205646,5,settle,0.5861,S,0,73
D,205742,5,settle,0.5861,S,0,73
D,205838,5,settle,0.5861,S,0,73
D,205934,5,settle,0.5861,S,0,73
D,206029,5,settle,0.5861,S,0,73
D,206123,5,settle,0.5861,S,0,73
D,206219,5,settle,0.5861,S,0,73
D,206315,5,settle,0.5861,S,0,73
D,206411,5,settle,0.5861,S,0,73
D,206507,5,settle,0.5861,S,0,73
D,206602,5,settle,0.5860,S,0,73
D,206698,5,settle,0.5860,S,0,73
D,206794,5,settle,0.5860,S,0,73
P,206891,5,70.0,1,settled,0.5860
D,206986,5,settle,0.5860,S,0,73
D,207080,5,settle,0.5860,S,0,73
D,207176,5,settle,0.5860,S,0,73
D,207272,5,settle,0.5860,S,0,73
D,207367,5,settle,0.5860,S,0,73
D,207463,5,settle,0.5860,S,0,73
D,207559,5,settle,0.5860,S,0,73
D,207655,5,settle,0.5860,S,0,73
D,207751,5,settle,0.5860,S,0,73
D,207846,5,settle,0.5860,S,0,73
D,207940,5,settle,0.5860,S,0,73
D,208036,5,settle,0.5860,S,0,73
D,208132,5,settle,0.5860,S,0,73
D,208228,5,settle,0.5860,S,0,73
D,208324,5,settle,0.5860,S,0,73
D,208419,5,settle,0.5860,S,0,73
D,208516,5,settle,0.5860,S,0,73
D,208611,5,settle,0.5860,S,0,73
D,208707,5,settle,0.5859,S,0,73
D,208801,5,settle,0.5859,S,0,73
D,208901,5,settle,0.5859,S,0,73
D,208993,5,settle,0.5859,S,0,73
D,209089,5,settle,0.5859,S,0,73
D,209184,5,settle,0.5859,S,0,73
D,209280,5,settle,0.5859,S,0,73
D,209376,5,settle,0.5859,S,0,73
D,209472,5,settle,0.5859,S,0,73
D,209568,5,settle,0.5859,S,0,73
D,209664,5,settle,0.5859,S,0,73
D,209757,5,settle,0.5859,S,0,73
D,209853,5,settle,0.5859,S,0,73
D,209949,5,settle,0.5859,S,0,73
D,210045,5,settle,0.5859,S,0,73
D,210141,5,settle,0.5859,S,0,73
D,210237,5,settle,0.5859,S,0,73
D,210333,5,settle,0.5859,S,0,73
D,210428,5,settle,0.5859,S,0,73
D,210524,5,settle,0.5859,S,0,73
D,210618,5,settle,0.5859,S,0,73
D,210714,5,settle,0.5859,S,0,73
D,210810,5,settle,0.5858,S,0,73
D,210905,5,settle,0.5858,S,0,73
D,211001,5,settle,0.5858,S,0,73
D,211097,5,settle,0.5858,S,0,73
D,211193,5,settle,0.5858,S,0,73
D,211289,5,settle,0.5858,S,0,73
D,211385,5,settle,0.5858,S,0,73
D,211479,5,settle,0.5858,S,0,73
D,211574,5,settle,0.5858,S,0,73
D,211670,5,settle,0.5858,S,0,73
D,211766,5,settle,0.5858,S,0,73
D,211862,5,settle,0.5858,S,0,73
P,211958,5,70.0,1,settled2,0.5858
R,5,70.0,1,0.5079,6.25,0.5860,0.5858,21,ok
E,211965,=== trial 6 : angle 70.0 plate deg, rep 2 ===
P,213203,6,70.0,2,pretare,0.5857
P,213775,6,70.0,2,tare0,0.0000
D,213871,6,preroll,0.0000,S,0,73
D,213967,6,preroll,0.0000,S,0,73
D,214062,6,preroll,0.0000,S,0,73
D,214156,6,preroll,0.0000,S,0,73
D,214252,6,preroll,0.0000,S,0,73
D,214348,6,preroll,0.0000,S,0,73
D,214444,6,preroll,0.0000,S,0,73
D,214540,6,preroll,0.0000,S,0,73
D,214635,6,preroll,0.0000,S,0,73
D,214731,6,preroll,0.0000,S,0,73
D,214827,6,preroll,0.0000,S,0,73
D,214923,6,preroll,0.0000,S,0,73
D,215017,6,preroll,0.0000,S,0,73
D,215113,6,preroll,0.0000,S,0,73
D,215209,6,preroll,0.0000,S,0,73
D,215304,6,preroll,0.0000,S,0,73
D,215400,6,preroll,0.0000,S,0,73
D,215496,6,preroll,0.0000,S,0,73
D,215592,6,preroll,0.0000,S,0,73
D,215688,6,preroll,0.0000,S,0,73
D,215784,6,preroll,0.0000,S,0,73
E,215848,dispense start: 55 rpm, tap every 3 polls
D,215879,6,dispense,0.0000,S,55,73
D,215973,6,dispense,0.0000,S,55,73
D,216069,6,dispense,0.0000,S,55,73
D,216165,6,dispense,0.0000,S,55,74
D,216261,6,dispense,0.0000,S,55,74
D,216357,6,dispense,0.0000,S,55,74
D,216453,6,dispense,0.0000,S,55,75
D,216548,6,dispense,0.0000,S,55,75
D,216644,6,dispense,0.0000,S,55,75
D,216740,6,dispense,0.0000,S,55,76
D,216834,6,dispense,0.0000,S,55,76
D,216928,6,dispense,0.0058,U,55,76
D,217024,6,dispense,0.0126,U,55,77
D,217120,6,dispense,0.0230,U,55,77
D,217216,6,dispense,0.0364,U,55,77
D,217312,6,dispense,0.0511,U,55,78
D,217408,6,dispense,0.0648,U,55,78
D,217504,6,dispense,0.0755,U,55,78
D,217599,6,dispense,0.0827,U,55,79
D,217693,6,dispense,0.0871,U,55,79
D,217789,6,dispense,0.0900,U,55,79
D,217885,6,dispense,0.0928,U,55,80
D,217981,6,dispense,0.0968,U,55,80
D,218077,6,dispense,0.1032,U,55,80
D,218172,6,dispense,0.1129,U,55,81
D,218268,6,dispense,0.1259,U,55,81
D,218364,6,dispense,0.1410,U,55,81
D,218460,6,dispense,0.1558,U,55,82
D,218556,6,dispense,0.1676,U,55,82
D,218650,6,dispense,0.1751,U,55,82
D,218745,6,dispense,0.1790,U,55,83
D,218841,6,dispense,0.1808,U,55,83
D,218937,6,dispense,0.1821,U,55,83
D,219033,6,dispense,0.1844,U,55,84
D,219129,6,dispense,0.1890,U,55,84
D,219225,6,dispense,0.1969,U,55,84
D,219321,6,dispense,0.2085,U,55,85
D,219416,6,dispense,0.2230,U,55,85
D,219510,6,dispense,0.2383,U,55,85
D,219606,6,dispense,0.2517,U,55,86
D,219702,6,dispense,0.2614,U,55,86
D,219798,6,dispense,0.2671,U,55,86
D,219894,6,dispense,0.2701,U,55,87
D,219989,6,dispense,0.2719,U,55,87
D,220085,6,dispense,0.2739,U,55,87
D,220181,6,dispense,0.2770,U,55,88
D,220277,6,dispense,0.2813,U,55,88
D,220371,6,dispense,0.2865,U,55,88
D,220467,6,dispense,0.2924,U,55,89
D,220563,6,dispense,0.3000,U,55,89
D,220658,6,dispense,0.3101,U,55,89
D,220765,6,dispense,0.3214,U,55,90
D,220858,6,dispense,0.3310,U,55,90
D,220951,6,dispense,0.3367,U,55,90
D,221042,6,dispense,0.3395,U,55,91
D,221138,6,dispense,0.3416,U,55,91
D,221233,6,dispense,0.3452,U,55,91
D,221327,6,dispense,0.3515,U,55,92
D,221423,6,dispense,0.3614,U,55,92
D,221519,6,dispense,0.3749,U,55,92
D,221615,6,dispense,0.3907,U,55,93
D,221711,6,dispense,0.4061,U,55,93
D,221806,6,dispense,0.4182,U,55,93
D,221903,6,dispense,0.4256,U,55,94
D,221998,6,dispense,0.4289,U,55,94
D,222094,6,dispense,0.4299,U,55,94
D,222188,6,dispense,0.4309,U,55,95
D,222284,6,dispense,0.4334,U,55,95
D,222380,6,dispense,0.4382,U,55,95
D,222475,6,dispense,0.4455,U,55,96
D,222571,6,dispense,0.4556,U,55,96
D,222667,6,dispense,0.4686,U,55,96
D,222763,6,dispense,0.4830,U,55,97
D,222859,6,dispense,0.4963,U,55,97
D,222955,6,dispense,0.5060,U,55,97
E,222959,TRIGGER 0.5060 g at t=7.01 s -- ALL STOP
D,223052,6,settle,0.5114,U,0,97
D,223144,6,settle,0.5135,U,0,97
D,223240,6,settle,0.5144,U,0,97
D,223336,6,settle,0.5158,U,0,97
D,223432,6,settle,0.5191,U,0,97
D,223528,6,settle,0.5252,U,0,97
D,223624,6,settle,0.5348,U,0,97
D,223719,6,settle,0.5476,U,0,97
D,223815,6,settle,0.5626,U,0,97
D,223911,6,settle,0.5782,U,0,97
D,224005,6,settle,0.5926,U,0,97
D,224101,6,settle,0.6039,U,0,97
D,224197,6,settle,0.6109,U,0,97
D,224292,6,settle,0.6133,U,0,97
D,224388,6,settle,0.6125,U,0,97
D,224484,6,settle,0.6108,U,0,97
D,224580,6,settle,0.6095,U,0,97
D,224676,6,settle,0.6088,U,0,97
D,224772,6,settle,0.6087,U,0,97
D,224866,6,settle,0.6086,U,0,97
D,224962,6,settle,0.6085,U,0,97
D,225057,6,settle,0.6085,U,0,97
D,225153,6,settle,0.6085,U,0,97
D,225249,6,settle,0.6085,U,0,97
D,225345,6,settle,0.6085,S,0,97
D,225441,6,settle,0.6085,S,0,97
D,225537,6,settle,0.6085,S,0,97
D,225633,6,settle,0.6085,S,0,97
D,225726,6,settle,0.6085,S,0,97
D,225822,6,settle,0.6085,S,0,97
D,225918,6,settle,0.6085,S,0,97
D,226014,6,settle,0.6085,S,0,97
D,226110,6,settle,0.6085,S,0,97
D,226206,6,settle,0.6085,S,0,97
D,226302,6,settle,0.6085,S,0,97
D,226397,6,settle,0.6085,S,0,97
D,226493,6,settle,0.6085,S,0,97
D,226587,6,settle,0.6085,S,0,97
D,226683,6,settle,0.6085,S,0,97
D,226779,6,settle,0.6085,S,0,97
D,226875,6,settle,0.6085,S,0,97
D,226971,6,settle,0.6085,S,0,97
D,227067,6,settle,0.6085,S,0,97
D,227162,6,settle,0.6084,S,0,97
D,227258,6,settle,0.6084,S,0,97
D,227354,6,settle,0.6084,S,0,97
D,227450,6,settle,0.6084,S,0,97
D,227544,6,settle,0.6084,S,0,97
D,227640,6,settle,0.6084,S,0,97
D,227735,6,settle,0.6084,S,0,97
D,227831,6,settle,0.6084,S,0,97
D,227927,6,settle,0.6084,S,0,97
D,228023,6,settle,0.6084,S,0,97
D,228119,6,settle,0.6084,S,0,97
D,228215,6,settle,0.6084,S,0,97
D,228311,6,settle,0.6084,S,0,97
D,228405,6,settle,0.6084,S,0,97
D,228501,6,settle,0.6084,S,0,97
D,228596,6,settle,0.6084,S,0,97
D,228692,6,settle,0.6084,S,0,97
D,228788,6,settle,0.6084,S,0,97
D,228884,6,settle,0.6084,S,0,97
D,228980,6,settle,0.6084,S,0,97
D,229076,6,settle,0.6084,S,0,97
D,229171,6,settle,0.6084,S,0,97
D,229266,6,settle,0.6084,S,0,97
D,229361,6,settle,0.6084,S,0,97
D,229457,6,settle,0.6084,S,0,97
D,229553,6,settle,0.6084,S,0,97
D,229649,6,settle,0.6084,S,0,97
D,229745,6,settle,0.6084,S,0,97
D,229840,6,settle,0.6084,S,0,97
D,229936,6,settle,0.6084,S,0,97
D,230032,6,settle,0.6084,S,0,97
D,230128,6,settle,0.6084,S,0,97
D,230222,6,settle,0.6084,S,0,97
D,230318,6,settle,0.6084,S,0,97
D,230414,6,settle,0.6084,S,0,97
D,230510,6,settle,0.6084,S,0,97
D,230606,6,settle,0.6084,S,0,97
D,230701,6,settle,0.6084,S,0,97
D,230797,6,settle,0.6084,S,0,97
D,230893,6,settle,0.6084,S,0,97
D,230989,6,settle,0.6084,S,0,97
D,231083,6,settle,0.6084,S,0,97
D,231179,6,settle,0.6084,S,0,97
D,231275,6,settle,0.6084,S,0,97
D,231370,6,settle,0.6084,S,0,97
D,231466,6,settle,0.6084,S,0,97
D,231562,6,settle,0.6084,S,0,97
D,231658,6,settle,0.6084,S,0,97
D,231754,6,settle,0.6084,S,0,97
D,231850,6,settle,0.6083,S,0,97
D,231944,6,settle,0.6083,S,0,97
D,232039,6,settle,0.6083,S,0,97
D,232135,6,settle,0.6083,S,0,97
D,232231,6,settle,0.6083,S,0,97
D,232327,6,settle,0.6083,S,0,97
D,232423,6,settle,0.6083,S,0,97
D,232519,6,settle,0.6083,S,0,97
D,232614,6,settle,0.6083,S,0,97
D,232804,6,settle,0.6083,S,0,97
D,232900,6,settle,0.6083,S,0,97
D,232996,6,settle,0.6083,S,0,97
D,233092,6,settle,0.6083,S,0,97
D,233188,6,settle,0.6083,S,0,97
D,233283,6,settle,0.6083,S,0,97
D,233379,6,settle,0.6083,S,0,97
D,233475,6,settle,0.6083,S,0,97
D,233571,6,settle,0.6083,S,0,97
D,233667,6,settle,0.6082,S,0,97
D,233761,6,settle,0.6082,S,0,97
D,233856,6,settle,0.6082,S,0,97
D,233952,6,settle,0.6082,S,0,97
D,234048,6,settle,0.6082,S,0,97
D,234144,6,settle,0.6082,S,0,97
D,234240,6,settle,0.6082,S,0,97
D,234336,6,settle,0.6082,S,0,97
D,234432,6,settle,0.6082,S,0,97
D,234527,6,settle,0.6082,S,0,97
D,234621,6,settle,0.6082,S,0,97
D,234717,6,settle,0.6082,S,0,97
D,234813,6,settle,0.6082,S,0,97
D,234909,6,settle,0.6082,S,0,97
D,235005,6,settle,0.6082,S,0,97
D,235100,6,settle,0.6082,S,0,97
D,235196,6,settle,0.6082,S,0,97
D,235292,6,settle,0.6082,S,0,97
D,235388,6,settle,0.6082,S,0,97
D,235482,6,settle,0.6082,S,0,97
D,235578,6,settle,0.6082,S,0,97
D,235674,6,settle,0.6082,S,0,97
D,235769,6,settle,0.6082,S,0,97
D,235865,6,settle,0.6082,S,0,97
D,235961,6,settle,0.6081,S,0,97
D,236057,6,settle,0.6081,S,0,97
D,236152,6,settle,0.6078,U,0,97
D,236248,6,settle,0.6078,U,0,97
D,236343,6,settle,0.6078,U,0,97
D,236437,6,settle,0.6078,U,0,97
D,236533,6,settle,0.6079,U,0,97
D,236629,6,settle,0.6079,S,0,97
D,236725,6,settle,0.6080,U,0,97
D,236821,6,settle,0.6080,U,0,97
D,236917,6,settle,0.6080,U,0,97
D,237013,6,settle,0.6080,S,0,97
D,237108,6,settle,0.6080,S,0,97
D,237204,6,settle,0.6080,S,0,97
D,237298,6,settle,0.6080,S,0,97
D,237394,6,settle,0.6080,S,0,97
D,237490,6,settle,0.6080,S,0,97
D,237586,6,settle,0.6080,S,0,97
D,237682,6,settle,0.6080,S,0,97
D,237777,6,settle,0.6080,S,0,97
D,237873,6,settle,0.6080,S,0,97
D,237969,6,settle,0.6080,S,0,97
P,238066,6,70.0,2,settled,0.6080
D,238159,6,settle,0.6080,S,0,97
D,238255,6,settle,0.6080,S,0,97
D,238351,6,settle,0.6080,S,0,97
D,238446,6,settle,0.6080,S,0,97
D,238542,6,settle,0.6080,S,0,97
D,238638,6,settle,0.6080,S,0,97
D,238734,6,settle,0.6080,S,0,97
D,238830,6,settle,0.6080,S,0,97
D,238926,6,settle,0.6080,S,0,97
D,239022,6,settle,0.6080,S,0,97
D,239116,6,settle,0.6080,S,0,97
D,239211,6,settle,0.6080,S,0,97
D,239307,6,settle,0.6080,S,0,97
D,239403,6,settle,0.6080,S,0,97
D,239499,6,settle,0.6080,S,0,97
D,239595,6,settle,0.6080,S,0,97
D,239691,6,settle,0.6080,S,0,97
D,239787,6,settle,0.6080,S,0,97
D,239883,6,settle,0.6080,S,0,97
D,239976,6,settle,0.6080,S,0,97
D,240072,6,settle,0.6080,S,0,97
D,240168,6,settle,0.6080,S,0,97
D,240264,6,settle,0.6080,S,0,97
D,240360,6,settle,0.6080,S,0,97
D,240456,6,settle,0.6080,S,0,97
D,240552,6,settle,0.6080,S,0,97
D,240647,6,settle,0.6080,S,0,97
D,240743,6,settle,0.6080,S,0,97
D,240837,6,settle,0.6080,S,0,97
D,240933,6,settle,0.6080,S,0,97
D,241029,6,settle,0.6080,S,0,97
D,241125,6,settle,0.6080,S,0,97
D,241221,6,settle,0.6080,S,0,97
D,241316,6,settle,0.6080,S,0,97
D,241412,6,settle,0.6080,S,0,97
D,241508,6,settle,0.6080,S,0,97
D,241604,6,settle,0.6080,S,0,97
D,241700,6,settle,0.6080,S,0,97
D,241794,6,settle,0.6079,S,0,97
D,241890,6,settle,0.6079,S,0,97
D,241985,6,settle,0.6079,S,0,97
D,242081,6,settle,0.6079,S,0,97
D,242177,6,settle,0.6079,S,0,97
D,242273,6,settle,0.6079,S,0,97
D,242369,6,settle,0.6079,S,0,97
D,242465,6,settle,0.6079,S,0,97
D,242561,6,settle,0.6079,S,0,97
D,242654,6,settle,0.6079,S,0,97
D,242750,6,settle,0.6079,S,0,97
D,242846,6,settle,0.6079,S,0,97
D,242942,6,settle,0.6079,S,0,97
D,243038,6,settle,0.6079,S,0,97
P,243134,6,70.0,2,settled2,0.6079
R,6,70.0,2,0.5060,7.11,0.6080,0.6079,24,ok
E,243140,=== trial 7 : angle 60.0 plate deg, rep 2 ===
P,244760,7,60.0,2,pretare,0.6078
P,245332,7,60.0,2,tare0,0.0000
D,245428,7,preroll,0.0000,S,0,97
D,245524,7,preroll,0.0000,S,0,97
D,245620,7,preroll,0.0000,S,0,97
D,245715,7,preroll,0.0000,S,0,97
D,245811,7,preroll,0.0000,S,0,97
D,245907,7,preroll,0.0000,S,0,97
D,246003,7,preroll,0.0000,S,0,97
D,246099,7,preroll,0.0000,S,0,97
D,246192,7,preroll,0.0000,S,0,97
D,246288,7,preroll,0.0000,S,0,97
D,246384,7,preroll,0.0000,S,0,97
D,246480,7,preroll,0.0000,S,0,97
D,246576,7,preroll,0.0000,S,0,97
D,246672,7,preroll,0.0000,S,0,97
D,246768,7,preroll,0.0000,S,0,97
D,246863,7,preroll,0.0000,S,0,97
D,246959,7,preroll,0.0000,S,0,97
D,247053,7,preroll,0.0000,S,0,97
D,247149,7,preroll,0.0000,S,0,97
D,247256,7,preroll,0.0000,S,0,97
D,247437,7,preroll,0.0000,S,0,97
E,247501,dispense start: 55 rpm, tap every 3 polls
D,247532,7,dispense,0.0000,S,55,97
D,247628,7,dispense,0.0000,S,55,97
D,247724,7,dispense,0.0000,S,55,97
D,247820,7,dispense,0.0000,S,55,98
D,247916,7,dispense,0.0000,S,55,98
D,248010,7,dispense,0.0000,S,55,98
D,248105,7,dispense,0.0000,S,55,99
D,248201,7,dispense,0.0000,S,55,99
D,248296,7,dispense,0.0044,U,55,99
D,248392,7,dispense,0.0097,U,55,100
D,248487,7,dispense,0.0166,U,55,100
D,248583,7,dispense,0.0230,U,55,100
D,248679,7,dispense,0.0273,U,55,101
D,248775,7,dispense,0.0291,U,55,101
D,248869,7,dispense,0.0293,U,55,101
D,248965,7,dispense,0.0292,U,55,102
D,249061,7,dispense,0.0296,U,55,102
D,249156,7,dispense,0.0309,U,55,102
D,249252,7,dispense,0.0338,U,55,103
D,249348,7,dispense,0.0396,U,55,103
D,249444,7,dispense,0.0498,U,55,103
D,249540,7,dispense,0.0651,U,55,104
D,249636,7,dispense,0.0845,U,55,104
D,249730,7,dispense,0.1044,U,55,104
D,249825,7,dispense,0.1209,U,55,105
D,249921,7,dispense,0.1316,U,55,105
D,250017,7,dispense,0.1366,U,55,105
D,250113,7,dispense,0.1383,U,55,106
D,250209,7,dispense,0.1388,U,55,106
D,250304,7,dispense,0.1400,U,55,106
D,250400,7,dispense,0.1435,U,55,107
D,250496,7,dispense,0.1512,U,55,107
D,250592,7,dispense,0.1648,U,55,107
D,250686,7,dispense,0.1844,U,55,108
D,250782,7,dispense,0.2075,U,55,108
D,250878,7,dispense,0.2300,U,55,108
D,250973,7,dispense,0.2473,U,55,109
D,251069,7,dispense,0.2574,U,55,109
D,251165,7,dispense,0.2612,U,55,109
D,251261,7,dispense,0.2619,U,55,110
D,251357,7,dispense,0.2627,U,55,110
D,251453,7,dispense,0.2658,U,55,110
D,251547,7,dispense,0.2728,U,55,111
D,251642,7,dispense,0.2853,U,55,111
D,251738,7,dispense,0.3035,U,55,111
D,251834,7,dispense,0.3258,U,55,112
D,251930,7,dispense,0.3488,U,55,112
D,252026,7,dispense,0.3686,U,55,112
D,252122,7,dispense,0.3819,U,55,113
D,252217,7,dispense,0.3886,U,55,113
D,252313,7,dispense,0.3905,U,55,113
D,252407,7,dispense,0.3910,U,55,114
D,252503,7,dispense,0.3927,U,55,114
D,252599,7,dispense,0.3978,U,55,114
D,252695,7,dispense,0.4080,U,55,115
D,252790,7,dispense,0.4240,U,55,115
D,252886,7,dispense,0.4452,U,55,115
D,252982,7,dispense,0.4693,U,55,116
D,253078,7,dispense,0.4922,U,55,116
D,253174,7,dispense,0.5099,U,55,116
E,253178,TRIGGER 0.5099 g at t=5.58 s -- ALL STOP
D,253271,7,settle,0.5204,U,0,116
D,253364,7,settle,0.5243,U,0,116
D,253459,7,settle,0.5246,U,0,116
D,253555,7,settle,0.5247,U,0,116
D,253651,7,settle,0.5277,U,0,116
D,253747,7,settle,0.5356,U,0,116
D,253843,7,settle,0.5494,U,0,116
D,253939,7,settle,0.5679,U,0,116
D,254034,7,settle,0.5880,U,0,116
D,254130,7,settle,0.6053,U,0,116
D,254224,7,settle,0.6165,U,0,116
D,254320,7,settle,0.6207,U,0,116
D,254416,7,settle,0.6201,U,0,116
D,254512,7,settle,0.6177,U,0,116
D,254608,7,settle,0.6158,U,0,116
D,254703,7,settle,0.6149,U,0,116
D,254799,7,settle,0.6146,U,0,116
D,254895,7,settle,0.6145,U,0,116
D,254991,7,settle,0.6144,U,0,116
D,255085,7,settle,0.6144,U,0,116
D,255181,7,settle,0.6144,U,0,116
D,255276,7,settle,0.6144,U,0,116
D,255372,7,settle,0.6144,S,0,116
D,255468,7,settle,0.6144,S,0,116
D,255564,7,settle,0.6144,S,0,116
D,255660,7,settle,0.6144,S,0,116
D,255756,7,settle,0.6144,S,0,116
D,255852,7,settle,0.6144,S,0,116
D,255946,7,settle,0.6144,S,0,116
D,256041,7,settle,0.6144,S,0,116
D,256137,7,settle,0.6144,S,0,116
D,256233,7,settle,0.6144,S,0,116
D,256329,7,settle,0.6144,S,0,116
D,256425,7,settle,0.6144,S,0,116
D,256521,7,settle,0.6144,S,0,116
D,256617,7,settle,0.6144,S,0,116
D,256712,7,settle,0.6144,S,0,116
D,256808,7,settle,0.6144,S,0,116
D,256902,7,settle,0.6143,S,0,116
D,256998,7,settle,0.6143,S,0,116
D,257099,7,settle,0.6143,S,0,116
D,257190,7,settle,0.6143,S,0,116
D,257286,7,settle,0.6143,S,0,116
D,257382,7,settle,0.6143,S,0,116
D,257477,7,settle,0.6143,S,0,116
D,257573,7,settle,0.6144,S,0,116
D,257669,7,settle,0.6144,S,0,116
D,257763,7,settle,0.6144,S,0,116
D,257859,7,settle,0.6144,S,0,116
D,257955,7,settle,0.6144,S,0,116
D,258051,7,settle,0.6143,S,0,116
D,258147,7,settle,0.6143,S,0,116
D,258242,7,settle,0.6143,S,0,116
D,258338,7,settle,0.6143,S,0,116
D,258434,7,settle,0.6143,S,0,116
D,258530,7,settle,0.6143,S,0,116
D,258624,7,settle,0.6143,S,0,116
D,258720,7,settle,0.6143,S,0,116
D,258816,7,settle,0.6143,S,0,116
D,258911,7,settle,0.6143,S,0,116
D,259008,7,settle,0.6143,S,0,116
D,259103,7,settle,0.6143,S,0,116
D,259199,7,settle,0.6143,S,0,116
D,259295,7,settle,0.6143,S,0,116
D,259391,7,settle,0.6143,S,0,116
D,259487,7,settle,0.6143,S,0,116
D,259580,7,settle,0.6143,S,0,116
D,259676,7,settle,0.6143,S,0,116
D,259772,7,settle,0.6143,S,0,116
D,259868,7,settle,0.6143,S,0,116
D,259964,7,settle,0.6143,S,0,116
D,260060,7,settle,0.6143,S,0,116
D,260156,7,settle,0.6143,S,0,116
D,260252,7,settle,0.6143,S,0,116
D,260347,7,settle,0.6143,S,0,116
D,260441,7,settle,0.6143,S,0,116
D,260537,7,settle,0.6143,S,0,116
D,260633,7,settle,0.6143,S,0,116
D,260729,7,settle,0.6143,S,0,116
D,260825,7,settle,0.6143,S,0,116
D,260921,7,settle,0.6143,S,0,116
D,261016,7,settle,0.6142,S,0,116
D,261112,7,settle,0.6142,S,0,116
D,261208,7,settle,0.6142,S,0,116
D,261302,7,settle,0.6142,S,0,116
D,261398,7,settle,0.6142,S,0,116
D,261494,7,settle,0.6142,S,0,116
D,261590,7,settle,0.6142,S,0,116
D,261685,7,settle,0.6142,S,0,116
D,261781,7,settle,0.6142,S,0,116
D,261877,7,settle,0.6142,S,0,116
D,261973,7,settle,0.6142,S,0,116
D,262069,7,settle,0.6142,S,0,116
D,262165,7,settle,0.6142,S,0,116
D,262259,7,settle,0.6142,S,0,116
D,262354,7,settle,0.6142,S,0,116
D,262450,7,settle,0.6142,S,0,116
D,262546,7,settle,0.6142,S,0,116
D,262642,7,settle,0.6142,S,0,116
D,262738,7,settle,0.6142,S,0,116
D,262834,7,settle,0.6142,S,0,116
D,262930,7,settle,0.6142,S,0,116
D,263025,7,settle,0.6142,S,0,116
D,263119,7,settle,0.6142,S,0,116
D,263215,7,settle,0.6142,S,0,116
D,263311,7,settle,0.6142,S,0,116
D,263407,7,settle,0.6142,S,0,116
D,263503,7,settle,0.6142,S,0,116
D,263598,7,settle,0.6141,S,0,116
D,263694,7,settle,0.6141,S,0,116
D,263790,7,settle,0.6141,S,0,116
D,263886,7,settle,0.6141,S,0,116
D,263980,7,settle,0.6141,S,0,116
D,264076,7,settle,0.6141,S,0,116
D,264172,7,settle,0.6141,S,0,116
D,264267,7,settle,0.6141,S,0,116
D,264363,7,settle,0.6141,S,0,116
D,264459,7,settle,0.6141,S,0,116
D,264555,7,settle,0.6141,S,0,116
D,264651,7,settle,0.6141,S,0,116
D,264747,7,settle,0.6141,S,0,116
D,264840,7,settle,0.6141,S,0,116
D,264936,7,settle,0.6141,S,0,116
D,265032,7,settle,0.6141,S,0,116
D,265128,7,settle,0.6141,S,0,116
D,265224,7,settle,0.6141,S,0,116
D,265320,7,settle,0.6141,S,0,116
D,265416,7,settle,0.6141,S,0,116
D,265511,7,settle,0.6141,S,0,116
D,265607,7,settle,0.6141,S,0,116
D,265703,7,settle,0.6141,S,0,116
D,265797,7,settle,0.6141,S,0,116
D,265893,7,settle,0.6141,S,0,116
D,265989,7,settle,0.6141,S,0,116
D,266084,7,settle,0.6141,S,0,116
D,266180,7,settle,0.6141,S,0,116
D,266276,7,settle,0.6141,S,0,116
D,266372,7,settle,0.6140,S,0,116
D,266468,7,settle,0.6140,S,0,116
D,266564,7,settle,0.6140,S,0,116
D,266658,7,settle,0.6140,S,0,116
D,266753,7,settle,0.6140,S,0,116
D,266849,7,settle,0.6140,S,0,116
D,266945,7,settle,0.6140,S,0,116
D,267041,7,settle,0.6140,S,0,116
D,267137,7,settle,0.6140,S,0,116
D,267233,7,settle,0.6140,S,0,116
D,267328,7,settle,0.6140,S,0,116
D,267424,7,settle,0.6140,S,0,116
D,267518,7,settle,0.6140,S,0,116
D,267614,7,settle,0.6140,S,0,116
D,267710,7,settle,0.6140,S,0,116
D,267806,7,settle,0.6140,S,0,116
D,267901,7,settle,0.6140,S,0,116
D,267997,7,settle,0.6140,S,0,116
D,268093,7,settle,0.6140,S,0,116
D,268189,7,settle,0.6140,S,0,116
P,268285,7,60.0,2,settled,0.6140
D,268381,7,settle,0.6140,S,0,116
D,268474,7,settle,0.6140,S,0,116
D,268570,7,settle,0.6139,S,0,116
D,268666,7,settle,0.6139,S,0,116
D,268762,7,settle,0.6139,S,0,116
D,268858,7,settle,0.6139,S,0,116
D,268954,7,settle,0.6139,S,0,116
D,269050,7,settle,0.6139,S,0,116
D,269145,7,settle,0.6139,S,0,116
D,269241,7,settle,0.6139,S,0,116
D,269335,7,settle,0.6139,S,0,116
D,269431,7,settle,0.6139,S,0,116
D,269527,7,settle,0.6139,S,0,116
D,269623,7,settle,0.6139,S,0,116
D,269718,7,settle,0.6139,S,0,116
D,269814,7,settle,0.6139,S,0,116
D,269910,7,settle,0.6139,S,0,116
D,270006,7,settle,0.6139,S,0,116
D,270113,7,settle,0.6139,S,0,116
D,270292,7,settle,0.6139,S,0,116
D,270387,7,settle,0.6138,S,0,116
D,270483,7,settle,0.6138,S,0,116
D,270579,7,settle,0.6138,S,0,116
D,270675,7,settle,0.6138,S,0,116
D,270771,7,settle,0.6138,S,0,116
D,270867,7,settle,0.6138,S,0,116
D,270962,7,settle,0.6138,S,0,116
D,271059,7,settle,0.6138,S,0,116
D,271152,7,settle,0.6138,S,0,116
D,271248,7,settle,0.6138,S,0,116
D,271344,7,settle,0.6138,S,0,116
D,271440,7,settle,0.6138,S,0,116
D,271536,7,settle,0.6138,S,0,116
D,271631,7,settle,0.6138,S,0,116
D,271727,7,settle,0.6138,S,0,116
D,271823,7,settle,0.6138,S,0,116
D,271919,7,settle,0.6138,S,0,116
D,272013,7,settle,0.6138,S,0,116
D,272109,7,settle,0.6138,S,0,116
D,272204,7,settle,0.6137,S,0,116
D,272300,7,settle,0.6137,S,0,116
D,272396,7,settle,0.6137,S,0,116
D,272492,7,settle,0.6137,S,0,116
D,272588,7,settle,0.6137,S,0,116
D,272684,7,settle,0.6137,S,0,116
D,272780,7,settle,0.6137,S,0,116
D,272873,7,settle,0.6137,S,0,116
D,272969,7,settle,0.6137,S,0,116
D,273065,7,settle,0.6137,S,0,116
D,273161,7,settle,0.6137,S,0,116
D,273257,7,settle,0.6137,S,0,116
P,273354,7,60.0,2,settled2,0.6137
R,7,60.0,2,0.5099,5.68,0.6140,0.6137,19,ok
E,273359,=== trial 8 : angle 50.0 plate deg, rep 2 ===
P,274981,8,50.0,2,pretare,0.6136
P,275552,8,50.0,2,tare0,0.0000
D,275647,8,preroll,0.0000,S,0,116
D,275743,8,preroll,0.0000,S,0,116
D,275839,8,preroll,0.0000,S,0,116
D,275935,8,preroll,0.0000,S,0,116
D,276030,8,preroll,0.0000,S,0,116
D,276126,8,preroll,0.0000,S,0,116
D,276222,8,preroll,0.0000,S,0,116
D,276318,8,preroll,0.0000,S,0,116
D,276412,8,preroll,0.0000,S,0,116
D,276508,8,preroll,0.0000,S,0,116
D,276604,8,preroll,0.0000,S,0,116
D,276699,8,preroll,0.0000,S,0,116
D,276795,8,preroll,0.0000,S,0,116
D,276891,8,preroll,0.0000,S,0,116
D,276987,8,preroll,0.0000,S,0,116
D,277083,8,preroll,0.0000,S,0,116
D,277179,8,preroll,0.0000,S,0,116
D,277274,8,preroll,0.0000,S,0,116
D,277368,8,preroll,0.0000,S,0,116
D,277464,8,preroll,0.0000,S,0,116
D,277560,8,preroll,0.0000,S,0,116
E,277624,dispense start: 55 rpm, tap every 3 polls
D,277656,8,dispense,0.0000,S,55,116
D,277752,8,dispense,0.0000,S,55,116
D,277847,8,dispense,0.0000,S,55,116
D,277943,8,dispense,0.0000,S,55,117
D,278039,8,dispense,0.0000,S,55,117
D,278135,8,dispense,0.0000,S,55,117
D,278229,8,dispense,0.0000,S,55,118
D,278325,8,dispense,0.0000,S,55,118
D,278421,8,dispense,0.0000,S,55,118
D,278515,8,dispense,0.0085,U,55,119
D,278611,8,dispense,0.0183,U,55,119
D,278707,8,dispense,0.0319,U,55,119
D,278803,8,dispense,0.0466,U,55,120
D,278898,8,dispense,0.0590,U,55,120
D,278994,8,dispense,0.0676,U,55,120
D,279088,8,dispense,0.0724,U,55,121
D,279184,8,dispense,0.0746,U,55,121
D,279280,8,dispense,0.0761,U,55,121
D,279375,8,dispense,0.0793,U,55,122
D,279471,8,dispense,0.0864,U,55,122
D,279567,8,dispense,0.0991,U,55,122
D,279663,8,dispense,0.1173,U,55,123
D,279759,8,dispense,0.1405,U,55,123
D,279855,8,dispense,0.1674,U,55,123
D,279951,8,dispense,0.1955,U,55,124
D,280045,8,dispense,0.2199,U,55,124
D,280140,8,dispense,0.2360,U,55,124
D,280236,8,dispense,0.2425,U,55,125
D,280332,8,dispense,0.2431,U,55,125
D,280428,8,dispense,0.2432,U,55,125
D,280524,8,dispense,0.2469,U,55,126
D,280620,8,dispense,0.2563,U,55,126
D,280715,8,dispense,0.2717,U,55,126
D,280811,8,dispense,0.2927,U,55,127
D,280905,8,dispense,0.3184,U,55,127
D,281001,8,dispense,0.3470,U,55,127
D,281097,8,dispense,0.3745,U,55,128
D,281193,8,dispense,0.3955,U,55,128
D,281289,8,dispense,0.4068,U,55,128
D,281384,8,dispense,0.4101,U,55,129
D,281480,8,dispense,0.4107,U,55,129
D,281576,8,dispense,0.4141,U,55,129
D,281672,8,dispense,0.4234,U,55,130
D,281766,8,dispense,0.4395,U,55,130
D,281862,8,dispense,0.4616,U,55,130
D,281957,8,dispense,0.4883,U,55,131
D,282053,8,dispense,0.5174,U,55,131
E,282057,TRIGGER 0.5174 g at t=4.34 s -- ALL STOP
D,282160,8,settle,0.5454,U,0,131
D,282341,8,settle,0.5807,U,0,131
D,282437,8,settle,0.5853,U,0,131
D,282533,8,settle,0.5852,U,0,131
D,282628,8,settle,0.5855,U,0,131
D,282722,8,settle,0.5901,U,0,131
D,282818,8,settle,0.6000,U,0,131
D,282914,8,settle,0.6132,U,0,131
D,283010,8,settle,0.6258,U,0,131
D,283105,8,settle,0.6345,U,0,131
D,283201,8,settle,0.6380,U,0,131
D,283297,8,settle,0.6379,U,0,131
D,283393,8,settle,0.6362,U,0,131
D,283489,8,settle,0.6348,U,0,131
D,283583,8,settle,0.6341,U,0,131
D,283679,8,settle,0.6338,U,0,131
D,283775,8,settle,0.6337,U,0,131
D,283870,8,settle,0.6337,U,0,131
D,283966,8,settle,0.6337,U,0,131
D,284062,8,settle,0.6337,U,0,131
D,284158,8,settle,0.6337,S,0,131
D,284254,8,settle,0.6337,S,0,131
D,284350,8,settle,0.6337,S,0,131
D,284443,8,settle,0.6337,S,0,131
D,284539,8,settle,0.6337,S,0,131
D,284635,8,settle,0.6337,S,0,131
D,284731,8,settle,0.6337,S,0,131
D,284827,8,settle,0.6337,S,0,131
D,284923,8,settle,0.6337,S,0,131
D,285019,8,settle,0.6337,S,0,131
D,285114,8,settle,0.6337,S,0,131
D,285210,8,settle,0.6337,S,0,131
D,285304,8,settle,0.6337,S,0,131
D,285400,8,settle,0.6337,S,0,131
D,285496,8,settle,0.6337,S,0,131
D,285592,8,settle,0.6337,S,0,131
D,285688,8,settle,0.6337,S,0,131
D,285784,8,settle,0.6337,S,0,131
D,285879,8,settle,0.6337,S,0,131
D,285975,8,settle,0.6337,S,0,131
D,286071,8,settle,0.6337,S,0,131
D,286167,8,settle,0.6337,S,0,131
D,286261,8,settle,0.6337,S,0,131
D,286357,8,settle,0.6337,S,0,131
D,286453,8,settle,0.6337,S,0,131
D,286549,8,settle,0.6337,S,0,131
D,286644,8,settle,0.6337,S,0,131
D,286740,8,settle,0.6337,S,0,131
D,286836,8,settle,0.6337,S,0,131
D,286932,8,settle,0.6337,S,0,131
D,287028,8,settle,0.6337,S,0,131
D,287122,8,settle,0.6337,S,0,131
D,287218,8,settle,0.6337,S,0,131
D,287313,8,settle,0.6337,S,0,131
D,287409,8,settle,0.6337,S,0,131
D,287505,8,settle,0.6337,S,0,131
D,287601,8,settle,0.6337,S,0,131
D,287697,8,settle,0.6337,S,0,131
D,287793,8,settle,0.6337,S,0,131
D,287889,8,settle,0.6337,S,0,131
D,287983,8,settle,0.6337,S,0,131
D,288078,8,settle,0.6337,S,0,131
D,288174,8,settle,0.6337,S,0,131
D,288270,8,settle,0.6337,S,0,131
D,288366,8,settle,0.6337,S,0,131
D,288462,8,settle,0.6337,S,0,131
D,288558,8,settle,0.6337,S,0,131
D,288653,8,settle,0.6337,S,0,131
D,288749,8,settle,0.6337,S,0,131
D,288845,8,settle,0.6336,S,0,131
D,288939,8,settle,0.6336,S,0,131
D,289035,8,settle,0.6336,S,0,131
D,289131,8,settle,0.6336,S,0,131
D,289227,8,settle,0.6336,S,0,131
D,289323,8,settle,0.6336,S,0,131
D,289419,8,settle,0.6336,S,0,131
D,289514,8,settle,0.6336,S,0,131
D,289610,8,settle,0.6336,S,0,131
D,289706,8,settle,0.6336,S,0,131
D,289800,8,settle,0.6336,S,0,131
D,289896,8,settle,0.6336,S,0,131
D,289992,8,settle,0.6336,S,0,131
D,290088,8,settle,0.6336,S,0,131
D,290183,8,settle,0.6336,S,0,131
D,290279,8,settle,0.6336,S,0,131
D,290375,8,settle,0.6336,S,0,131
D,290471,8,settle,0.6336,S,0,131
D,290567,8,settle,0.6336,S,0,131
D,290661,8,settle,0.6336,S,0,131
D,290757,8,settle,0.6336,S,0,131
D,290852,8,settle,0.6336,S,0,131
D,290948,8,settle,0.6336,S,0,131
D,291044,8,settle,0.6336,S,0,131
D,291140,8,settle,0.6336,S,0,131
D,291236,8,settle,0.6336,S,0,131
D,291332,8,settle,0.6336,S,0,131
D,291427,8,settle,0.6336,S,0,131
D,291523,8,settle,0.6336,S,0,131
D,291617,8,settle,0.6335,S,0,131
D,291713,8,settle,0.6335,S,0,131
D,291809,8,settle,0.6335,S,0,131
D,291905,8,settle,0.6335,S,0,131
D,292000,8,settle,0.6335,S,0,131
D,292096,8,settle,0.6335,S,0,131
D,292192,8,settle,0.6335,S,0,131
D,292288,8,settle,0.6335,S,0,131
D,292384,8,settle,0.6335,S,0,131
D,292478,8,settle,0.6335,S,0,131
D,292574,8,settle,0.6335,S,0,131
D,292669,8,settle,0.6335,S,0,131
D,292765,8,settle,0.6335,S,0,131
D,292861,8,settle,0.6335,S,0,131
D,292957,8,settle,0.6335,S,0,131
D,293053,8,settle,0.6335,S,0,131
D,293149,8,settle,0.6335,S,0,131
D,293245,8,settle,0.6335,S,0,131
D,293338,8,settle,0.6335,S,0,131
D,293434,8,settle,0.6335,S,0,131
D,293530,8,settle,0.6335,S,0,131
D,293626,8,settle,0.6335,S,0,131
D,293722,8,settle,0.6335,S,0,131
D,293818,8,settle,0.6335,S,0,131
D,293913,8,settle,0.6335,S,0,131
D,294009,8,settle,0.6335,S,0,131
D,294105,8,settle,0.6334,S,0,131
D,294199,8,settle,0.6334,S,0,131
D,294295,8,settle,0.6334,S,0,131
D,294391,8,settle,0.6334,S,0,131
D,294486,8,settle,0.6334,S,0,131
D,294582,8,settle,0.6334,S,0,131
D,294678,8,settle,0.6334,S,0,131
D,294774,8,settle,0.6334,S,0,131
D,294870,8,settle,0.6334,S,0,131
D,294966,8,settle,0.6334,S,0,131
D,295062,8,settle,0.6334,S,0,131
D,295167,8,settle,0.6334,S,0,131
D,295347,8,settle,0.6334,S,0,131
D,295443,8,settle,0.6334,S,0,131
D,295539,8,settle,0.6334,S,0,131
D,295635,8,settle,0.6334,S,0,131
D,295731,8,settle,0.6334,S,0,131
D,295826,8,settle,0.6334,S,0,131
D,295922,8,settle,0.6334,S,0,131
D,296016,8,settle,0.6334,S,0,131
D,296112,8,settle,0.6334,S,0,131
D,296208,8,settle,0.6334,S,0,131
D,296304,8,settle,0.6334,S,0,131
D,296400,8,settle,0.6334,S,0,131
D,296495,8,settle,0.6334,S,0,131
D,296591,8,settle,0.6334,S,0,131
D,296687,8,settle,0.6334,S,0,131
D,296783,8,settle,0.6334,S,0,131
D,296877,8,settle,0.6334,S,0,131
D,296973,8,settle,0.6334,S,0,131
D,297068,8,settle,0.6334,S,0,131
P,297165,8,50.0,2,settled,0.6334
D,297260,8,settle,0.6334,S,0,131
D,297356,8,settle,0.6334,S,0,131
D,297452,8,settle,0.6334,S,0,131
D,297548,8,settle,0.6334,S,0,131
D,297643,8,settle,0.6334,S,0,131
D,297739,8,settle,0.6334,S,0,131
D,297833,8,settle,0.6333,S,0,131
D,297929,8,settle,0.6333,S,0,131
D,298025,8,settle,0.6333,S,0,131
D,298121,8,settle,0.6333,S,0,131
D,298217,8,settle,0.6333,S,0,131
D,298312,8,settle,0.6333,S,0,131
D,298408,8,settle,0.6333,S,0,131
D,298504,8,settle,0.6333,S,0,131
D,298600,8,settle,0.6333,S,0,131
D,298694,8,settle,0.6333,S,0,131
D,298790,8,settle,0.6333,S,0,131
D,298885,8,settle,0.6333,S,0,131
D,298981,8,settle,0.6333,S,0,131
D,299077,8,settle,0.6333,S,0,131
D,299173,8,settle,0.6333,S,0,131
D,299269,8,settle,0.6333,S,0,131
D,299365,8,settle,0.6333,S,0,131
D,299461,8,settle,0.6333,S,0,131
D,299554,8,settle,0.6333,S,0,131
D,299650,8,settle,0.6333,S,0,131
D,299746,8,settle,0.6333,S,0,131
D,299842,8,settle,0.6333,S,0,131
D,299938,8,settle,0.6333,S,0,131
D,300034,8,settle,0.6332,S,0,131
D,300129,8,settle,0.6332,S,0,131
D,300225,8,settle,0.6332,S,0,131
D,300321,8,settle,0.6332,S,0,131
D,300417,8,settle,0.6332,S,0,131
D,300511,8,settle,0.6332,S,0,131
D,300607,8,settle,0.6332,S,0,131
D,300702,8,settle,0.6332,S,0,131
D,300798,8,settle,0.6332,S,0,131
D,300894,8,settle,0.6332,S,0,131
D,300990,8,settle,0.6332,S,0,131
D,301086,8,settle,0.6332,S,0,131
D,301182,8,settle,0.6332,S,0,131
D,301278,8,settle,0.6332,S,0,131
D,301371,8,settle,0.6332,S,0,131
D,301467,8,settle,0.6332,S,0,131
D,301563,8,settle,0.6332,S,0,131
D,301659,8,settle,0.6332,S,0,131
D,301755,8,settle,0.6332,S,0,131
D,301851,8,settle,0.6332,S,0,131
D,301946,8,settle,0.6331,S,0,131
D,302042,8,settle,0.6331,S,0,131
D,302138,8,settle,0.6331,S,0,131
P,302232,8,50.0,2,settled2,0.6331
R,8,50.0,2,0.5174,4.44,0.6334,0.6331,15,ok
E,302238,=== trial 9 : angle 40.0 plate deg, rep 2 ===
P,303860,9,40.0,2,pretare,0.6331
P,304432,9,40.0,2,tare0,0.0000
D,304528,9,preroll,0.0000,S,0,131
D,304624,9,preroll,0.0000,S,0,131
D,304720,9,preroll,0.0000,S,0,131
D,304816,9,preroll,0.0000,S,0,131
D,304910,9,preroll,0.0000,S,0,131
D,305006,9,preroll,0.0000,S,0,131
D,305101,9,preroll,0.0000,S,0,131
D,305197,9,preroll,0.0000,S,0,131
D,305293,9,preroll,0.0000,S,0,131
D,305389,9,preroll,0.0000,S,0,131
D,305485,9,preroll,0.0000,S,0,131
D,305581,9,preroll,0.0000,S,0,131
D,305676,9,preroll,0.0000,S,0,131
D,305770,9,preroll,0.0000,S,0,131
D,305866,9,preroll,0.0000,S,0,131
D,305962,9,preroll,0.0000,S,0,131
D,306058,9,preroll,0.0000,S,0,131
D,306154,9,preroll,0.0000,S,0,131
D,306249,9,preroll,0.0000,S,0,131
D,306346,9,preroll,0.0000,S,0,131
D,306441,9,preroll,0.0000,S,0,131
E,306505,dispense start: 55 rpm, tap every 3 polls
D,306537,9,dispense,0.0000,S,55,131
D,306633,9,dispense,0.0000,S,55,131
D,306727,9,dispense,0.0000,S,55,131
D,306823,9,dispense,0.0000,S,55,132
D,306918,9,dispense,0.0000,S,55,132
D,307014,9,dispense,0.0000,S,55,132
D,307110,9,dispense,0.0000,S,55,133
D,307206,9,dispense,0.0000,S,55,133
D,307300,9,dispense,0.0064,U,55,133
D,307396,9,dispense,0.0152,U,55,134
D,307492,9,dispense,0.0292,U,55,134
D,307586,9,dispense,0.0484,U,55,134
D,307682,9,dispense,0.0721,U,55,135
D,307778,9,dispense,0.0991,U,55,135
D,307873,9,dispense,0.1259,U,55,135
D,307970,9,dispense,0.1471,U,55,136
D,308065,9,dispense,0.1590,U,55,136
D,308161,9,dispense,0.1624,U,55,136
D,308257,9,dispense,0.1620,U,55,137
D,308353,9,dispense,0.1632,U,55,137
D,308457,9,dispense,0.1694,U,55,137
D,308638,9,dispense,0.2000,U,55,138
D,308734,9,dispense,0.2216,U,55,138
D,308830,9,dispense,0.2455,U,55,138
D,308926,9,dispense,0.2698,U,55,139
D,309022,9,dispense,0.2914,U,55,139
D,309117,9,dispense,0.3065,U,55,139
D,309213,9,dispense,0.3135,U,55,140
D,309309,9,dispense,0.3149,U,55,140
D,309403,9,dispense,0.3152,U,55,140
D,309499,9,dispense,0.3189,U,55,141
D,309595,9,dispense,0.3286,U,55,141
D,309691,9,dispense,0.3447,U,55,141
D,309787,9,dispense,0.3656,U,55,142
D,309882,9,dispense,0.3897,U,55,142
D,309978,9,dispense,0.4150,U,55,142
D,310074,9,dispense,0.4385,U,55,143
D,310170,9,dispense,0.4563,U,55,143
D,310264,9,dispense,0.4658,U,55,143
D,310359,9,dispense,0.4685,U,55,144
D,310456,9,dispense,0.4688,U,55,144
D,310551,9,dispense,0.4716,U,55,144
D,310647,9,dispense,0.4799,U,55,145
D,310743,9,dispense,0.4945,U,55,145
D,310839,9,dispense,0.5139,U,55,145
E,310843,TRIGGER 0.5139 g at t=4.24 s -- ALL STOP
D,310936,9,settle,0.5364,U,0,145
D,311031,9,settle,0.5606,U,0,145
D,311124,9,settle,0.5843,U,0,145
D,311220,9,settle,0.6043,U,0,145
D,311316,9,settle,0.6169,U,0,145
D,311412,9,settle,0.6218,U,0,145
D,311508,9,settle,0.6216,U,0,145
D,311603,9,settle,0.6200,U,0,145
D,311699,9,settle,0.6189,U,0,145
D,311795,9,settle,0.6188,U,0,145
D,311891,9,settle,0.6189,U,0,145
D,311987,9,settle,0.6189,U,0,145
D,312081,9,settle,0.6188,U,0,145
D,312177,9,settle,0.6187,U,0,145
D,312273,9,settle,0.6186,U,0,145
D,312368,9,settle,0.6186,U,0,145
D,312464,9,settle,0.6185,U,0,145
D,312560,9,settle,0.6185,U,0,145
D,312656,9,settle,0.6184,U,0,145
D,312752,9,settle,0.6184,U,0,145
D,312848,9,settle,0.6184,U,0,145
D,312942,9,settle,0.6184,S,0,145
D,313037,9,settle,0.6183,U,0,145
D,313133,9,settle,0.6183,S,0,145
D,313229,9,settle,0.6183,S,0,145
D,313325,9,settle,0.6183,S,0,145
D,313421,9,settle,0.6183,S,0,145
D,313517,9,settle,0.6183,S,0,145
D,313613,9,settle,0.6182,S,0,145
D,313709,9,settle,0.6182,S,0,145
D,313802,9,settle,0.6182,S,0,145
D,313898,9,settle,0.6182,S,0,145
D,313994,9,settle,0.6181,U,0,145
D,314090,9,settle,0.6181,S,0,145
D,314186,9,settle,0.6181,S,0,145
D,314282,9,settle,0.6181,S,0,145
D,314378,9,settle,0.6181,S,0,145
D,314473,9,settle,0.6181,S,0,145
D,314569,9,settle,0.6181,S,0,145
D,314663,9,settle,0.6181,S,0,145
D,314759,9,settle,0.6181,S,0,145
D,314855,9,settle,0.6181,S,0,145
D,314951,9,settle,0.6181,S,0,145
D,315046,9,settle,0.6181,S,0,145
D,315142,9,settle,0.6181,S,0,145
D,315238,9,settle,0.6181,S,0,145
D,315334,9,settle,0.6181,S,0,145
D,315430,9,settle,0.6181,S,0,145
D,315526,9,settle,0.6181,S,0,145
D,315620,9,settle,0.6181,S,0,145
D,315716,9,settle,0.6181,S,0,145
D,315811,9,settle,0.6181,S,0,145
D,315907,9,settle,0.6181,S,0,145
D,316003,9,settle,0.6181,S,0,145
D,316099,9,settle,0.6181,S,0,145
D,316195,9,settle,0.6181,S,0,145
D,316291,9,settle,0.6181,S,0,145
D,316387,9,settle,0.6181,S,0,145
D,316480,9,settle,0.6181,S,0,145
D,316577,9,settle,0.6181,S,0,145
D,316672,9,settle,0.6181,S,0,145
D,316768,9,settle,0.6181,S,0,145
D,316864,9,settle,0.6181,S,0,145
D,316960,9,settle,0.6181,S,0,145
D,317056,9,settle,0.6181,S,0,145
D,317151,9,settle,0.6181,S,0,145
D,317247,9,settle,0.6181,S,0,145
D,317341,9,settle,0.6181,S,0,145
D,317437,9,settle,0.6180,S,0,145
D,317533,9,settle,0.6180,S,0,145
D,317629,9,settle,0.6180,S,0,145
D,317725,9,settle,0.6180,S,0,145
D,317821,9,settle,0.6180,S,0,145
D,317916,9,settle,0.6180,S,0,145
D,318012,9,settle,0.6180,S,0,145
D,318108,9,settle,0.6180,S,0,145
D,318204,9,settle,0.6180,S,0,145
D,318298,9,settle,0.6180,S,0,145
D,318394,9,settle,0.6180,S,0,145
D,318490,9,settle,0.6180,S,0,145
D,318585,9,settle,0.6180,S,0,145
D,318681,9,settle,0.6180,S,0,145
D,318777,9,settle,0.6180,S,0,145
D,318873,9,settle,0.6180,S,0,145
D,318969,9,settle,0.6180,S,0,145
D,319065,9,settle,0.6180,S,0,145
D,319159,9,settle,0.6180,S,0,145
D,319254,9,settle,0.6180,S,0,145
D,319350,9,settle,0.6180,S,0,145
D,319446,9,settle,0.6180,S,0,145
D,319542,9,settle,0.6180,S,0,145
D,319638,9,settle,0.6180,S,0,145
D,319734,9,settle,0.6180,S,0,145
D,319830,9,settle,0.6180,S,0,145
D,319925,9,settle,0.6180,S,0,145
D,320019,9,settle,0.6180,S,0,145
D,320115,9,settle,0.6180,S,0,145
D,320215,9,settle,0.6180,S,0,145
D,320307,9,settle,0.6180,S,0,145
D,320403,9,settle,0.6179,S,0,145
D,320498,9,settle,0.6179,S,0,145
D,320594,9,settle,0.6179,S,0,145
D,320690,9,settle,0.6179,S,0,145
D,320786,9,settle,0.6179,S,0,145
D,320882,9,settle,0.6179,S,0,145
D,320976,9,settle,0.6179,S,0,145
D,321072,9,settle,0.6179,S,0,145
D,321167,9,settle,0.6179,S,0,145
D,321263,9,settle,0.6179,S,0,145
D,321359,9,settle,0.6179,S,0,145
D,321455,9,settle,0.6179,S,0,145
D,321551,9,settle,0.6179,S,0,145
D,321647,9,settle,0.6179,S,0,145
D,321742,9,settle,0.6179,S,0,145
D,321836,9,settle,0.6179,S,0,145
D,321932,9,settle,0.6179,S,0,145
D,322028,9,settle,0.6179,S,0,145
D,322124,9,settle,0.6179,S,0,145
D,322220,9,settle,0.6179,S,0,145
D,322316,9,settle,0.6179,S,0,145
D,322411,9,settle,0.6179,S,0,145
D,322507,9,settle,0.6179,S,0,145
D,322603,9,settle,0.6179,S,0,145
D,322697,9,settle,0.6178,S,0,145
D,322793,9,settle,0.6178,S,0,145
D,322889,9,settle,0.6178,S,0,145
D,322984,9,settle,0.6178,S,0,145
D,323080,9,settle,0.6178,S,0,145
D,323176,9,settle,0.6178,S,0,145
D,323272,9,settle,0.6178,S,0,145
D,323368,9,settle,0.6178,S,0,145
D,323464,9,settle,0.6178,S,0,145
D,323558,9,settle,0.6178,S,0,145
D,323653,9,settle,0.6178,S,0,145
D,323749,9,settle,0.6178,S,0,145
D,323845,9,settle,0.6178,S,0,145
D,323941,9,settle,0.6178,S,0,145
D,324037,9,settle,0.6178,S,0,145
D,324133,9,settle,0.6178,S,0,145
D,324228,9,settle,0.6178,S,0,145
D,324324,9,settle,0.6178,S,0,145
D,324420,9,settle,0.6178,S,0,145
D,324514,9,settle,0.6178,S,0,145
D,324610,9,settle,0.6178,S,0,145
D,324706,9,settle,0.6178,S,0,145
D,324802,9,settle,0.6178,S,0,145
D,324898,9,settle,0.6178,S,0,145
D,324993,9,settle,0.6178,S,0,145
D,325089,9,settle,0.6178,S,0,145
D,325185,9,settle,0.6178,S,0,145
D,325281,9,settle,0.6178,S,0,145
D,325375,9,settle,0.6177,S,0,145
D,325470,9,settle,0.6177,S,0,145
D,325566,9,settle,0.6177,S,0,145
D,325662,9,settle,0.6177,S,0,145
D,325758,9,settle,0.6177,S,0,145
D,325854,9,settle,0.6177,S,0,145
P,325951,9,40.0,2,settled,0.6177
D,326045,9,settle,0.6177,S,0,145
D,326141,9,settle,0.6177,S,0,145
D,326235,9,settle,0.6177,S,0,145
D,326331,9,settle,0.6177,S,0,145
D,326427,9,settle,0.6177,S,0,145
D,326523,9,settle,0.6177,S,0,145
D,326619,9,settle,0.6177,S,0,145
D,326715,9,settle,0.6177,S,0,145
D,326810,9,settle,0.6177,S,0,145
D,326906,9,settle,0.6177,S,0,145
D,327002,9,settle,0.6177,S,0,145
D,327098,9,settle,0.6177,S,0,145
D,327192,9,settle,0.6177,S,0,145
D,327287,9,settle,0.6177,S,0,145
D,327383,9,settle,0.6176,S,0,145
D,327479,9,settle,0.6176,S,0,145
D,327575,9,settle,0.6176,S,0,145
D,327671,9,settle,0.6176,S,0,145
D,327767,9,settle,0.6176,S,0,145
D,327863,9,settle,0.6176,S,0,145
D,327959,9,settle,0.6176,S,0,145
D,328052,9,settle,0.6176,S,0,145
D,328148,9,settle,0.6176,S,0,145
D,328244,9,settle,0.6176,S,0,145
D,328340,9,settle,0.6176,S,0,145
D,328436,9,settle,0.6176,S,0,145
D,328531,9,settle,0.6176,S,0,145
D,328627,9,settle,0.6176,S,0,145
D,328723,9,settle,0.6176,S,0,145
D,328819,9,settle,0.6176,S,0,145
D,328913,9,settle,0.6176,S,0,145
D,329009,9,settle,0.6176,S,0,145
D,329105,9,settle,0.6176,S,0,145
D,329200,9,settle,0.6176,S,0,145
D,329296,9,settle,0.6176,S,0,145
D,329392,9,settle,0.6176,S,0,145
D,329488,9,settle,0.6176,S,0,145
D,329584,9,settle,0.6176,S,0,145
D,329680,9,settle,0.6175,S,0,145
D,329776,9,settle,0.6175,S,0,145
D,329869,9,settle,0.6175,S,0,145
D,329965,9,settle,0.6175,S,0,145
D,330061,9,settle,0.6175,S,0,145
D,330157,9,settle,0.6175,S,0,145
D,330253,9,settle,0.6175,S,0,145
D,330349,9,settle,0.6175,S,0,145
D,330445,9,settle,0.6175,S,0,145
D,330540,9,settle,0.6175,S,0,145
D,330636,9,settle,0.6175,S,0,145
D,330730,9,settle,0.6175,S,0,145
D,330826,9,settle,0.6175,S,0,145
D,330922,9,settle,0.6175,S,0,145
P,331018,9,40.0,2,settled2,0.6175
R,9,40.0,2,0.5139,4.34,0.6177,0.6175,14,ok
E,331025,=== trial 10 : angle 25.0 plate deg, rep 2 ===
P,332836,10,25.0,2,pretare,0.6174
P,333408,10,25.0,2,tare0,0.0000
D,333503,10,preroll,0.0000,S,0,145
D,333599,10,preroll,0.0000,S,0,145
D,333695,10,preroll,0.0000,S,0,145
D,333791,10,preroll,0.0000,S,0,145
D,333887,10,preroll,0.0000,S,0,145
D,333983,10,preroll,0.0000,S,0,145
D,334079,10,preroll,0.0000,S,0,145
D,334174,10,preroll,0.0000,S,0,145
D,334268,10,preroll,0.0000,S,0,145
D,334364,10,preroll,0.0000,S,0,145
D,334460,10,preroll,0.0000,S,0,145
D,334556,10,preroll,0.0000,S,0,145
D,334748,10,preroll,0.0000,S,0,145
D,334843,10,preroll,0.0000,S,0,145
D,334939,10,preroll,0.0000,S,0,145
D,335035,10,preroll,0.0000,S,0,145
D,335129,10,preroll,0.0000,S,0,145
D,335225,10,preroll,0.0000,S,0,145
D,335321,10,preroll,0.0000,S,0,145
D,335416,10,preroll,0.0000,S,0,145
E,335480,dispense start: 55 rpm, tap every 3 polls
D,335512,10,dispense,0.0000,S,55,145
D,335608,10,dispense,0.0000,S,55,145
D,335704,10,dispense,0.0000,S,55,145
D,335800,10,dispense,0.0000,S,55,146
D,335896,10,dispense,0.0000,S,55,146
D,335991,10,dispense,0.0000,S,55,146
D,336085,10,dispense,0.0000,S,55,147
D,336181,10,dispense,0.0000,S,55,147
D,336277,10,dispense,0.0000,S,55,147
D,336372,10,dispense,0.0050,U,55,148
D,336467,10,dispense,0.0107,U,55,148
D,336563,10,dispense,0.0201,U,55,148
D,336659,10,dispense,0.0329,U,55,149
D,336755,10,dispense,0.0479,U,55,149
D,336851,10,dispense,0.0639,U,55,149
D,336945,10,dispense,0.0807,U,55,150
D,337040,10,dispense,0.0978,U,55,150
D,337136,10,dispense,0.1136,U,55,150
D,337232,10,dispense,0.1252,U,55,151
D,337328,10,dispense,0.1312,U,55,151
D,337424,10,dispense,0.1337,U,55,151
D,337520,10,dispense,0.1363,U,55,152
D,337616,10,dispense,0.1427,U,55,152
D,337711,10,dispense,0.1541,U,55,152
D,337805,10,dispense,0.1690,U,55,153
D,337901,10,dispense,0.1853,U,55,153
D,337997,10,dispense,0.2023,U,55,153
D,338093,10,dispense,0.2199,U,55,154
D,338189,10,dispense,0.2370,U,55,154
D,338284,10,dispense,0.2505,U,55,154
D,338380,10,dispense,0.2584,U,55,155
D,338476,10,dispense,0.2614,U,55,155
D,338572,10,dispense,0.2629,U,55,155
D,338668,10,dispense,0.2668,U,55,156
D,338762,10,dispense,0.2750,U,55,156
D,338857,10,dispense,0.2870,U,55,156
D,338953,10,dispense,0.3014,U,55,157
D,339049,10,dispense,0.3170,U,55,157
D,339145,10,dispense,0.3341,U,55,157
D,339241,10,dispense,0.3518,U,55,158
D,339337,10,dispense,0.3673,U,55,158
D,339432,10,dispense,0.3774,U,55,158
D,339528,10,dispense,0.3818,U,55,159
D,339622,10,dispense,0.3835,U,55,159
D,339718,10,dispense,0.3867,U,55,159
D,339814,10,dispense,0.3950,U,55,160
D,339910,10,dispense,0.4087,U,55,160
D,340006,10,dispense,0.4256,U,55,160
D,340101,10,dispense,0.4427,U,55,161
D,340197,10,dispense,0.4589,U,55,161
D,340293,10,dispense,0.4747,U,55,161
D,340389,10,dispense,0.4898,U,55,162
D,340483,10,dispense,0.5016,U,55,162
E,340487,TRIGGER 0.5016 g at t=4.91 s -- ALL STOP
D,340580,10,settle,0.5081,U,0,162
D,340675,10,settle,0.5105,U,0,162
D,340770,10,settle,0.5126,U,0,162
D,340866,10,settle,0.5184,U,0,162
D,340962,10,settle,0.5299,U,0,162
D,341058,10,settle,0.5458,U,0,162
D,341154,10,settle,0.5629,U,0,162
D,341250,10,settle,0.5775,U,0,162
D,341345,10,settle,0.5879,U,0,162
D,341439,10,settle,0.5939,U,0,162
D,341535,10,settle,0.5963,U,0,162
D,341631,10,settle,0.5962,U,0,162
D,341727,10,settle,0.5950,U,0,162
D,341823,10,settle,0.5938,U,0,162
D,341919,10,settle,0.5932,U,0,162
D,342014,10,settle,0.5930,U,0,162
D,342110,10,settle,0.5928,U,0,162
D,342206,10,settle,0.5928,U,0,162
D,342300,10,settle,0.5928,U,0,162
D,342396,10,settle,0.5928,U,0,162
D,342492,10,settle,0.5928,U,0,162
D,342588,10,settle,0.5928,S,0,162
D,342684,10,settle,0.5928,S,0,162
D,342779,10,settle,0.5928,S,0,162
D,342875,10,settle,0.5928,S,0,162
D,342971,10,settle,0.5928,S,0,162
D,343067,10,settle,0.5928,S,0,162
D,343161,10,settle,0.5928,S,0,162
D,343257,10,settle,0.5928,S,0,162
D,343352,10,settle,0.5928,S,0,162
D,343448,10,settle,0.5928,S,0,162
D,343544,10,settle,0.5928,S,0,162
D,343640,10,settle,0.5928,S,0,162
D,343736,10,settle,0.5928,S,0,162
D,343832,10,settle,0.5928,S,0,162
D,343928,10,settle,0.5928,S,0,162
D,344022,10,settle,0.5928,S,0,162
D,344118,10,settle,0.5928,S,0,162
D,344213,10,settle,0.5928,S,0,162
D,344309,10,settle,0.5928,S,0,162
D,344405,10,settle,0.5927,S,0,162
D,344501,10,settle,0.5927,S,0,162
D,344601,10,settle,0.5927,S,0,162
D,344693,10,settle,0.5927,S,0,162
D,344788,10,settle,0.5927,S,0,162
D,344884,10,settle,0.5927,S,0,162
D,344978,10,settle,0.5927,S,0,162
D,345074,10,settle,0.5927,S,0,162
D,345170,10,settle,0.5927,S,0,162
D,345266,10,settle,0.5927,S,0,162
D,345362,10,settle,0.5927,S,0,162
D,345457,10,settle,0.5927,S,0,162
D,345554,10,settle,0.5927,S,0,162
D,345649,10,settle,0.5927,S,0,162
D,345745,10,settle,0.5927,S,0,162
D,345839,10,settle,0.5927,S,0,162
D,345935,10,settle,0.5927,S,0,162
D,346031,10,settle,0.5927,S,0,162
D,346127,10,settle,0.5927,S,0,162
D,346222,10,settle,0.5927,S,0,162
D,346318,10,settle,0.5927,S,0,162
D,346414,10,settle,0.5927,S,0,162
D,346510,10,settle,0.5927,S,0,162
D,346606,10,settle,0.5927,S,0,162
D,346700,10,settle,0.5927,S,0,162
D,346796,10,settle,0.5927,S,0,162
D,346891,10,settle,0.5927,S,0,162
D,346987,10,settle,0.5926,S,0,162
D,347083,10,settle,0.5926,S,0,162
D,347179,10,settle,0.5926,S,0,162
D,347275,10,settle,0.5926,S,0,162
D,347371,10,settle,0.5926,S,0,162
D,347467,10,settle,0.5926,S,0,162
D,347563,10,settle,0.5926,S,0,162
D,347656,10,settle,0.5926,S,0,162
D,347752,10,settle,0.5926,S,0,162
D,347848,10,settle,0.5926,S,0,162
D,347944,10,settle,0.5926,S,0,162
D,348040,10,settle,0.5926,S,0,162
D,348136,10,settle,0.5926,S,0,162
D,348232,10,settle,0.5926,S,0,162
D,348327,10,settle,0.5926,S,0,162
D,348423,10,settle,0.5926,S,0,162
D,348517,10,settle,0.5926,S,0,162
D,348613,10,settle,0.5926,S,0,162
D,348709,10,settle,0.5926,S,0,162
D,348805,10,settle,0.5926,S,0,162
D,348901,10,settle,0.5926,S,0,162
D,348997,10,settle,0.5926,S,0,162
D,349092,10,settle,0.5926,S,0,162
D,349188,10,settle,0.5926,S,0,162
D,349284,10,settle,0.5926,S,0,162
D,349378,10,settle,0.5926,S,0,162
D,349474,10,settle,0.5925,S,0,162
D,349570,10,settle,0.5925,S,0,162
D,349665,10,settle,0.5925,S,0,162
D,349761,10,settle,0.5925,S,0,162
D,349857,10,settle,0.5925,S,0,162
D,349953,10,settle,0.5925,S,0,162
D,350049,10,settle,0.5925,S,0,162
D,350145,10,settle,0.5925,S,0,162
D,350241,10,settle,0.5925,S,0,162
D,350334,10,settle,0.5925,S,0,162
D,350430,10,settle,0.5925,S,0,162
D,350526,10,settle,0.5925,S,0,162
D,350622,10,settle,0.5925,S,0,162
D,350718,10,settle,0.5925,S,0,162
D,350813,10,settle,0.5925,S,0,162
D,350909,10,settle,0.5925,S,0,162
D,351005,10,settle,0.5925,S,0,162
D,351101,10,settle,0.5925,S,0,162
D,351195,10,settle,0.5925,S,0,162
D,351291,10,settle,0.5925,S,0,162
D,351387,10,settle,0.5925,S,0,162
D,351482,10,settle,0.5924,S,0,162
D,351578,10,settle,0.5924,S,0,162
D,351674,10,settle,0.5924,S,0,162
D,351770,10,settle,0.5924,S,0,162
D,351866,10,settle,0.5924,S,0,162
D,351962,10,settle,0.5924,S,0,162
D,352056,10,settle,0.5924,S,0,162
D,352151,10,settle,0.5924,S,0,162
D,352247,10,settle,0.5924,S,0,162
D,352343,10,settle,0.5924,S,0,162
D,352439,10,settle,0.5924,S,0,162
D,352535,10,settle,0.5924,S,0,162
D,352631,10,settle,0.5924,S,0,162
D,352726,10,settle,0.5924,S,0,162
D,352822,10,settle,0.5924,S,0,162
D,352916,10,settle,0.5924,S,0,162
D,353012,10,settle,0.5924,S,0,162
D,353108,10,settle,0.5924,S,0,162
D,353204,10,settle,0.5924,S,0,162
D,353300,10,settle,0.5924,S,0,162
D,353395,10,settle,0.5924,S,0,162
D,353491,10,settle,0.5924,S,0,162
D,353587,10,settle,0.5924,S,0,162
D,353683,10,settle,0.5924,S,0,162
D,353779,10,settle,0.5924,S,0,162
D,353873,10,settle,0.5924,S,0,162
D,353968,10,settle,0.5924,S,0,162
D,354064,10,settle,0.5924,S,0,162
D,354160,10,settle,0.5924,S,0,162
D,354256,10,settle,0.5924,S,0,162
D,354352,10,settle,0.5924,S,0,162
D,354448,10,settle,0.5924,S,0,162
D,354543,10,settle,0.5924,S,0,162
D,354639,10,settle,0.5924,S,0,162
D,354733,10,settle,0.5924,S,0,162
D,354829,10,settle,0.5924,S,0,162
D,354925,10,settle,0.5924,S,0,162
D,355021,10,settle,0.5924,S,0,162
D,355117,10,settle,0.5924,S,0,162
D,355212,10,settle,0.5924,S,0,162
D,355308,10,settle,0.5924,S,0,162
D,355404,10,settle,0.5924,S,0,162
D,355500,10,settle,0.5924,S,0,162
P,355595,10,25.0,2,settled,0.5923
D,355690,10,settle,0.5923,S,0,162
D,355785,10,settle,0.5923,S,0,162
D,355881,10,settle,0.5923,S,0,162
D,355977,10,settle,0.5923,S,0,162
D,356073,10,settle,0.5923,S,0,162
D,356169,10,settle,0.5923,S,0,162
D,356265,10,settle,0.5923,S,0,162
D,356360,10,settle,0.5923,S,0,162
D,356456,10,settle,0.5923,S,0,162
D,356550,10,settle,0.5923,S,0,162
D,356646,10,settle,0.5923,S,0,162
D,356742,10,settle,0.5923,S,0,162
D,356838,10,settle,0.5923,S,0,162
D,356934,10,settle,0.5923,S,0,162
D,357029,10,settle,0.5923,S,0,162
D,357126,10,settle,0.5923,S,0,162
D,357221,10,settle,0.5923,S,0,162
D,357320,10,settle,0.5923,S,0,162
D,357411,10,settle,0.5923,S,0,162
D,357507,10,settle,0.5923,S,0,162
D,357603,10,settle,0.5923,S,0,162
D,357698,10,settle,0.5923,S,0,162
D,357794,10,settle,0.5923,S,0,162
D,357890,10,settle,0.5923,S,0,162
D,357986,10,settle,0.5923,S,0,162
D,358082,10,settle,0.5923,S,0,162
D,358178,10,settle,0.5923,S,0,162
D,358271,10,settle,0.5923,S,0,162
D,358367,10,settle,0.5923,S,0,162
D,358463,10,settle,0.5923,S,0,162
D,358559,10,settle,0.5922,S,0,162
D,358655,10,settle,0.5922,S,0,162
D,358751,10,settle,0.5922,S,0,162
D,358846,10,settle,0.5922,S,0,162
D,358942,10,settle,0.5922,S,0,162
D,359038,10,settle,0.5922,S,0,162
D,359134,10,settle,0.5922,S,0,162
D,359228,10,settle,0.5922,S,0,162
D,359324,10,settle,0.5922,S,0,162
D,359420,10,settle,0.5922,S,0,162
D,359515,10,settle,0.5922,S,0,162
D,359611,10,settle,0.5922,S,0,162
D,359707,10,settle,0.5922,S,0,162
D,359803,10,settle,0.5922,S,0,162
D,359899,10,settle,0.5922,S,0,162
D,359995,10,settle,0.5922,S,0,162
D,360088,10,settle,0.5922,S,0,162
D,360185,10,settle,0.5922,S,0,162
D,360280,10,settle,0.5922,S,0,162
D,360376,10,settle,0.5922,S,0,162
D,360472,10,settle,0.5922,S,0,162
D,360568,10,settle,0.5922,S,0,162
P,360664,10,25.0,2,settled2,0.5922
R,10,25.0,2,0.5016,5.01,0.5923,0.5922,17,ok
E,360670,all trials complete
SUMMARY,trials=10,taps_total=162
