M,experiment,pi-trickle-tap-trim
M,powder_id,carboxymethyl-cellulose
M,algorithm,trickle_tap @ bangbang.py dc99459 (PR #124)
M,kp,250.0
M,ki,120.0
M,dt_s,0.2
M,tau_s,0.3
M,cutoff_margin_g,0.035
M,max_rate,0.05
M,r_sp_floor,0.003
M,rpm_max,45.0
M,ff_prior,0.35
M,k_sigma,1.0
M,stall_bail_s,8.0
M,trickle_tilt_deg,20.0
M,tap_tilt_deg,0.0
M,tol_g,0.005
M,taps_per_cycle,1
M,tap_settle_s,1.2
M,max_tap_cycles,120
M,nudge_deg,5.0
M,max_nudges,20
M,tau_bal_s,0.16
M,rate_tau_s,0.5
M,q_acc_sd,0.25
M,r_sd_quiet,0.0004
M,r_sd_actuate,0.002
M,trial_timeout_s,420.0
M,budget_g,8.0
M,trials,0.20:1|0.10:1|0.40:1|0.20:2|0.10:2|0.20:3
E,1246,session survey 90 s (quiet, no tare -- absolute)
P,9033,0,pre,0.2691,S
D,9127,0,survey,0.2690,U,0,0.0,,,,,,,,,
D,9316,0,survey,0.2689,U,0,0.0,,,,,,,,,
D,9507,0,survey,0.2689,U,0,0.0,,,,,,,,,
D,9699,0,survey,0.2688,U,0,0.0,,,,,,,,,
D,9889,0,survey,0.2688,S,0,0.0,,,,,,,,,
D,10081,0,survey,0.2688,S,0,0.0,,,,,,,,,
D,10272,0,survey,0.2687,S,0,0.0,,,,,,,,,
D,10472,0,survey,0.2687,S,0,0.0,,,,,,,,,
D,10660,0,survey,0.2687,S,0,0.0,,,,,,,,,
D,10848,0,survey,0.2686,S,0,0.0,,,,,,,,,
D,11037,0,survey,0.2686,S,0,0.0,,,,,,,,,
D,11229,0,survey,0.2686,S,0,0.0,,,,,,,,,
D,11421,0,survey,0.2685,S,0,0.0,,,,,,,,,
D,11610,0,survey,0.2685,S,0,0.0,,,,,,,,,
D,11802,0,survey,0.2685,S,0,0.0,,,,,,,,,
D,11994,0,survey,0.2683,U,0,0.0,,,,,,,,,
D,12185,0,survey,0.2682,U,0,0.0,,,,,,,,,
D,12377,0,survey,0.2682,S,0,0.0,,,,,,,,,
D,12567,0,survey,0.2682,S,0,0.0,,,,,,,,,
D,12758,0,survey,0.2682,S,0,0.0,,,,,,,,,
D,12950,0,survey,0.2681,S,0,0.0,,,,,,,,,
D,13142,0,survey,0.2681,S,0,0.0,,,,,,,,,
D,13333,0,survey,0.2681,S,0,0.0,,,,,,,,,
D,13523,0,survey,0.2681,S,0,0.0,,,,,,,,,
D,13715,0,survey,0.2681,S,0,0.0,,,,,,,,,
D,13907,0,survey,0.2681,S,0,0.0,,,,,,,,,
D,14098,0,survey,0.2681,S,0,0.0,,,,,,,,,
D,14288,0,survey,0.2681,S,0,0.0,,,,,,,,,
D,14480,0,survey,0.2681,S,0,0.0,,,,,,,,,
D,14672,0,survey,0.2682,S,0,0.0,,,,,,,,,
D,14863,0,survey,0.2682,S,0,0.0,,,,,,,,,
D,15055,0,survey,0.2682,S,0,0.0,,,,,,,,,
D,15245,0,survey,0.2682,S,0,0.0,,,,,,,,,
D,15437,0,survey,0.2683,S,0,0.0,,,,,,,,,
D,15628,0,survey,0.2686,U,0,0.0,,,,,,,,,
D,15819,0,survey,0.2686,U,0,0.0,,,,,,,,,
D,16011,0,survey,0.2686,U,0,0.0,,,,,,,,,
D,16201,0,survey,0.2686,S,0,0.0,,,,,,,,,
D,16393,0,survey,0.2686,S,0,0.0,,,,,,,,,
D,16584,0,survey,0.2686,S,0,0.0,,,,,,,,,
D,16776,0,survey,0.2685,S,0,0.0,,,,,,,,,
D,16966,0,survey,0.2685,S,0,0.0,,,,,,,,,
D,17157,0,survey,0.2685,S,0,0.0,,,,,,,,,
D,17349,0,survey,0.2685,S,0,0.0,,,,,,,,,
D,17541,0,survey,0.2685,S,0,0.0,,,,,,,,,
D,17732,0,survey,0.2681,U,0,0.0,,,,,,,,,
D,17922,0,survey,0.2681,U,0,0.0,,,,,,,,,
D,18114,0,survey,0.2680,U,0,0.0,,,,,,,,,
D,18306,0,survey,0.2679,U,0,0.0,,,,,,,,,
D,18497,0,survey,0.2678,U,0,0.0,,,,,,,,,
D,18689,0,survey,0.2678,U,0,0.0,,,,,,,,,
D,18878,0,survey,0.2678,S,0,0.0,,,,,,,,,
D,19070,0,survey,0.2678,S,0,0.0,,,,,,,,,
D,19262,0,survey,0.2677,S,0,0.0,,,,,,,,,
D,19454,0,survey,0.2677,S,0,0.0,,,,,,,,,
D,19643,0,survey,0.2677,S,0,0.0,,,,,,,,,
D,19835,0,survey,0.2677,S,0,0.0,,,,,,,,,
D,20027,0,survey,0.2677,S,0,0.0,,,,,,,,,
D,20218,0,survey,0.2677,S,0,0.0,,,,,,,,,
D,20410,0,survey,0.2678,S,0,0.0,,,,,,,,,
D,20600,0,survey,0.2678,S,0,0.0,,,,,,,,,
D,20792,0,survey,0.2678,S,0,0.0,,,,,,,,,
D,20983,0,survey,0.2678,S,0,0.0,,,,,,,,,
D,21175,0,survey,0.2678,S,0,0.0,,,,,,,,,
D,21367,0,survey,0.2678,S,0,0.0,,,,,,,,,
D,21557,0,survey,0.2678,S,0,0.0,,,,,,,,,
D,21748,0,survey,0.2677,S,0,0.0,,,,,,,,,
D,21940,0,survey,0.2677,S,0,0.0,,,,,,,,,
D,22132,0,survey,0.2677,S,0,0.0,,,,,,,,,
D,22321,0,survey,0.2677,S,0,0.0,,,,,,,,,
D,22513,0,survey,0.2677,S,0,0.0,,,,,,,,,
D,22705,0,survey,0.2677,S,0,0.0,,,,,,,,,
D,22897,0,survey,0.2677,S,0,0.0,,,,,,,,,
D,23088,0,survey,0.2673,U,0,0.0,,,,,,,,,
D,23277,0,survey,0.2672,U,0,0.0,,,,,,,,,
D,23469,0,survey,0.2672,S,0,0.0,,,,,,,,,
D,23661,0,survey,0.2671,U,0,0.0,,,,,,,,,
D,23852,0,survey,0.2671,S,0,0.0,,,,,,,,,
D,24052,0,survey,0.2670,U,0,0.0,,,,,,,,,
D,24240,0,survey,0.2670,S,0,0.0,,,,,,,,,
D,24428,0,survey,0.2671,S,0,0.0,,,,,,,,,
D,24617,0,survey,0.2671,S,0,0.0,,,,,,,,,
D,24809,0,survey,0.2671,S,0,0.0,,,,,,,,,
D,24999,0,survey,0.2671,S,0,0.0,,,,,,,,,
D,25191,0,survey,0.2671,S,0,0.0,,,,,,,,,
D,25382,0,survey,0.2671,S,0,0.0,,,,,,,,,
D,25574,0,survey,0.2672,S,0,0.0,,,,,,,,,
D,25766,0,survey,0.2672,S,0,0.0,,,,,,,,,
D,25955,0,survey,0.2672,S,0,0.0,,,,,,,,,
D,26147,0,survey,0.2672,S,0,0.0,,,,,,,,,
D,26339,0,survey,0.2672,S,0,0.0,,,,,,,,,
D,26531,0,survey,0.2672,S,0,0.0,,,,,,,,,
D,26722,0,survey,0.2671,S,0,0.0,,,,,,,,,
D,26912,0,survey,0.2671,S,0,0.0,,,,,,,,,
D,27103,0,survey,0.2667,U,0,0.0,,,,,,,,,
D,27295,0,survey,0.2667,U,0,0.0,,,,,,,,,
D,27487,0,survey,0.2666,U,0,0.0,,,,,,,,,
D,27676,0,survey,0.2665,U,0,0.0,,,,,,,,,
D,27868,0,survey,0.2664,U,0,0.0,,,,,,,,,
D,28060,0,survey,0.2663,U,0,0.0,,,,,,,,,
D,28251,0,survey,0.2662,U,0,0.0,,,,,,,,,
D,28443,0,survey,0.2661,U,0,0.0,,,,,,,,,
D,28633,0,survey,0.2660,U,0,0.0,,,,,,,,,
D,28825,0,survey,0.2659,U,0,0.0,,,,,,,,,
D,29016,0,survey,0.2658,U,0,0.0,,,,,,,,,
D,29208,0,survey,0.2656,U,0,0.0,,,,,,,,,
D,29399,0,survey,0.2655,U,0,0.0,,,,,,,,,
D,29589,0,survey,0.2654,U,0,0.0,,,,,,,,,
D,29781,0,survey,0.2653,U,0,0.0,,,,,,,,,
D,29973,0,survey,0.2652,U,0,0.0,,,,,,,,,
D,30164,0,survey,0.2652,S,0,0.0,,,,,,,,,
D,30354,0,survey,0.2651,U,0,0.0,,,,,,,,,
D,30546,0,survey,0.2651,S,0,0.0,,,,,,,,,
D,30737,0,survey,0.2651,S,0,0.0,,,,,,,,,
D,30929,0,survey,0.2651,S,0,0.0,,,,,,,,,
D,31121,0,survey,0.2651,S,0,0.0,,,,,,,,,
D,31311,0,survey,0.2651,S,0,0.0,,,,,,,,,
D,31502,0,survey,0.2652,S,0,0.0,,,,,,,,,
D,31694,0,survey,0.2652,S,0,0.0,,,,,,,,,
D,31886,0,survey,0.2652,S,0,0.0,,,,,,,,,
D,32077,0,survey,0.2652,S,0,0.0,,,,,,,,,
D,32267,0,survey,0.2652,S,0,0.0,,,,,,,,,
D,32459,0,survey,0.2652,S,0,0.0,,,,,,,,,
D,32650,0,survey,0.2651,S,0,0.0,,,,,,,,,
D,32842,0,survey,0.2651,S,0,0.0,,,,,,,,,
D,33032,0,survey,0.2651,S,0,0.0,,,,,,,,,
D,33224,0,survey,0.2651,S,0,0.0,,,,,,,,,
D,33415,0,survey,0.2651,S,0,0.0,,,,,,,,,
D,33607,0,survey,0.2650,S,0,0.0,,,,,,,,,
D,33798,0,survey,0.2647,U,0,0.0,,,,,,,,,
D,33988,0,survey,0.2647,U,0,0.0,,,,,,,,,
D,34180,0,survey,0.2647,S,0,0.0,,,,,,,,,
D,34372,0,survey,0.2647,S,0,0.0,,,,,,,,,
D,34563,0,survey,0.2647,S,0,0.0,,,,,,,,,
D,34755,0,survey,0.2646,S,0,0.0,,,,,,,,,
D,34945,0,survey,0.2646,S,0,0.0,,,,,,,,,
D,35136,0,survey,0.2646,S,0,0.0,,,,,,,,,
D,35328,0,survey,0.2646,S,0,0.0,,,,,,,,,
D,35520,0,survey,0.2646,S,0,0.0,,,,,,,,,
D,35710,0,survey,0.2645,S,0,0.0,,,,,,,,,
D,35901,0,survey,0.2645,S,0,0.0,,,,,,,,,
D,36093,0,survey,0.2645,S,0,0.0,,,,,,,,,
D,36285,0,survey,0.2645,S,0,0.0,,,,,,,,,
D,36477,0,survey,0.2645,S,0,0.0,,,,,,,,,
D,36666,0,survey,0.2645,S,0,0.0,,,,,,,,,
D,36858,0,survey,0.2645,S,0,0.0,,,,,,,,,
D,37050,0,survey,0.2644,S,0,0.0,,,,,,,,,
D,37242,0,survey,0.2644,S,0,0.0,,,,,,,,,
D,37433,0,survey,0.2644,S,0,0.0,,,,,,,,,
D,37633,0,survey,0.2644,S,0,0.0,,,,,,,,,
D,37821,0,survey,0.2639,U,0,0.0,,,,,,,,,
D,38009,0,survey,0.2638,U,0,0.0,,,,,,,,,
D,38197,0,survey,0.2637,U,0,0.0,,,,,,,,,
D,38387,0,survey,0.2636,U,0,0.0,,,,,,,,,
D,38579,0,survey,0.2634,U,0,0.0,,,,,,,,,
D,38770,0,survey,0.2633,U,0,0.0,,,,,,,,,
D,38962,0,survey,0.2631,U,0,0.0,,,,,,,,,
D,39154,0,survey,0.2630,U,0,0.0,,,,,,,,,
D,39344,0,survey,0.2629,U,0,0.0,,,,,,,,,
D,39535,0,survey,0.2627,U,0,0.0,,,,,,,,,
D,39727,0,survey,0.2626,U,0,0.0,,,,,,,,,
D,39919,0,survey,0.2625,U,0,0.0,,,,,,,,,
D,40110,0,survey,0.2624,U,0,0.0,,,,,,,,,
D,40300,0,survey,0.2623,U,0,0.0,,,,,,,,,
D,40492,0,survey,0.2623,S,0,0.0,,,,,,,,,
D,40684,0,survey,0.2622,U,0,0.0,,,,,,,,,
D,40875,0,survey,0.2622,S,0,0.0,,,,,,,,,
D,41065,0,survey,0.2622,S,0,0.0,,,,,,,,,
D,41256,0,survey,0.2621,S,0,0.0,,,,,,,,,
D,41448,0,survey,0.2621,S,0,0.0,,,,,,,,,
D,41640,0,survey,0.2621,S,0,0.0,,,,,,,,,
D,41832,0,survey,0.2621,S,0,0.0,,,,,,,,,
D,42021,0,survey,0.2621,S,0,0.0,,,,,,,,,
D,42213,0,survey,0.2621,S,0,0.0,,,,,,,,,
D,42405,0,survey,0.2621,S,0,0.0,,,,,,,,,
D,42596,0,survey,0.2621,S,0,0.0,,,,,,,,,
D,42788,0,survey,0.2620,S,0,0.0,,,,,,,,,
D,42978,0,survey,0.2620,S,0,0.0,,,,,,,,,
D,43170,0,survey,0.2620,S,0,0.0,,,,,,,,,
D,43361,0,survey,0.2620,S,0,0.0,,,,,,,,,
D,43553,0,survey,0.2620,S,0,0.0,,,,,,,,,
D,43743,0,survey,0.2620,S,0,0.0,,,,,,,,,
D,43935,0,survey,0.2620,S,0,0.0,,,,,,,,,
D,44126,0,survey,0.2620,S,0,0.0,,,,,,,,,
D,44318,0,survey,0.2620,S,0,0.0,,,,,,,,,
D,44510,0,survey,0.2620,S,0,0.0,,,,,,,,,
D,44699,0,survey,0.2620,S,0,0.0,,,,,,,,,
D,44891,0,survey,0.2620,S,0,0.0,,,,,,,,,
D,45083,0,survey,0.2620,S,0,0.0,,,,,,,,,
D,45275,0,survey,0.2619,S,0,0.0,,,,,,,,,
D,45466,0,survey,0.2619,S,0,0.0,,,,,,,,,
D,45656,0,survey,0.2619,S,0,0.0,,,,,,,,,
D,45848,0,survey,0.2619,S,0,0.0,,,,,,,,,
D,46040,0,survey,0.2619,S,0,0.0,,,,,,,,,
D,46231,0,survey,0.2619,S,0,0.0,,,,,,,,,
D,46420,0,survey,0.2614,U,0,0.0,,,,,,,,,
D,46612,0,survey,0.2613,U,0,0.0,,,,,,,,,
D,46804,0,survey,0.2612,U,0,0.0,,,,,,,,,
D,46995,0,survey,0.2611,U,0,0.0,,,,,,,,,
D,47187,0,survey,0.2610,U,0,0.0,,,,,,,,,
D,47377,0,survey,0.2610,U,0,0.0,,,,,,,,,
D,47568,0,survey,0.2609,U,0,0.0,,,,,,,,,
D,47760,0,survey,0.2608,U,0,0.0,,,,,,,,,
D,47952,0,survey,0.2607,U,0,0.0,,,,,,,,,
D,48143,0,survey,0.2607,S,0,0.0,,,,,,,,,
D,48333,0,survey,0.2606,U,0,0.0,,,,,,,,,
D,48525,0,survey,0.2606,S,0,0.0,,,,,,,,,
D,48716,0,survey,0.2606,S,0,0.0,,,,,,,,,
D,48908,0,survey,0.2606,S,0,0.0,,,,,,,,,
D,49098,0,survey,0.2606,S,0,0.0,,,,,,,,,
D,49290,0,survey,0.2605,S,0,0.0,,,,,,,,,
D,49481,0,survey,0.2605,S,0,0.0,,,,,,,,,
D,49673,0,survey,0.2605,S,0,0.0,,,,,,,,,
D,49865,0,survey,0.2605,S,0,0.0,,,,,,,,,
D,50055,0,survey,0.2605,S,0,0.0,,,,,,,,,
D,50246,0,survey,0.2605,S,0,0.0,,,,,,,,,
D,50438,0,survey,0.2605,S,0,0.0,,,,,,,,,
D,50630,0,survey,0.2604,S,0,0.0,,,,,,,,,
D,50821,0,survey,0.2604,S,0,0.0,,,,,,,,,
D,51011,0,survey,0.2604,S,0,0.0,,,,,,,,,
D,51211,0,survey,0.2601,U,0,0.0,,,,,,,,,
D,51399,0,survey,0.2600,U,0,0.0,,,,,,,,,
D,51587,0,survey,0.2600,S,0,0.0,,,,,,,,,
D,51775,0,survey,0.2600,S,0,0.0,,,,,,,,,
D,51967,0,survey,0.2600,S,0,0.0,,,,,,,,,
D,52159,0,survey,0.2600,S,0,0.0,,,,,,,,,
D,52351,0,survey,0.2599,S,0,0.0,,,,,,,,,
D,52542,0,survey,0.2599,S,0,0.0,,,,,,,,,
D,52732,0,survey,0.2599,S,0,0.0,,,,,,,,,
D,52924,0,survey,0.2599,S,0,0.0,,,,,,,,,
D,53116,0,survey,0.2599,S,0,0.0,,,,,,,,,
D,53307,0,survey,0.2599,S,0,0.0,,,,,,,,,
D,53499,0,survey,0.2599,S,0,0.0,,,,,,,,,
D,53689,0,survey,0.2600,S,0,0.0,,,,,,,,,
D,53881,0,survey,0.2600,S,0,0.0,,,,,,,,,
D,54072,0,survey,0.2600,S,0,0.0,,,,,,,,,
D,54264,0,survey,0.2600,S,0,0.0,,,,,,,,,
D,54454,0,survey,0.2600,S,0,0.0,,,,,,,,,
D,54645,0,survey,0.2600,S,0,0.0,,,,,,,,,
D,54837,0,survey,0.2600,S,0,0.0,,,,,,,,,
D,55029,0,survey,0.2600,S,0,0.0,,,,,,,,,
D,55221,0,survey,0.2600,S,0,0.0,,,,,,,,,
D,55410,0,survey,0.2600,S,0,0.0,,,,,,,,,
D,55602,0,survey,0.2600,S,0,0.0,,,,,,,,,
D,55794,0,survey,0.2600,S,0,0.0,,,,,,,,,
D,55986,0,survey,0.2600,S,0,0.0,,,,,,,,,
D,56177,0,survey,0.2601,S,0,0.0,,,,,,,,,
D,56367,0,survey,0.2601,S,0,0.0,,,,,,,,,
D,56559,0,survey,0.2601,S,0,0.0,,,,,,,,,
D,56750,0,survey,0.2601,S,0,0.0,,,,,,,,,
D,56942,0,survey,0.2601,S,0,0.0,,,,,,,,,
D,57132,0,survey,0.2601,S,0,0.0,,,,,,,,,
D,57324,0,survey,0.2602,S,0,0.0,,,,,,,,,
D,57514,0,survey,0.2606,U,0,0.0,,,,,,,,,
D,57706,0,survey,0.2607,U,0,0.0,,,,,,,,,
D,57898,0,survey,0.2608,U,0,0.0,,,,,,,,,
D,58087,0,survey,0.2609,U,0,0.0,,,,,,,,,
D,58279,0,survey,0.2610,U,0,0.0,,,,,,,,,
D,58471,0,survey,0.2611,U,0,0.0,,,,,,,,,
D,58662,0,survey,0.2612,U,0,0.0,,,,,,,,,
D,58854,0,survey,0.2613,U,0,0.0,,,,,,,,,
D,59044,0,survey,0.2614,U,0,0.0,,,,,,,,,
D,59236,0,survey,0.2615,U,0,0.0,,,,,,,,,
D,59427,0,survey,0.2616,U,0,0.0,,,,,,,,,
D,59619,0,survey,0.2617,U,0,0.0,,,,,,,,,
D,59809,0,survey,0.2617,S,0,0.0,,,,,,,,,
D,60000,0,survey,0.2617,S,0,0.0,,,,,,,,,
D,60192,0,survey,0.2617,S,0,0.0,,,,,,,,,
D,60384,0,survey,0.2616,S,0,0.0,,,,,,,,,
D,60575,0,survey,0.2616,S,0,0.0,,,,,,,,,
D,60765,0,survey,0.2616,S,0,0.0,,,,,,,,,
D,60957,0,survey,0.2616,S,0,0.0,,,,,,,,,
D,61149,0,survey,0.2615,S,0,0.0,,,,,,,,,
D,61340,0,survey,0.2615,S,0,0.0,,,,,,,,,
D,61532,0,survey,0.2615,S,0,0.0,,,,,,,,,
D,61722,0,survey,0.2615,S,0,0.0,,,,,,,,,
D,61914,0,survey,0.2615,S,0,0.0,,,,,,,,,
D,62105,0,survey,0.2614,S,0,0.0,,,,,,,,,
D,62297,0,survey,0.2612,U,0,0.0,,,,,,,,,
D,62486,0,survey,0.2611,U,0,0.0,,,,,,,,,
D,62678,0,survey,0.2611,U,0,0.0,,,,,,,,,
D,62870,0,survey,0.2610,U,0,0.0,,,,,,,,,
D,63061,0,survey,0.2609,U,0,0.0,,,,,,,,,
D,63253,0,survey,0.2608,U,0,0.0,,,,,,,,,
D,63443,0,survey,0.2607,U,0,0.0,,,,,,,,,
D,63634,0,survey,0.2606,U,0,0.0,,,,,,,,,
D,63826,0,survey,0.2606,U,0,0.0,,,,,,,,,
D,64018,0,survey,0.2605,U,0,0.0,,,,,,,,,
D,64208,0,survey,0.2604,U,0,0.0,,,,,,,,,
D,64399,0,survey,0.2603,U,0,0.0,,,,,,,,,
D,64591,0,survey,0.2602,U,0,0.0,,,,,,,,,
D,64791,0,survey,0.2601,U,0,0.0,,,,,,,,,
D,64979,0,survey,0.2600,U,0,0.0,,,,,,,,,
D,65167,0,survey,0.2599,U,0,0.0,,,,,,,,,
D,65356,0,survey,0.2599,S,0,0.0,,,,,,,,,
D,65548,0,survey,0.2598,U,0,0.0,,,,,,,,,
D,65739,0,survey,0.2598,S,0,0.0,,,,,,,,,
D,65931,0,survey,0.2597,S,0,0.0,,,,,,,,,
D,66120,0,survey,0.2597,S,0,0.0,,,,,,,,,
D,66312,0,survey,0.2597,S,0,0.0,,,,,,,,,
D,66504,0,survey,0.2597,S,0,0.0,,,,,,,,,
D,66696,0,survey,0.2597,S,0,0.0,,,,,,,,,
D,66887,0,survey,0.2597,S,0,0.0,,,,,,,,,
D,67077,0,survey,0.2597,S,0,0.0,,,,,,,,,
D,67269,0,survey,0.2596,S,0,0.0,,,,,,,,,
D,67461,0,survey,0.2596,S,0,0.0,,,,,,,,,
D,67652,0,survey,0.2596,S,0,0.0,,,,,,,,,
D,67842,0,survey,0.2596,S,0,0.0,,,,,,,,,
D,68034,0,survey,0.2596,S,0,0.0,,,,,,,,,
D,68226,0,survey,0.2596,S,0,0.0,,,,,,,,,
D,68417,0,survey,0.2596,S,0,0.0,,,,,,,,,
D,68609,0,survey,0.2596,S,0,0.0,,,,,,,,,
D,68799,0,survey,0.2596,S,0,0.0,,,,,,,,,
D,68990,0,survey,0.2596,S,0,0.0,,,,,,,,,
D,69182,0,survey,0.2596,S,0,0.0,,,,,,,,,
D,69374,0,survey,0.2596,S,0,0.0,,,,,,,,,
D,69566,0,survey,0.2596,S,0,0.0,,,,,,,,,
D,69755,0,survey,0.2596,S,0,0.0,,,,,,,,,
D,69947,0,survey,0.2596,S,0,0.0,,,,,,,,,
D,70139,0,survey,0.2596,S,0,0.0,,,,,,,,,
D,70330,0,survey,0.2596,S,0,0.0,,,,,,,,,
D,70520,0,survey,0.2596,S,0,0.0,,,,,,,,,
D,70712,0,survey,0.2596,S,0,0.0,,,,,,,,,
D,70904,0,survey,0.2596,S,0,0.0,,,,,,,,,
D,71095,0,survey,0.2596,S,0,0.0,,,,,,,,,
D,71287,0,survey,0.2596,S,0,0.0,,,,,,,,,
D,71477,0,survey,0.2596,S,0,0.0,,,,,,,,,
D,71668,0,survey,0.2596,S,0,0.0,,,,,,,,,
D,71860,0,survey,0.2596,S,0,0.0,,,,,,,,,
D,72052,0,survey,0.2596,S,0,0.0,,,,,,,,,
D,72244,0,survey,0.2596,S,0,0.0,,,,,,,,,
D,72433,0,survey,0.2596,S,0,0.0,,,,,,,,,
D,72625,0,survey,0.2596,S,0,0.0,,,,,,,,,
D,72817,0,survey,0.2596,S,0,0.0,,,,,,,,,
D,73008,0,survey,0.2596,S,0,0.0,,,,,,,,,
D,73198,0,survey,0.2596,S,0,0.0,,,,,,,,,
D,73390,0,survey,0.2596,S,0,0.0,,,,,,,,,
D,73582,0,survey,0.2596,S,0,0.0,,,,,,,,,
D,73773,0,survey,0.2595,S,0,0.0,,,,,,,,,
D,73965,0,survey,0.2595,S,0,0.0,,,,,,,,,
D,74155,0,survey,0.2595,S,0,0.0,,,,,,,,,
D,74345,0,survey,0.2589,U,0,0.0,,,,,,,,,
D,74537,0,survey,0.2587,U,0,0.0,,,,,,,,,
D,74729,0,survey,0.2585,U,0,0.0,,,,,,,,,
D,74920,0,survey,0.2583,U,0,0.0,,,,,,,,,
D,75110,0,survey,0.2581,U,0,0.0,,,,,,,,,
D,75302,0,survey,0.2579,U,0,0.0,,,,,,,,,
D,75493,0,survey,0.2577,U,0,0.0,,,,,,,,,
D,75685,0,survey,0.2575,U,0,0.0,,,,,,,,,
D,75875,0,survey,0.2572,U,0,0.0,,,,,,,,,
D,76066,0,survey,0.2571,U,0,0.0,,,,,,,,,
D,76258,0,survey,0.2569,U,0,0.0,,,,,,,,,
D,76450,0,survey,0.2568,U,0,0.0,,,,,,,,,
D,76642,0,survey,0.2566,U,0,0.0,,,,,,,,,
D,76831,0,survey,0.2565,U,0,0.0,,,,,,,,,
D,77023,0,survey,0.2564,U,0,0.0,,,,,,,,,
D,77215,0,survey,0.2563,U,0,0.0,,,,,,,,,
D,77406,0,survey,0.2562,U,0,0.0,,,,,,,,,
D,77596,0,survey,0.2562,U,0,0.0,,,,,,,,,
D,77788,0,survey,0.2561,U,0,0.0,,,,,,,,,
D,77979,0,survey,0.2561,S,0,0.0,,,,,,,,,
D,78171,0,survey,0.2561,S,0,0.0,,,,,,,,,
D,78371,0,survey,0.2561,S,0,0.0,,,,,,,,,
D,78559,0,survey,0.2560,S,0,0.0,,,,,,,,,
D,78747,0,survey,0.2560,S,0,0.0,,,,,,,,,
D,78936,0,survey,0.2560,S,0,0.0,,,,,,,,,
D,79128,0,survey,0.2560,S,0,0.0,,,,,,,,,
D,79319,0,survey,0.2560,S,0,0.0,,,,,,,,,
D,79509,0,survey,0.2560,S,0,0.0,,,,,,,,,
D,79701,0,survey,0.2559,S,0,0.0,,,,,,,,,
D,79893,0,survey,0.2559,S,0,0.0,,,,,,,,,
D,80084,0,survey,0.2559,S,0,0.0,,,,,,,,,
D,80274,0,survey,0.2559,S,0,0.0,,,,,,,,,
D,80466,0,survey,0.2558,S,0,0.0,,,,,,,,,
D,80657,0,survey,0.2555,U,0,0.0,,,,,,,,,
D,80849,0,survey,0.2554,U,0,0.0,,,,,,,,,
D,81041,0,survey,0.2554,U,0,0.0,,,,,,,,,
D,81230,0,survey,0.2553,U,0,0.0,,,,,,,,,
D,81422,0,survey,0.2553,S,0,0.0,,,,,,,,,
D,81614,0,survey,0.2552,U,0,0.0,,,,,,,,,
D,81805,0,survey,0.2552,S,0,0.0,,,,,,,,,
D,81997,0,survey,0.2551,S,0,0.0,,,,,,,,,
D,82187,0,survey,0.2551,S,0,0.0,,,,,,,,,
D,82378,0,survey,0.2550,S,0,0.0,,,,,,,,,
D,82570,0,survey,0.2550,S,0,0.0,,,,,,,,,
D,82762,0,survey,0.2550,S,0,0.0,,,,,,,,,
D,82951,0,survey,0.2550,S,0,0.0,,,,,,,,,
D,83143,0,survey,0.2550,S,0,0.0,,,,,,,,,
D,83335,0,survey,0.2550,S,0,0.0,,,,,,,,,
D,83527,0,survey,0.2549,S,0,0.0,,,,,,,,,
D,83718,0,survey,0.2549,S,0,0.0,,,,,,,,,
D,83908,0,survey,0.2549,S,0,0.0,,,,,,,,,
D,84100,0,survey,0.2549,S,0,0.0,,,,,,,,,
D,84292,0,survey,0.2549,S,0,0.0,,,,,,,,,
D,84483,0,survey,0.2548,S,0,0.0,,,,,,,,,
D,84675,0,survey,0.2548,S,0,0.0,,,,,,,,,
D,84865,0,survey,0.2548,S,0,0.0,,,,,,,,,
D,85057,0,survey,0.2548,S,0,0.0,,,,,,,,,
D,85248,0,survey,0.2548,S,0,0.0,,,,,,,,,
D,85440,0,survey,0.2548,S,0,0.0,,,,,,,,,
D,85630,0,survey,0.2548,S,0,0.0,,,,,,,,,
D,85821,0,survey,0.2548,S,0,0.0,,,,,,,,,
D,86013,0,survey,0.2548,S,0,0.0,,,,,,,,,
D,86205,0,survey,0.2548,S,0,0.0,,,,,,,,,
D,86397,0,survey,0.2548,S,0,0.0,,,,,,,,,
D,86586,0,survey,0.2548,S,0,0.0,,,,,,,,,
D,86778,0,survey,0.2548,S,0,0.0,,,,,,,,,
D,86970,0,survey,0.2548,S,0,0.0,,,,,,,,,
D,87162,0,survey,0.2548,S,0,0.0,,,,,,,,,
D,87353,0,survey,0.2548,S,0,0.0,,,,,,,,,
D,87542,0,survey,0.2543,U,0,0.0,,,,,,,,,
D,87734,0,survey,0.2543,U,0,0.0,,,,,,,,,
D,87925,0,survey,0.2542,U,0,0.0,,,,,,,,,
D,88117,0,survey,0.2541,U,0,0.0,,,,,,,,,
D,88307,0,survey,0.2541,S,0,0.0,,,,,,,,,
D,88498,0,survey,0.2540,U,0,0.0,,,,,,,,,
D,88690,0,survey,0.2540,S,0,0.0,,,,,,,,,
D,88882,0,survey,0.2539,U,0,0.0,,,,,,,,,
D,89074,0,survey,0.2539,S,0,0.0,,,,,,,,,
D,89263,0,survey,0.2538,U,0,0.0,,,,,,,,,
D,89455,0,survey,0.2538,S,0,0.0,,,,,,,,,
D,89647,0,survey,0.2537,U,0,0.0,,,,,,,,,
D,89838,0,survey,0.2537,S,0,0.0,,,,,,,,,
D,90030,0,survey,0.2536,U,0,0.0,,,,,,,,,
D,90220,0,survey,0.2536,S,0,0.0,,,,,,,,,
D,90412,0,survey,0.2536,S,0,0.0,,,,,,,,,
D,90603,0,survey,0.2536,S,0,0.0,,,,,,,,,
D,90795,0,survey,0.2536,S,0,0.0,,,,,,,,,
D,90985,0,survey,0.2536,S,0,0.0,,,,,,,,,
D,91176,0,survey,0.2536,S,0,0.0,,,,,,,,,
D,91368,0,survey,0.2536,S,0,0.0,,,,,,,,,
D,91560,0,survey,0.2536,S,0,0.0,,,,,,,,,
D,91751,0,survey,0.2536,S,0,0.0,,,,,,,,,
D,91951,0,survey,0.2537,S,0,0.0,,,,,,,,,
D,92139,0,survey,0.2537,S,0,0.0,,,,,,,,,
D,92327,0,survey,0.2537,S,0,0.0,,,,,,,,,
D,92517,0,survey,0.2537,S,0,0.0,,,,,,,,,
D,92708,0,survey,0.2537,S,0,0.0,,,,,,,,,
D,92898,0,survey,0.2536,S,0,0.0,,,,,,,,,
D,93090,0,survey,0.2536,S,0,0.0,,,,,,,,,
D,93281,0,survey,0.2536,S,0,0.0,,,,,,,,,
D,93473,0,survey,0.2532,U,0,0.0,,,,,,,,,
D,93662,0,survey,0.2532,U,0,0.0,,,,,,,,,
D,93854,0,survey,0.2531,U,0,0.0,,,,,,,,,
D,94046,0,survey,0.2530,U,0,0.0,,,,,,,,,
D,94237,0,survey,0.2530,S,0,0.0,,,,,,,,,
D,94429,0,survey,0.2529,U,0,0.0,,,,,,,,,
D,94619,0,survey,0.2529,S,0,0.0,,,,,,,,,
D,94810,0,survey,0.2528,S,0,0.0,,,,,,,,,
D,95002,0,survey,0.2528,S,0,0.0,,,,,,,,,
D,95194,0,survey,0.2528,S,0,0.0,,,,,,,,,
D,95385,0,survey,0.2527,S,0,0.0,,,,,,,,,
D,95575,0,survey,0.2527,S,0,0.0,,,,,,,,,
D,95767,0,survey,0.2526,U,0,0.0,,,,,,,,,
D,95959,0,survey,0.2526,S,0,0.0,,,,,,,,,
D,96150,0,survey,0.2526,S,0,0.0,,,,,,,,,
D,96340,0,survey,0.2526,S,0,0.0,,,,,,,,,
D,96532,0,survey,0.2526,S,0,0.0,,,,,,,,,
D,96723,0,survey,0.2526,S,0,0.0,,,,,,,,,
D,96915,0,survey,0.2526,S,0,0.0,,,,,,,,,
D,97107,0,survey,0.2525,S,0,0.0,,,,,,,,,
D,97297,0,survey,0.2525,S,0,0.0,,,,,,,,,
D,97488,0,survey,0.2525,S,0,0.0,,,,,,,,,
D,97680,0,survey,0.2522,U,0,0.0,,,,,,,,,
D,97871,0,survey,0.2521,U,0,0.0,,,,,,,,,
D,98063,0,survey,0.2521,S,0,0.0,,,,,,,,,
D,98253,0,survey,0.2520,U,0,0.0,,,,,,,,,
D,98444,0,survey,0.2519,U,0,0.0,,,,,,,,,
D,98636,0,survey,0.2519,S,0,0.0,,,,,,,,,
D,98828,0,survey,0.2518,U,0,0.0,,,,,,,,,
D,99018,0,survey,0.2518,S,0,0.0,,,,,,,,,
P,99209,0,survey_end,0.2518,S
E,99212,feed probe: 3.0 rev at 30 rpm, tilt 20
P,101129,0,probe_base,0.2628,S
D,109443,0,settle,0.2396,S,0,0.0,,,,,,,,,
D,109634,0,settle,0.2395,S,0,0.0,,,,,,,,,
D,109824,0,settle,0.2395,S,0,0.0,,,,,,,,,
D,110016,0,settle,0.2396,S,0,0.0,,,,,,,,,
D,110208,0,settle,0.2397,U,0,0.0,,,,,,,,,
D,110399,0,settle,0.2398,U,0,0.0,,,,,,,,,
D,110591,0,settle,0.2399,U,0,0.0,,,,,,,,,
D,110781,0,settle,0.2400,U,0,0.0,,,,,,,,,
D,110972,0,settle,0.2402,U,0,0.0,,,,,,,,,
D,111164,0,settle,0.2403,U,0,0.0,,,,,,,,,
D,111356,0,settle,0.2405,U,0,0.0,,,,,,,,,
D,111545,0,settle,0.2406,U,0,0.0,,,,,,,,,
D,111737,0,settle,0.2408,U,0,0.0,,,,,,,,,
D,111929,0,settle,0.2409,U,0,0.0,,,,,,,,,
D,112121,0,settle,0.2410,U,0,0.0,,,,,,,,,
D,112312,0,settle,0.2410,S,0,0.0,,,,,,,,,
P,112502,0,probe_end,0.2410,S
E,112506,probe yield -0.0218 g over 3.0 rev -> -0.0073 g/rev
B,112507,20,-0.0218,-0.0073
E,112509,no conveyance -- bumping trim tilt to 25 deg
E,112511,feed probe: 3.0 rev at 30 rpm, tilt 25
P,113747,0,probe_base,0.2412,S
D,122066,0,settle,0.2742,S,0,0.0,,,,,,,,,
D,122256,0,settle,0.2742,S,0,0.0,,,,,,,,,
D,122448,0,settle,0.2743,S,0,0.0,,,,,,,,,
D,122639,0,settle,0.2745,U,0,0.0,,,,,,,,,
D,122831,0,settle,0.2748,U,0,0.0,,,,,,,,,
D,123023,0,settle,0.2751,U,0,0.0,,,,,,,,,
D,123213,0,settle,0.2754,U,0,0.0,,,,,,,,,
D,123404,0,settle,0.2757,U,0,0.0,,,,,,,,,
D,123596,0,settle,0.2761,U,0,0.0,,,,,,,,,
D,123788,0,settle,0.2764,U,0,0.0,,,,,,,,,
D,123977,0,settle,0.2768,U,0,0.0,,,,,,,,,
D,124169,0,settle,0.2771,U,0,0.0,,,,,,,,,
D,124361,0,settle,0.2774,U,0,0.0,,,,,,,,,
D,124553,0,settle,0.2776,U,0,0.0,,,,,,,,,
D,124744,0,settle,0.2777,U,0,0.0,,,,,,,,,
D,124934,0,settle,0.2776,S,0,0.0,,,,,,,,,
P,125126,0,probe_end,0.2776,S
E,125130,probe yield 0.0364 g over 3.0 rev -> 0.0121 g/rev
B,125131,25,0.0364,0.0121
M,trickle_tilt_final,25.0
E,125135,=== trial 1 : target 0.200 g, trickle tilt 25, tap tilt 0, rep 1 (dispensed 0.036 g) ===
D,125228,1,drift,0.2775,U,0,0.0,,,,,,,,,
D,125416,1,drift,0.2775,S,0,0.0,,,,,,,,,
D,125605,1,drift,0.2774,U,0,0.0,,,,,,,,,
D,125795,1,drift,0.2774,S,0,0.0,,,,,,,,,
D,125986,1,drift,0.2773,U,0,0.0,,,,,,,,,
D,126178,1,drift,0.2773,S,0,0.0,,,,,,,,,
D,126370,1,drift,0.2771,U,0,0.0,,,,,,,,,
D,126561,1,drift,0.2771,U,0,0.0,,,,,,,,,
D,126751,1,drift,0.2770,U,0,0.0,,,,,,,,,
D,126943,1,drift,0.2769,U,0,0.0,,,,,,,,,
D,127134,1,drift,0.2769,S,0,0.0,,,,,,,,,
D,127326,1,drift,0.2768,U,0,0.0,,,,,,,,,
D,127518,1,drift,0.2767,U,0,0.0,,,,,,,,,
D,127707,1,drift,0.2766,U,0,0.0,,,,,,,,,
D,127899,1,drift,0.2766,U,0,0.0,,,,,,,,,
D,128091,1,drift,0.2765,U,0,0.0,,,,,,,,,
D,128282,1,drift,0.2764,U,0,0.0,,,,,,,,,
D,128472,1,drift,0.2764,S,0,0.0,,,,,,,,,
D,128664,1,drift,0.2763,U,0,0.0,,,,,,,,,
D,128856,1,drift,0.2763,S,0,0.0,,,,,,,,,
D,129047,1,drift,0.2762,S,0,0.0,,,,,,,,,
D,129239,1,drift,0.2762,S,0,0.0,,,,,,,,,
D,129429,1,drift,0.2762,S,0,0.0,,,,,,,,,
D,129621,1,drift,0.2762,S,0,0.0,,,,,,,,,
D,129812,1,drift,0.2762,S,0,0.0,,,,,,,,,
D,130004,1,drift,0.2762,S,0,0.0,,,,,,,,,
D,130196,1,drift,0.2762,S,0,0.0,,,,,,,,,
D,130385,1,drift,0.2762,S,0,0.0,,,,,,,,,
D,130577,1,drift,0.2762,S,0,0.0,,,,,,,,,
D,130769,1,drift,0.2762,S,0,0.0,,,,,,,,,
D,130960,1,drift,0.2762,S,0,0.0,,,,,,,,,
D,131150,1,drift,0.2762,S,0,0.0,,,,,,,,,
D,131342,1,drift,0.2762,S,0,0.0,,,,,,,,,
D,131534,1,drift,0.2762,S,0,0.0,,,,,,,,,
D,131725,1,drift,0.2762,S,0,0.0,,,,,,,,,
D,131917,1,drift,0.2761,S,0,0.0,,,,,,,,,
D,132107,1,drift,0.2761,S,0,0.0,,,,,,,,,
D,132299,1,drift,0.2761,S,0,0.0,,,,,,,,,
D,132490,1,drift,0.2761,S,0,0.0,,,,,,,,,
D,132682,1,drift,0.2761,S,0,0.0,,,,,,,,,
D,132874,1,drift,0.2760,S,0,0.0,,,,,,,,,
D,133064,1,drift,0.2760,S,0,0.0,,,,,,,,,
D,133255,1,drift,0.2760,S,0,0.0,,,,,,,,,
D,133447,1,drift,0.2760,S,0,0.0,,,,,,,,,
D,133639,1,drift,0.2760,S,0,0.0,,,,,,,,,
D,133828,1,drift,0.2760,S,0,0.0,,,,,,,,,
D,134020,1,drift,0.2760,S,0,0.0,,,,,,,,,
D,134212,1,drift,0.2759,S,0,0.0,,,,,,,,,
D,134404,1,drift,0.2759,S,0,0.0,,,,,,,,,
D,134604,1,drift,0.2759,S,0,0.0,,,,,,,,,
D,134792,1,drift,0.2759,S,0,0.0,,,,,,,,,
D,134980,1,drift,0.2753,U,0,0.0,,,,,,,,,
D,135168,1,drift,0.2752,U,0,0.0,,,,,,,,,
D,135359,1,drift,0.2751,U,0,0.0,,,,,,,,,
D,135551,1,drift,0.2750,U,0,0.0,,,,,,,,,
D,135741,1,drift,0.2749,U,0,0.0,,,,,,,,,
D,135932,1,drift,0.2748,U,0,0.0,,,,,,,,,
D,136124,1,drift,0.2747,U,0,0.0,,,,,,,,,
D,136316,1,drift,0.2746,U,0,0.0,,,,,,,,,
D,136505,1,drift,0.2746,S,0,0.0,,,,,,,,,
D,136697,1,drift,0.2745,U,0,0.0,,,,,,,,,
D,136889,1,drift,0.2745,S,0,0.0,,,,,,,,,
D,137080,1,drift,0.2745,S,0,0.0,,,,,,,,,
D,137272,1,drift,0.2745,S,0,0.0,,,,,,,,,
D,137462,1,drift,0.2745,S,0,0.0,,,,,,,,,
D,137653,1,drift,0.2744,S,0,0.0,,,,,,,,,
D,137845,1,drift,0.2744,S,0,0.0,,,,,,,,,
D,138037,1,drift,0.2744,S,0,0.0,,,,,,,,,
D,138229,1,drift,0.2744,S,0,0.0,,,,,,,,,
D,138418,1,drift,0.2744,S,0,0.0,,,,,,,,,
D,138610,1,drift,0.2744,S,0,0.0,,,,,,,,,
D,138802,1,drift,0.2743,S,0,0.0,,,,,,,,,
D,138994,1,drift,0.2743,S,0,0.0,,,,,,,,,
D,139183,1,drift,0.2743,S,0,0.0,,,,,,,,,
D,139375,1,drift,0.2743,S,0,0.0,,,,,,,,,
D,139567,1,drift,0.2743,S,0,0.0,,,,,,,,,
D,139758,1,drift,0.2743,S,0,0.0,,,,,,,,,
D,139950,1,drift,0.2743,S,0,0.0,,,,,,,,,
D,140140,1,drift,0.2743,S,0,0.0,,,,,,,,,
P,140332,1,base,0.2743,S
D,141135,1,preroll,0.2743,S,1,0.0,0.0000,0.0000,0.0000,0.01883,0.0000,0.0000,0.000,0.3500,0.0350
D,141292,1,preroll,0.2743,S,0,0.0,0.0000,0.0000,0.0000,0.02635,0.0000,0.0000,0.000,0.3500,0.0350
D,141486,1,preroll,0.2743,S,1,0.0,0.0000,0.0000,0.0000,0.02285,0.0000,0.0000,0.000,0.3500,0.0350
D,141681,1,preroll,0.2743,S,0,0.0,0.0000,0.0000,0.0000,0.03312,0.0000,0.0000,0.000,0.3500,0.0350
D,141876,1,preroll,0.2743,S,1,0.0,0.0000,0.0000,0.0000,0.02532,0.0000,0.0000,0.000,0.3500,0.0350
D,142056,1,preroll,0.2742,S,1,0.0,-0.0003,0.0000,-0.0001,0.02108,-0.0003,0.0000,0.000,0.3500,0.0350
D,142253,1,preroll,0.2738,U,1,0.0,-0.0011,0.0000,-0.0005,0.02198,-0.0011,0.0000,0.000,0.3500,0.0350
D,142449,1,preroll,0.2737,U,1,0.0,-0.0001,0.0018,-0.0006,0.02191,0.0005,0.0000,0.000,0.3500,0.0350
D,142633,1,preroll,0.2736,U,1,0.0,-0.0012,0.0000,-0.0007,0.02058,-0.0012,0.0000,0.000,0.3500,0.0350
D,142980,1,trickle,0.2735,U,1,0.0,0.0000,0.0007,-0.0008,0.04251,0.0002,0.0500,0.000,0.3500,0.0380
D,143270,1,trickle,0.2734,U,1,14.4,-0.0019,0.0472,-0.0009,0.03636,0.0123,0.0500,0.017,0.3500,0.0380
D,143550,1,trickle,0.2733,U,1,2.9,0.0130,0.0315,-0.0010,0.03649,0.0225,0.0500,0.018,0.3500,0.0380
D,143742,1,trickle,0.2730,U,1,7.4,-0.0037,0.0073,-0.0010,0.02673,-0.0015,0.0500,0.023,0.3500,0.0380
D,144039,1,trickle,0.2458,U,1,14.4,-0.0632,0.0072,-0.0275,0.03676,-0.0611,0.0500,0.031,0.3500,0.0380
D,144315,1,trickle,0.2251,U,1,16.0,-0.0426,0.0703,-0.0494,0.03588,-0.0215,0.0500,0.044,0.3500,0.0380
D,144506,1,trickle,0.2307,U,1,0.0,-0.0267,0.0465,-0.0436,0.02576,-0.0128,0.0500,0.038,0.3500,0.0380
D,144697,1,trickle,0.2416,U,1,5.6,-0.0200,0.0379,-0.0326,0.02331,-0.0086,0.0500,0.039,0.3500,0.0380
D,144888,1,trickle,0.2440,U,1,8.0,-0.0275,0.0195,-0.0298,0.02404,-0.0217,0.0500,0.041,0.3500,0.0380
D,145080,1,trickle,0.2445,U,1,13.3,-0.0275,0.0365,-0.0297,0.02411,-0.0165,0.0500,0.047,0.3500,0.0380
D,145271,1,trickle,0.2458,U,1,9.4,-0.0213,0.0422,-0.0285,0.02405,-0.0087,0.0500,0.050,0.3500,0.0380
D,145463,1,trickle,0.2465,U,1,8.1,-0.0231,0.0300,-0.0275,0.02412,-0.0141,0.0500,0.051,0.3500,0.0380
D,145654,1,trickle,0.2469,U,1,11.6,-0.0242,0.0346,-0.0272,0.02405,-0.0138,0.0500,0.055,0.3500,0.0380
D,145846,1,trickle,0.2506,U,1,10.8,-0.0144,0.0500,-0.0238,0.02412,0.0006,0.0500,0.058,0.3500,0.0380
D,146037,1,trickle,0.2542,U,1,7.0,-0.0114,0.0370,-0.0199,0.02405,-0.0002,0.0500,0.058,0.3500,0.0380
D,146228,1,trickle,0.2542,U,0,10.5,-0.0043,0.0463,-0.0139,0.03375,0.0096,0.0500,0.061,0.3500,0.0380
D,146516,1,trickle,0.2546,U,1,8.3,-0.0156,0.0336,-0.0195,0.03670,-0.0055,0.0500,0.061,0.3500,0.0380
D,146812,1,trickle,0.2586,U,1,12.0,-0.0044,0.0561,-0.0157,0.03871,0.0124,0.0500,0.066,0.3500,0.0380
D,147088,1,trickle,0.2588,U,1,6.2,-0.0095,0.0291,-0.0153,0.03660,-0.0008,0.0500,0.064,0.3500,0.0380
D,147281,1,trickle,0.2570,U,1,13.6,-0.0174,0.0319,-0.0171,0.02678,-0.0078,0.0500,0.070,0.3500,0.0380
D,147577,1,trickle,0.2560,U,1,13.3,-0.0103,0.0573,-0.0183,0.03664,0.0069,0.0500,0.073,0.3500,0.0380
D,147853,1,trickle,0.2567,U,1,6.7,-0.0088,0.0352,-0.0175,0.03587,0.0017,0.0500,0.071,0.3500,0.0380
D,148045,1,trickle,0.2563,U,1,12.7,-0.0169,0.0314,-0.0178,0.02658,-0.0075,0.0500,0.075,0.3500,0.0380
D,148236,1,trickle,0.2557,U,1,14.1,-0.0142,0.0463,-0.0185,0.02411,-0.0003,0.0500,0.079,0.3500,0.0380
D,148427,1,trickle,0.2557,U,0,10.5,-0.0053,0.0520,-0.0155,0.03380,0.0103,0.0500,0.080,0.3500,0.0380
D,148617,1,trickle,0.2560,U,1,9.0,-0.0124,0.0366,-0.0181,0.02552,-0.0014,0.0500,0.079,0.3500,0.0380
D,148810,1,trickle,0.2562,U,1,13.2,-0.0145,0.0394,-0.0178,0.02420,-0.0027,0.0500,0.082,0.3500,0.0380
D,149001,1,trickle,0.2566,U,1,12.7,-0.0120,0.0454,-0.0175,0.02409,0.0017,0.0500,0.084,0.3500,0.0380
D,149192,1,trickle,0.2633,U,1,11.3,0.0028,0.0620,-0.0112,0.02403,0.0214,0.0500,0.085,0.3153,0.0359
D,149384,1,trickle,0.2616,U,1,6.9,-0.0110,0.0152,-0.0118,0.02412,-0.0065,0.0500,0.082,0.3153,0.0359
D,149576,1,trickle,0.2607,U,1,19.4,-0.0134,0.0409,-0.0134,0.02415,-0.0012,0.0500,0.089,0.3153,0.0359
D,149865,1,trickle,0.2660,U,1,13.2,0.0111,0.0675,-0.0086,0.03560,0.0313,0.0500,0.091,0.2847,0.0350
D,150148,1,trickle,0.2645,U,1,5.9,-0.0129,0.0104,-0.0094,0.03661,-0.0098,0.0500,0.086,0.2847,0.0350
D,150340,1,trickle,0.2617,U,1,21.5,-0.0126,0.0435,-0.0126,0.02677,0.0004,0.0500,0.097,0.2847,0.0350
D,150532,1,trickle,0.2593,U,1,13.4,-0.0097,0.0437,-0.0149,0.02420,0.0034,0.0500,0.098,0.2847,0.0350
D,150724,1,trickle,0.2594,U,1,13.5,-0.0096,0.0397,-0.0146,0.02417,0.0023,0.0500,0.099,0.2847,0.0350
D,151020,1,trickle,0.2594,U,1,14.7,-0.0091,0.0490,-0.0147,0.03657,0.0056,0.0500,0.101,0.2847,0.0350
D,151296,1,trickle,0.2599,U,1,12.5,-0.0062,0.0457,-0.0143,0.03584,0.0075,0.0500,0.102,0.2847,0.0350
D,151488,1,trickle,0.2644,U,1,13.4,-0.0003,0.0489,-0.0099,0.02658,0.0144,0.0500,0.103,0.2847,0.0350
D,151680,1,trickle,0.2650,U,1,12.6,-0.0049,0.0338,-0.0089,0.02420,0.0052,0.0500,0.103,0.2847,0.0350
H,151721,1,-0.0049,0.0101,0.0242,0.0350,0.2000,stall
P,155632,1,posttrickle,0.2720,S
P,157737,1,tapread,0.2798,S
C,157739,1,1,1,0,0.2720,0.2798
P,160031,1,tapread,0.2771,S
C,160033,1,2,2,0,0.2798,0.2771
P,161752,1,tapread,0.2816,S
C,161754,1,3,3,0,0.2771,0.2816
P,164432,1,tapread,0.2751,S
C,164434,1,4,4,0,0.2816,0.2751
P,166343,1,tapread,0.2783,S
C,166345,1,5,5,0,0.2751,0.2783
P,168256,1,tapread,0.2782,S
C,168258,1,6,6,0,0.2783,0.2782
P,169977,1,tapread,0.2743,S
C,169979,1,7,7,0,0.2782,0.2743
P,173228,1,tapread,0.2757,S
C,173230,1,8,8,0,0.2743,0.2757
P,175715,1,tapread,0.2750,S
C,175717,1,9,9,0,0.2757,0.2750
P,177437,1,tapread,0.2807,S
C,177439,1,10,10,0,0.2750,0.2807
P,179539,1,tapread,0.2800,S
C,179541,1,11,11,0,0.2807,0.2800
P,183366,1,tapread,0.2783,S
C,183368,1,12,12,0,0.2800,0.2783
P,185279,1,tapread,0.2743,S
C,185281,1,13,13,0,0.2783,0.2743
P,190634,1,tapread,0.2833,S
C,190636,1,14,14,1,0.2743,0.2833
P,192163,1,tapread,0.2778,S
C,192165,1,15,15,1,0.2833,0.2778
P,193885,1,tapread,0.2634,S
C,193887,1,16,16,1,0.2778,0.2634
P,195798,1,tapread,0.2743,S
C,195800,1,17,17,1,0.2634,0.2743
P,197711,1,tapread,0.2767,S
C,197713,1,18,18,1,0.2743,0.2767
P,199623,1,tapread,0.2818,S
C,199625,1,19,19,1,0.2767,0.2818
P,201548,1,tapread,0.2745,S
C,201550,1,20,20,1,0.2818,0.2745
P,203264,1,tapread,0.2773,S
C,203266,1,21,21,1,0.2745,0.2773
P,205552,1,tapread,0.2839,S
C,205554,1,22,22,1,0.2773,0.2839
P,208230,1,tapread,0.2782,S
C,208232,1,23,23,1,0.2839,0.2782
P,209760,1,tapread,0.2782,S
C,209762,1,24,24,1,0.2782,0.2782
P,211864,1,tapread,0.2750,S
C,211866,1,25,25,1,0.2782,0.2750
P,217792,1,tapread,0.2820,S
C,217794,1,26,26,2,0.2750,0.2820
P,220089,1,tapread,0.2775,S
C,220091,1,27,27,2,0.2820,0.2775
P,222002,1,tapread,0.2794,S
C,222004,1,28,28,2,0.2775,0.2794
P,224488,1,tapread,0.2819,S
C,224490,1,29,29,2,0.2794,0.2819
P,228504,1,tapread,0.2793,S
C,228506,1,30,30,2,0.2819,0.2793
P,230416,1,tapread,0.2765,S
C,230418,1,31,31,2,0.2793,0.2765
P,234051,1,tapread,0.2801,S
C,234053,1,32,32,2,0.2765,0.2801
P,235974,1,tapread,0.2843,S
C,235976,1,33,33,2,0.2801,0.2843
P,237690,1,tapread,0.2773,S
C,237692,1,34,34,2,0.2843,0.2773
P,239789,1,tapread,0.2784,S
C,239791,1,35,35,2,0.2773,0.2784
P,243232,1,tapread,0.2804,S
C,243234,1,36,36,2,0.2784,0.2804
P,245144,1,tapread,0.2866,S
C,245146,1,37,37,2,0.2804,0.2866
P,247056,1,tapread,0.2819,S
C,247058,1,38,38,2,0.2866,0.2819
P,248968,1,tapread,0.2813,S
C,248970,1,39,39,2,0.2819,0.2813
P,250881,1,tapread,0.2799,S
C,250883,1,40,40,2,0.2813,0.2799
P,256428,1,tapread,0.2868,S
C,256430,1,41,41,3,0.2799,0.2868
P,259298,1,tapread,0.2924,S
C,259300,1,42,42,3,0.2868,0.2924
P,264079,1,tapread,0.2924,S
C,264081,1,43,43,3,0.2924,0.2924
P,265991,1,tapread,0.2904,S
C,265993,1,44,44,3,0.2924,0.2904
P,268477,1,tapread,0.2892,S
C,268479,1,45,45,3,0.2904,0.2892
P,274024,1,tapread,0.2979,S
C,274026,1,46,46,4,0.2892,0.2979
P,275745,1,tapread,0.3024,S
C,275747,1,47,47,4,0.2979,0.3024
P,277658,1,tapread,0.3019,S
C,277660,1,48,48,4,0.3024,0.3019
P,280719,1,tapread,0.3029,S
C,280721,1,49,49,4,0.3019,0.3029
P,283014,1,tapread,0.2947,S
C,283016,1,50,50,4,0.3029,0.2947
P,284735,1,tapread,0.2977,S
C,284737,1,51,51,4,0.2947,0.2977
P,287604,1,tapread,0.2957,S
C,287606,1,52,52,4,0.2977,0.2957
P,290091,1,tapread,0.2945,S
C,290093,1,53,53,4,0.2957,0.2945
P,293343,1,tapread,0.2962,S
C,293345,1,54,54,4,0.2945,0.2962
P,294873,1,tapread,0.2958,S
C,294875,1,55,55,4,0.2962,0.2958
P,296785,1,tapread,0.3015,S
C,296787,1,56,56,4,0.2958,0.3015
P,298698,1,tapread,0.2966,S
C,298700,1,57,57,4,0.3015,0.2966
P,300609,1,tapread,0.3038,S
C,300611,1,58,58,4,0.2966,0.3038
P,302906,1,tapread,0.3058,S
C,302908,1,59,59,4,0.3038,0.3058
P,304627,1,tapread,0.2943,S
C,304629,1,60,60,4,0.3058,0.2943
P,307113,1,tapread,0.2983,S
C,307115,1,61,61,4,0.2943,0.2983
P,308652,1,tapread,0.2981,S
C,308654,1,62,62,4,0.2983,0.2981
P,313617,1,tapread,0.2981,S
C,313619,1,63,63,4,0.2981,0.2981
P,315529,1,tapread,0.3011,S
C,315531,1,64,64,4,0.2981,0.3011
P,317442,1,tapread,0.3032,S
C,317444,1,65,65,4,0.3011,0.3032
P,319163,1,tapread,0.2952,S
C,319165,1,66,66,4,0.3032,0.2952
P,321075,1,tapread,0.3020,S
C,321077,1,67,67,4,0.2952,0.3020
P,322988,1,tapread,0.2966,S
C,322990,1,68,68,4,0.3020,0.2966
P,325092,1,tapread,0.2957,S
C,325094,1,69,69,4,0.2966,0.2957
P,327197,1,tapread,0.2911,S
C,327199,1,70,70,4,0.2957,0.2911
P,332553,1,tapread,0.2952,S
C,332555,1,71,71,5,0.2911,0.2952
P,334463,1,tapread,0.2986,S
C,334465,1,72,72,5,0.2952,0.2986
P,337908,1,tapread,0.3005,S
C,337910,1,73,73,5,0.2986,0.3005
P,339437,1,tapread,0.2995,S
C,339439,1,74,74,5,0.3005,0.2995
P,341158,1,tapread,0.2971,S
C,341160,1,75,75,5,0.2995,0.2971
P,342879,1,tapread,0.3022,S
C,342881,1,76,76,5,0.2971,0.3022
P,344601,1,tapread,0.3049,S
C,344603,1,77,77,5,0.3022,0.3049
P,346905,1,tapread,0.3025,S
C,346907,1,78,78,5,0.3049,0.3025
P,349383,1,tapread,0.3013,S
C,349385,1,79,79,5,0.3025,0.3013
P,351486,1,tapread,0.3041,S
C,351488,1,80,80,5,0.3013,0.3041
P,353590,1,tapread,0.2982,S
C,353592,1,81,81,5,0.3041,0.2982
P,355311,1,tapread,0.3025,S
C,355313,1,82,82,5,0.2982,0.3025
P,357416,1,tapread,0.2998,S
C,357418,1,83,83,5,0.3025,0.2998
P,359137,1,tapread,0.3061,S
C,359139,1,84,84,5,0.2998,0.3061
P,360667,1,tapread,0.2930,S
C,360669,1,85,85,5,0.3061,0.2930
P,362388,1,tapread,0.2987,S
C,362390,1,86,86,5,0.2930,0.2987
P,364684,1,tapread,0.3018,S
C,364686,1,87,87,5,0.2987,0.3018
P,366405,1,tapread,0.3049,S
C,366407,1,88,88,5,0.3018,0.3049
P,368508,1,tapread,0.2992,S
C,368510,1,89,89,5,0.3049,0.2992
P,370421,1,tapread,0.3009,S
C,370423,1,90,90,5,0.2992,0.3009
P,372334,1,tapread,0.2895,S
C,372336,1,91,91,5,0.3009,0.2895
P,374629,1,tapread,0.2992,S
C,374631,1,92,92,5,0.2895,0.2992
P,376541,1,tapread,0.2846,S
C,376543,1,93,93,5,0.2992,0.2846
P,378454,1,tapread,0.2936,S
C,378456,1,94,94,5,0.2846,0.2936
P,380175,1,tapread,0.3021,S
C,380177,1,95,95,5,0.2936,0.3021
P,381897,1,tapread,0.2972,S
C,381899,1,96,96,5,0.3021,0.2972
P,384001,1,tapread,0.2932,S
C,384003,1,97,97,5,0.2972,0.2932
P,386104,1,tapread,0.2956,S
C,386106,1,98,98,5,0.2932,0.2956
P,387636,1,tapread,0.2953,S
C,387638,1,99,99,5,0.2956,0.2953
P,389559,1,tapread,0.2955,S
C,389561,1,100,100,5,0.2953,0.2955
P,391845,1,tapread,0.3009,S
C,391847,1,101,101,5,0.2955,0.3009
P,393947,1,tapread,0.3019,S
C,393949,1,102,102,5,0.3009,0.3019
P,396242,1,tapread,0.2948,S
C,396244,1,103,103,5,0.3019,0.2948
P,397963,1,tapread,0.3036,S
C,397965,1,104,104,5,0.2948,0.3036
P,399876,1,tapread,0.2906,S
C,399878,1,105,105,5,0.3036,0.2906
P,401980,1,tapread,0.3019,S
C,401982,1,106,106,5,0.2906,0.3019
P,406188,1,tapread,0.2975,S
C,406190,1,107,107,5,0.3019,0.2975
P,408100,1,tapread,0.2966,S
C,408102,1,108,108,5,0.2975,0.2966
P,410013,1,tapread,0.3058,S
C,410015,1,109,109,5,0.2966,0.3058
P,412308,1,tapread,0.3002,S
C,412310,1,110,110,5,0.3058,0.3002
P,414029,1,tapread,0.2913,S
C,414031,1,111,111,5,0.3002,0.2913
P,415559,1,tapread,0.2909,S
C,415561,1,112,112,5,0.2913,0.2909
P,421489,1,tapread,0.2989,S
C,421491,1,113,113,6,0.2909,0.2989
P,423402,1,tapread,0.2941,S
C,423404,1,114,114,6,0.2989,0.2941
P,425505,1,tapread,0.2981,S
C,425507,1,115,115,6,0.2941,0.2981
P,427036,1,tapread,0.2977,S
C,427038,1,116,116,6,0.2981,0.2977
P,429139,1,tapread,0.3039,S
C,429141,1,117,117,6,0.2977,0.3039
P,431052,1,tapread,0.2961,S
C,431054,1,118,118,6,0.3039,0.2961
P,432773,1,tapread,0.3044,S
C,432775,1,119,119,6,0.2961,0.3044
P,434494,1,tapread,0.3008,S
C,434496,1,120,120,6,0.3044,0.3008
D,434590,1,settle,0.3008,S,0,0.0,,,,,,,,,
D,434782,1,settle,0.3007,S,0,0.0,,,,,,,,,
D,434973,1,settle,0.3007,S,0,0.0,,,,,,,,,
D,435163,1,settle,0.3007,S,0,0.0,,,,,,,,,
D,435355,1,settle,0.3007,S,0,0.0,,,,,,,,,
D,435547,1,settle,0.3007,S,0,0.0,,,,,,,,,
D,435738,1,settle,0.3007,S,0,0.0,,,,,,,,,
D,435930,1,settle,0.3007,S,0,0.0,,,,,,,,,
D,436120,1,settle,0.3007,S,0,0.0,,,,,,,,,
D,436312,1,settle,0.3007,S,0,0.0,,,,,,,,,
D,436503,1,settle,0.3007,S,0,0.0,,,,,,,,,
D,436695,1,settle,0.3007,S,0,0.0,,,,,,,,,
D,436887,1,settle,0.3007,S,0,0.0,,,,,,,,,
D,437076,1,settle,0.3007,S,0,0.0,,,,,,,,,
D,437268,1,settle,0.3007,S,0,0.0,,,,,,,,,
D,437460,1,settle,0.3007,S,0,0.0,,,,,,,,,
D,437652,1,settle,0.3007,S,0,0.0,,,,,,,,,
D,437841,1,settle,0.3007,S,0,0.0,,,,,,,,,
D,438033,1,settle,0.3007,S,0,0.0,,,,,,,,,
D,438225,1,settle,0.3007,S,0,0.0,,,,,,,,,
D,438417,1,settle,0.3007,S,0,0.0,,,,,,,,,
P,438608,1,settled,0.3007,S
D,438702,1,settle,0.3007,S,0,0.0,,,,,,,,,
D,438894,1,settle,0.3007,S,0,0.0,,,,,,,,,
D,439086,1,settle,0.3007,S,0,0.0,,,,,,,,,
D,439277,1,settle,0.3007,S,0,0.0,,,,,,,,,
D,439469,1,settle,0.3007,S,0,0.0,,,,,,,,,
D,439659,1,settle,0.3007,S,0,0.0,,,,,,,,,
D,439851,1,settle,0.3007,S,0,0.0,,,,,,,,,
D,440042,1,settle,0.3007,S,0,0.0,,,,,,,,,
D,440234,1,settle,0.3007,S,0,0.0,,,,,,,,,
D,440426,1,settle,0.3007,S,0,0.0,,,,,,,,,
D,440616,1,settle,0.3006,S,0,0.0,,,,,,,,,
D,440807,1,settle,0.3006,S,0,0.0,,,,,,,,,
D,440999,1,settle,0.3006,S,0,0.0,,,,,,,,,
D,441190,1,settle,0.3006,S,0,0.0,,,,,,,,,
D,441380,1,settle,0.3006,S,0,0.0,,,,,,,,,
D,441572,1,settle,0.3006,S,0,0.0,,,,,,,,,
P,441764,1,settled2,0.3006,S
T,1,0.200,25,0,1,0.2743,8.9,1.60,0.2847,0.2720,120,6,120,301.4,0.3007,0.3006,0.0263,-173.7,-202.3,tap_stalled
E,441772,trial 1 tap_stalled: dispensed 0.0263 g, error -173.7 mg (trickle landed -202.3 mg), 120 taps, 6 nudges, 301.4 s
E,441775,=== trial 2 : target 0.100 g, trickle tilt 25, tap tilt 0, rep 1 (dispensed 0.063 g) ===
D,441869,2,drift,0.3006,S,0,0.0,,,,,,,,,
D,442057,2,drift,0.3006,S,0,0.0,,,,,,,,,
D,442245,2,drift,0.3005,S,0,0.0,,,,,,,,,
D,442433,2,drift,0.3005,S,0,0.0,,,,,,,,,
D,442624,2,drift,0.3005,S,0,0.0,,,,,,,,,
D,442816,2,drift,0.3005,S,0,0.0,,,,,,,,,
D,443008,2,drift,0.3004,S,0,0.0,,,,,,,,,
D,443197,2,drift,0.3004,S,0,0.0,,,,,,,,,
D,443388,2,drift,0.2999,U,0,0.0,,,,,,,,,
D,443580,2,drift,0.2999,U,0,0.0,,,,,,,,,
D,443771,2,drift,0.2998,U,0,0.0,,,,,,,,,
D,443963,2,drift,0.2997,U,0,0.0,,,,,,,,,
D,444153,2,drift,0.2997,S,0,0.0,,,,,,,,,
D,444345,2,drift,0.2996,U,0,0.0,,,,,,,,,
D,444536,2,drift,0.2996,S,0,0.0,,,,,,,,,
D,444728,2,drift,0.2995,S,0,0.0,,,,,,,,,
D,444920,2,drift,0.2995,S,0,0.0,,,,,,,,,
D,445109,2,drift,0.2995,S,0,0.0,,,,,,,,,
D,445301,2,drift,0.2995,S,0,0.0,,,,,,,,,
D,445493,2,drift,0.2995,S,0,0.0,,,,,,,,,
D,445685,2,drift,0.2995,S,0,0.0,,,,,,,,,
D,445886,2,drift,0.2995,S,0,0.0,,,,,,,,,
D,446075,2,drift,0.2995,S,0,0.0,,,,,,,,,
D,446263,2,drift,0.2995,S,0,0.0,,,,,,,,,
D,446451,2,drift,0.2995,S,0,0.0,,,,,,,,,
D,446641,2,drift,0.2995,S,0,0.0,,,,,,,,,
D,446831,2,drift,0.2996,S,0,0.0,,,,,,,,,
D,447022,2,drift,0.2996,S,0,0.0,,,,,,,,,
D,447214,2,drift,0.2996,S,0,0.0,,,,,,,,,
D,447406,2,drift,0.2996,S,0,0.0,,,,,,,,,
D,447598,2,drift,0.2996,S,0,0.0,,,,,,,,,
D,447787,2,drift,0.2996,S,0,0.0,,,,,,,,,
D,447979,2,drift,0.2996,S,0,0.0,,,,,,,,,
D,448171,2,drift,0.2996,S,0,0.0,,,,,,,,,
D,448363,2,drift,0.2996,S,0,0.0,,,,,,,,,
D,448552,2,drift,0.2992,U,0,0.0,,,,,,,,,
D,448743,2,drift,0.2990,U,0,0.0,,,,,,,,,
D,448935,2,drift,0.2988,U,0,0.0,,,,,,,,,
D,449127,2,drift,0.2986,U,0,0.0,,,,,,,,,
D,449318,2,drift,0.2985,U,0,0.0,,,,,,,,,
D,449508,2,drift,0.2983,U,0,0.0,,,,,,,,,
D,449700,2,drift,0.2980,U,0,0.0,,,,,,,,,
D,449892,2,drift,0.2978,U,0,0.0,,,,,,,,,
D,450083,2,drift,0.2976,U,0,0.0,,,,,,,,,
D,450275,2,drift,0.2974,U,0,0.0,,,,,,,,,
D,450465,2,drift,0.2972,U,0,0.0,,,,,,,,,
D,450656,2,drift,0.2969,U,0,0.0,,,,,,,,,
D,450848,2,drift,0.2967,U,0,0.0,,,,,,,,,
D,451040,2,drift,0.2965,U,0,0.0,,,,,,,,,
D,451230,2,drift,0.2964,U,0,0.0,,,,,,,,,
D,451421,2,drift,0.2962,U,0,0.0,,,,,,,,,
D,451613,2,drift,0.2960,U,0,0.0,,,,,,,,,
D,451805,2,drift,0.2959,U,0,0.0,,,,,,,,,
D,451996,2,drift,0.2958,U,0,0.0,,,,,,,,,
D,452186,2,drift,0.2957,U,0,0.0,,,,,,,,,
D,452378,2,drift,0.2955,U,0,0.0,,,,,,,,,
D,452569,2,drift,0.2954,U,0,0.0,,,,,,,,,
D,452761,2,drift,0.2953,U,0,0.0,,,,,,,,,
D,452953,2,drift,0.2952,U,0,0.0,,,,,,,,,
D,453142,2,drift,0.2951,U,0,0.0,,,,,,,,,
D,453334,2,drift,0.2950,U,0,0.0,,,,,,,,,
D,453526,2,drift,0.2949,U,0,0.0,,,,,,,,,
D,453717,2,drift,0.2948,U,0,0.0,,,,,,,,,
D,453907,2,drift,0.2947,U,0,0.0,,,,,,,,,
D,454099,2,drift,0.2946,U,0,0.0,,,,,,,,,
D,454290,2,drift,0.2946,S,0,0.0,,,,,,,,,
D,454482,2,drift,0.2945,U,0,0.0,,,,,,,,,
D,454674,2,drift,0.2944,U,0,0.0,,,,,,,,,
D,454864,2,drift,0.2944,S,0,0.0,,,,,,,,,
D,455055,2,drift,0.2944,S,0,0.0,,,,,,,,,
D,455247,2,drift,0.2943,S,0,0.0,,,,,,,,,
D,455439,2,drift,0.2942,U,0,0.0,,,,,,,,,
D,455630,2,drift,0.2942,S,0,0.0,,,,,,,,,
D,455820,2,drift,0.2941,U,0,0.0,,,,,,,,,
D,456012,2,drift,0.2941,S,0,0.0,,,,,,,,,
D,456203,2,drift,0.2940,U,0,0.0,,,,,,,,,
D,456395,2,drift,0.2939,U,0,0.0,,,,,,,,,
D,456585,2,drift,0.2938,U,0,0.0,,,,,,,,,
D,456777,2,drift,0.2938,U,0,0.0,,,,,,,,,
P,457352,2,base,0.2936,S
D,458995,2,preroll,0.2968,S,1,0.0,0.0022,0.0000,0.0024,0.01883,0.0022,0.0000,0.000,0.3500,0.0350
D,459173,2,preroll,0.2965,U,1,0.0,0.0046,0.0055,0.0029,0.01850,0.0063,0.0000,0.000,0.3500,0.0350
D,459363,2,preroll,0.2963,U,1,0.0,0.0007,0.0000,0.0027,0.02049,0.0007,0.0000,0.000,0.3500,0.0350
D,459560,2,preroll,0.2962,U,1,0.0,0.0050,0.0075,0.0026,0.02169,0.0072,0.0000,0.000,0.3500,0.0350
D,459757,2,preroll,0.2961,U,1,0.0,0.0008,0.0000,0.0025,0.02193,0.0008,0.0000,0.000,0.3500,0.0350
D,459938,2,preroll,0.2960,U,1,0.0,0.0041,0.0061,0.0024,0.02023,0.0059,0.0000,0.000,0.3500,0.0350
D,460135,2,preroll,0.2959,U,1,0.0,0.0012,0.0000,0.0023,0.02181,0.0012,0.0000,0.000,0.3500,0.0350
D,460331,2,preroll,0.2959,U,0,0.0,0.0012,0.0000,0.0015,0.03234,0.0012,0.0000,0.000,0.3500,0.0350
D,460660,2,trickle,0.2957,U,1,0.0,0.0029,0.0008,0.0021,0.04196,0.0032,0.0500,0.000,0.3500,0.0380
D,460857,2,trickle,0.2955,U,1,14.2,0.0012,0.0309,0.0019,0.02756,0.0105,0.0500,0.016,0.3500,0.0380
D,461048,2,trickle,0.2955,U,0,7.2,0.0071,0.0351,0.0014,0.03701,0.0177,0.0500,0.020,0.3500,0.0380
D,461343,2,trickle,0.2954,S,1,6.5,0.0098,0.0328,0.0018,0.03781,0.0197,0.0500,0.023,0.3500,0.0380
D,461621,2,trickle,0.3058,U,1,7.6,0.0277,0.0462,0.0121,0.03657,0.0416,0.0500,0.028,0.3500,0.0380
H,461661,2,0.0277,0.0139,0.0366,0.0380,0.1000,cutoff
P,465574,2,posttrickle,0.2886,S
P,467679,2,tapread,0.3097,S
C,467681,2,1,1,0,0.2886,0.3097
P,469599,2,tapread,0.3148,S
C,469601,2,2,2,0,0.3097,0.3148
P,471505,2,tapread,0.3116,S
C,471507,2,3,3,0,0.3148,0.3116
P,473607,2,tapread,0.3034,S
C,473609,2,4,4,0,0.3116,0.3034
P,475329,2,tapread,0.2994,S
C,475331,2,5,5,0,0.3034,0.2994
P,480494,2,tapread,0.3007,S
C,480496,2,6,6,1,0.2994,0.3007
P,482024,2,tapread,0.3002,S
C,482026,2,7,7,1,0.3007,0.3002
P,483937,2,tapread,0.3063,S
C,483939,2,8,8,1,0.3002,0.3063
P,486039,2,tapread,0.2983,S
C,486041,2,9,9,1,0.3063,0.2983
P,487571,2,tapread,0.2939,S
C,487573,2,10,10,1,0.2983,0.2939
P,490057,2,tapread,0.2999,S
C,490059,2,11,11,1,0.2939,0.2999
P,491970,2,tapread,0.2999,S
C,491972,2,12,12,1,0.2999,0.2999
P,497325,2,tapread,0.2905,S
C,497327,2,13,13,1,0.2999,0.2905
P,499046,2,tapread,0.3041,S
C,499048,2,14,14,1,0.2905,0.3041
P,500768,2,tapread,0.3046,S
C,500770,2,15,15,1,0.3041,0.3046
P,503062,2,tapread,0.3080,S
C,503064,2,16,16,1,0.3046,0.3080
P,504783,2,tapread,0.3101,S
C,504785,2,17,17,1,0.3080,0.3101
P,506696,2,tapread,0.3083,S
C,506698,2,18,18,1,0.3101,0.3083
P,508417,2,tapread,0.3015,S
C,508419,2,19,19,1,0.3083,0.3015
P,510522,2,tapread,0.3106,S
C,510524,2,20,20,1,0.3015,0.3106
P,512243,2,tapread,0.3010,S
C,512245,2,21,21,1,0.3106,0.3010
P,514156,2,tapread,0.3050,S
C,514158,2,22,22,1,0.3010,0.3050
P,516450,2,tapread,0.3046,S
C,516452,2,23,23,1,0.3050,0.3046
P,518555,2,tapread,0.3102,S
C,518557,2,24,24,1,0.3046,0.3102
P,520468,2,tapread,0.3066,S
C,520470,2,25,25,1,0.3102,0.3066
P,522381,2,tapread,0.3035,S
C,522383,2,26,26,1,0.3066,0.3035
P,524292,2,tapread,0.3125,S
C,524294,2,27,27,1,0.3035,0.3125
P,526114,2,tapread,0.3097,S
C,526116,2,28,28,1,0.3125,0.3097
P,528787,2,tapread,0.3091,S
C,528789,2,29,29,1,0.3097,0.3091
P,530699,2,tapread,0.3107,S
C,530701,2,30,30,1,0.3091,0.3107
P,532612,2,tapread,0.3071,S
C,532614,2,31,31,1,0.3107,0.3071
P,534525,2,tapread,0.3096,S
C,534527,2,32,32,1,0.3071,0.3096
P,536247,2,tapread,0.3004,S
C,536249,2,33,33,1,0.3096,0.3004
P,538351,2,tapread,0.3093,S
C,538353,2,34,34,1,0.3004,0.3093
P,540264,2,tapread,0.3024,S
C,540266,2,35,35,1,0.3093,0.3024
P,542175,2,tapread,0.3082,S
C,542177,2,36,36,1,0.3024,0.3082
P,544088,2,tapread,0.3126,S
C,544090,2,37,37,1,0.3082,0.3126
P,546001,2,tapread,0.3108,S
C,546003,2,38,38,1,0.3126,0.3108
P,548297,2,tapread,0.3099,S
C,548299,2,39,39,1,0.3108,0.3099
P,549827,2,tapread,0.3094,S
C,549829,2,40,40,1,0.3099,0.3094
P,555182,2,tapread,0.3091,S
C,555184,2,41,41,2,0.3094,0.3091
P,557095,2,tapread,0.3127,S
C,557097,2,42,42,2,0.3091,0.3127
P,558816,2,tapread,0.2991,S
C,558818,2,43,43,2,0.3127,0.2991
P,560729,2,tapread,0.3157,S
C,560731,2,44,44,2,0.2991,0.3157
P,562640,2,tapread,0.3022,S
C,562642,2,45,45,2,0.3157,0.3022
P,564553,2,tapread,0.3095,S
C,564555,2,46,46,2,0.3022,0.3095
P,566658,2,tapread,0.3067,S
C,566660,2,47,47,2,0.3095,0.3067
P,570865,2,tapread,0.3083,S
C,570867,2,48,48,2,0.3067,0.3083
P,572970,2,tapread,0.3088,S
C,572972,2,49,49,2,0.3083,0.3088
P,575072,2,tapread,0.3096,S
C,575074,2,50,50,2,0.3088,0.3096
P,577177,2,tapread,0.3123,S
C,577179,2,51,51,2,0.3096,0.3123
P,578999,2,tapread,0.2972,S
C,579001,2,52,52,2,0.3123,0.2972
P,580907,2,tapread,0.3019,S
C,580909,2,53,53,2,0.2972,0.3019
P,582820,2,tapread,0.3107,S
C,582822,2,54,54,2,0.3019,0.3107
P,589132,2,tapread,0.3034,S
C,589134,2,55,55,2,0.3107,0.3034
P,591044,2,tapread,0.3135,S
C,591046,2,56,56,2,0.3034,0.3135
P,592956,2,tapread,0.3047,S
C,592958,2,57,57,2,0.3135,0.3047
P,595060,2,tapread,0.3095,S
C,595062,2,58,58,2,0.3047,0.3095
P,597165,2,tapread,0.3113,S
C,597167,2,59,59,2,0.3095,0.3113
P,598886,2,tapread,0.3038,S
C,598888,2,60,60,2,0.3113,0.3038
P,600799,2,tapread,0.3070,S
C,600801,2,61,61,2,0.3038,0.3070
P,602710,2,tapread,0.3095,S
C,602712,2,62,62,2,0.3070,0.3095
P,604623,2,tapread,0.3121,S
C,604625,2,63,63,2,0.3095,0.3121
P,606536,2,tapread,0.3015,S
C,606538,2,64,64,2,0.3121,0.3015
P,608449,2,tapread,0.3069,S
C,608451,2,65,65,2,0.3015,0.3069
P,610743,2,tapread,0.2987,S
C,610745,2,66,66,2,0.3069,0.2987
P,613039,2,tapread,0.3028,S
C,613041,2,67,67,2,0.2987,0.3028
P,615144,2,tapread,0.3016,S
C,615146,2,68,68,2,0.3028,0.3016
P,617055,2,tapread,0.3134,S
C,617057,2,69,69,2,0.3016,0.3134
P,618968,2,tapread,0.3073,S
C,618970,2,70,70,2,0.3134,0.3073
P,620881,2,tapread,0.3135,S
C,620883,2,71,71,2,0.3073,0.3135
P,623177,2,tapread,0.3078,S
C,623179,2,72,72,2,0.3135,0.3078
P,625099,2,tapread,0.2968,S
C,625101,2,73,73,2,0.3078,0.2968
P,627195,2,tapread,0.3080,S
C,627197,2,74,74,2,0.2968,0.3080
P,629105,2,tapread,0.3048,S
C,629107,2,75,75,2,0.3080,0.3048
P,631018,2,tapread,0.3070,S
C,631020,2,76,76,2,0.3048,0.3070
P,632931,2,tapread,0.3107,S
C,632933,2,77,77,2,0.3070,0.3107
P,634652,2,tapread,0.3034,S
C,634654,2,78,78,2,0.3107,0.3034
P,636564,2,tapread,0.2973,S
C,636566,2,79,79,2,0.3034,0.2973
P,638476,2,tapread,0.3045,S
C,638478,2,80,80,2,0.2973,0.3045
P,640964,2,tapread,0.3071,S
C,640966,2,81,81,2,0.3045,0.3071
P,642875,2,tapread,0.3124,S
C,642877,2,82,82,2,0.3071,0.3124
P,644788,2,tapread,0.3032,S
C,644790,2,83,83,2,0.3124,0.3032
P,646893,2,tapread,0.3107,S
C,646895,2,84,84,2,0.3032,0.3107
P,648998,2,tapread,0.2980,S
C,649000,2,85,85,2,0.3107,0.2980
P,650909,2,tapread,0.2969,S
C,650911,2,86,86,2,0.2980,0.2969
P,652821,2,tapread,0.3003,S
C,652823,2,87,87,2,0.2969,0.3003
P,654734,2,tapread,0.3105,S
C,654736,2,88,88,2,0.3003,0.3105
P,656647,2,tapread,0.3046,S
C,656649,2,89,89,2,0.3105,0.3046
P,658752,2,tapread,0.3083,S
C,658754,2,90,90,2,0.3046,0.3083
P,660663,2,tapread,0.3090,S
C,660665,2,91,91,2,0.3083,0.3090
P,662576,2,tapread,0.3116,S
C,662578,2,92,92,2,0.3090,0.3116
P,664488,2,tapread,0.3074,S
C,664490,2,93,93,2,0.3116,0.3074
P,666603,2,tapread,0.3044,S
C,666605,2,94,94,2,0.3074,0.3044
P,668509,2,tapread,0.3081,S
C,668511,2,95,95,2,0.3044,0.3081
P,670800,2,tapread,0.2947,S
C,670802,2,96,96,2,0.3081,0.2947
P,673095,2,tapread,0.3106,S
C,673097,2,97,97,2,0.2947,0.3106
P,675199,2,tapread,0.3112,S
C,675201,2,98,98,2,0.3106,0.3112
P,677112,2,tapread,0.3145,S
C,677114,2,99,99,2,0.3112,0.3145
P,679407,2,tapread,0.3096,S
C,679409,2,100,100,2,0.3145,0.3096
P,681128,2,tapread,0.3051,S
C,681130,2,101,101,2,0.3096,0.3051
P,683041,2,tapread,0.3080,S
C,683043,2,102,102,2,0.3051,0.3080
P,685910,2,tapread,0.3122,S
C,685912,2,103,103,2,0.3080,0.3122
P,687631,2,tapread,0.3032,S
C,687633,2,104,104,2,0.3122,0.3032
P,689735,2,tapread,0.3100,S
C,689737,2,105,105,2,0.3032,0.3100
P,691839,2,tapread,0.3009,S
C,691841,2,106,106,2,0.3100,0.3009
P,693752,2,tapread,0.3078,S
C,693754,2,107,107,2,0.3009,0.3078
P,695856,2,tapread,0.2992,S
C,695858,2,108,108,2,0.3078,0.2992
P,698534,2,tapread,0.2976,S
C,698536,2,109,109,2,0.2992,0.2976
P,700639,2,tapread,0.3128,S
C,700641,2,110,110,2,0.2976,0.3128
P,702549,2,tapread,0.3080,S
C,702551,2,111,111,2,0.3128,0.3080
P,704468,2,tapread,0.3024,S
C,704470,2,112,112,2,0.3080,0.3024
P,706567,2,tapread,0.2952,S
C,706569,2,113,113,2,0.3024,0.2952
P,712114,2,tapread,0.3018,S
C,712116,2,114,114,3,0.2952,0.3018
P,714217,2,tapread,0.3050,S
C,714219,2,115,115,3,0.3018,0.3050
P,716513,2,tapread,0.3093,S
C,716515,2,116,116,3,0.3050,0.3093
P,718042,2,tapread,0.3028,S
C,718044,2,117,117,3,0.3093,0.3028
P,719764,2,tapread,0.3084,S
C,719766,2,118,118,3,0.3028,0.3084
P,722060,2,tapread,0.3156,S
C,722062,2,119,119,3,0.3084,0.3156
P,724546,2,tapread,0.3072,S
C,724548,2,120,120,3,0.3156,0.3072
D,724642,2,settle,0.3072,S,0,0.0,,,,,,,,,
D,724832,2,settle,0.3072,S,0,0.0,,,,,,,,,
D,725023,2,settle,0.3071,S,0,0.0,,,,,,,,,
D,725215,2,settle,0.3071,S,0,0.0,,,,,,,,,
D,725407,2,settle,0.3071,S,0,0.0,,,,,,,,,
D,725599,2,settle,0.3071,S,0,0.0,,,,,,,,,
D,725788,2,settle,0.3070,S,0,0.0,,,,,,,,,
D,725980,2,settle,0.3068,U,0,0.0,,,,,,,,,
D,726172,2,settle,0.3066,U,0,0.0,,,,,,,,,
D,726363,2,settle,0.3066,U,0,0.0,,,,,,,,,
D,726553,2,settle,0.3066,S,0,0.0,,,,,,,,,
D,726745,2,settle,0.3065,S,0,0.0,,,,,,,,,
D,726936,2,settle,0.3065,S,0,0.0,,,,,,,,,
D,727128,2,settle,0.3065,S,0,0.0,,,,,,,,,
D,727320,2,settle,0.3065,S,0,0.0,,,,,,,,,
D,727509,2,settle,0.3065,S,0,0.0,,,,,,,,,
D,727701,2,settle,0.3064,S,0,0.0,,,,,,,,,
D,727893,2,settle,0.3064,S,0,0.0,,,,,,,,,
D,728085,2,settle,0.3064,S,0,0.0,,,,,,,,,
D,728276,2,settle,0.3064,S,0,0.0,,,,,,,,,
D,728466,2,settle,0.3063,S,0,0.0,,,,,,,,,
P,728658,2,settled,0.3063,S
D,728754,2,settle,0.3063,S,0,0.0,,,,,,,,,
D,728945,2,settle,0.3063,S,0,0.0,,,,,,,,,
D,729137,2,settle,0.3063,S,0,0.0,,,,,,,,,
D,729327,2,settle,0.3063,S,0,0.0,,,,,,,,,
D,729518,2,settle,0.3063,S,0,0.0,,,,,,,,,
D,729710,2,settle,0.3063,S,0,0.0,,,,,,,,,
D,729902,2,settle,0.3063,S,0,0.0,,,,,,,,,
D,730094,2,settle,0.3063,S,0,0.0,,,,,,,,,
D,730283,2,settle,0.3063,S,0,0.0,,,,,,,,,
D,730475,2,settle,0.3063,S,0,0.0,,,,,,,,,
D,730667,2,settle,0.3063,S,0,0.0,,,,,,,,,
D,730859,2,settle,0.3062,S,0,0.0,,,,,,,,,
D,731049,2,settle,0.3062,S,0,0.0,,,,,,,,,
D,731250,2,settle,0.3062,S,0,0.0,,,,,,,,,
D,731438,2,settle,0.3062,S,0,0.0,,,,,,,,,
D,731626,2,settle,0.3062,S,0,0.0,,,,,,,,,
P,731815,2,settled2,0.3062,S
T,2,0.100,25,0,1,0.2936,1.2,0.14,0.3500,0.2886,120,3,120,274.5,0.3063,0.3062,0.0126,-87.4,-105.0,tap_stalled
E,731822,trial 2 tap_stalled: dispensed 0.0126 g, error -87.4 mg (trickle landed -105.0 mg), 120 taps, 3 nudges, 274.5 s
E,731825,=== trial 3 : target 0.400 g, trickle tilt 25, tap tilt 0, rep 1 (dispensed 0.075 g) ===
D,731918,3,drift,0.3062,S,0,0.0,,,,,,,,,
D,732106,3,drift,0.3062,S,0,0.0,,,,,,,,,
D,732294,3,drift,0.3062,S,0,0.0,,,,,,,,,
D,732484,3,drift,0.3062,S,0,0.0,,,,,,,,,
D,732676,3,drift,0.3062,S,0,0.0,,,,,,,,,
D,732866,3,drift,0.3061,S,0,0.0,,,,,,,,,
D,733058,3,drift,0.3061,S,0,0.0,,,,,,,,,
D,733249,3,drift,0.3061,S,0,0.0,,,,,,,,,
D,733441,3,drift,0.3061,S,0,0.0,,,,,,,,,
D,733633,3,drift,0.3061,S,0,0.0,,,,,,,,,
D,733822,3,drift,0.3061,S,0,0.0,,,,,,,,,
D,734014,3,drift,0.3060,S,0,0.0,,,,,,,,,
D,734206,3,drift,0.3060,S,0,0.0,,,,,,,,,
D,734397,3,drift,0.3060,S,0,0.0,,,,,,,,,
D,734587,3,drift,0.3060,S,0,0.0,,,,,,,,,
D,734779,3,drift,0.3060,S,0,0.0,,,,,,,,,
D,734970,3,drift,0.3059,S,0,0.0,,,,,,,,,
D,735162,3,drift,0.3059,S,0,0.0,,,,,,,,,
D,735353,3,drift,0.3054,U,0,0.0,,,,,,,,,
D,735543,3,drift,0.3053,U,0,0.0,,,,,,,,,
D,735734,3,drift,0.3053,S,0,0.0,,,,,,,,,
D,735926,3,drift,0.3052,U,0,0.0,,,,,,,,,
D,736118,3,drift,0.3051,U,0,0.0,,,,,,,,,
D,736309,3,drift,0.3051,S,0,0.0,,,,,,,,,
D,736499,3,drift,0.3050,U,0,0.0,,,,,,,,,
D,736691,3,drift,0.3050,S,0,0.0,,,,,,,,,
D,736882,3,drift,0.3049,S,0,0.0,,,,,,,,,
D,737074,3,drift,0.3049,S,0,0.0,,,,,,,,,
D,737264,3,drift,0.3048,U,0,0.0,,,,,,,,,
D,737455,3,drift,0.3047,U,0,0.0,,,,,,,,,
D,737647,3,drift,0.3047,S,0,0.0,,,,,,,,,
D,737839,3,drift,0.3046,U,0,0.0,,,,,,,,,
D,738031,3,drift,0.3045,U,0,0.0,,,,,,,,,
D,738220,3,drift,0.3044,U,0,0.0,,,,,,,,,
D,738412,3,drift,0.3043,U,0,0.0,,,,,,,,,
D,738604,3,drift,0.3042,U,0,0.0,,,,,,,,,
D,738795,3,drift,0.3041,U,0,0.0,,,,,,,,,
D,738987,3,drift,0.3040,U,0,0.0,,,,,,,,,
D,739177,3,drift,0.3038,U,0,0.0,,,,,,,,,
D,739369,3,drift,0.3037,U,0,0.0,,,,,,,,,
D,739560,3,drift,0.3036,U,0,0.0,,,,,,,,,
D,739752,3,drift,0.3035,U,0,0.0,,,,,,,,,
D,739941,3,drift,0.3034,U,0,0.0,,,,,,,,,
D,740133,3,drift,0.3032,U,0,0.0,,,,,,,,,
D,740325,3,drift,0.3031,U,0,0.0,,,,,,,,,
D,740517,3,drift,0.3030,U,0,0.0,,,,,,,,,
D,740708,3,drift,0.3029,U,0,0.0,,,,,,,,,
D,740898,3,drift,0.3028,U,0,0.0,,,,,,,,,
D,741090,3,drift,0.3027,U,0,0.0,,,,,,,,,
D,741281,3,drift,0.3026,U,0,0.0,,,,,,,,,
D,741473,3,drift,0.3025,U,0,0.0,,,,,,,,,
D,741665,3,drift,0.3025,S,0,0.0,,,,,,,,,
D,741854,3,drift,0.3024,U,0,0.0,,,,,,,,,
D,742046,3,drift,0.3024,S,0,0.0,,,,,,,,,
D,742238,3,drift,0.3023,S,0,0.0,,,,,,,,,
D,742430,3,drift,0.3023,S,0,0.0,,,,,,,,,
D,742619,3,drift,0.3022,S,0,0.0,,,,,,,,,
D,742811,3,drift,0.3022,S,0,0.0,,,,,,,,,
D,743003,3,drift,0.3021,S,0,0.0,,,,,,,,,
D,743194,3,drift,0.3021,S,0,0.0,,,,,,,,,
D,743386,3,drift,0.3021,S,0,0.0,,,,,,,,,
D,743576,3,drift,0.3021,S,0,0.0,,,,,,,,,
D,743767,3,drift,0.3020,S,0,0.0,,,,,,,,,
D,743959,3,drift,0.3020,S,0,0.0,,,,,,,,,
D,744151,3,drift,0.3018,U,0,0.0,,,,,,,,,
D,744342,3,drift,0.3018,U,0,0.0,,,,,,,,,
D,744542,3,drift,0.3017,U,0,0.0,,,,,,,,,
D,744730,3,drift,0.3017,S,0,0.0,,,,,,,,,
D,744918,3,drift,0.3016,S,0,0.0,,,,,,,,,
D,745107,3,drift,0.3015,U,0,0.0,,,,,,,,,
D,745297,3,drift,0.3014,U,0,0.0,,,,,,,,,
D,745489,3,drift,0.3013,U,0,0.0,,,,,,,,,
D,745680,3,drift,0.3012,U,0,0.0,,,,,,,,,
D,745872,3,drift,0.3012,U,0,0.0,,,,,,,,,
D,746064,3,drift,0.3011,U,0,0.0,,,,,,,,,
D,746253,3,drift,0.3010,U,0,0.0,,,,,,,,,
D,746445,3,drift,0.3009,U,0,0.0,,,,,,,,,
D,746637,3,drift,0.3009,U,0,0.0,,,,,,,,,
D,746828,3,drift,0.3008,U,0,0.0,,,,,,,,,
P,747211,3,base,0.3007,S
D,748855,3,preroll,0.3039,U,1,0.0,0.0000,0.0000,0.0028,0.01505,0.0000,0.0000,0.000,0.3500,0.0350
D,749031,3,preroll,0.3041,U,1,0.0,0.0038,0.0043,0.0028,0.02516,0.0051,0.0000,0.000,0.3500,0.0350
D,749228,3,preroll,0.3040,S,1,0.0,0.0041,0.0017,0.0033,0.02228,0.0046,0.0000,0.000,0.3500,0.0350
D,749425,3,preroll,0.3033,U,1,0.0,0.0006,0.0000,0.0026,0.02212,0.0006,0.0000,0.000,0.3500,0.0350
D,749607,3,preroll,0.2996,U,1,0.0,-0.0066,0.0000,-0.0011,0.02041,-0.0066,0.0000,0.000,0.3500,0.0350
D,749803,3,preroll,0.2995,U,1,0.0,0.0054,0.0208,-0.0012,0.02172,0.0116,0.0000,0.000,0.3500,0.0350
D,750000,3,preroll,0.2996,U,1,0.0,-0.0049,0.0000,-0.0011,0.02197,-0.0049,0.0000,0.000,0.3500,0.0350
D,750179,3,preroll,0.2996,S,0,0.0,-0.0049,0.0000,-0.0036,0.03099,-0.0049,0.0000,0.000,0.3500,0.0350
D,750524,3,trickle,0.2997,S,1,0.0,0.0028,0.0033,-0.0010,0.04388,0.0038,0.0500,0.000,0.3500,0.0380
D,750717,3,trickle,0.2997,S,0,13.6,0.0035,0.0327,0.0017,0.05392,0.0133,0.0500,0.016,0.3500,0.0380
D,751013,3,trickle,0.2995,U,1,6.7,0.0060,0.0332,-0.0012,0.03860,0.0160,0.0500,0.019,0.3500,0.0380
D,751289,3,trickle,0.2910,U,1,7.1,-0.0176,0.0125,-0.0094,0.03657,-0.0138,0.0500,0.024,0.3500,0.0380
D,751577,3,trickle,0.3021,U,1,13.6,0.0262,0.0796,0.0011,0.03765,0.0500,0.0500,0.035,0.3500,0.0380
D,751873,3,trickle,0.3086,U,1,0.0,0.0162,0.0096,0.0079,0.03859,0.0191,0.0500,0.026,0.3500,0.0380
D,752150,3,trickle,0.3074,U,1,14.7,0.0002,0.0371,0.0068,0.03635,0.0113,0.0500,0.038,0.3500,0.0380
D,752341,3,trickle,0.3043,U,1,8.2,0.0104,0.0452,0.0036,0.02654,0.0240,0.0500,0.042,0.3500,0.0380
D,752533,3,trickle,0.2961,U,1,6.3,-0.0105,0.0010,-0.0038,0.02418,-0.0102,0.0500,0.043,0.3500,0.0380
D,752724,3,trickle,0.3009,U,1,18.5,0.0095,0.0704,-0.0005,0.02407,0.0306,0.0500,0.052,0.3177,0.0361
D,752916,3,trickle,0.3150,U,1,0.7,0.0408,0.0703,0.0137,0.02413,0.0619,0.0500,0.048,0.2976,0.0350
D,753107,3,trickle,0.3210,U,1,0.3,0.0262,0.0034,0.0212,0.02405,0.0272,0.0500,0.044,0.2753,0.0350
D,753298,3,trickle,0.3190,U,1,18.0,0.0123,0.0128,0.0188,0.02403,0.0161,0.0500,0.053,0.2508,0.0350
D,753489,3,trickle,0.3125,U,1,16.5,0.0091,0.0262,0.0120,0.02403,0.0170,0.0500,0.060,0.2277,0.0350
D,753680,3,trickle,0.3025,U,1,13.7,-0.0046,0.0091,0.0024,0.02403,-0.0018,0.0500,0.065,0.2277,0.0350
D,753872,3,trickle,0.2955,U,1,18.9,-0.0091,0.0242,-0.0050,0.02412,-0.0018,0.0500,0.073,0.2277,0.0350
D,754064,3,trickle,0.2968,U,1,15.8,0.0046,0.0508,-0.0042,0.02415,0.0198,0.0500,0.078,0.2057,0.0350
D,754256,3,trickle,0.3011,U,1,9.1,0.0108,0.0382,0.0005,0.02415,0.0223,0.0500,0.077,0.1868,0.0350
D,754553,3,trickle,0.3024,U,1,12.5,0.0034,0.0243,0.0021,0.03670,0.0107,0.0500,0.080,0.1686,0.0350
D,754827,3,trickle,0.3075,U,1,16.9,0.0189,0.0445,0.0067,0.03561,0.0322,0.0500,0.087,0.1541,0.0350
D,755020,3,trickle,0.3100,U,1,12.0,0.0141,0.0223,0.0095,0.02661,0.0208,0.0500,0.089,0.1404,0.0350
D,755316,3,trickle,0.3072,U,1,18.2,0.0040,0.0219,0.0068,0.03664,0.0105,0.0500,0.094,0.1268,0.0350
D,755593,3,trickle,0.3072,U,1,19.3,0.0150,0.0366,0.0065,0.03600,0.0260,0.0500,0.103,0.1156,0.0350
D,755785,3,trickle,0.3077,U,1,16.1,0.0098,0.0189,0.0072,0.02661,0.0155,0.0500,0.106,0.1050,0.0350
D,755977,3,trickle,0.3082,U,1,21.2,0.0100,0.0212,0.0076,0.02420,0.0164,0.0500,0.112,0.0954,0.0350
D,756273,3,trickle,0.2996,U,1,21.3,-0.0104,0.0082,-0.0005,0.03658,-0.0079,0.0500,0.118,0.0954,0.0350
D,756550,3,trickle,0.2985,U,1,26.1,0.0076,0.0398,-0.0023,0.03598,0.0196,0.0500,0.130,0.0864,0.0350
D,756741,3,trickle,0.2992,U,1,18.5,0.0014,0.0172,-0.0013,0.02652,0.0066,0.0500,0.133,0.0779,0.0350
D,756933,3,trickle,0.3027,U,1,24.9,0.0079,0.0274,0.0019,0.02418,0.0162,0.0500,0.139,0.0706,0.0350
D,757229,3,trickle,0.3072,U,1,22.9,0.0148,0.0262,0.0065,0.03658,0.0227,0.0500,0.144,0.0645,0.0350
D,757506,3,trickle,0.3075,U,1,24.0,0.0060,0.0126,0.0070,0.03598,0.0098,0.0500,0.151,0.0584,0.0350
D,757698,3,trickle,0.2940,U,1,28.7,-0.0209,0.0000,-0.0063,0.02661,-0.0209,0.0500,0.161,0.0584,0.0350
D,757994,3,trickle,0.2952,U,1,33.0,0.0112,0.0429,-0.0061,0.03662,0.0241,0.0500,0.171,0.0531,0.0350
D,758271,3,trickle,0.2966,U,1,22.5,-0.0068,0.0053,-0.0038,0.03599,-0.0052,0.0500,0.173,0.0531,0.0350
D,758463,3,trickle,0.2986,U,1,33.4,0.0028,0.0254,-0.0022,0.02661,0.0104,0.0500,0.185,0.0479,0.0350
D,758655,3,trickle,0.2942,U,1,28.9,-0.0101,0.0000,-0.0060,0.02420,-0.0101,0.0500,0.190,0.0479,0.0350
D,758951,3,trickle,0.2961,U,1,36.4,0.0020,0.0266,-0.0049,0.03658,0.0100,0.0500,0.199,0.0432,0.0350
D,759226,3,trickle,0.2984,U,1,30.6,0.0018,0.0177,-0.0022,0.03572,0.0071,0.0500,0.206,0.0390,0.0350
D,759419,3,trickle,0.3037,U,1,33.9,0.0107,0.0262,0.0029,0.02664,0.0185,0.0500,0.215,0.0355,0.0350
D,759611,3,trickle,0.3066,U,1,32.3,0.0101,0.0158,0.0060,0.02422,0.0149,0.0500,0.220,0.0323,0.0350
D,759907,3,trickle,0.3096,U,1,35.7,0.0133,0.0167,0.0089,0.03658,0.0184,0.0500,0.226,0.0295,0.0350
D,760183,3,trickle,0.3089,U,1,36.7,0.0073,0.0085,0.0083,0.03585,0.0099,0.0500,0.236,0.0268,0.0350
D,760376,3,trickle,0.3053,U,1,40.1,0.0022,0.0036,0.0047,0.02667,0.0032,0.0500,0.248,0.0242,0.0350
D,760673,3,trickle,0.3088,U,1,42.4,0.0168,0.0216,0.0079,0.03678,0.0233,0.0500,0.257,0.0222,0.0350
D,760948,3,trickle,0.3084,U,1,38.9,0.0045,0.0023,0.0079,0.03576,0.0052,0.0500,0.265,0.0201,0.0350
H,760990,3,0.0045,0.0007,0.0358,0.0350,0.4000,stall
P,764909,3,posttrickle,0.3205,S
P,767006,3,tapread,0.3319,S
C,767008,3,1,1,0,0.3205,0.3319
P,768727,3,tapread,0.3226,S
C,768729,3,2,2,0,0.3319,0.3226
P,770640,3,tapread,0.3338,S
C,770642,3,3,3,0,0.3226,0.3338
P,773509,3,tapread,0.3297,S
C,773511,3,4,4,0,0.3338,0.3297
P,775422,3,tapread,0.3275,S
C,775424,3,5,5,0,0.3297,0.3275
P,777143,3,tapread,0.3297,S
C,777145,3,6,6,0,0.3275,0.3297
P,778865,3,tapread,0.3238,S
C,778867,3,7,7,0,0.3297,0.3238
P,780586,3,tapread,0.3262,S
C,780588,3,8,8,0,0.3238,0.3262
P,782880,3,tapread,0.3263,S
C,782882,3,9,9,0,0.3262,0.3263
P,785366,3,tapread,0.3212,S
C,785368,3,10,10,0,0.3263,0.3212
P,788044,3,tapread,0.3286,S
C,788046,3,11,11,0,0.3212,0.3286
P,790149,3,tapread,0.3342,S
C,790151,3,12,12,0,0.3286,0.3342
P,793018,3,tapread,0.3229,S
C,793020,3,13,13,0,0.3342,0.3229
P,795504,3,tapread,0.3303,S
C,795506,3,14,14,0,0.3229,0.3303
P,797225,3,tapread,0.3228,S
C,797227,3,15,15,0,0.3303,0.3228
P,799138,3,tapread,0.3345,S
C,799140,3,16,16,0,0.3228,0.3345
P,800871,3,tapread,0.3304,S
C,800873,3,17,17,0,0.3345,0.3304
P,802587,3,tapread,0.3301,S
C,802589,3,18,18,0,0.3304,0.3301
P,804685,3,tapread,0.3332,S
C,804687,3,19,19,0,0.3301,0.3332
P,807936,3,tapread,0.3367,S
C,807938,3,20,20,0,0.3332,0.3367
P,810422,3,tapread,0.3329,S
C,810424,3,21,21,0,0.3367,0.3329
P,812527,3,tapread,0.3403,S
C,812529,3,22,22,0,0.3329,0.3403
P,814248,3,tapread,0.3362,S
C,814250,3,23,23,0,0.3403,0.3362
P,815969,3,tapread,0.3291,S
C,815971,3,24,24,0,0.3362,0.3291
P,817882,3,tapread,0.3407,S
C,817884,3,25,25,0,0.3291,0.3407
P,819795,3,tapread,0.3459,S
C,819797,3,26,26,0,0.3407,0.3459
P,821708,3,tapread,0.3425,S
C,821710,3,27,27,0,0.3459,0.3425
P,823621,3,tapread,0.3468,S
C,823623,3,28,28,0,0.3425,0.3468
P,825342,3,tapread,0.3335,S
C,825344,3,29,29,0,0.3468,0.3335
P,827636,3,tapread,0.3303,S
C,827638,3,30,30,0,0.3335,0.3303
P,829549,3,tapread,0.3316,S
C,829551,3,31,31,0,0.3303,0.3316
P,832800,3,tapread,0.3356,S
C,832802,3,32,32,0,0.3316,0.3356
P,834332,3,tapread,0.3347,S
C,834334,3,33,33,0,0.3356,0.3347
P,836626,3,tapread,0.3192,S
C,836628,3,34,34,0,0.3347,0.3192
P,838739,3,tapread,0.3359,S
C,838741,3,35,35,0,0.3192,0.3359
P,840645,3,tapread,0.3444,S
C,840647,3,36,36,0,0.3359,0.3444
P,842363,3,tapread,0.3289,S
C,842365,3,37,37,0,0.3444,0.3289
P,844851,3,tapread,0.3286,S
C,844853,3,38,38,0,0.3289,0.3286
P,846572,3,tapread,0.3414,S
C,846574,3,39,39,0,0.3286,0.3414
P,848675,3,tapread,0.3429,S
C,848677,3,40,40,0,0.3414,0.3429
P,850971,3,tapread,0.3440,S
C,850973,3,41,41,0,0.3429,0.3440
P,852692,3,tapread,0.3373,S
C,852694,3,42,42,0,0.3440,0.3373
P,854413,3,tapread,0.3418,S
C,854415,3,43,43,0,0.3373,0.3418
P,856134,3,tapread,0.3358,S
C,856136,3,44,44,0,0.3418,0.3358
P,857855,3,tapread,0.3300,S
C,857858,3,45,45,0,0.3358,0.3300
P,859577,3,tapread,0.3409,S
C,859579,3,46,46,0,0.3300,0.3409
P,861490,3,tapread,0.3331,S
C,861492,3,47,47,0,0.3409,0.3331
P,863403,3,tapread,0.3291,S
C,863405,3,48,48,0,0.3331,0.3291
P,866272,3,tapread,0.3277,S
C,866274,3,49,49,0,0.3291,0.3277
P,872774,3,tapread,0.3264,S
C,872776,3,50,50,1,0.3277,0.3264
P,874878,3,tapread,0.3259,S
C,874880,3,51,51,1,0.3264,0.3259
P,876791,3,tapread,0.3296,S
C,876793,3,52,52,1,0.3259,0.3296
P,878513,3,tapread,0.3211,S
C,878515,3,53,53,1,0.3296,0.3211
P,881956,3,tapread,0.3174,S
C,881958,3,54,54,1,0.3211,0.3174
P,884060,3,tapread,0.3315,S
C,884062,3,55,55,1,0.3174,0.3315
P,885973,3,tapread,0.3197,S
C,885975,3,56,56,1,0.3315,0.3197
P,887694,3,tapread,0.3311,S
C,887696,3,57,57,1,0.3197,0.3311
P,889797,3,tapread,0.3307,S
C,889799,3,58,58,1,0.3311,0.3307
P,891518,3,tapread,0.3255,S
C,891520,3,59,59,1,0.3307,0.3255
P,893622,3,tapread,0.3449,S
C,893624,3,60,60,1,0.3255,0.3449
P,895343,3,tapread,0.3308,S
C,895345,3,61,61,1,0.3449,0.3308
P,897257,3,tapread,0.3322,S
C,897259,3,62,62,1,0.3308,0.3322
P,900891,3,tapread,0.3346,S
C,900893,3,63,63,1,0.3322,0.3346
P,902612,3,tapread,0.3358,S
C,902614,3,64,64,1,0.3346,0.3358
P,904716,3,tapread,0.3337,S
C,904718,3,65,65,1,0.3358,0.3337
P,906819,3,tapread,0.3189,S
C,906821,3,66,66,1,0.3337,0.3189
P,908540,3,tapread,0.3325,S
C,908542,3,67,67,1,0.3189,0.3325
P,910070,3,tapread,0.3275,S
C,910072,3,68,68,1,0.3325,0.3275
P,911602,3,tapread,0.3269,S
C,911604,3,69,69,1,0.3275,0.3269
P,916009,3,tapread,0.3190,S
C,916011,3,70,70,1,0.3269,0.3190
P,921552,3,tapread,0.3475,S
C,921554,3,71,71,2,0.3190,0.3475
P,927476,3,tapread,0.3343,S
C,927478,3,72,72,2,0.3475,0.3343
P,929389,3,tapread,0.3336,S
C,929391,3,73,73,2,0.3343,0.3336
P,931302,3,tapread,0.3419,S
C,931304,3,74,74,2,0.3336,0.3419
P,933405,3,tapread,0.3441,S
C,933407,3,75,75,2,0.3419,0.3441
P,935317,3,tapread,0.3378,S
C,935319,3,76,76,2,0.3441,0.3378
P,937422,3,tapread,0.3368,S
C,937424,3,77,77,2,0.3378,0.3368
P,939335,3,tapread,0.3165,S
C,939337,3,78,78,2,0.3368,0.3165
P,945455,3,tapread,0.3427,S
C,945457,3,79,79,3,0.3165,0.3427
P,947368,3,tapread,0.3394,S
C,947370,3,80,80,3,0.3427,0.3394
P,951580,3,tapread,0.3372,S
C,951582,3,81,81,3,0.3394,0.3372
P,953488,3,tapread,0.3256,S
C,953490,3,82,82,3,0.3372,0.3256
P,958844,3,tapread,0.3519,S
C,958846,3,83,83,4,0.3256,0.3519
P,960565,3,tapread,0.3484,S
C,960567,3,84,84,4,0.3519,0.3484
P,962478,3,tapread,0.3346,S
C,962480,3,85,85,4,0.3484,0.3346
P,964772,3,tapread,0.3377,S
C,964774,3,86,86,4,0.3346,0.3377
P,966493,3,tapread,0.3404,S
C,966495,3,87,87,4,0.3377,0.3404
P,968598,3,tapread,0.3459,S
C,968600,3,88,88,4,0.3404,0.3459
P,970319,3,tapread,0.3365,S
C,970321,3,89,89,4,0.3459,0.3365
P,972422,3,tapread,0.3418,S
C,972424,3,90,90,4,0.3365,0.3418
P,974718,3,tapread,0.3458,S
C,974720,3,91,91,4,0.3418,0.3458
P,976631,3,tapread,0.3443,S
C,976633,3,92,92,4,0.3458,0.3443
P,978544,3,tapread,0.3557,S
C,978546,3,93,93,4,0.3443,0.3557
P,980265,3,tapread,0.3485,S
C,980267,3,94,94,4,0.3557,0.3485
P,982368,3,tapread,0.3432,S
C,982370,3,95,95,4,0.3485,0.3432
P,984473,3,tapread,0.3455,S
C,984475,3,96,96,4,0.3432,0.3455
P,986385,3,tapread,0.3436,S
C,986387,3,97,97,4,0.3455,0.3436
P,989063,3,tapread,0.3424,S
C,989065,3,98,98,4,0.3436,0.3424
P,990784,3,tapread,0.3314,S
C,990786,3,99,99,4,0.3424,0.3314
P,997096,3,tapread,0.3498,S
C,997098,3,100,100,5,0.3314,0.3498
P,999774,3,tapread,0.3455,S
C,999776,3,101,101,5,0.3498,0.3455
P,1001687,3,tapread,0.3443,S
C,1001689,3,102,102,5,0.3455,0.3443
P,1003598,3,tapread,0.3487,S
C,1003600,3,103,103,5,0.3443,0.3487
P,1005511,3,tapread,0.3390,S
C,1005513,3,104,104,5,0.3487,0.3390
P,1007615,3,tapread,0.3401,S
C,1007617,3,105,105,5,0.3390,0.3401
P,1009336,3,tapread,0.3353,S
C,1009338,3,106,106,5,0.3401,0.3353
P,1011823,3,tapread,0.3283,S
C,1011825,3,107,107,5,0.3353,0.3283
P,1013735,3,tapread,0.3298,S
C,1013737,3,108,108,5,0.3283,0.3298
P,1015457,3,tapread,0.3298,S
C,1015459,3,109,109,5,0.3298,0.3298
P,1017370,3,tapread,0.3340,S
C,1017372,3,110,110,5,0.3298,0.3340
P,1019282,3,tapread,0.3253,S
C,1019284,3,111,111,5,0.3340,0.3253
P,1021577,3,tapread,0.3317,S
C,1021579,3,112,112,5,0.3253,0.3317
P,1023298,3,tapread,0.3367,S
C,1023300,3,113,113,5,0.3317,0.3367
P,1025211,3,tapread,0.3316,S
C,1025213,3,114,114,5,0.3367,0.3316
P,1026932,3,tapread,0.3351,S
C,1026934,3,115,115,5,0.3316,0.3351
P,1029419,3,tapread,0.3339,S
C,1029421,3,116,116,5,0.3351,0.3339
P,1031715,3,tapread,0.3327,S
C,1031717,3,117,117,5,0.3339,0.3327
P,1033826,3,tapread,0.3410,S
C,1033828,3,118,118,5,0.3327,0.3410
P,1036114,3,tapread,0.3425,S
C,1036116,3,119,119,5,0.3410,0.3425
P,1038026,3,tapread,0.3381,S
C,1038028,3,120,120,5,0.3425,0.3381
D,1038122,3,settle,0.3381,S,0,0.0,,,,,,,,,
D,1038312,3,settle,0.3380,U,0,0.0,,,,,,,,,
D,1038504,3,settle,0.3380,S,0,0.0,,,,,,,,,
D,1038695,3,settle,0.3379,U,0,0.0,,,,,,,,,
D,1038887,3,settle,0.3379,S,0,0.0,,,,,,,,,
D,1039079,3,settle,0.3378,U,0,0.0,,,,,,,,,
D,1039268,3,settle,0.3378,S,0,0.0,,,,,,,,,
D,1039460,3,settle,0.3377,S,0,0.0,,,,,,,,,
D,1039652,3,settle,0.3377,S,0,0.0,,,,,,,,,
D,1039844,3,settle,0.3376,U,0,0.0,,,,,,,,,
D,1040036,3,settle,0.3375,U,0,0.0,,,,,,,,,
D,1040225,3,settle,0.3374,U,0,0.0,,,,,,,,,
D,1040417,3,settle,0.3373,U,0,0.0,,,,,,,,,
D,1040609,3,settle,0.3372,U,0,0.0,,,,,,,,,
D,1040800,3,settle,0.3372,S,0,0.0,,,,,,,,,
D,1040990,3,settle,0.3371,U,0,0.0,,,,,,,,,
D,1041182,3,settle,0.3370,U,0,0.0,,,,,,,,,
D,1041373,3,settle,0.3370,S,0,0.0,,,,,,,,,
D,1041565,3,settle,0.3369,U,0,0.0,,,,,,,,,
D,1041757,3,settle,0.3368,U,0,0.0,,,,,,,,,
D,1041946,3,settle,0.3368,S,0,0.0,,,,,,,,,
P,1046346,3,settled,0.3344,S
D,1046441,3,settle,0.3343,U,0,0.0,,,,,,,,,
D,1046633,3,settle,0.3343,S,0,0.0,,,,,,,,,
D,1046824,3,settle,0.3342,U,0,0.0,,,,,,,,,
D,1047016,3,settle,0.3341,U,0,0.0,,,,,,,,,
D,1047208,3,settle,0.3340,U,0,0.0,,,,,,,,,
D,1047398,3,settle,0.3339,U,0,0.0,,,,,,,,,
D,1047589,3,settle,0.3338,U,0,0.0,,,,,,,,,
D,1047781,3,settle,0.3337,U,0,0.0,,,,,,,,,
D,1047973,3,settle,0.3336,U,0,0.0,,,,,,,,,
D,1048162,3,settle,0.3335,U,0,0.0,,,,,,,,,
D,1048354,3,settle,0.3334,U,0,0.0,,,,,,,,,
D,1048546,3,settle,0.3333,U,0,0.0,,,,,,,,,
D,1048737,3,settle,0.3332,U,0,0.0,,,,,,,,,
D,1048929,3,settle,0.3331,U,0,0.0,,,,,,,,,
D,1049119,3,settle,0.3331,S,0,0.0,,,,,,,,,
D,1049310,3,settle,0.3330,U,0,0.0,,,,,,,,,
P,1049502,3,settled2,0.3330,S
T,3,0.400,25,0,1,0.3007,10.6,3.66,0.0201,0.3205,120,5,120,302.3,0.3344,0.3330,0.0323,-367.7,-380.2,tap_stalled
E,1049510,trial 3 tap_stalled: dispensed 0.0323 g, error -367.7 mg (trickle landed -380.2 mg), 120 taps, 5 nudges, 302.3 s
E,1049525,=== trial 4 : target 0.200 g, trickle tilt 25, tap tilt 0, rep 2 (dispensed 0.108 g) ===
D,1049598,4,drift,0.3330,S,0,0.0,,,,,,,,,
D,1049790,4,drift,0.3331,S,0,0.0,,,,,,,,,
D,1049980,4,drift,0.3331,S,0,0.0,,,,,,,,,
D,1050171,4,drift,0.3331,S,0,0.0,,,,,,,,,
D,1050363,4,drift,0.3331,S,0,0.0,,,,,,,,,
D,1050555,4,drift,0.3331,S,0,0.0,,,,,,,,,
D,1050746,4,drift,0.3331,S,0,0.0,,,,,,,,,
D,1050936,4,drift,0.3331,S,0,0.0,,,,,,,,,
D,1051128,4,drift,0.3331,S,0,0.0,,,,,,,,,
D,1051319,4,drift,0.3331,S,0,0.0,,,,,,,,,
D,1051511,4,drift,0.3331,S,0,0.0,,,,,,,,,
D,1051701,4,drift,0.3331,S,0,0.0,,,,,,,,,
D,1051893,4,drift,0.3331,S,0,0.0,,,,,,,,,
D,1052084,4,drift,0.3331,S,0,0.0,,,,,,,,,
D,1052276,4,drift,0.3331,S,0,0.0,,,,,,,,,
D,1052468,4,drift,0.3331,S,0,0.0,,,,,,,,,
D,1052658,4,drift,0.3331,S,0,0.0,,,,,,,,,
D,1052849,4,drift,0.3331,S,0,0.0,,,,,,,,,
D,1053041,4,drift,0.3331,S,0,0.0,,,,,,,,,
D,1053233,4,drift,0.3331,S,0,0.0,,,,,,,,,
D,1053425,4,drift,0.3331,S,0,0.0,,,,,,,,,
D,1053614,4,drift,0.3331,S,0,0.0,,,,,,,,,
D,1053806,4,drift,0.3331,S,0,0.0,,,,,,,,,
D,1053998,4,drift,0.3331,S,0,0.0,,,,,,,,,
D,1054189,4,drift,0.3331,S,0,0.0,,,,,,,,,
D,1054379,4,drift,0.3331,S,0,0.0,,,,,,,,,
D,1054571,4,drift,0.3331,S,0,0.0,,,,,,,,,
D,1054763,4,drift,0.3331,S,0,0.0,,,,,,,,,
D,1054954,4,drift,0.3331,S,0,0.0,,,,,,,,,
D,1055146,4,drift,0.3331,S,0,0.0,,,,,,,,,
D,1055336,4,drift,0.3331,S,0,0.0,,,,,,,,,
D,1055528,4,drift,0.3331,S,0,0.0,,,,,,,,,
D,1055719,4,drift,0.3331,S,0,0.0,,,,,,,,,
D,1055911,4,drift,0.3331,S,0,0.0,,,,,,,,,
D,1056103,4,drift,0.3331,S,0,0.0,,,,,,,,,
D,1056292,4,drift,0.3331,S,0,0.0,,,,,,,,,
D,1056484,4,drift,0.3331,S,0,0.0,,,,,,,,,
D,1056676,4,drift,0.3331,S,0,0.0,,,,,,,,,
D,1056867,4,drift,0.3331,S,0,0.0,,,,,,,,,
D,1057057,4,drift,0.3331,S,0,0.0,,,,,,,,,
D,1057248,4,drift,0.3327,U,0,0.0,,,,,,,,,
D,1057439,4,drift,0.3326,U,0,0.0,,,,,,,,,
D,1057631,4,drift,0.3325,U,0,0.0,,,,,,,,,
D,1057823,4,drift,0.3324,U,0,0.0,,,,,,,,,
D,1058012,4,drift,0.3323,U,0,0.0,,,,,,,,,
D,1058204,4,drift,0.3322,U,0,0.0,,,,,,,,,
D,1058396,4,drift,0.3321,U,0,0.0,,,,,,,,,
D,1058588,4,drift,0.3320,U,0,0.0,,,,,,,,,
D,1058779,4,drift,0.3318,U,0,0.0,,,,,,,,,
D,1058969,4,drift,0.3317,U,0,0.0,,,,,,,,,
D,1059161,4,drift,0.3316,U,0,0.0,,,,,,,,,
D,1059352,4,drift,0.3315,U,0,0.0,,,,,,,,,
D,1059544,4,drift,0.3313,U,0,0.0,,,,,,,,,
D,1059734,4,drift,0.3312,U,0,0.0,,,,,,,,,
D,1059925,4,drift,0.3311,U,0,0.0,,,,,,,,,
D,1060117,4,drift,0.3310,U,0,0.0,,,,,,,,,
D,1060309,4,drift,0.3309,U,0,0.0,,,,,,,,,
D,1060500,4,drift,0.3308,U,0,0.0,,,,,,,,,
D,1060690,4,drift,0.3307,U,0,0.0,,,,,,,,,
D,1060882,4,drift,0.3306,U,0,0.0,,,,,,,,,
D,1061073,4,drift,0.3305,U,0,0.0,,,,,,,,,
D,1061265,4,drift,0.3304,U,0,0.0,,,,,,,,,
D,1061457,4,drift,0.3303,U,0,0.0,,,,,,,,,
D,1061647,4,drift,0.3302,U,0,0.0,,,,,,,,,
D,1061838,4,drift,0.3301,U,0,0.0,,,,,,,,,
D,1062030,4,drift,0.3299,U,0,0.0,,,,,,,,,
D,1062222,4,drift,0.3298,U,0,0.0,,,,,,,,,
D,1062412,4,drift,0.3296,U,0,0.0,,,,,,,,,
D,1062603,4,drift,0.3295,U,0,0.0,,,,,,,,,
D,1062795,4,drift,0.3294,U,0,0.0,,,,,,,,,
D,1062995,4,drift,0.3293,U,0,0.0,,,,,,,,,
D,1063183,4,drift,0.3292,U,0,0.0,,,,,,,,,
D,1063371,4,drift,0.3290,U,0,0.0,,,,,,,,,
D,1063560,4,drift,0.3289,U,0,0.0,,,,,,,,,
D,1063751,4,drift,0.3288,U,0,0.0,,,,,,,,,
D,1063943,4,drift,0.3287,U,0,0.0,,,,,,,,,
D,1064135,4,drift,0.3286,U,0,0.0,,,,,,,,,
D,1064324,4,drift,0.3285,U,0,0.0,,,,,,,,,
D,1064516,4,drift,0.3284,U,0,0.0,,,,,,,,,
P,1065473,4,base,0.3280,S
D,1067117,4,preroll,0.3304,U,1,0.0,0.0000,0.0000,0.0021,0.01505,0.0000,0.0000,0.000,0.3500,0.0350
D,1067293,4,preroll,0.3334,U,1,0.0,0.0073,0.0082,0.0042,0.02516,0.0097,0.0000,0.000,0.3500,0.0350
D,1067491,4,preroll,0.3341,U,1,0.0,0.0081,0.0037,0.0061,0.02239,0.0092,0.0000,0.000,0.3500,0.0350
D,1067688,4,preroll,0.3345,U,1,0.0,0.0057,0.0000,0.0065,0.02213,0.0057,0.0000,0.000,0.3500,0.0350
D,1067866,4,preroll,0.3347,U,1,0.0,0.0080,0.0043,0.0067,0.01998,0.0092,0.0000,0.000,0.3500,0.0350
D,1068063,4,preroll,0.3348,U,1,0.0,0.0063,0.0000,0.0068,0.02178,0.0063,0.0000,0.000,0.3500,0.0350
D,1068259,4,preroll,0.3348,U,0,0.0,0.0063,0.0000,0.0064,0.03232,0.0063,0.0000,0.000,0.3500,0.0350
D,1068441,4,preroll,0.3349,U,1,0.0,0.0074,0.0011,0.0069,0.02383,0.0077,0.0000,0.000,0.3500,0.0350
D,1068788,4,trickle,0.3350,S,1,0.0,0.0068,0.0000,0.0070,0.04302,0.0068,0.0500,0.000,0.3500,0.0380
D,1069085,4,trickle,0.3349,S,1,14.6,0.0069,0.0506,0.0069,0.03805,0.0221,0.0500,0.017,0.3500,0.0380
D,1069361,4,trickle,0.3348,U,1,1.9,0.0206,0.0286,0.0068,0.03639,0.0292,0.0500,0.017,0.3500,0.0380
D,1069552,4,trickle,0.3055,U,1,8.1,-0.0611,0.0000,-0.0214,0.02657,-0.0611,0.0500,0.023,0.3500,0.0380
D,1069840,4,trickle,0.3027,U,1,16.4,0.0100,0.1112,-0.0266,0.03550,0.0433,0.0500,0.033,0.3500,0.0380
D,1070137,4,trickle,0.3134,U,1,0.0,-0.0050,0.0099,-0.0146,0.03799,-0.0020,0.0500,0.015,0.3500,0.0380
D,1070412,4,trickle,0.3118,U,1,13.3,-0.0248,0.0286,-0.0160,0.03587,-0.0162,0.0500,0.027,0.3500,0.0380
D,1070604,4,trickle,0.3078,U,1,9.3,-0.0149,0.0441,-0.0203,0.02653,-0.0017,0.0500,0.033,0.3500,0.0380
D,1070795,4,trickle,0.3054,U,1,5.6,-0.0204,0.0202,-0.0222,0.02411,-0.0143,0.0500,0.034,0.3500,0.0380
D,1070986,4,trickle,0.3041,U,1,12.2,-0.0232,0.0300,-0.0237,0.02405,-0.0142,0.0500,0.040,0.3500,0.0380
D,1071177,4,trickle,0.3083,U,1,10.2,-0.0091,0.0534,-0.0200,0.02403,0.0069,0.0500,0.043,0.3500,0.0380
D,1071369,4,trickle,0.3145,U,1,4.3,-0.0014,0.0389,-0.0134,0.02412,0.0103,0.0500,0.043,0.3500,0.0380
D,1071560,4,trickle,0.3169,U,1,8.2,-0.0078,0.0223,-0.0106,0.02405,-0.0011,0.0500,0.045,0.3500,0.0380
D,1071751,4,trickle,0.3205,U,1,13.0,-0.0009,0.0465,-0.0076,0.02403,0.0131,0.0500,0.050,0.3500,0.0380
D,1071942,4,trickle,0.3210,U,1,7.0,-0.0013,0.0309,-0.0067,0.02403,0.0079,0.0500,0.051,0.3500,0.0380
D,1072134,4,trickle,0.3171,U,1,11.3,-0.0136,0.0183,-0.0103,0.02412,-0.0081,0.0500,0.055,0.3500,0.0380
D,1072325,4,trickle,0.3185,U,1,15.2,-0.0031,0.0553,-0.0097,0.02405,0.0135,0.0500,0.061,0.3500,0.0380
D,1072516,4,trickle,0.3213,U,1,5.8,0.0038,0.0418,-0.0066,0.02403,0.0164,0.0500,0.060,0.3157,0.0359
D,1072708,4,trickle,0.3234,U,1,9.4,-0.0002,0.0274,-0.0042,0.02412,0.0080,0.0500,0.061,0.3157,0.0359
D,1072997,4,trickle,0.3228,U,1,13.5,-0.0030,0.0440,-0.0050,0.03560,0.0102,0.0500,0.066,0.3157,0.0359
D,1073281,4,trickle,0.3233,U,1,9.6,0.0061,0.0449,-0.0047,0.03674,0.0196,0.0500,0.067,0.2850,0.0350
D,1073473,4,trickle,0.3240,U,1,9.5,-0.0008,0.0253,-0.0038,0.02680,0.0068,0.0500,0.069,0.2850,0.0350
D,1073665,4,trickle,0.3241,U,1,15.0,-0.0010,0.0360,-0.0038,0.02420,0.0098,0.0500,0.073,0.2850,0.0350
D,1073857,4,trickle,0.3240,U,1,12.6,0.0009,0.0381,-0.0038,0.02417,0.0124,0.0500,0.076,0.2850,0.0350
D,1074049,4,trickle,0.3243,U,1,12.4,0.0009,0.0356,-0.0035,0.02415,0.0116,0.0500,0.078,0.2850,0.0350
D,1074333,4,trickle,0.3238,U,1,13.4,0.0002,0.0424,-0.0040,0.03493,0.0129,0.0500,0.081,0.2850,0.0350
D,1074525,4,trickle,0.3180,U,1,11.9,-0.0129,0.0186,-0.0097,0.02625,-0.0073,0.0500,0.083,0.2850,0.0350
D,1074717,4,trickle,0.3225,U,1,18.6,0.0053,0.0655,-0.0059,0.02420,0.0250,0.0500,0.089,0.2570,0.0350
D,1074908,4,trickle,0.3283,U,1,6.5,0.0141,0.0458,0.0004,0.02407,0.0279,0.0500,0.086,0.2326,0.0350
D,1075205,4,trickle,0.3263,U,1,11.5,-0.0064,0.0190,-0.0009,0.03669,-0.0007,0.0500,0.087,0.2326,0.0350
D,1075481,4,trickle,0.3265,U,1,19.3,0.0084,0.0579,-0.0016,0.03585,0.0258,0.0500,0.096,0.2101,0.0350
D,1075673,4,trickle,0.3331,U,1,9.3,0.0188,0.0473,0.0051,0.02658,0.0330,0.0500,0.094,0.1906,0.0350
D,1075865,4,trickle,0.3381,U,1,12.0,0.0174,0.0293,0.0104,0.02420,0.0262,0.0500,0.095,0.1729,0.0350
D,1076161,4,trickle,0.3354,U,1,17.0,0.0039,0.0240,0.0079,0.03658,0.0111,0.0500,0.099,0.1559,0.0350
D,1076438,4,trickle,0.3373,U,1,19.3,0.0220,0.0479,0.0092,0.03598,0.0364,0.0500,0.106,0.1418,0.0350
D,1076630,4,trickle,0.3399,U,1,13.4,0.0171,0.0239,0.0121,0.02661,0.0243,0.0500,0.107,0.1288,0.0350
D,1076926,4,trickle,0.3377,U,1,20.0,0.0080,0.0230,0.0100,0.03662,0.0149,0.0500,0.112,0.1164,0.0350
D,1077202,4,trickle,0.3368,U,1,21.1,0.0155,0.0339,0.0088,0.03586,0.0257,0.0500,0.120,0.1057,0.0350
D,1077393,4,trickle,0.3373,U,1,19.0,0.0126,0.0218,0.0094,0.02649,0.0191,0.0500,0.124,0.0959,0.0350
H,1077434,4,0.0126,0.0065,0.0265,0.0350,0.2000,stall
P,1081347,4,posttrickle,0.3451,S
P,1083260,4,tapread,0.3509,S
C,1083262,4,1,1,0,0.3451,0.3509
P,1087851,4,tapread,0.3499,S
C,1087853,4,2,2,0,0.3509,0.3499
P,1089380,4,tapread,0.3489,S
C,1089382,4,3,3,0,0.3499,0.3489
P,1091293,4,tapread,0.3493,S
C,1091295,4,4,4,0,0.3489,0.3493
P,1093206,4,tapread,0.3565,S
C,1093208,4,5,5,0,0.3493,0.3565
P,1095119,4,tapread,0.3484,S
C,1095121,4,6,6,0,0.3565,0.3484
P,1098178,4,tapread,0.3494,S
C,1098180,4,7,7,0,0.3484,0.3494
P,1100282,4,tapread,0.3556,S
C,1100284,4,8,8,0,0.3494,0.3556
P,1102195,4,tapread,0.3677,S
C,1102197,4,9,9,0,0.3556,0.3677
P,1103916,4,tapread,0.3524,S
C,1103918,4,10,10,0,0.3677,0.3524
P,1105829,4,tapread,0.3584,S
C,1105831,4,11,11,0,0.3524,0.3584
P,1107551,4,tapread,0.3509,S
C,1107553,4,12,12,0,0.3584,0.3509
P,1109463,4,tapread,0.3612,S
C,1109465,4,13,13,0,0.3509,0.3612
P,1111185,4,tapread,0.3648,S
C,1111187,4,14,14,0,0.3612,0.3648
P,1113671,4,tapread,0.3640,S
C,1113673,4,15,15,0,0.3648,0.3640
P,1115775,4,tapread,0.3602,S
C,1115777,4,16,16,0,0.3640,0.3602
P,1117497,4,tapread,0.3563,S
C,1117499,4,17,17,0,0.3602,0.3563
P,1122471,4,tapread,0.3635,S
C,1122473,4,18,18,1,0.3563,0.3635
P,1124190,4,tapread,0.3538,S
C,1124192,4,19,19,1,0.3635,0.3538
P,1126484,4,tapread,0.3660,S
C,1126486,4,20,20,1,0.3538,0.3660
P,1128207,4,tapread,0.3516,S
C,1128209,4,21,21,1,0.3660,0.3516
P,1129929,4,tapread,0.3647,S
C,1129931,4,22,22,1,0.3516,0.3647
P,1132223,4,tapread,0.3639,S
C,1132225,4,23,23,1,0.3647,0.3639
P,1133944,4,tapread,0.3681,S
C,1133946,4,24,24,1,0.3639,0.3681
P,1135857,4,tapread,0.3727,S
C,1135859,4,25,25,1,0.3681,0.3727
P,1137578,4,tapread,0.3633,S
C,1137580,4,26,26,1,0.3727,0.3633
P,1139491,4,tapread,0.3674,S
C,1139493,4,27,27,1,0.3633,0.3674
P,1141414,4,tapread,0.3651,S
C,1141416,4,28,28,1,0.3674,0.3651
P,1143890,4,tapread,0.3716,S
C,1143892,4,29,29,1,0.3651,0.3716
P,1145803,4,tapread,0.3726,S
C,1145805,4,30,30,1,0.3716,0.3726
P,1147524,4,tapread,0.3631,S
C,1147526,4,31,31,1,0.3726,0.3631
P,1149246,4,tapread,0.3665,S
C,1149248,4,32,32,1,0.3631,0.3665
P,1150967,4,tapread,0.3707,S
C,1150969,4,33,33,1,0.3665,0.3707
P,1152880,4,tapread,0.3690,S
C,1152882,4,34,34,1,0.3707,0.3690
P,1154793,4,tapread,0.3697,S
C,1154795,4,35,35,1,0.3690,0.3697
P,1156706,4,tapread,0.3739,S
C,1156708,4,36,36,1,0.3697,0.3739
P,1158808,4,tapread,0.3677,S
C,1158810,4,37,37,1,0.3739,0.3677
P,1160530,4,tapread,0.3626,S
C,1160532,4,38,38,1,0.3677,0.3626
P,1162442,4,tapread,0.3628,S
C,1162444,4,39,39,1,0.3626,0.3628
P,1164355,4,tapread,0.3643,S
C,1164357,4,40,40,1,0.3628,0.3643
P,1166268,4,tapread,0.3663,S
C,1166270,4,41,41,1,0.3643,0.3663
P,1168181,4,tapread,0.3627,S
C,1168183,4,42,42,1,0.3663,0.3627
P,1170094,4,tapread,0.3601,S
C,1170096,4,43,43,1,0.3627,0.3601
P,1172005,4,tapread,0.3646,S
C,1172007,4,44,44,1,0.3601,0.3646
P,1173918,4,tapread,0.3594,S
C,1173920,4,45,45,1,0.3646,0.3594
P,1176500,4,tapread,0.3762,S
C,1176502,4,46,46,1,0.3594,0.3762
P,1178322,4,tapread,0.3586,S
C,1178324,4,47,47,1,0.3762,0.3586
P,1180803,4,tapread,0.3640,S
C,1180805,4,48,48,1,0.3586,0.3640
P,1182918,4,tapread,0.3660,S
C,1182920,4,49,49,1,0.3640,0.3660
P,1184824,4,tapread,0.3669,S
C,1184826,4,50,50,1,0.3660,0.3669
P,1186733,4,tapread,0.3654,S
C,1186735,4,51,51,1,0.3669,0.3654
P,1188646,4,tapread,0.3740,S
C,1188648,4,52,52,1,0.3654,0.3740
P,1190559,4,tapread,0.3660,S
C,1190561,4,53,53,1,0.3740,0.3660
P,1192662,4,tapread,0.3689,S
C,1192664,4,54,54,1,0.3660,0.3689
P,1194575,4,tapread,0.3675,S
C,1194577,4,55,55,1,0.3689,0.3675
P,1198018,4,tapread,0.3651,S
C,1198020,4,56,56,1,0.3675,0.3651
P,1199930,4,tapread,0.3674,S
C,1199932,4,57,57,1,0.3651,0.3674
P,1201651,4,tapread,0.3607,S
C,1201653,4,58,58,1,0.3674,0.3607
P,1203373,4,tapread,0.3650,S
C,1203375,4,59,59,1,0.3607,0.3650
P,1205286,4,tapread,0.3650,S
C,1205288,4,60,60,1,0.3650,0.3650
P,1207199,4,tapread,0.3669,S
C,1207201,4,61,61,1,0.3650,0.3669
P,1209112,4,tapread,0.3660,S
C,1209114,4,62,62,1,0.3669,0.3660
P,1211024,4,tapread,0.3659,S
C,1211026,4,63,63,1,0.3660,0.3659
P,1213127,4,tapread,0.3615,S
C,1213129,4,64,64,1,0.3659,0.3615
P,1218483,4,tapread,0.3716,S
C,1218485,4,65,65,2,0.3615,0.3716
P,1220395,4,tapread,0.3626,S
C,1220397,4,66,66,2,0.3716,0.3626
P,1222117,4,tapread,0.3647,S
C,1222119,4,67,67,2,0.3626,0.3647
P,1224603,4,tapread,0.3685,S
C,1224605,4,68,68,2,0.3647,0.3685
P,1226521,4,tapread,0.3668,S
C,1226523,4,69,69,2,0.3685,0.3668
P,1228429,4,tapread,0.3664,S
C,1228431,4,70,70,2,0.3668,0.3664
P,1230150,4,tapread,0.3699,S
C,1230152,4,71,71,2,0.3664,0.3699
P,1232063,4,tapread,0.3608,S
C,1232065,4,72,72,2,0.3699,0.3608
P,1234168,4,tapread,0.3572,S
C,1234170,4,73,73,2,0.3608,0.3572
P,1238375,4,tapread,0.3591,S
C,1238377,4,74,74,2,0.3572,0.3591
P,1240287,4,tapread,0.3693,S
C,1240289,4,75,75,2,0.3591,0.3693
P,1242774,4,tapread,0.3675,S
C,1242776,4,76,76,2,0.3693,0.3675
P,1244686,4,tapread,0.3628,S
C,1244688,4,77,77,2,0.3675,0.3628
P,1247173,4,tapread,0.3580,S
C,1247175,4,78,78,2,0.3628,0.3580
P,1252528,4,tapread,0.3602,S
C,1252530,4,79,79,3,0.3580,0.3602
P,1254441,4,tapread,0.3490,S
C,1254443,4,80,80,3,0.3602,0.3490
P,1256354,4,tapread,0.3664,S
C,1256356,4,81,81,3,0.3490,0.3664
P,1258265,4,tapread,0.3540,S
C,1258267,4,82,82,3,0.3664,0.3540
P,1260561,4,tapread,0.3522,S
C,1260563,4,83,83,3,0.3540,0.3522
P,1263249,4,tapread,0.3560,S
C,1263251,4,84,84,3,0.3522,0.3560
P,1268211,4,tapread,0.3633,S
C,1268213,4,85,85,3,0.3560,0.3633
P,1270315,4,tapread,0.3629,S
C,1270317,4,86,86,3,0.3633,0.3629
P,1271845,4,tapread,0.3489,S
C,1271847,4,87,87,3,0.3629,0.3489
P,1277009,4,tapread,0.3505,S
C,1277011,4,88,88,3,0.3489,0.3505
P,1278730,4,tapread,0.3461,S
C,1278732,4,89,89,3,0.3505,0.3461
P,1280835,4,tapread,0.3421,S
C,1280837,4,90,90,3,0.3461,0.3421
P,1283704,4,tapread,0.3485,S
C,1283706,4,91,91,3,0.3421,0.3485
P,1288303,4,tapread,0.3507,S
C,1288305,4,92,92,3,0.3485,0.3507
P,1290399,4,tapread,0.3491,S
C,1290401,4,93,93,3,0.3507,0.3491
P,1292118,4,tapread,0.3507,S
C,1292120,4,94,94,3,0.3491,0.3507
P,1294606,4,tapread,0.3547,S
C,1294608,4,95,95,3,0.3507,0.3547
P,1296519,4,tapread,0.3533,S
C,1296521,4,96,96,3,0.3547,0.3533
P,1298240,4,tapread,0.3563,S
C,1298242,4,97,97,3,0.3533,0.3563
P,1299962,4,tapread,0.3561,S
C,1299964,4,98,98,3,0.3563,0.3561
P,1302448,4,tapread,0.3546,S
C,1302450,4,99,99,3,0.3561,0.3546
P,1311438,4,tapread,0.3525,S
C,1311440,4,100,100,3,0.3546,0.3525
P,1317366,4,tapread,0.3603,S
C,1317368,4,101,101,4,0.3525,0.3603
P,1319087,4,tapread,0.3540,S
C,1319089,4,102,102,4,0.3603,0.3540
P,1321192,4,tapread,0.3592,S
C,1321194,4,103,103,4,0.3540,0.3592
P,1323294,4,tapread,0.3678,S
C,1323296,4,104,104,4,0.3592,0.3678
P,1325207,4,tapread,0.3538,S
C,1325209,4,105,105,4,0.3678,0.3538
P,1327503,4,tapread,0.3633,S
C,1327505,4,106,106,4,0.3538,0.3633
P,1329606,4,tapread,0.3583,S
C,1329608,4,107,107,4,0.3633,0.3583
P,1331519,4,tapread,0.3523,S
C,1331521,4,108,108,4,0.3583,0.3523
P,1333624,4,tapread,0.3551,S
C,1333626,4,109,109,4,0.3523,0.3551
P,1336110,4,tapread,0.3603,S
C,1336112,4,110,110,4,0.3551,0.3603
P,1338214,4,tapread,0.3538,S
C,1338216,4,111,111,4,0.3603,0.3538
P,1340127,4,tapread,0.3589,S
C,1340129,4,112,112,4,0.3538,0.3589
P,1342038,4,tapread,0.3610,S
C,1342040,4,113,113,4,0.3589,0.3610
P,1343951,4,tapread,0.3540,S
C,1343953,4,114,114,4,0.3610,0.3540
P,1347012,4,tapread,0.3648,S
C,1347014,4,115,115,4,0.3540,0.3648
P,1348925,4,tapread,0.3582,S
C,1348927,4,116,116,4,0.3648,0.3582
P,1350838,4,tapread,0.3550,S
C,1350840,4,117,117,4,0.3582,0.3550
P,1352749,4,tapread,0.3542,S
C,1352751,4,118,118,4,0.3550,0.3542
P,1358296,4,tapread,0.3614,S
C,1358298,4,119,119,5,0.3542,0.3614
P,1360209,4,tapread,0.3589,S
C,1360211,4,120,120,5,0.3614,0.3589
D,1360305,4,settle,0.3589,S,0,0.0,,,,,,,,,
D,1360496,4,settle,0.3589,S,0,0.0,,,,,,,,,
D,1360686,4,settle,0.3588,S,0,0.0,,,,,,,,,
D,1360878,4,settle,0.3588,S,0,0.0,,,,,,,,,
D,1361070,4,settle,0.3588,S,0,0.0,,,,,,,,,
D,1361261,4,settle,0.3587,S,0,0.0,,,,,,,,,
D,1361453,4,settle,0.3586,U,0,0.0,,,,,,,,,
D,1361643,4,settle,0.3586,S,0,0.0,,,,,,,,,
D,1361835,4,settle,0.3584,U,0,0.0,,,,,,,,,
D,1362026,4,settle,0.3583,U,0,0.0,,,,,,,,,
D,1362218,4,settle,0.3582,U,0,0.0,,,,,,,,,
D,1362410,4,settle,0.3581,U,0,0.0,,,,,,,,,
D,1362599,4,settle,0.3580,U,0,0.0,,,,,,,,,
D,1362791,4,settle,0.3579,U,0,0.0,,,,,,,,,
D,1362983,4,settle,0.3578,U,0,0.0,,,,,,,,,
D,1363174,4,settle,0.3577,U,0,0.0,,,,,,,,,
D,1363364,4,settle,0.3577,S,0,0.0,,,,,,,,,
D,1363556,4,settle,0.3576,S,0,0.0,,,,,,,,,
D,1363747,4,settle,0.3576,S,0,0.0,,,,,,,,,
D,1363939,4,settle,0.3576,S,0,0.0,,,,,,,,,
D,1364131,4,settle,0.3576,S,0,0.0,,,,,,,,,
P,1364321,4,settled,0.3575,S
D,1364416,4,settle,0.3575,S,0,0.0,,,,,,,,,
D,1364608,4,settle,0.3575,S,0,0.0,,,,,,,,,
D,1364800,4,settle,0.3575,S,0,0.0,,,,,,,,,
D,1364992,4,settle,0.3576,S,0,0.0,,,,,,,,,
D,1365181,4,settle,0.3576,S,0,0.0,,,,,,,,,
D,1365373,4,settle,0.3576,S,0,0.0,,,,,,,,,
D,1365565,4,settle,0.3576,S,0,0.0,,,,,,,,,
D,1365756,4,settle,0.3576,S,0,0.0,,,,,,,,,
D,1365948,4,settle,0.3576,S,0,0.0,,,,,,,,,
D,1366138,4,settle,0.3576,S,0,0.0,,,,,,,,,
D,1366330,4,settle,0.3576,S,0,0.0,,,,,,,,,
D,1366522,4,settle,0.3576,S,0,0.0,,,,,,,,,
D,1366713,4,settle,0.3576,S,0,0.0,,,,,,,,,
D,1366903,4,settle,0.3576,S,0,0.0,,,,,,,,,
D,1367095,4,settle,0.3576,S,0,0.0,,,,,,,,,
D,1367286,4,settle,0.3576,S,0,0.0,,,,,,,,,
P,1367478,4,settled2,0.3576,S
T,4,0.200,25,0,2,0.3280,8.8,1.74,0.0959,0.3451,120,5,120,302.0,0.3575,0.3576,0.0296,-170.4,-182.9,tap_stalled
E,1367486,trial 4 tap_stalled: dispensed 0.0296 g, error -170.4 mg (trickle landed -182.9 mg), 120 taps, 5 nudges, 302.0 s
E,1367489,=== trial 5 : target 0.100 g, trickle tilt 25, tap tilt 0, rep 2 (dispensed 0.137 g) ===
D,1367584,5,drift,0.3576,S,0,0.0,,,,,,,,,
D,1367772,5,drift,0.3576,S,0,0.0,,,,,,,,,
D,1367960,5,drift,0.3576,S,0,0.0,,,,,,,,,
D,1368148,5,drift,0.3576,S,0,0.0,,,,,,,,,
D,1368339,5,drift,0.3576,S,0,0.0,,,,,,,,,
D,1368531,5,drift,0.3576,S,0,0.0,,,,,,,,,
D,1368720,5,drift,0.3576,S,0,0.0,,,,,,,,,
D,1368912,5,drift,0.3576,S,0,0.0,,,,,,,,,
D,1369104,5,drift,0.3576,S,0,0.0,,,,,,,,,
D,1369295,5,drift,0.3576,S,0,0.0,,,,,,,,,
D,1369487,5,drift,0.3576,S,0,0.0,,,,,,,,,
D,1369677,5,drift,0.3576,S,0,0.0,,,,,,,,,
D,1369868,5,drift,0.3576,S,0,0.0,,,,,,,,,
D,1370060,5,drift,0.3576,S,0,0.0,,,,,,,,,
D,1370252,5,drift,0.3576,S,0,0.0,,,,,,,,,
D,1370442,5,drift,0.3576,S,0,0.0,,,,,,,,,
D,1370632,5,drift,0.3573,U,0,0.0,,,,,,,,,
D,1370824,5,drift,0.3572,U,0,0.0,,,,,,,,,
D,1371016,5,drift,0.3571,U,0,0.0,,,,,,,,,
D,1371207,5,drift,0.3570,U,0,0.0,,,,,,,,,
D,1371397,5,drift,0.3569,U,0,0.0,,,,,,,,,
D,1371589,5,drift,0.3569,S,0,0.0,,,,,,,,,
D,1371781,5,drift,0.3568,U,0,0.0,,,,,,,,,
D,1371972,5,drift,0.3568,S,0,0.0,,,,,,,,,
D,1372164,5,drift,0.3567,S,0,0.0,,,,,,,,,
D,1372364,5,drift,0.3567,S,0,0.0,,,,,,,,,
D,1372552,5,drift,0.3567,S,0,0.0,,,,,,,,,
D,1372740,5,drift,0.3566,S,0,0.0,,,,,,,,,
D,1372929,5,drift,0.3566,S,0,0.0,,,,,,,,,
D,1373118,5,drift,0.3566,S,0,0.0,,,,,,,,,
D,1373310,5,drift,0.3565,S,0,0.0,,,,,,,,,
D,1373502,5,drift,0.3565,S,0,0.0,,,,,,,,,
D,1373694,5,drift,0.3565,S,0,0.0,,,,,,,,,
D,1373885,5,drift,0.3565,S,0,0.0,,,,,,,,,
D,1374075,5,drift,0.3565,S,0,0.0,,,,,,,,,
D,1374267,5,drift,0.3564,S,0,0.0,,,,,,,,,
D,1374459,5,drift,0.3564,S,0,0.0,,,,,,,,,
D,1374650,5,drift,0.3564,S,0,0.0,,,,,,,,,
D,1374842,5,drift,0.3564,S,0,0.0,,,,,,,,,
D,1375032,5,drift,0.3564,S,0,0.0,,,,,,,,,
D,1375223,5,drift,0.3564,S,0,0.0,,,,,,,,,
D,1375415,5,drift,0.3564,S,0,0.0,,,,,,,,,
D,1375607,5,drift,0.3563,S,0,0.0,,,,,,,,,
D,1375797,5,drift,0.3563,S,0,0.0,,,,,,,,,
D,1375988,5,drift,0.3563,S,0,0.0,,,,,,,,,
D,1376180,5,drift,0.3563,S,0,0.0,,,,,,,,,
D,1376372,5,drift,0.3563,S,0,0.0,,,,,,,,,
D,1376563,5,drift,0.3558,U,0,0.0,,,,,,,,,
D,1376753,5,drift,0.3557,U,0,0.0,,,,,,,,,
D,1376944,5,drift,0.3557,S,0,0.0,,,,,,,,,
D,1377136,5,drift,0.3556,U,0,0.0,,,,,,,,,
D,1377328,5,drift,0.3555,U,0,0.0,,,,,,,,,
D,1377519,5,drift,0.3555,S,0,0.0,,,,,,,,,
D,1377709,5,drift,0.3555,S,0,0.0,,,,,,,,,
D,1377901,5,drift,0.3554,S,0,0.0,,,,,,,,,
D,1378092,5,drift,0.3553,U,0,0.0,,,,,,,,,
D,1378284,5,drift,0.3552,U,0,0.0,,,,,,,,,
D,1378474,5,drift,0.3551,U,0,0.0,,,,,,,,,
D,1378665,5,drift,0.3550,U,0,0.0,,,,,,,,,
D,1378857,5,drift,0.3549,U,0,0.0,,,,,,,,,
D,1379049,5,drift,0.3547,U,0,0.0,,,,,,,,,
D,1379241,5,drift,0.3546,U,0,0.0,,,,,,,,,
D,1379430,5,drift,0.3544,U,0,0.0,,,,,,,,,
D,1379622,5,drift,0.3543,U,0,0.0,,,,,,,,,
D,1379814,5,drift,0.3541,U,0,0.0,,,,,,,,,
D,1380005,5,drift,0.3540,U,0,0.0,,,,,,,,,
D,1380197,5,drift,0.3539,U,0,0.0,,,,,,,,,
D,1380387,5,drift,0.3537,U,0,0.0,,,,,,,,,
D,1380578,5,drift,0.3536,U,0,0.0,,,,,,,,,
D,1380770,5,drift,0.3536,U,0,0.0,,,,,,,,,
D,1380962,5,drift,0.3535,U,0,0.0,,,,,,,,,
D,1381152,5,drift,0.3534,U,0,0.0,,,,,,,,,
D,1381343,5,drift,0.3533,U,0,0.0,,,,,,,,,
D,1381535,5,drift,0.3533,S,0,0.0,,,,,,,,,
D,1381727,5,drift,0.3532,U,0,0.0,,,,,,,,,
D,1381918,5,drift,0.3532,S,0,0.0,,,,,,,,,
D,1382108,5,drift,0.3531,S,0,0.0,,,,,,,,,
D,1382300,5,drift,0.3531,S,0,0.0,,,,,,,,,
D,1382491,5,drift,0.3530,S,0,0.0,,,,,,,,,
P,1382683,5,base,0.3530,S
D,1384326,5,preroll,0.3549,U,1,0.0,0.0013,0.0000,0.0014,0.01883,0.0013,0.0000,0.000,0.3500,0.0350
D,1384504,5,preroll,0.3576,U,1,0.0,0.0136,0.0275,0.0046,0.01850,0.0219,0.0000,0.000,0.3500,0.0350
D,1384700,5,preroll,0.3557,U,1,0.0,-0.0103,0.0000,0.0028,0.02118,-0.0103,0.0000,0.000,0.3500,0.0350
D,1384888,5,preroll,0.3501,U,1,0.0,0.0006,0.0203,-0.0029,0.02073,0.0067,0.0000,0.000,0.3500,0.0350
D,1385086,5,preroll,0.3471,U,1,0.0,-0.0129,0.0000,-0.0059,0.02195,-0.0129,0.0000,0.000,0.3500,0.0350
D,1385269,5,preroll,0.3469,U,1,0.0,0.0014,0.0268,-0.0061,0.02043,0.0095,0.0000,0.000,0.3500,0.0350
D,1385467,5,preroll,0.3470,U,1,0.0,-0.0099,0.0000,-0.0060,0.02195,-0.0099,0.0000,0.000,0.3500,0.0350
D,1385663,5,preroll,0.3471,U,1,0.0,-0.0009,0.0155,-0.0059,0.02188,0.0037,0.0000,0.000,0.3500,0.0350
D,1385993,5,trickle,0.3475,U,1,0.0,-0.0096,0.0000,-0.0055,0.03997,-0.0096,0.0500,0.000,0.3500,0.0380
D,1386187,5,trickle,0.3476,U,1,14.5,-0.0018,0.0445,-0.0055,0.02496,0.0115,0.0500,0.017,0.3500,0.0380
D,1386379,5,trickle,0.3476,U,0,3.5,0.0067,0.0352,-0.0029,0.03468,0.0173,0.0500,0.018,0.3500,0.0380
D,1386571,5,trickle,0.3435,U,1,6.1,-0.0092,0.0152,-0.0093,0.02581,-0.0046,0.0500,0.020,0.3500,0.0380
D,1386762,5,trickle,0.3377,U,1,12.0,-0.0203,0.0165,-0.0149,0.02405,-0.0153,0.0500,0.027,0.3500,0.0380
D,1386953,5,trickle,0.3396,U,1,12.4,-0.0052,0.0550,-0.0138,0.02405,0.0113,0.0500,0.034,0.3500,0.0380
D,1387144,5,trickle,0.3406,U,1,2.7,-0.0052,0.0247,-0.0120,0.02403,0.0022,0.0500,0.033,0.3500,0.0380
D,1387335,5,trickle,0.3420,U,1,10.8,-0.0090,0.0271,-0.0107,0.02403,-0.0009,0.0500,0.037,0.3500,0.0380
D,1387526,5,trickle,0.3393,U,1,10.7,-0.0134,0.0269,-0.0134,0.02403,-0.0053,0.0500,0.042,0.3500,0.0380
D,1387717,5,trickle,0.3235,U,1,11.3,-0.0450,0.0000,-0.0283,0.02403,-0.0450,0.0500,0.046,0.3500,0.0380
D,1387908,5,trickle,0.3137,U,1,19.2,-0.0436,0.0449,-0.0393,0.02403,-0.0301,0.0500,0.056,0.3500,0.0380
D,1388197,5,trickle,0.3193,U,1,8.1,-0.0079,0.0645,-0.0342,0.03559,0.0114,0.0500,0.057,0.3500,0.0380
D,1388388,5,trickle,0.3207,U,1,2.7,-0.0345,0.0000,-0.0318,0.02626,-0.0345,0.0500,0.053,0.3500,0.0380
D,1388579,5,trickle,0.3206,U,1,19.9,-0.0316,0.0485,-0.0325,0.02408,-0.0171,0.0500,0.062,0.3500,0.0380
D,1388771,5,trickle,0.3204,U,1,7.9,-0.0240,0.0451,-0.0325,0.02414,-0.0104,0.0500,0.062,0.3500,0.0380
D,1388962,5,trickle,0.3218,U,1,8.8,-0.0259,0.0323,-0.0309,0.02405,-0.0162,0.0500,0.063,0.3500,0.0380
D,1389153,5,trickle,0.3270,U,1,12.4,-0.0165,0.0523,-0.0261,0.02403,-0.0008,0.0500,0.067,0.3500,0.0380
D,1389449,5,trickle,0.3271,U,1,7.4,-0.0206,0.0317,-0.0255,0.03655,-0.0111,0.0500,0.066,0.3500,0.0380
D,1389726,5,trickle,0.3287,U,1,13.2,-0.0187,0.0510,-0.0242,0.03596,-0.0034,0.0500,0.072,0.3500,0.0380
D,1389917,5,trickle,0.3304,U,1,8.3,-0.0140,0.0437,-0.0225,0.02652,-0.0008,0.0500,0.071,0.3500,0.0380
D,1390109,5,trickle,0.3310,U,1,10.3,-0.0180,0.0327,-0.0217,0.02418,-0.0082,0.0500,0.073,0.3500,0.0380
D,1390300,5,trickle,0.3322,U,1,13.4,-0.0156,0.0447,-0.0207,0.02407,-0.0022,0.0500,0.076,0.3500,0.0380
D,1390491,5,trickle,0.3368,U,1,10.6,-0.0049,0.0542,-0.0163,0.02403,0.0113,0.0500,0.077,0.3500,0.0380
D,1390682,5,trickle,0.3397,U,1,8.1,-0.0058,0.0353,-0.0129,0.02403,0.0047,0.0500,0.076,0.3500,0.0380
D,1390874,5,trickle,0.3403,U,1,13.2,-0.0099,0.0357,-0.0123,0.02412,0.0008,0.0500,0.079,0.3500,0.0380
D,1391065,5,trickle,0.3403,U,0,13.4,-0.0030,0.0519,-0.0106,0.03382,0.0125,0.0500,0.082,0.3500,0.0380
D,1391353,5,trickle,0.3401,U,1,9.3,-0.0035,0.0446,-0.0128,0.03670,0.0099,0.0500,0.081,0.3500,0.0380
D,1391544,5,trickle,0.3352,U,1,11.3,-0.0214,0.0182,-0.0175,0.02660,-0.0160,0.0500,0.083,0.3500,0.0380
D,1391735,5,trickle,0.3321,U,1,18.6,-0.0195,0.0506,-0.0209,0.02409,-0.0043,0.0500,0.089,0.3500,0.0380
D,1391926,5,trickle,0.3341,U,1,10.5,-0.0075,0.0580,-0.0190,0.02405,0.0099,0.0500,0.089,0.3500,0.0380
D,1392117,5,trickle,0.3385,U,1,8.5,-0.0044,0.0432,-0.0142,0.02403,0.0085,0.0500,0.087,0.3500,0.0380
D,1392308,5,trickle,0.3384,U,1,12.3,-0.0126,0.0305,-0.0141,0.02403,-0.0034,0.0500,0.089,0.3500,0.0380
D,1392499,5,trickle,0.3399,U,1,16.0,-0.0069,0.0542,-0.0131,0.02403,0.0093,0.0500,0.092,0.3500,0.0380
D,1392691,5,trickle,0.3447,U,1,9.9,0.0046,0.0572,-0.0083,0.02412,0.0217,0.0500,0.092,0.3154,0.0359
D,1392883,5,trickle,0.3459,U,1,9.0,-0.0022,0.0279,-0.0065,0.02415,0.0061,0.0500,0.090,0.3154,0.0359
D,1393180,5,trickle,0.3479,U,1,16.9,0.0006,0.0597,-0.0050,0.03670,0.0185,0.0500,0.094,0.3154,0.0359
D,1393457,5,trickle,0.3546,U,1,8.5,0.0220,0.0556,0.0016,0.03599,0.0387,0.0500,0.091,0.2855,0.0350
H,1393497,5,0.0220,0.0167,0.0360,0.0350,0.1000,cutoff
P,1397793,5,posttrickle,0.3614,S
P,1399905,5,tapread,0.3657,S
C,1399907,5,1,1,0,0.3614,0.3657
P,1402573,5,tapread,0.3680,S
C,1402575,5,2,2,0,0.3657,0.3680
P,1405251,5,tapread,0.3635,S
C,1405253,5,3,3,0,0.3680,0.3635
P,1407929,5,tapread,0.3643,S
C,1407931,5,4,4,0,0.3635,0.3643
P,1410606,5,tapread,0.3655,S
C,1410608,5,5,5,0,0.3643,0.3655
P,1412902,5,tapread,0.3614,S
C,1412904,5,6,6,0,0.3655,0.3614
P,1415962,5,tapread,0.3685,S
C,1415964,5,7,7,0,0.3614,0.3685
P,1418639,5,tapread,0.3645,S
C,1418641,5,8,8,0,0.3685,0.3645
P,1421317,5,tapread,0.3668,S
C,1421319,5,9,9,0,0.3645,0.3668
P,1423422,5,tapread,0.3636,S
C,1423424,5,10,10,0,0.3668,0.3636
P,1425716,5,tapread,0.3612,S
C,1425718,5,11,11,0,0.3636,0.3612
P,1427820,5,tapread,0.3635,S
C,1427822,5,12,12,0,0.3612,0.3635
P,1431072,5,tapread,0.3661,S
C,1431074,5,13,13,0,0.3635,0.3661
P,1432984,5,tapread,0.3632,S
C,1432986,5,14,14,0,0.3661,0.3632
P,1435280,5,tapread,0.3631,S
C,1435282,5,15,15,0,0.3632,0.3631
P,1438339,5,tapread,0.3672,S
C,1438341,5,16,16,0,0.3631,0.3672
P,1446373,5,tapread,0.3606,S
C,1446375,5,17,17,0,0.3672,0.3606
P,1448669,5,tapread,0.3617,S
C,1448671,5,18,18,0,0.3606,0.3617
P,1451155,5,tapread,0.3672,S
C,1451157,5,19,19,0,0.3617,0.3672
P,1453449,5,tapread,0.3668,S
C,1453451,5,20,20,0,0.3672,0.3668
P,1456223,5,tapread,0.3610,S
C,1456225,5,21,21,0,0.3668,0.3610
P,1458327,5,tapread,0.3691,S
C,1458329,5,22,22,0,0.3610,0.3691
P,1460240,5,tapread,0.3654,S
C,1460242,5,23,23,0,0.3691,0.3654
P,1462343,5,tapread,0.3639,S
C,1462345,5,24,24,0,0.3654,0.3639
P,1468847,5,tapread,0.3605,S
C,1468849,5,25,25,0,0.3639,0.3605
P,1474394,5,tapread,0.3585,S
C,1474396,5,26,26,1,0.3605,0.3585
P,1477071,5,tapread,0.3526,S
C,1477073,5,27,27,1,0.3585,0.3526
P,1481669,5,tapread,0.3565,S
C,1481671,5,28,28,1,0.3526,0.3565
P,1483956,5,tapread,0.3534,S
C,1483958,5,29,29,1,0.3565,0.3534
P,1486251,5,tapread,0.3512,S
C,1486253,5,30,30,1,0.3534,0.3512
P,1488355,5,tapread,0.3512,S
C,1488357,5,31,31,1,0.3512,0.3512
P,1495049,5,tapread,0.3610,S
C,1495051,5,32,32,2,0.3512,0.3610
P,1497345,5,tapread,0.3586,S
C,1497347,5,33,33,2,0.3610,0.3586
P,1499639,5,tapread,0.3557,S
C,1499641,5,34,34,2,0.3586,0.3557
P,1501935,5,tapread,0.3619,S
C,1501937,5,35,35,2,0.3557,0.3619
P,1503656,5,tapread,0.3626,S
C,1503658,5,36,36,2,0.3619,0.3626
P,1505570,5,tapread,0.3536,S
C,1505572,5,37,37,2,0.3626,0.3536
P,1507482,5,tapread,0.3627,S
C,1507484,5,38,38,2,0.3536,0.3627
P,1509204,5,tapread,0.3565,S
C,1509206,5,39,39,2,0.3627,0.3565
P,1511306,5,tapread,0.3632,S
C,1511308,5,40,40,2,0.3565,0.3632
P,1513603,5,tapread,0.3610,S
C,1513605,5,41,41,2,0.3632,0.3610
P,1516662,5,tapread,0.3641,S
C,1516664,5,42,42,2,0.3610,0.3641
P,1521444,5,tapread,0.3579,S
C,1521446,5,43,43,2,0.3641,0.3579
P,1523357,5,tapread,0.3569,S
C,1523359,5,44,44,2,0.3579,0.3569
P,1526035,5,tapread,0.3605,S
C,1526037,5,45,45,2,0.3569,0.3605
P,1527756,5,tapread,0.3527,S
C,1527758,5,46,46,2,0.3605,0.3527
P,1530242,5,tapread,0.3544,S
C,1530244,5,47,47,2,0.3527,0.3544
P,1531772,5,tapread,0.3540,S
C,1531774,5,48,48,2,0.3544,0.3540
P,1534833,5,tapread,0.3607,S
C,1534835,5,49,49,2,0.3540,0.3607
P,1536935,5,tapread,0.3612,S
C,1536937,5,50,50,2,0.3607,0.3612
P,1539231,5,tapread,0.3619,S
C,1539233,5,51,51,2,0.3612,0.3619
P,1541526,5,tapread,0.3607,S
C,1541528,5,52,52,2,0.3619,0.3607
P,1543439,5,tapread,0.3601,S
C,1543441,5,53,53,2,0.3607,0.3601
P,1545543,5,tapread,0.3564,S
C,1545545,5,54,54,2,0.3601,0.3564
P,1554341,5,tapread,0.3627,S
C,1554343,5,55,55,3,0.3564,0.3627
P,1556446,5,tapread,0.3640,S
C,1556448,5,56,56,3,0.3627,0.3640
P,1559697,5,tapread,0.3627,S
C,1559699,5,57,57,3,0.3640,0.3627
P,1562374,5,tapread,0.3623,S
C,1562376,5,58,58,3,0.3627,0.3623
P,1565244,5,tapread,0.3620,S
C,1565246,5,59,59,3,0.3623,0.3620
P,1570408,5,tapread,0.3625,S
C,1570410,5,60,60,4,0.3620,0.3625
P,1573085,5,tapread,0.3725,S
C,1573087,5,61,61,4,0.3625,0.3725
P,1574998,5,tapread,0.3702,S
C,1575000,5,62,62,4,0.3725,0.3702
P,1577484,5,tapread,0.3661,S
C,1577486,5,63,63,4,0.3702,0.3661
P,1579397,5,tapread,0.3669,S
C,1579399,5,64,64,4,0.3661,0.3669
P,1584753,5,tapread,0.3705,S
C,1584755,5,65,65,4,0.3669,0.3705
P,1587430,5,tapread,0.3654,S
C,1587432,5,66,66,4,0.3705,0.3654
P,1592211,5,tapread,0.3712,S
C,1592213,5,67,67,4,0.3654,0.3712
P,1594123,5,tapread,0.3634,S
C,1594125,5,68,68,4,0.3712,0.3634
P,1596036,5,tapread,0.3620,S
C,1596038,5,69,69,4,0.3634,0.3620
P,1598906,5,tapread,0.3634,S
C,1598908,5,70,70,4,0.3620,0.3634
P,1602157,5,tapread,0.3620,S
C,1602159,5,71,71,4,0.3634,0.3620
P,1604643,5,tapread,0.3602,S
C,1604645,5,72,72,4,0.3620,0.3602
P,1606555,5,tapread,0.3665,S
C,1606557,5,73,73,4,0.3602,0.3665
P,1608092,5,tapread,0.3581,S
C,1608094,5,74,74,4,0.3665,0.3581
P,1610189,5,tapread,0.3698,S
C,1610191,5,75,75,4,0.3581,0.3698
P,1612675,5,tapread,0.3700,S
C,1612677,5,76,76,4,0.3698,0.3700
P,1614588,5,tapread,0.3674,S
C,1614590,5,77,77,4,0.3700,0.3674
P,1616693,5,tapread,0.3654,S
C,1616695,5,78,78,4,0.3674,0.3654
P,1618606,5,tapread,0.3689,S
C,1618608,5,79,79,4,0.3654,0.3689
P,1620709,5,tapread,0.3671,S
C,1620711,5,80,80,4,0.3689,0.3671
P,1622430,5,tapread,0.3608,S
C,1622432,5,81,81,4,0.3671,0.3608
P,1625299,5,tapread,0.3679,S
C,1625301,5,82,82,4,0.3608,0.3679
P,1628742,5,tapread,0.3717,S
C,1628744,5,83,83,4,0.3679,0.3717
P,1632759,5,tapread,0.3556,S
C,1632761,5,84,84,4,0.3717,0.3556
P,1635629,5,tapread,0.3625,S
C,1635631,5,85,85,4,0.3556,0.3625
P,1637731,5,tapread,0.3709,S
C,1637733,5,86,86,4,0.3625,0.3709
P,1639843,5,tapread,0.3557,S
C,1639845,5,87,87,4,0.3709,0.3557
P,1642705,5,tapread,0.3635,S
C,1642707,5,88,88,4,0.3557,0.3635
P,1644808,5,tapread,0.3662,S
C,1644810,5,89,89,4,0.3635,0.3662
P,1647678,5,tapread,0.3631,S
C,1647680,5,90,90,4,0.3662,0.3631
P,1651503,5,tapread,0.3623,S
C,1651505,5,91,91,4,0.3631,0.3623
P,1653416,5,tapread,0.3611,S
C,1653418,5,92,92,4,0.3623,0.3611
P,1659345,5,tapread,0.3580,S
C,1659347,5,93,93,5,0.3611,0.3580
P,1662404,5,tapread,0.3623,S
C,1662406,5,94,94,5,0.3580,0.3623
P,1665273,5,tapread,0.3662,S
C,1665275,5,95,95,5,0.3623,0.3662
P,1669864,5,tapread,0.3679,S
C,1669866,5,96,96,5,0.3662,0.3679
P,1674455,5,tapread,0.3668,S
C,1674457,5,97,97,5,0.3679,0.3668
P,1676175,5,tapread,0.3672,S
C,1676177,5,98,98,5,0.3668,0.3672
P,1679045,5,tapread,0.3631,S
C,1679047,5,99,99,5,0.3672,0.3631
P,1681723,5,tapread,0.3721,S
C,1681725,5,100,100,5,0.3631,0.3721
P,1684209,5,tapread,0.3654,S
C,1684211,5,101,101,5,0.3721,0.3654
P,1686695,5,tapread,0.3605,S
C,1686697,5,102,102,5,0.3654,0.3605
P,1689564,5,tapread,0.3628,S
C,1689566,5,103,103,5,0.3605,0.3628
P,1692434,5,tapread,0.3617,S
C,1692436,5,104,104,5,0.3628,0.3617
P,1694728,5,tapread,0.3582,S
C,1694730,5,105,105,5,0.3617,0.3582
P,1697027,5,tapread,0.3623,S
C,1697029,5,106,106,5,0.3582,0.3623
P,1700657,5,tapread,0.3598,S
C,1700659,5,107,107,5,0.3623,0.3598
P,1705248,5,tapread,0.3620,S
C,1705250,5,108,108,5,0.3598,0.3620
P,1706968,5,tapread,0.3546,S
C,1706970,5,109,109,5,0.3620,0.3546
P,1708881,5,tapread,0.3616,S
C,1708883,5,110,110,5,0.3546,0.3616
P,1710602,5,tapread,0.3626,S
C,1710604,5,111,111,5,0.3616,0.3626
P,1712515,5,tapread,0.3647,S
C,1712517,5,112,112,5,0.3626,0.3647
P,1715385,5,tapread,0.3586,S
C,1715387,5,113,113,5,0.3647,0.3586
P,1717297,5,tapread,0.3612,S
C,1717299,5,114,114,5,0.3586,0.3612
P,1722281,5,tapread,0.3622,S
C,1722283,5,115,115,5,0.3612,0.3622
P,1724377,5,tapread,0.3587,S
C,1724379,5,116,116,5,0.3622,0.3587
P,1726477,5,tapread,0.3610,S
C,1726479,5,117,117,5,0.3587,0.3610
P,1728773,5,tapread,0.3584,S
C,1728775,5,118,118,5,0.3610,0.3584
P,1731068,5,tapread,0.3633,S
C,1731070,5,119,119,5,0.3584,0.3633
P,1733745,5,tapread,0.3595,S
C,1733747,5,120,120,5,0.3633,0.3595
D,1733841,5,settle,0.3595,S,0,0.0,,,,,,,,,
D,1734033,5,settle,0.3595,S,0,0.0,,,,,,,,,
D,1734224,5,settle,0.3595,S,0,0.0,,,,,,,,,
D,1734416,5,settle,0.3595,S,0,0.0,,,,,,,,,
D,1734606,5,settle,0.3595,S,0,0.0,,,,,,,,,
D,1734798,5,settle,0.3595,S,0,0.0,,,,,,,,,
D,1734990,5,settle,0.3594,S,0,0.0,,,,,,,,,
D,1735181,5,settle,0.3594,S,0,0.0,,,,,,,,,
D,1735371,5,settle,0.3594,S,0,0.0,,,,,,,,,
D,1735563,5,settle,0.3594,S,0,0.0,,,,,,,,,
D,1735754,5,settle,0.3594,S,0,0.0,,,,,,,,,
D,1735946,5,settle,0.3594,S,0,0.0,,,,,,,,,
D,1736138,5,settle,0.3593,S,0,0.0,,,,,,,,,
D,1736327,5,settle,0.3593,S,0,0.0,,,,,,,,,
D,1736519,5,settle,0.3593,S,0,0.0,,,,,,,,,
D,1736711,5,settle,0.3593,S,0,0.0,,,,,,,,,
D,1736903,5,settle,0.3593,S,0,0.0,,,,,,,,,
D,1737094,5,settle,0.3592,S,0,0.0,,,,,,,,,
D,1737284,5,settle,0.3592,S,0,0.0,,,,,,,,,
D,1737475,5,settle,0.3588,U,0,0.0,,,,,,,,,
D,1737667,5,settle,0.3587,U,0,0.0,,,,,,,,,
P,1738432,5,settled,0.3585,S
D,1738528,5,settle,0.3585,S,0,0.0,,,,,,,,,
D,1738719,5,settle,0.3585,S,0,0.0,,,,,,,,,
D,1738909,5,settle,0.3585,S,0,0.0,,,,,,,,,
D,1739101,5,settle,0.3584,S,0,0.0,,,,,,,,,
D,1739292,5,settle,0.3584,S,0,0.0,,,,,,,,,
D,1739484,5,settle,0.3584,S,0,0.0,,,,,,,,,
D,1739676,5,settle,0.3584,S,0,0.0,,,,,,,,,
D,1739866,5,settle,0.3584,S,0,0.0,,,,,,,,,
D,1740057,5,settle,0.3585,S,0,0.0,,,,,,,,,
D,1740249,5,settle,0.3585,S,0,0.0,,,,,,,,,
D,1740441,5,settle,0.3586,U,0,0.0,,,,,,,,,
D,1740633,5,settle,0.3586,S,0,0.0,,,,,,,,,
D,1740822,5,settle,0.3586,S,0,0.0,,,,,,,,,
D,1741014,5,settle,0.3586,S,0,0.0,,,,,,,,,
D,1741206,5,settle,0.3586,S,0,0.0,,,,,,,,,
D,1741397,5,settle,0.3586,S,0,0.0,,,,,,,,,
P,1741587,5,settled2,0.3586,S
T,5,0.100,25,0,2,0.3530,7.7,1.35,0.2855,0.3614,120,5,120,358.9,0.3585,0.3586,0.0056,-94.4,-91.6,tap_stalled
E,1741595,trial 5 tap_stalled: dispensed 0.0056 g, error -94.4 mg (trickle landed -91.6 mg), 120 taps, 5 nudges, 358.9 s
E,1741598,=== trial 6 : target 0.200 g, trickle tilt 25, tap tilt 0, rep 3 (dispensed 0.143 g) ===
D,1741691,6,drift,0.3586,S,0,0.0,,,,,,,,,
D,1741879,6,drift,0.3586,S,0,0.0,,,,,,,,,
D,1742067,6,drift,0.3582,U,0,0.0,,,,,,,,,
D,1742267,6,drift,0.3582,U,0,0.0,,,,,,,,,
D,1742455,6,drift,0.3582,U,0,0.0,,,,,,,,,
D,1742643,6,drift,0.3582,S,0,0.0,,,,,,,,,
D,1742831,6,drift,0.3582,S,0,0.0,,,,,,,,,
D,1743022,6,drift,0.3581,S,0,0.0,,,,,,,,,
D,1743214,6,drift,0.3581,S,0,0.0,,,,,,,,,
D,1743404,6,drift,0.3580,S,0,0.0,,,,,,,,,
D,1743596,6,drift,0.3580,S,0,0.0,,,,,,,,,
D,1743787,6,drift,0.3579,S,0,0.0,,,,,,,,,
D,1743979,6,drift,0.3579,S,0,0.0,,,,,,,,,
D,1744171,6,drift,0.3578,S,0,0.0,,,,,,,,,
D,1744360,6,drift,0.3578,S,0,0.0,,,,,,,,,
D,1744552,6,drift,0.3578,S,0,0.0,,,,,,,,,
D,1744744,6,drift,0.3578,S,0,0.0,,,,,,,,,
D,1744936,6,drift,0.3578,S,0,0.0,,,,,,,,,
D,1745125,6,drift,0.3578,S,0,0.0,,,,,,,,,
D,1745317,6,drift,0.3578,S,0,0.0,,,,,,,,,
D,1745509,6,drift,0.3578,S,0,0.0,,,,,,,,,
D,1745701,6,drift,0.3579,S,0,0.0,,,,,,,,,
D,1745892,6,drift,0.3579,S,0,0.0,,,,,,,,,
D,1746081,6,drift,0.3583,U,0,0.0,,,,,,,,,
D,1746273,6,drift,0.3584,U,0,0.0,,,,,,,,,
D,1746465,6,drift,0.3584,U,0,0.0,,,,,,,,,
D,1746657,6,drift,0.3585,U,0,0.0,,,,,,,,,
D,1746848,6,drift,0.3584,S,0,0.0,,,,,,,,,
D,1747038,6,drift,0.3584,S,0,0.0,,,,,,,,,
D,1747230,6,drift,0.3583,S,0,0.0,,,,,,,,,
D,1747421,6,drift,0.3583,S,0,0.0,,,,,,,,,
D,1747613,6,drift,0.3582,S,0,0.0,,,,,,,,,
D,1747803,6,drift,0.3582,S,0,0.0,,,,,,,,,
D,1747994,6,drift,0.3579,U,0,0.0,,,,,,,,,
D,1748186,6,drift,0.3577,U,0,0.0,,,,,,,,,
D,1748378,6,drift,0.3576,U,0,0.0,,,,,,,,,
D,1748570,6,drift,0.3575,U,0,0.0,,,,,,,,,
D,1748759,6,drift,0.3574,U,0,0.0,,,,,,,,,
D,1748951,6,drift,0.3573,U,0,0.0,,,,,,,,,
D,1749143,6,drift,0.3572,U,0,0.0,,,,,,,,,
D,1749335,6,drift,0.3572,U,0,0.0,,,,,,,,,
D,1749526,6,drift,0.3571,U,0,0.0,,,,,,,,,
D,1749716,6,drift,0.3570,U,0,0.0,,,,,,,,,
D,1749907,6,drift,0.3569,U,0,0.0,,,,,,,,,
D,1750099,6,drift,0.3568,U,0,0.0,,,,,,,,,
D,1750291,6,drift,0.3567,U,0,0.0,,,,,,,,,
D,1750480,6,drift,0.3566,U,0,0.0,,,,,,,,,
D,1750672,6,drift,0.3565,U,0,0.0,,,,,,,,,
D,1750864,6,drift,0.3564,U,0,0.0,,,,,,,,,
D,1751056,6,drift,0.3563,U,0,0.0,,,,,,,,,
D,1751247,6,drift,0.3562,U,0,0.0,,,,,,,,,
D,1751437,6,drift,0.3561,U,0,0.0,,,,,,,,,
D,1751629,6,drift,0.3560,U,0,0.0,,,,,,,,,
D,1751820,6,drift,0.3559,U,0,0.0,,,,,,,,,
D,1752012,6,drift,0.3559,U,0,0.0,,,,,,,,,
D,1752204,6,drift,0.3558,U,0,0.0,,,,,,,,,
D,1752393,6,drift,0.3557,U,0,0.0,,,,,,,,,
D,1752585,6,drift,0.3556,U,0,0.0,,,,,,,,,
D,1752777,6,drift,0.3555,U,0,0.0,,,,,,,,,
D,1752968,6,drift,0.3555,U,0,0.0,,,,,,,,,
D,1753158,6,drift,0.3554,U,0,0.0,,,,,,,,,
D,1753350,6,drift,0.3554,S,0,0.0,,,,,,,,,
D,1753542,6,drift,0.3554,S,0,0.0,,,,,,,,,
D,1753733,6,drift,0.3554,S,0,0.0,,,,,,,,,
D,1753925,6,drift,0.3554,S,0,0.0,,,,,,,,,
D,1754115,6,drift,0.3555,S,0,0.0,,,,,,,,,
D,1754306,6,drift,0.3555,S,0,0.0,,,,,,,,,
D,1754498,6,drift,0.3555,S,0,0.0,,,,,,,,,
D,1754690,6,drift,0.3555,S,0,0.0,,,,,,,,,
D,1754882,6,drift,0.3556,S,0,0.0,,,,,,,,,
D,1755071,6,drift,0.3556,S,0,0.0,,,,,,,,,
D,1755263,6,drift,0.3558,U,0,0.0,,,,,,,,,
D,1755455,6,drift,0.3559,U,0,0.0,,,,,,,,,
D,1755646,6,drift,0.3560,U,0,0.0,,,,,,,,,
D,1755847,6,drift,0.3560,S,0,0.0,,,,,,,,,
D,1756035,6,drift,0.3560,S,0,0.0,,,,,,,,,
D,1756223,6,drift,0.3560,S,0,0.0,,,,,,,,,
D,1756411,6,drift,0.3560,S,0,0.0,,,,,,,,,
D,1756603,6,drift,0.3560,S,0,0.0,,,,,,,,,
P,1756792,6,base,0.3560,S
D,1758436,6,preroll,0.3548,U,1,0.0,-0.0000,0.0000,-0.0010,0.01505,-0.0000,0.0000,0.000,0.3500,0.0350
D,1758614,6,preroll,0.3547,U,1,0.0,-0.0015,0.0000,-0.0011,0.02536,-0.0015,0.0000,0.000,0.3500,0.0350
D,1758810,6,preroll,0.3547,S,0,0.0,-0.0015,0.0000,-0.0014,0.03544,-0.0015,0.0000,0.000,0.3500,0.0350
D,1759007,6,preroll,0.3547,S,1,0.0,-0.0012,0.0002,-0.0013,0.02582,-0.0012,0.0000,0.000,0.3500,0.0350
D,1759190,6,preroll,0.3546,S,1,0.0,-0.0016,0.0000,-0.0014,0.02150,-0.0016,0.0000,0.000,0.3500,0.0350
D,1759386,6,preroll,0.3546,S,0,0.0,-0.0016,0.0000,-0.0015,0.03200,-0.0016,0.0000,0.000,0.3500,0.0350
D,1759581,6,preroll,0.3546,S,1,0.0,-0.0013,0.0003,-0.0014,0.02519,-0.0012,0.0000,0.000,0.3500,0.0350
D,1759763,6,preroll,0.3547,S,1,0.0,-0.0012,0.0003,-0.0013,0.02126,-0.0011,0.0000,0.000,0.3500,0.0350
D,1760111,6,trickle,0.3549,U,1,0.0,-0.0008,0.0003,-0.0011,0.04278,-0.0007,0.0500,0.000,0.3500,0.0380
D,1760396,6,trickle,0.3550,S,1,14.5,-0.0012,0.0480,-0.0010,0.03587,0.0132,0.0500,0.017,0.3500,0.0380
D,1760692,6,trickle,0.3549,S,1,2.7,0.0131,0.0288,-0.0011,0.03855,0.0218,0.0500,0.018,0.3500,0.0380
D,1760968,6,trickle,0.3455,U,1,8.2,-0.0269,0.0021,-0.0101,0.03656,-0.0262,0.0500,0.024,0.3500,0.0380
D,1761159,6,trickle,0.3440,U,1,16.5,-0.0046,0.0652,-0.0123,0.02659,0.0150,0.0500,0.037,0.3500,0.0380
D,1761350,6,trickle,0.3431,U,1,0.3,-0.0058,0.0220,-0.0126,0.02409,0.0008,0.0500,0.034,0.3500,0.0380
D,1761638,6,trickle,0.3467,U,1,11.8,-0.0053,0.0442,-0.0092,0.03547,0.0079,0.0500,0.040,0.3500,0.0380
D,1761829,6,trickle,0.3475,U,1,6.4,-0.0017,0.0350,-0.0084,0.02625,0.0089,0.0500,0.041,0.3500,0.0380
D,1762020,6,trickle,0.3442,U,1,9.1,-0.0134,0.0162,-0.0113,0.02408,-0.0085,0.0500,0.044,0.3500,0.0380
D,1762211,6,trickle,0.3459,U,1,14.5,-0.0042,0.0512,-0.0103,0.02405,0.0111,0.0500,0.051,0.3500,0.0380
D,1762402,6,trickle,0.3598,U,1,5.8,0.0280,0.0770,0.0030,0.02403,0.0511,0.0500,0.051,0.3232,0.0364
D,1762593,6,trickle,0.3679,U,1,0.0,0.0216,0.0171,0.0119,0.02309,0.0268,0.0500,0.045,0.2971,0.0350
D,1762784,6,trickle,0.3708,U,1,14.4,0.0149,0.0217,0.0152,0.02321,0.0215,0.0500,0.052,0.2713,0.0350
D,1762976,6,trickle,0.3672,U,1,13.9,0.0104,0.0249,0.0115,0.02412,0.0179,0.0500,0.057,0.2465,0.0350
D,1763167,6,trickle,0.3589,U,1,13.7,-0.0028,0.0110,0.0035,0.02403,0.0005,0.0500,0.062,0.2465,0.0350
D,1763359,6,trickle,0.3529,U,1,18.1,-0.0057,0.0280,-0.0029,0.02412,0.0027,0.0500,0.069,0.2465,0.0350
D,1763551,6,trickle,0.3531,U,1,14.3,0.0042,0.0464,-0.0030,0.02415,0.0181,0.0500,0.074,0.2226,0.0350
D,1763743,6,trickle,0.3539,U,1,9.8,0.0037,0.0291,-0.0018,0.02415,0.0124,0.0500,0.074,0.2009,0.0350
D,1763935,6,trickle,0.3587,U,1,14.6,0.0108,0.0389,0.0027,0.02415,0.0224,0.0500,0.078,0.1825,0.0350
D,1764218,6,trickle,0.3652,U,1,12.4,0.0213,0.0379,0.0092,0.03479,0.0327,0.0500,0.080,0.1672,0.0350
D,1764410,6,trickle,0.3704,U,1,13.1,0.0209,0.0267,0.0145,0.02623,0.0289,0.0500,0.084,0.1532,0.0350
D,1764698,6,trickle,0.3681,U,1,16.4,0.0099,0.0208,0.0124,0.03552,0.0161,0.0500,0.088,0.1391,0.0350
D,1764890,6,trickle,0.3652,U,1,18.9,0.0104,0.0249,0.0092,0.02635,0.0179,0.0500,0.097,0.1263,0.0350
D,1765186,6,trickle,0.3634,U,1,18.5,0.0109,0.0280,0.0075,0.03662,0.0193,0.0500,0.102,0.1148,0.0350
D,1765462,6,trickle,0.3643,U,1,18.5,0.0138,0.0280,0.0083,0.03586,0.0222,0.0500,0.108,0.1046,0.0350
D,1765655,6,trickle,0.3640,U,1,19.2,0.0098,0.0183,0.0081,0.02667,0.0153,0.0500,0.114,0.0950,0.0350
D,1765952,6,trickle,0.3638,U,1,22.4,0.0110,0.0253,0.0079,0.03678,0.0186,0.0500,0.120,0.0864,0.0350
D,1766227,6,trickle,0.3641,U,1,21.5,0.0123,0.0236,0.0082,0.03576,0.0194,0.0500,0.128,0.0787,0.0350
D,1766420,6,trickle,0.3644,U,1,22.8,0.0109,0.0185,0.0085,0.02665,0.0164,0.0500,0.135,0.0716,0.0350
D,1766611,6,trickle,0.3643,U,1,24.8,0.0102,0.0169,0.0084,0.02413,0.0152,0.0500,0.141,0.0651,0.0350
D,1766907,6,trickle,0.3644,S,1,26.0,0.0114,0.0207,0.0085,0.03656,0.0176,0.0500,0.147,0.0593,0.0350
D,1767185,6,trickle,0.3643,S,1,26.0,0.0108,0.0182,0.0084,0.03610,0.0162,0.0500,0.156,0.0540,0.0350
D,1767376,6,trickle,0.3585,U,1,27.7,-0.0028,0.0000,0.0027,0.02655,-0.0028,0.0500,0.165,0.0540,0.0350
D,1767672,6,trickle,0.3670,U,1,33.4,0.0288,0.0414,0.0105,0.03660,0.0412,0.0500,0.174,0.0500,0.0350
D,1767948,6,trickle,0.3710,U,1,23.4,0.0145,0.0077,0.0152,0.03585,0.0168,0.0500,0.177,0.0457,0.0350
D,1768237,6,trickle,0.3667,U,1,33.2,0.0076,0.0113,0.0108,0.03767,0.0110,0.0500,0.189,0.0415,0.0350
D,1768533,6,trickle,0.3667,U,1,33.7,0.0169,0.0224,0.0107,0.03898,0.0236,0.0500,0.200,0.0380,0.0350
D,1768809,6,trickle,0.3696,U,1,31.8,0.0182,0.0174,0.0136,0.03666,0.0234,0.0500,0.208,0.0349,0.0350
D,1769001,6,trickle,0.3751,U,1,34.2,0.0266,0.0247,0.0190,0.02669,0.0340,0.0500,0.217,0.0324,0.0350
D,1769192,6,trickle,0.3760,U,1,32.9,0.0214,0.0083,0.0203,0.02411,0.0239,0.0500,0.222,0.0299,0.0350
D,1769383,6,trickle,0.3710,U,1,38.0,0.0092,0.0000,0.0155,0.02405,0.0092,0.0500,0.230,0.0273,0.0350
D,1769574,6,trickle,0.3680,U,1,41.2,0.0113,0.0102,0.0119,0.02403,0.0143,0.0500,0.239,0.0249,0.0350
D,1769765,6,trickle,0.3661,U,1,39.6,0.0101,0.0080,0.0102,0.02403,0.0125,0.0500,0.247,0.0227,0.0350
D,1769957,6,trickle,0.3615,U,1,41.1,0.0011,0.0000,0.0059,0.02412,0.0011,0.0500,0.255,0.0205,0.0350
D,1770149,6,trickle,0.3562,U,1,44.2,-0.0042,0.0000,0.0004,0.02415,-0.0042,0.0500,0.265,0.0205,0.0350
D,1770341,6,trickle,0.3601,U,1,45.0,0.0116,0.0286,0.0036,0.02415,0.0202,0.0500,0.274,0.0188,0.0350
D,1770637,6,trickle,0.3617,U,1,38.7,0.0085,0.0099,0.0060,0.03657,0.0115,0.0500,0.278,0.0171,0.0350
H,1770763,6,0.0085,0.0030,0.0366,0.0350,0.2000,stall
P,1775254,6,posttrickle,0.3901,S
P,1780987,6,tapread,0.3871,S
C,1780989,6,1,1,0,0.3901,0.3871
P,1784240,6,tapread,0.3878,S
C,1784242,6,2,2,0,0.3871,0.3878
P,1790169,6,tapread,0.3876,S
C,1790171,6,3,3,0,0.3878,0.3876
P,1793995,6,tapread,0.3864,S
C,1793997,6,4,4,0,0.3876,0.3864
P,1798394,6,tapread,0.3889,S
C,1798396,6,5,5,0,0.3864,0.3889
P,1800305,6,tapread,0.3836,S
C,1800307,6,6,6,0,0.3889,0.3836
P,1802409,6,tapread,0.3892,S
C,1802411,6,7,7,0,0.3836,0.3892
P,1804514,6,tapread,0.3825,S
C,1804516,6,8,8,0,0.3892,0.3825
P,1806043,6,tapread,0.3820,S
C,1806045,6,9,9,0,0.3825,0.3820
P,1810826,6,tapread,0.3870,S
C,1810828,6,10,10,0,0.3820,0.3870
P,1813503,6,tapread,0.3878,S
C,1813505,6,11,11,0,0.3870,0.3878
P,1818475,6,tapread,0.3942,S
C,1818477,6,12,12,0,0.3878,0.3942
P,1820778,6,tapread,0.3909,S
C,1820780,6,13,13,0,0.3942,0.3909
P,1825171,6,tapread,0.3885,S
C,1825173,6,14,14,0,0.3909,0.3885
P,1829378,6,tapread,0.3922,S
C,1829380,6,15,15,0,0.3885,0.3922
P,1831864,6,tapread,0.3854,S
C,1831866,6,16,16,0,0.3922,0.3854
P,1835498,6,tapread,0.3878,S
C,1835500,6,17,17,0,0.3854,0.3878
P,1840089,6,tapread,0.3864,S
C,1840091,6,18,18,0,0.3878,0.3864
P,1842191,6,tapread,0.3833,S
C,1842193,6,19,19,0,0.3864,0.3833
P,1844875,6,tapread,0.3927,S
C,1844877,6,20,20,0,0.3833,0.3927
P,1847357,6,tapread,0.3929,S
C,1847359,6,21,21,0,0.3927,0.3929
P,1849268,6,tapread,0.3864,S
C,1849270,6,22,22,0,0.3929,0.3864
P,1851756,6,tapread,0.3856,S
C,1851758,6,23,23,0,0.3864,0.3856
P,1853477,6,tapread,0.3819,S
C,1853479,6,24,24,0,0.3856,0.3819
P,1859023,6,tapread,0.3977,S
C,1859025,6,25,25,1,0.3819,0.3977
P,1860935,6,tapread,0.3923,S
C,1860937,6,26,26,1,0.3977,0.3923
P,1862848,6,tapread,0.3984,S
C,1862850,6,27,27,1,0.3923,0.3984
P,1864952,6,tapread,0.3914,S
C,1864954,6,28,28,1,0.3984,0.3914
P,1866674,6,tapread,0.3913,S
C,1866676,6,29,29,1,0.3914,0.3913
P,1868204,6,tapread,0.3917,S
C,1868206,6,30,30,1,0.3913,0.3917
P,1872029,6,tapread,0.3913,S
C,1872031,6,31,31,1,0.3917,0.3913
P,1874899,6,tapread,0.3966,S
C,1874901,6,32,32,1,0.3913,0.3966
P,1877958,6,tapread,0.3907,S
C,1877960,6,33,33,1,0.3966,0.3907
P,1879880,6,tapread,0.3946,S
C,1879882,6,34,34,1,0.3907,0.3946
P,1882548,6,tapread,0.3926,S
C,1882550,6,35,35,1,0.3946,0.3926
P,1884843,6,tapread,0.4011,S
C,1884845,6,36,36,1,0.3926,0.4011
P,1886566,6,tapread,0.3968,S
C,1886568,6,37,37,1,0.4011,0.3968
P,1888096,6,tapread,0.3966,S
C,1888098,6,38,38,1,0.3968,0.3966
P,1890773,6,tapread,0.3949,S
C,1890775,6,39,39,1,0.3966,0.3949
P,1896510,6,tapread,0.4002,S
C,1896512,6,40,40,2,0.3949,0.4002
P,1898806,6,tapread,0.4033,S
C,1898808,6,41,41,2,0.4002,0.4033
P,1900527,6,tapread,0.3999,S
C,1900529,6,42,42,2,0.4033,0.3999
P,1905118,6,tapread,0.4015,S
C,1905120,6,43,43,2,0.3999,0.4015
P,1909709,6,tapread,0.3998,S
C,1909711,6,44,44,2,0.4015,0.3998
P,1912771,6,tapread,0.3997,S
C,1912773,6,45,45,2,0.3998,0.3997
P,1914681,6,tapread,0.3972,S
C,1914683,6,46,46,2,0.3997,0.3972
P,1921566,6,tapread,0.4067,S
C,1921568,6,47,47,3,0.3972,0.4067
P,1923862,6,tapread,0.4015,S
C,1923864,6,48,48,3,0.4067,0.4015
P,1925964,6,tapread,0.4031,S
C,1925966,6,49,49,3,0.4015,0.4031
P,1930747,6,tapread,0.4024,S
C,1930749,6,50,50,3,0.4031,0.4024
P,1933806,6,tapread,0.4032,S
C,1933808,6,51,51,3,0.4024,0.4032
P,1936294,6,tapread,0.3998,S
C,1936296,6,52,52,3,0.4032,0.3998
P,1938588,6,tapread,0.4088,S
C,1938590,6,53,53,3,0.3998,0.4088
P,1940705,6,tapread,0.3991,S
C,1940708,6,54,54,3,0.4088,0.3991
P,1943752,6,tapread,0.4066,S
C,1943754,6,55,55,3,0.3991,0.4066
P,1945665,6,tapread,0.3962,S
C,1945667,6,56,56,3,0.4066,0.3962
P,1947961,6,tapread,0.4009,S
C,1947963,6,57,57,3,0.3962,0.4009
P,1950256,6,tapread,0.3980,S
C,1950258,6,58,58,3,0.4009,0.3980
P,1952360,6,tapread,0.4017,S
C,1952362,6,59,59,3,0.3980,0.4017
P,1955038,6,tapread,0.4002,S
C,1955040,6,60,60,3,0.4017,0.4002
P,1957141,6,tapread,0.4003,S
C,1957143,6,61,61,3,0.4002,0.4003
P,1958670,6,tapread,0.3925,S
C,1958672,6,62,62,3,0.4003,0.3925
P,1964026,6,tapread,0.4038,S
C,1964028,6,63,63,4,0.3925,0.4038
P,1967278,6,tapread,0.3978,S
C,1967280,6,64,64,4,0.4038,0.3978
P,1969380,6,tapread,0.4000,S
C,1969382,6,65,65,4,0.3978,0.4000
P,1972826,6,tapread,0.4071,S
C,1972828,6,66,66,4,0.4000,0.4071
P,1974736,6,tapread,0.3937,S
C,1974738,6,67,67,4,0.4071,0.3937
P,1976268,6,tapread,0.3936,S
C,1976270,6,68,68,4,0.3937,0.3936
P,1978946,6,tapread,0.4065,S
C,1978948,6,69,69,4,0.3936,0.4065
P,1982005,6,tapread,0.4001,S
C,1982007,6,70,70,4,0.4065,0.4001
P,1984683,6,tapread,0.3997,S
C,1984685,6,71,71,4,0.4001,0.3997
P,1986787,6,tapread,0.4054,S
C,1986789,6,72,72,4,0.3997,0.4054
P,1991759,6,tapread,0.4059,S
C,1991761,6,73,73,4,0.4054,0.4059
P,1994245,6,tapread,0.4004,S
C,1994247,6,74,74,4,0.4059,0.4004
P,1996541,6,tapread,0.4040,S
C,1996543,6,75,75,4,0.4004,0.4040
P,1999219,6,tapread,0.4061,S
C,1999221,6,76,76,4,0.4040,0.4061
P,2000940,6,tapread,0.4078,S
C,2000942,6,77,77,4,0.4061,0.4078
P,2003045,6,tapread,0.4014,S
C,2003047,6,78,78,4,0.4078,0.4014
P,2006108,6,tapread,0.4023,S
C,2006110,6,79,79,4,0.4014,0.4023
P,2007825,6,tapread,0.4059,S
C,2007827,6,80,80,4,0.4023,0.4059
P,2009547,6,tapread,0.4037,S
C,2009549,6,81,81,4,0.4059,0.4037
P,2011843,6,tapread,0.4114,S
C,2011845,6,82,82,4,0.4037,0.4114
P,2018536,6,tapread,0.4083,S
C,2018538,6,83,83,4,0.4114,0.4083
P,2020449,6,tapread,0.4074,S
C,2020451,6,84,84,4,0.4083,0.4074
P,2022362,6,tapread,0.4055,S
C,2022364,6,85,85,4,0.4074,0.4055
P,2030203,6,tapread,0.4068,S
C,2030205,6,86,86,5,0.4055,0.4068
P,2032498,6,tapread,0.4046,S
C,2032500,6,87,87,5,0.4068,0.4046
P,2035750,6,tapread,0.4066,S
C,2035752,6,88,88,5,0.4046,0.4066
P,2037663,6,tapread,0.4040,S
C,2037665,6,89,89,5,0.4066,0.4040
P,2040723,6,tapread,0.4060,S
C,2040725,6,90,90,5,0.4040,0.4060
P,2043019,6,tapread,0.3990,S
C,2043021,6,91,91,5,0.4060,0.3990
P,2046461,6,tapread,0.4089,S
C,2046463,6,92,92,5,0.3990,0.4089
P,2049712,6,tapread,0.4032,S
C,2049714,6,93,93,5,0.4089,0.4032
P,2052581,6,tapread,0.4013,S
C,2052583,6,94,94,5,0.4032,0.4013
P,2054494,6,tapread,0.3979,S
C,2054496,6,95,95,5,0.4013,0.3979
P,2060041,6,tapread,0.4078,S
C,2060043,6,96,96,6,0.3979,0.4078
P,2064636,6,tapread,0.4080,S
C,2064638,6,97,97,6,0.4078,0.4080
P,2067118,6,tapread,0.4123,S
C,2067120,6,98,98,6,0.4080,0.4123
P,2069029,6,tapread,0.4128,S
C,2069031,6,99,99,6,0.4123,0.4128
P,2070942,6,tapread,0.4093,S
C,2070944,6,100,100,6,0.4128,0.4093
P,2073238,6,tapread,0.3995,S
C,2073240,6,101,101,6,0.4093,0.3995
P,2075151,6,tapread,0.4078,S
C,2075153,6,102,102,6,0.3995,0.4078
P,2077062,6,tapread,0.4130,S
C,2077064,6,103,103,6,0.4078,0.4130
P,2079550,6,tapread,0.4108,S
C,2079552,6,104,104,6,0.4130,0.4108
P,2081653,6,tapread,0.4009,S
C,2081655,6,105,105,6,0.4108,0.4009
P,2083757,6,tapread,0.4077,S
C,2083759,6,106,106,6,0.4009,0.4077
P,2085478,6,tapread,0.3980,S
C,2085480,6,107,107,6,0.4077,0.3980
P,2087391,6,tapread,0.4050,S
C,2087393,6,108,108,6,0.3980,0.4050
P,2090261,6,tapread,0.4032,S
C,2090263,6,109,109,6,0.4050,0.4032
P,2092172,6,tapread,0.4105,S
C,2092174,6,110,110,6,0.4032,0.4105
P,2095041,6,tapread,0.4043,S
C,2095043,6,111,111,6,0.4105,0.4043
P,2096954,6,tapread,0.4010,S
C,2096956,6,112,112,6,0.4043,0.4010
P,2100015,6,tapread,0.4058,S
C,2100017,6,113,113,6,0.4010,0.4058
P,2102310,6,tapread,0.4047,S
C,2102312,6,114,114,6,0.4058,0.4047
P,2104796,6,tapread,0.4073,S
C,2104798,6,115,115,6,0.4047,0.4073
P,2107092,6,tapread,0.3921,S
C,2107094,6,116,116,6,0.4073,0.3921
P,2110535,6,tapread,0.3947,S
C,2110537,6,117,117,6,0.3921,0.3947
P,2113212,6,tapread,0.4052,S
C,2113214,6,118,118,6,0.3947,0.4052
P,2116271,6,tapread,0.4019,S
C,2116273,6,119,119,6,0.4052,0.4019
P,2118184,6,tapread,0.4006,S
C,2118186,6,120,120,6,0.4019,0.4006
D,2118281,6,settle,0.4007,S,0,0.0,,,,,,,,,
D,2118471,6,settle,0.4007,S,0,0.0,,,,,,,,,
D,2118663,6,settle,0.4007,S,0,0.0,,,,,,,,,
D,2118853,6,settle,0.4007,S,0,0.0,,,,,,,,,
D,2119045,6,settle,0.4007,S,0,0.0,,,,,,,,,
D,2119236,6,settle,0.4007,S,0,0.0,,,,,,,,,
D,2119428,6,settle,0.4007,S,0,0.0,,,,,,,,,
D,2119620,6,settle,0.4007,S,0,0.0,,,,,,,,,
D,2119810,6,settle,0.4006,S,0,0.0,,,,,,,,,
D,2120001,6,settle,0.4006,S,0,0.0,,,,,,,,,
D,2120193,6,settle,0.4006,S,0,0.0,,,,,,,,,
D,2120385,6,settle,0.4005,S,0,0.0,,,,,,,,,
D,2120575,6,settle,0.4005,S,0,0.0,,,,,,,,,
D,2120766,6,settle,0.4005,S,0,0.0,,,,,,,,,
D,2120958,6,settle,0.4004,S,0,0.0,,,,,,,,,
D,2121150,6,settle,0.4004,S,0,0.0,,,,,,,,,
D,2121341,6,settle,0.4004,S,0,0.0,,,,,,,,,
D,2121531,6,settle,0.4002,U,0,0.0,,,,,,,,,
D,2121723,6,settle,0.4002,U,0,0.0,,,,,,,,,
D,2121923,6,settle,0.4002,S,0,0.0,,,,,,,,,
D,2122111,6,settle,0.4001,S,0,0.0,,,,,,,,,
P,2122299,6,settled,0.4001,S
D,2122392,6,settle,0.4001,S,0,0.0,,,,,,,,,
D,2122583,6,settle,0.3998,U,0,0.0,,,,,,,,,
D,2122775,6,settle,0.3997,U,0,0.0,,,,,,,,,
D,2122966,6,settle,0.3995,U,0,0.0,,,,,,,,,
D,2123158,6,settle,0.3994,U,0,0.0,,,,,,,,,
D,2123348,6,settle,0.3992,U,0,0.0,,,,,,,,,
D,2123540,6,settle,0.3991,U,0,0.0,,,,,,,,,
D,2123731,6,settle,0.3990,U,0,0.0,,,,,,,,,
D,2123923,6,settle,0.3990,U,0,0.0,,,,,,,,,
D,2124113,6,settle,0.3989,U,0,0.0,,,,,,,,,
D,2124304,6,settle,0.3989,S,0,0.0,,,,,,,,,
D,2124496,6,settle,0.3989,S,0,0.0,,,,,,,,,
D,2124688,6,settle,0.3989,S,0,0.0,,,,,,,,,
D,2124879,6,settle,0.3989,S,0,0.0,,,,,,,,,
D,2125069,6,settle,0.3989,S,0,0.0,,,,,,,,,
D,2125261,6,settle,0.3989,S,0,0.0,,,,,,,,,
P,2125453,6,settled2,0.3990,S
T,6,0.200,25,0,3,0.3560,10.8,3.78,0.0171,0.3901,120,6,120,368.7,0.4001,0.3990,0.0430,-157.0,-165.9,tap_stalled
E,2125461,trial 6 tap_stalled: dispensed 0.0430 g, error -157.0 mg (trickle landed -165.9 mg), 120 taps, 6 nudges, 368.7 s
E,2125463,end survey 60 s
D,2125555,0,endsurvey,0.3990,S,0,0.0,,,,,,,,,
D,2125743,0,endsurvey,0.3990,S,0,0.0,,,,,,,,,
D,2125931,0,endsurvey,0.3990,S,0,0.0,,,,,,,,,
D,2126122,0,endsurvey,0.3991,S,0,0.0,,,,,,,,,
D,2126313,0,endsurvey,0.3991,S,0,0.0,,,,,,,,,
D,2126505,0,endsurvey,0.3994,U,0,0.0,,,,,,,,,
D,2126697,0,endsurvey,0.3994,U,0,0.0,,,,,,,,,
D,2126886,0,endsurvey,0.3995,S,0,0.0,,,,,,,,,
D,2127078,0,endsurvey,0.3996,U,0,0.0,,,,,,,,,
D,2127270,0,endsurvey,0.3997,U,0,0.0,,,,,,,,,
D,2127461,0,endsurvey,0.3997,S,0,0.0,,,,,,,,,
D,2127653,0,endsurvey,0.3998,U,0,0.0,,,,,,,,,
D,2127843,0,endsurvey,0.3998,S,0,0.0,,,,,,,,,
D,2128034,0,endsurvey,0.3998,S,0,0.0,,,,,,,,,
D,2128226,0,endsurvey,0.3998,S,0,0.0,,,,,,,,,
D,2128418,0,endsurvey,0.3998,S,0,0.0,,,,,,,,,
D,2128608,0,endsurvey,0.3999,S,0,0.0,,,,,,,,,
D,2128799,0,endsurvey,0.3999,S,0,0.0,,,,,,,,,
D,2128991,0,endsurvey,0.3999,S,0,0.0,,,,,,,,,
D,2129183,0,endsurvey,0.3999,S,0,0.0,,,,,,,,,
D,2129374,0,endsurvey,0.3999,S,0,0.0,,,,,,,,,
D,2129564,0,endsurvey,0.3999,S,0,0.0,,,,,,,,,
D,2129756,0,endsurvey,0.3999,S,0,0.0,,,,,,,,,
D,2129948,0,endsurvey,0.3998,S,0,0.0,,,,,,,,,
D,2130139,0,endsurvey,0.3998,S,0,0.0,,,,,,,,,
D,2130329,0,endsurvey,0.3998,S,0,0.0,,,,,,,,,
D,2130520,0,endsurvey,0.3993,U,0,0.0,,,,,,,,,
D,2130712,0,endsurvey,0.3992,U,0,0.0,,,,,,,,,
D,2130904,0,endsurvey,0.3990,U,0,0.0,,,,,,,,,
D,2131095,0,endsurvey,0.3988,U,0,0.0,,,,,,,,,
D,2131285,0,endsurvey,0.3987,U,0,0.0,,,,,,,,,
D,2131477,0,endsurvey,0.3985,U,0,0.0,,,,,,,,,
D,2131669,0,endsurvey,0.3983,U,0,0.0,,,,,,,,,
D,2131860,0,endsurvey,0.3982,U,0,0.0,,,,,,,,,
D,2132052,0,endsurvey,0.3981,U,0,0.0,,,,,,,,,
D,2132242,0,endsurvey,0.3980,U,0,0.0,,,,,,,,,
D,2132433,0,endsurvey,0.3979,U,0,0.0,,,,,,,,,
D,2132625,0,endsurvey,0.3978,U,0,0.0,,,,,,,,,
D,2132817,0,endsurvey,0.3978,S,0,0.0,,,,,,,,,
D,2133006,0,endsurvey,0.3977,U,0,0.0,,,,,,,,,
D,2133198,0,endsurvey,0.3977,S,0,0.0,,,,,,,,,
D,2133390,0,endsurvey,0.3977,S,0,0.0,,,,,,,,,
D,2133581,0,endsurvey,0.3978,S,0,0.0,,,,,,,,,
D,2133773,0,endsurvey,0.3978,S,0,0.0,,,,,,,,,
D,2133963,0,endsurvey,0.3978,S,0,0.0,,,,,,,,,
D,2134155,0,endsurvey,0.3978,S,0,0.0,,,,,,,,,
D,2134347,0,endsurvey,0.3979,S,0,0.0,,,,,,,,,
D,2134538,0,endsurvey,0.3979,S,0,0.0,,,,,,,,,
D,2134730,0,endsurvey,0.3979,S,0,0.0,,,,,,,,,
D,2134920,0,endsurvey,0.3979,S,0,0.0,,,,,,,,,
D,2135111,0,endsurvey,0.3979,S,0,0.0,,,,,,,,,
D,2135311,0,endsurvey,0.3979,S,0,0.0,,,,,,,,,
D,2135499,0,endsurvey,0.3979,S,0,0.0,,,,,,,,,
D,2135687,0,endsurvey,0.3979,S,0,0.0,,,,,,,,,
D,2135876,0,endsurvey,0.3979,S,0,0.0,,,,,,,,,
D,2136068,0,endsurvey,0.3979,S,0,0.0,,,,,,,,,
D,2136260,0,endsurvey,0.3979,S,0,0.0,,,,,,,,,
D,2136451,0,endsurvey,0.3979,S,0,0.0,,,,,,,,,
D,2136641,0,endsurvey,0.3979,S,0,0.0,,,,,,,,,
D,2136833,0,endsurvey,0.3978,S,0,0.0,,,,,,,,,
D,2137025,0,endsurvey,0.3978,S,0,0.0,,,,,,,,,
D,2137216,0,endsurvey,0.3978,S,0,0.0,,,,,,,,,
D,2137408,0,endsurvey,0.3978,S,0,0.0,,,,,,,,,
D,2137598,0,endsurvey,0.3978,S,0,0.0,,,,,,,,,
D,2137790,0,endsurvey,0.3978,S,0,0.0,,,,,,,,,
D,2137981,0,endsurvey,0.3978,S,0,0.0,,,,,,,,,
D,2138173,0,endsurvey,0.3978,S,0,0.0,,,,,,,,,
D,2138363,0,endsurvey,0.3978,S,0,0.0,,,,,,,,,
D,2138554,0,endsurvey,0.3977,S,0,0.0,,,,,,,,,
D,2138746,0,endsurvey,0.3977,S,0,0.0,,,,,,,,,
D,2138938,0,endsurvey,0.3977,S,0,0.0,,,,,,,,,
D,2139130,0,endsurvey,0.3977,S,0,0.0,,,,,,,,,
D,2139318,0,endsurvey,0.3972,U,0,0.0,,,,,,,,,
D,2139510,0,endsurvey,0.3971,U,0,0.0,,,,,,,,,
D,2139702,0,endsurvey,0.3971,U,0,0.0,,,,,,,,,
D,2139893,0,endsurvey,0.3971,S,0,0.0,,,,,,,,,
D,2140085,0,endsurvey,0.3971,S,0,0.0,,,,,,,,,
D,2140275,0,endsurvey,0.3970,S,0,0.0,,,,,,,,,
D,2140467,0,endsurvey,0.3970,S,0,0.0,,,,,,,,,
D,2140658,0,endsurvey,0.3970,S,0,0.0,,,,,,,,,
D,2140850,0,endsurvey,0.3970,S,0,0.0,,,,,,,,,
D,2141040,0,endsurvey,0.3970,S,0,0.0,,,,,,,,,
D,2141232,0,endsurvey,0.3970,S,0,0.0,,,,,,,,,
D,2141423,0,endsurvey,0.3970,S,0,0.0,,,,,,,,,
D,2141615,0,endsurvey,0.3970,S,0,0.0,,,,,,,,,
D,2141807,0,endsurvey,0.3970,S,0,0.0,,,,,,,,,
D,2141996,0,endsurvey,0.3970,S,0,0.0,,,,,,,,,
D,2142188,0,endsurvey,0.3970,S,0,0.0,,,,,,,,,
D,2142380,0,endsurvey,0.3971,S,0,0.0,,,,,,,,,
D,2142572,0,endsurvey,0.3971,S,0,0.0,,,,,,,,,
D,2142763,0,endsurvey,0.3971,S,0,0.0,,,,,,,,,
D,2142953,0,endsurvey,0.3971,S,0,0.0,,,,,,,,,
D,2143145,0,endsurvey,0.3971,S,0,0.0,,,,,,,,,
D,2143337,0,endsurvey,0.3971,S,0,0.0,,,,,,,,,
D,2143528,0,endsurvey,0.3971,S,0,0.0,,,,,,,,,
D,2143718,0,endsurvey,0.3970,S,0,0.0,,,,,,,,,
D,2143910,0,endsurvey,0.3970,S,0,0.0,,,,,,,,,
D,2144102,0,endsurvey,0.3970,S,0,0.0,,,,,,,,,
D,2144293,0,endsurvey,0.3970,S,0,0.0,,,,,,,,,
D,2144485,0,endsurvey,0.3970,S,0,0.0,,,,,,,,,
D,2144675,0,endsurvey,0.3970,S,0,0.0,,,,,,,,,
D,2144866,0,endsurvey,0.3970,S,0,0.0,,,,,,,,,
D,2145058,0,endsurvey,0.3970,S,0,0.0,,,,,,,,,
D,2145250,0,endsurvey,0.3970,S,0,0.0,,,,,,,,,
D,2145441,0,endsurvey,0.3970,S,0,0.0,,,,,,,,,
D,2145631,0,endsurvey,0.3970,S,0,0.0,,,,,,,,,
D,2145823,0,endsurvey,0.3970,S,0,0.0,,,,,,,,,
D,2146014,0,endsurvey,0.3970,S,0,0.0,,,,,,,,,
D,2146206,0,endsurvey,0.3970,S,0,0.0,,,,,,,,,
D,2146396,0,endsurvey,0.3970,S,0,0.0,,,,,,,,,
D,2146588,0,endsurvey,0.3970,S,0,0.0,,,,,,,,,
D,2146779,0,endsurvey,0.3970,S,0,0.0,,,,,,,,,
D,2146971,0,endsurvey,0.3970,S,0,0.0,,,,,,,,,
D,2147163,0,endsurvey,0.3970,S,0,0.0,,,,,,,,,
D,2147352,0,endsurvey,0.3970,S,0,0.0,,,,,,,,,
D,2147544,0,endsurvey,0.3970,S,0,0.0,,,,,,,,,
D,2147735,0,endsurvey,0.3974,U,0,0.0,,,,,,,,,
D,2147926,0,endsurvey,0.3975,U,0,0.0,,,,,,,,,
D,2148118,0,endsurvey,0.3976,U,0,0.0,,,,,,,,,
D,2148308,0,endsurvey,0.3977,U,0,0.0,,,,,,,,,
D,2148499,0,endsurvey,0.3978,U,0,0.0,,,,,,,,,
D,2148691,0,endsurvey,0.3978,S,0,0.0,,,,,,,,,
D,2148891,0,endsurvey,0.3978,S,0,0.0,,,,,,,,,
D,2149079,0,endsurvey,0.3978,S,0,0.0,,,,,,,,,
D,2149267,0,endsurvey,0.3978,S,0,0.0,,,,,,,,,
D,2149456,0,endsurvey,0.3978,S,0,0.0,,,,,,,,,
D,2149648,0,endsurvey,0.3977,S,0,0.0,,,,,,,,,
D,2149839,0,endsurvey,0.3977,S,0,0.0,,,,,,,,,
D,2150029,0,endsurvey,0.3977,S,0,0.0,,,,,,,,,
D,2150221,0,endsurvey,0.3977,S,0,0.0,,,,,,,,,
D,2150413,0,endsurvey,0.3977,S,0,0.0,,,,,,,,,
D,2150604,0,endsurvey,0.3977,S,0,0.0,,,,,,,,,
D,2150794,0,endsurvey,0.3976,S,0,0.0,,,,,,,,,
D,2150986,0,endsurvey,0.3976,S,0,0.0,,,,,,,,,
D,2151178,0,endsurvey,0.3976,S,0,0.0,,,,,,,,,
D,2151369,0,endsurvey,0.3976,S,0,0.0,,,,,,,,,
D,2151561,0,endsurvey,0.3976,S,0,0.0,,,,,,,,,
D,2151751,0,endsurvey,0.3976,S,0,0.0,,,,,,,,,
D,2151942,0,endsurvey,0.3976,S,0,0.0,,,,,,,,,
D,2152134,0,endsurvey,0.3976,S,0,0.0,,,,,,,,,
D,2152326,0,endsurvey,0.3976,S,0,0.0,,,,,,,,,
D,2152518,0,endsurvey,0.3976,S,0,0.0,,,,,,,,,
D,2152707,0,endsurvey,0.3976,S,0,0.0,,,,,,,,,
D,2152899,0,endsurvey,0.3976,S,0,0.0,,,,,,,,,
D,2153091,0,endsurvey,0.3976,S,0,0.0,,,,,,,,,
D,2153283,0,endsurvey,0.3976,S,0,0.0,,,,,,,,,
D,2153472,0,endsurvey,0.3976,S,0,0.0,,,,,,,,,
D,2153664,0,endsurvey,0.3976,S,0,0.0,,,,,,,,,
D,2153856,0,endsurvey,0.3976,S,0,0.0,,,,,,,,,
D,2154048,0,endsurvey,0.3976,S,0,0.0,,,,,,,,,
D,2154239,0,endsurvey,0.3976,S,0,0.0,,,,,,,,,
D,2154429,0,endsurvey,0.3975,S,0,0.0,,,,,,,,,
D,2154621,0,endsurvey,0.3975,S,0,0.0,,,,,,,,,
D,2154812,0,endsurvey,0.3975,S,0,0.0,,,,,,,,,
D,2155003,0,endsurvey,0.3979,U,0,0.0,,,,,,,,,
D,2155195,0,endsurvey,0.3979,U,0,0.0,,,,,,,,,
D,2155384,0,endsurvey,0.3980,U,0,0.0,,,,,,,,,
D,2155576,0,endsurvey,0.3981,U,0,0.0,,,,,,,,,
D,2155768,0,endsurvey,0.3981,S,0,0.0,,,,,,,,,
D,2155960,0,endsurvey,0.3981,S,0,0.0,,,,,,,,,
D,2156149,0,endsurvey,0.3980,S,0,0.0,,,,,,,,,
D,2156341,0,endsurvey,0.3980,S,0,0.0,,,,,,,,,
D,2156533,0,endsurvey,0.3979,U,0,0.0,,,,,,,,,
D,2156724,0,endsurvey,0.3979,S,0,0.0,,,,,,,,,
D,2156916,0,endsurvey,0.3979,S,0,0.0,,,,,,,,,
D,2157106,0,endsurvey,0.3978,S,0,0.0,,,,,,,,,
D,2157298,0,endsurvey,0.3978,S,0,0.0,,,,,,,,,
D,2157489,0,endsurvey,0.3978,S,0,0.0,,,,,,,,,
D,2157681,0,endsurvey,0.3978,S,0,0.0,,,,,,,,,
D,2157873,0,endsurvey,0.3978,S,0,0.0,,,,,,,,,
D,2158063,0,endsurvey,0.3978,S,0,0.0,,,,,,,,,
D,2158254,0,endsurvey,0.3978,S,0,0.0,,,,,,,,,
D,2158446,0,endsurvey,0.3978,S,0,0.0,,,,,,,,,
D,2158638,0,endsurvey,0.3978,S,0,0.0,,,,,,,,,
D,2158827,0,endsurvey,0.3978,S,0,0.0,,,,,,,,,
D,2159019,0,endsurvey,0.3978,S,0,0.0,,,,,,,,,
D,2159211,0,endsurvey,0.3978,S,0,0.0,,,,,,,,,
D,2159403,0,endsurvey,0.3978,S,0,0.0,,,,,,,,,
D,2159595,0,endsurvey,0.3978,S,0,0.0,,,,,,,,,
D,2159784,0,endsurvey,0.3978,S,0,0.0,,,,,,,,,
D,2159976,0,endsurvey,0.3978,S,0,0.0,,,,,,,,,
D,2160168,0,endsurvey,0.3978,S,0,0.0,,,,,,,,,
D,2160359,0,endsurvey,0.3977,S,0,0.0,,,,,,,,,
D,2160551,0,endsurvey,0.3977,S,0,0.0,,,,,,,,,
D,2160741,0,endsurvey,0.3977,S,0,0.0,,,,,,,,,
D,2160933,0,endsurvey,0.3977,S,0,0.0,,,,,,,,,
D,2161124,0,endsurvey,0.3977,S,0,0.0,,,,,,,,,
D,2161316,0,endsurvey,0.3977,S,0,0.0,,,,,,,,,
D,2161506,0,endsurvey,0.3977,S,0,0.0,,,,,,,,,
D,2161697,0,endsurvey,0.3977,S,0,0.0,,,,,,,,,
D,2161889,0,endsurvey,0.3977,S,0,0.0,,,,,,,,,
D,2162081,0,endsurvey,0.3977,S,0,0.0,,,,,,,,,
D,2162272,0,endsurvey,0.3977,S,0,0.0,,,,,,,,,
D,2162472,0,endsurvey,0.3977,S,0,0.0,,,,,,,,,
D,2162660,0,endsurvey,0.3977,S,0,0.0,,,,,,,,,
D,2162848,0,endsurvey,0.3977,S,0,0.0,,,,,,,,,
D,2163037,0,endsurvey,0.3977,S,0,0.0,,,,,,,,,
D,2163229,0,endsurvey,0.3977,S,0,0.0,,,,,,,,,
D,2163419,0,endsurvey,0.3977,S,0,0.0,,,,,,,,,
D,2163610,0,endsurvey,0.3977,S,0,0.0,,,,,,,,,
D,2163802,0,endsurvey,0.3977,S,0,0.0,,,,,,,,,
D,2163994,0,endsurvey,0.3977,S,0,0.0,,,,,,,,,
D,2164183,0,endsurvey,0.3977,S,0,0.0,,,,,,,,,
D,2164375,0,endsurvey,0.3977,S,0,0.0,,,,,,,,,
D,2164567,0,endsurvey,0.3978,S,0,0.0,,,,,,,,,
D,2164758,0,endsurvey,0.3978,S,0,0.0,,,,,,,,,
D,2164950,0,endsurvey,0.3978,S,0,0.0,,,,,,,,,
D,2165140,0,endsurvey,0.3978,S,0,0.0,,,,,,,,,
D,2165332,0,endsurvey,0.3978,S,0,0.0,,,,,,,,,
D,2165523,0,endsurvey,0.3978,S,0,0.0,,,,,,,,,
D,2165715,0,endsurvey,0.3978,S,0,0.0,,,,,,,,,
D,2165904,0,endsurvey,0.3975,U,0,0.0,,,,,,,,,
D,2166095,0,endsurvey,0.3974,U,0,0.0,,,,,,,,,
D,2166287,0,endsurvey,0.3972,U,0,0.0,,,,,,,,,
D,2166479,0,endsurvey,0.3971,U,0,0.0,,,,,,,,,
D,2166670,0,endsurvey,0.3971,U,0,0.0,,,,,,,,,
D,2166860,0,endsurvey,0.3970,U,0,0.0,,,,,,,,,
D,2167052,0,endsurvey,0.3969,U,0,0.0,,,,,,,,,
D,2167243,0,endsurvey,0.3968,U,0,0.0,,,,,,,,,
D,2167435,0,endsurvey,0.3968,S,0,0.0,,,,,,,,,
D,2167627,0,endsurvey,0.3967,U,0,0.0,,,,,,,,,
D,2167817,0,endsurvey,0.3967,S,0,0.0,,,,,,,,,
D,2168008,0,endsurvey,0.3966,S,0,0.0,,,,,,,,,
D,2168200,0,endsurvey,0.3966,S,0,0.0,,,,,,,,,
D,2168392,0,endsurvey,0.3966,S,0,0.0,,,,,,,,,
D,2168581,0,endsurvey,0.3966,S,0,0.0,,,,,,,,,
D,2168773,0,endsurvey,0.3966,S,0,0.0,,,,,,,,,
D,2168965,0,endsurvey,0.3966,S,0,0.0,,,,,,,,,
D,2169157,0,endsurvey,0.3966,S,0,0.0,,,,,,,,,
D,2169348,0,endsurvey,0.3966,S,0,0.0,,,,,,,,,
D,2169538,0,endsurvey,0.3966,S,0,0.0,,,,,,,,,
D,2169730,0,endsurvey,0.3967,S,0,0.0,,,,,,,,,
D,2169921,0,endsurvey,0.3967,S,0,0.0,,,,,,,,,
D,2170113,0,endsurvey,0.3967,S,0,0.0,,,,,,,,,
D,2170305,0,endsurvey,0.3967,S,0,0.0,,,,,,,,,
D,2170495,0,endsurvey,0.3967,S,0,0.0,,,,,,,,,
D,2170686,0,endsurvey,0.3971,U,0,0.0,,,,,,,,,
D,2170878,0,endsurvey,0.3972,U,0,0.0,,,,,,,,,
D,2171069,0,endsurvey,0.3973,U,0,0.0,,,,,,,,,
D,2171259,0,endsurvey,0.3974,U,0,0.0,,,,,,,,,
D,2171451,0,endsurvey,0.3975,U,0,0.0,,,,,,,,,
D,2171642,0,endsurvey,0.3976,U,0,0.0,,,,,,,,,
D,2171834,0,endsurvey,0.3976,S,0,0.0,,,,,,,,,
D,2172026,0,endsurvey,0.3977,S,0,0.0,,,,,,,,,
D,2172216,0,endsurvey,0.3977,S,0,0.0,,,,,,,,,
D,2172407,0,endsurvey,0.3977,S,0,0.0,,,,,,,,,
D,2172599,0,endsurvey,0.3976,S,0,0.0,,,,,,,,,
D,2172791,0,endsurvey,0.3976,S,0,0.0,,,,,,,,,
D,2172982,0,endsurvey,0.3976,S,0,0.0,,,,,,,,,
D,2173172,0,endsurvey,0.3976,S,0,0.0,,,,,,,,,
D,2173364,0,endsurvey,0.3976,S,0,0.0,,,,,,,,,
D,2173555,0,endsurvey,0.3976,S,0,0.0,,,,,,,,,
D,2173747,0,endsurvey,0.3976,S,0,0.0,,,,,,,,,
D,2173937,0,endsurvey,0.3976,S,0,0.0,,,,,,,,,
D,2174129,0,endsurvey,0.3976,S,0,0.0,,,,,,,,,
D,2174320,0,endsurvey,0.3976,S,0,0.0,,,,,,,,,
D,2174512,0,endsurvey,0.3976,S,0,0.0,,,,,,,,,
D,2174704,0,endsurvey,0.3976,S,0,0.0,,,,,,,,,
D,2174894,0,endsurvey,0.3976,S,0,0.0,,,,,,,,,
D,2175085,0,endsurvey,0.3976,S,0,0.0,,,,,,,,,
D,2175277,0,endsurvey,0.3976,S,0,0.0,,,,,,,,,
D,2175469,0,endsurvey,0.3976,S,0,0.0,,,,,,,,,
D,2175660,0,endsurvey,0.3976,S,0,0.0,,,,,,,,,
D,2175850,0,endsurvey,0.3976,S,0,0.0,,,,,,,,,
D,2176050,0,endsurvey,0.3976,S,0,0.0,,,,,,,,,
D,2176238,0,endsurvey,0.3976,S,0,0.0,,,,,,,,,
D,2176426,0,endsurvey,0.3972,U,0,0.0,,,,,,,,,
D,2176614,0,endsurvey,0.3971,U,0,0.0,,,,,,,,,
D,2176806,0,endsurvey,0.3970,U,0,0.0,,,,,,,,,
D,2176998,0,endsurvey,0.3969,U,0,0.0,,,,,,,,,
D,2177190,0,endsurvey,0.3968,U,0,0.0,,,,,,,,,
D,2177381,0,endsurvey,0.3968,S,0,0.0,,,,,,,,,
D,2177571,0,endsurvey,0.3968,S,0,0.0,,,,,,,,,
D,2177763,0,endsurvey,0.3968,S,0,0.0,,,,,,,,,
D,2177954,0,endsurvey,0.3968,S,0,0.0,,,,,,,,,
D,2178146,0,endsurvey,0.3967,S,0,0.0,,,,,,,,,
D,2178338,0,endsurvey,0.3967,S,0,0.0,,,,,,,,,
D,2178528,0,endsurvey,0.3967,S,0,0.0,,,,,,,,,
D,2178719,0,endsurvey,0.3967,S,0,0.0,,,,,,,,,
D,2178911,0,endsurvey,0.3967,S,0,0.0,,,,,,,,,
D,2179103,0,endsurvey,0.3967,S,0,0.0,,,,,,,,,
D,2179292,0,endsurvey,0.3967,S,0,0.0,,,,,,,,,
D,2179484,0,endsurvey,0.3968,S,0,0.0,,,,,,,,,
D,2179676,0,endsurvey,0.3968,S,0,0.0,,,,,,,,,
D,2179868,0,endsurvey,0.3968,S,0,0.0,,,,,,,,,
D,2180059,0,endsurvey,0.3968,S,0,0.0,,,,,,,,,
D,2180249,0,endsurvey,0.3968,S,0,0.0,,,,,,,,,
D,2180440,0,endsurvey,0.3972,U,0,0.0,,,,,,,,,
D,2180632,0,endsurvey,0.3973,U,0,0.0,,,,,,,,,
D,2180824,0,endsurvey,0.3974,U,0,0.0,,,,,,,,,
D,2181016,0,endsurvey,0.3975,U,0,0.0,,,,,,,,,
D,2181205,0,endsurvey,0.3976,U,0,0.0,,,,,,,,,
D,2181397,0,endsurvey,0.3977,U,0,0.0,,,,,,,,,
D,2181589,0,endsurvey,0.3978,U,0,0.0,,,,,,,,,
D,2181780,0,endsurvey,0.3978,S,0,0.0,,,,,,,,,
D,2181970,0,endsurvey,0.3979,S,0,0.0,,,,,,,,,
D,2182161,0,endsurvey,0.3979,S,0,0.0,,,,,,,,,
D,2182353,0,endsurvey,0.3979,S,0,0.0,,,,,,,,,
D,2182545,0,endsurvey,0.3979,S,0,0.0,,,,,,,,,
D,2182737,0,endsurvey,0.3978,S,0,0.0,,,,,,,,,
D,2182926,0,endsurvey,0.3978,S,0,0.0,,,,,,,,,
D,2183118,0,endsurvey,0.3978,S,0,0.0,,,,,,,,,
D,2183310,0,endsurvey,0.3978,S,0,0.0,,,,,,,,,
D,2183501,0,endsurvey,0.3977,S,0,0.0,,,,,,,,,
D,2183691,0,endsurvey,0.3977,S,0,0.0,,,,,,,,,
D,2183883,0,endsurvey,0.3976,S,0,0.0,,,,,,,,,
D,2184075,0,endsurvey,0.3974,U,0,0.0,,,,,,,,,
D,2184266,0,endsurvey,0.3973,U,0,0.0,,,,,,,,,
D,2184458,0,endsurvey,0.3972,U,0,0.0,,,,,,,,,
D,2184648,0,endsurvey,0.3972,U,0,0.0,,,,,,,,,
D,2184839,0,endsurvey,0.3971,U,0,0.0,,,,,,,,,
D,2185031,0,endsurvey,0.3970,U,0,0.0,,,,,,,,,
D,2185223,0,endsurvey,0.3969,U,0,0.0,,,,,,,,,
D,2185414,0,endsurvey,0.3969,S,0,0.0,,,,,,,,,
P,2185796,0,end,0.3968,S
E,2185798,battery complete: 6 trials, 0.186 g dispensed
SUMMARY,dispensed=0.186
RUN,END,ok
