M,experiment,tap-characterization
M,powder_id,salt
M,angles_plate_deg,0.0|10.0|20.0|30.0|40.0|50.0|60.0|70.0
M,reps,3
M,prime_deg,360.0
M,prime_rpm,30.0
M,n_ctrl,3
M,n_taps,10
M,n_post,2
M,tap_count_per_event,1
M,tap_on_ms,60
M,tap_pwm_duty,1.0
M,tail_ms,1000
E,25,zeroing scale (single tare for the whole session)
E,638,=== trial 1 : angle 0.0 plate deg, rep 1 ===
P,2357,1,0.0,1,0,base,0.0000
E,2361,prime rotate 360 deg @ 30 rpm
D,6660,1,0,prime,0.0746,S
D,6755,1,0,prime,0.0746,S
D,6851,1,0,prime,0.0746,S
D,6946,1,0,prime,0.0746,S
D,7043,1,0,prime,0.0746,S
D,7136,1,0,prime,0.0746,S
D,7232,1,0,prime,0.0746,S
D,7328,1,0,prime,0.0746,S
D,7424,1,0,prime,0.0746,S
D,7520,1,0,prime,0.0746,S
D,7616,1,0,prime,0.0746,S
D,7711,1,0,prime,0.0746,S
D,7807,1,0,prime,0.0746,S
D,7903,1,0,prime,0.0746,S
D,7997,1,0,prime,0.0746,S
D,8093,1,0,prime,0.0746,S
D,8189,1,0,prime,0.0746,S
D,8285,1,0,prime,0.0746,S
D,8381,1,0,prime,0.0746,S
D,8476,1,0,prime,0.0746,S
D,8572,1,0,prime,0.0746,S
D,8668,1,0,prime,0.0746,S
D,8764,1,0,prime,0.0746,S
D,8858,1,0,prime,0.0746,S
D,8954,1,0,prime,0.0746,S
D,9050,1,0,prime,0.0746,S
D,9145,1,0,prime,0.0746,S
D,9241,1,0,prime,0.0746,S
D,9337,1,0,prime,0.0746,S
D,9433,1,0,prime,0.0746,S
D,9529,1,0,prime,0.0746,S
P,10102,1,0.0,1,0,prime,0.0746
D,10198,1,1,ctrl,0.0746,S
D,10294,1,1,ctrl,0.0746,S
D,10390,1,1,ctrl,0.0746,S
D,10486,1,1,ctrl,0.0746,S
D,10581,1,1,ctrl,0.0746,S
D,10676,1,1,ctrl,0.0746,S
D,10771,1,1,ctrl,0.0746,S
D,10867,1,1,ctrl,0.0746,S
D,10963,1,1,ctrl,0.0746,S
D,11059,1,1,ctrl,0.0746,S
P,11632,1,0.0,1,1,ctrl,0.0746
D,11728,1,2,ctrl,0.0746,S
D,11824,1,2,ctrl,0.0746,S
D,11920,1,2,ctrl,0.0746,S
D,12015,1,2,ctrl,0.0746,S
D,12111,1,2,ctrl,0.0746,S
D,12207,1,2,ctrl,0.0746,S
D,12303,1,2,ctrl,0.0746,S
D,12399,1,2,ctrl,0.0746,S
D,12493,1,2,ctrl,0.0746,S
D,12589,1,2,ctrl,0.0746,S
P,13164,1,0.0,1,2,ctrl,0.0746
D,13260,1,3,ctrl,0.0746,S
D,13354,1,3,ctrl,0.0746,S
D,13449,1,3,ctrl,0.0746,S
D,13545,1,3,ctrl,0.0746,S
D,13641,1,3,ctrl,0.0746,S
D,13737,1,3,ctrl,0.0746,S
D,13833,1,3,ctrl,0.0747,S
D,13928,1,3,ctrl,0.0747,S
D,14024,1,3,ctrl,0.0747,S
D,14120,1,3,ctrl,0.0747,S
P,14693,1,0.0,1,3,ctrl,0.0747
E,14696,tap 1 (single pulse, 60 ms)
D,14789,1,1,tap,0.0747,S
D,14885,1,1,tap,0.0747,S
D,14981,1,1,tap,0.0747,S
D,15077,1,1,tap,0.0747,S
D,15171,1,1,tap,0.0747,S
D,15266,1,1,tap,0.0747,S
D,15362,1,1,tap,0.0747,S
D,15458,1,1,tap,0.0747,S
D,15554,1,1,tap,0.0747,S
D,15650,1,1,tap,0.0747,S
D,15746,1,1,tap,0.0747,S
P,16319,1,0.0,1,1,tap,0.0747
E,16322,tap 2 (single pulse, 60 ms)
D,16415,1,2,tap,0.0747,S
D,16510,1,2,tap,0.0747,S
D,16606,1,2,tap,0.0747,S
D,16702,1,2,tap,0.0747,S
D,16798,1,2,tap,0.0747,S
D,16892,1,2,tap,0.0747,S
D,16988,1,2,tap,0.0747,S
D,17083,1,2,tap,0.0747,S
D,17179,1,2,tap,0.0747,S
D,17275,1,2,tap,0.0747,S
D,17372,1,2,tap,0.0748,S
P,17944,1,0.0,1,2,tap,0.0748
E,17947,tap 3 (single pulse, 60 ms)
D,18040,1,3,tap,0.0752,U
D,18135,1,3,tap,0.0753,U
D,18231,1,3,tap,0.0753,U
D,18326,1,3,tap,0.0753,U
D,18422,1,3,tap,0.0754,U
D,18529,1,3,tap,0.0754,U
D,18708,1,3,tap,0.0755,U
D,18804,1,3,tap,0.0755,U
D,18900,1,3,tap,0.0755,S
D,18995,1,3,tap,0.0755,S
P,19568,1,0.0,1,3,tap,0.0756
E,19571,tap 4 (single pulse, 60 ms)
D,19664,1,4,tap,0.0757,S
D,19760,1,4,tap,0.0757,S
D,19856,1,4,tap,0.0757,S
D,19952,1,4,tap,0.0757,S
D,20048,1,4,tap,0.0757,S
D,20144,1,4,tap,0.0757,S
D,20239,1,4,tap,0.0757,S
D,20335,1,4,tap,0.0757,S
D,20429,1,4,tap,0.0758,S
D,20525,1,4,tap,0.0758,S
D,20621,1,4,tap,0.0758,S
P,21197,1,0.0,1,4,tap,0.0759
E,21199,tap 5 (single pulse, 60 ms)
D,21292,1,5,tap,0.0759,S
D,21386,1,5,tap,0.0759,S
D,21481,1,5,tap,0.0761,U
D,21577,1,5,tap,0.0761,U
D,21673,1,5,tap,0.0761,U
D,21769,1,5,tap,0.0762,U
D,21865,1,5,tap,0.0762,U
D,21961,1,5,tap,0.0762,S
D,22057,1,5,tap,0.0762,S
D,22152,1,5,tap,0.0763,U
D,22246,1,5,tap,0.0763,S
P,22821,1,0.0,1,5,tap,0.0763
E,22824,tap 6 (single pulse, 60 ms)
D,22917,1,6,tap,0.0763,S
D,23013,1,6,tap,0.0763,S
D,23107,1,6,tap,0.0763,S
D,23203,1,6,tap,0.0763,S
D,23299,1,6,tap,0.0764,S
D,23395,1,6,tap,0.0764,S
D,23490,1,6,tap,0.0764,S
D,23586,1,6,tap,0.0764,S
D,23682,1,6,tap,0.0764,S
D,23778,1,6,tap,0.0764,S
D,23874,1,6,tap,0.0764,S
P,24447,1,0.0,1,6,tap,0.0764
E,24450,tap 7 (single pulse, 60 ms)
D,24543,1,7,tap,0.0764,S
D,24639,1,7,tap,0.0764,S
D,24735,1,7,tap,0.0764,S
D,24830,1,7,tap,0.0765,S
D,24925,1,7,tap,0.0765,S
D,25020,1,7,tap,0.0765,S
D,25116,1,7,tap,0.0765,S
D,25212,1,7,tap,0.0765,S
D,25308,1,7,tap,0.0765,S
D,25404,1,7,tap,0.0765,S
D,25499,1,7,tap,0.0765,S
P,26073,1,0.0,1,7,tap,0.0766
E,26076,tap 8 (single pulse, 60 ms)
D,26168,1,8,tap,0.0770,U
D,26264,1,8,tap,0.0770,U
D,26360,1,8,tap,0.0770,U
D,26455,1,8,tap,0.0771,U
D,26551,1,8,tap,0.0771,U
D,26647,1,8,tap,0.0771,S
D,26741,1,8,tap,0.0771,S
D,26837,1,8,tap,0.0772,U
D,26933,1,8,tap,0.0772,S
D,27028,1,8,tap,0.0772,S
D,27124,1,8,tap,0.0773,U
P,27697,1,0.0,1,8,tap,0.0773
E,27700,tap 9 (single pulse, 60 ms)
D,27793,1,9,tap,0.0774,S
D,27889,1,9,tap,0.0774,S
D,27985,1,9,tap,0.0774,S
D,28081,1,9,tap,0.0774,S
D,28177,1,9,tap,0.0774,S
D,28273,1,9,tap,0.0774,S
D,28368,1,9,tap,0.0774,S
D,28462,1,9,tap,0.0774,S
D,28558,1,9,tap,0.0774,S
D,28654,1,9,tap,0.0774,S
D,28750,1,9,tap,0.0774,S
P,29323,1,0.0,1,9,tap,0.0775
E,29326,tap 10 (single pulse, 60 ms)
D,29419,1,10,tap,0.0775,S
D,29515,1,10,tap,0.0775,S
D,29611,1,10,tap,0.0775,S
D,29707,1,10,tap,0.0775,S
D,29802,1,10,tap,0.0775,S
D,29898,1,10,tap,0.0776,S
D,29994,1,10,tap,0.0776,S
D,30090,1,10,tap,0.0776,S
D,30185,1,10,tap,0.0778,U
D,30279,1,10,tap,0.0779,U
D,30375,1,10,tap,0.0779,U
P,30951,1,0.0,1,10,tap,0.0781
D,31046,1,1,post,0.0782,U
D,31140,1,1,post,0.0782,U
D,31236,1,1,post,0.0782,S
D,31332,1,1,post,0.0783,U
D,31427,1,1,post,0.0783,U
D,31523,1,1,post,0.0783,S
D,31619,1,1,post,0.0784,U
D,31715,1,1,post,0.0784,U
D,31811,1,1,post,0.0784,S
D,31907,1,1,post,0.0785,U
P,32480,1,0.0,1,1,post,0.0785
D,32576,1,2,post,0.0785,S
D,32671,1,2,post,0.0785,S
D,32767,1,2,post,0.0785,S
D,32863,1,2,post,0.0785,S
D,32957,1,2,post,0.0785,S
D,33053,1,2,post,0.0785,S
D,33149,1,2,post,0.0785,S
D,33245,1,2,post,0.0785,S
D,33341,1,2,post,0.0785,S
D,33436,1,2,post,0.0785,S
P,34010,1,0.0,1,2,post,0.0785
E,34014,=== trial 2 : angle 10.0 plate deg, rep 1 ===
P,36019,2,10.0,1,0,base,0.0785
E,36024,prime rotate 360 deg @ 30 rpm
D,40321,2,0,prime,0.1678,S
D,40417,2,0,prime,0.1678,S
D,40513,2,0,prime,0.1678,S
D,40609,2,0,prime,0.1678,S
D,40704,2,0,prime,0.1678,S
D,40800,2,0,prime,0.1678,S
D,40896,2,0,prime,0.1678,S
D,40990,2,0,prime,0.1678,S
D,41089,2,0,prime,0.1678,S
D,41182,2,0,prime,0.1678,S
D,41278,2,0,prime,0.1678,S
D,41374,2,0,prime,0.1678,S
D,41469,2,0,prime,0.1678,S
D,41565,2,0,prime,0.1678,S
D,41661,2,0,prime,0.1678,S
D,41757,2,0,prime,0.1678,S
D,41851,2,0,prime,0.1678,S
D,41947,2,0,prime,0.1678,S
D,42043,2,0,prime,0.1678,S
D,42139,2,0,prime,0.1678,S
D,42234,2,0,prime,0.1678,S
D,42330,2,0,prime,0.1678,S
D,42426,2,0,prime,0.1678,S
D,42522,2,0,prime,0.1678,S
D,42618,2,0,prime,0.1678,S
D,42712,2,0,prime,0.1678,S
D,42807,2,0,prime,0.1678,S
D,42903,2,0,prime,0.1678,S
D,42999,2,0,prime,0.1678,S
D,43095,2,0,prime,0.1678,S
D,43191,2,0,prime,0.1678,S
P,43764,2,10.0,1,0,prime,0.1678
D,43860,2,1,ctrl,0.1678,S
D,43956,2,1,ctrl,0.1678,S
D,44052,2,1,ctrl,0.1678,S
D,44148,2,1,ctrl,0.1678,S
D,44243,2,1,ctrl,0.1678,S
D,44339,2,1,ctrl,0.1678,S
D,44435,2,1,ctrl,0.1678,S
D,44529,2,1,ctrl,0.1678,S
D,44625,2,1,ctrl,0.1678,S
D,44721,2,1,ctrl,0.1678,S
P,45296,2,10.0,1,1,ctrl,0.1678
D,45390,2,2,ctrl,0.1678,S
D,45486,2,2,ctrl,0.1678,S
D,45582,2,2,ctrl,0.1678,S
D,45678,2,2,ctrl,0.1678,S
D,45774,2,2,ctrl,0.1678,S
D,45869,2,2,ctrl,0.1678,S
D,45965,2,2,ctrl,0.1678,S
D,46061,2,2,ctrl,0.1678,S
D,46157,2,2,ctrl,0.1678,S
D,46251,2,2,ctrl,0.1678,S
P,46826,2,10.0,1,2,ctrl,0.1678
D,46922,2,3,ctrl,0.1679,S
D,47017,2,3,ctrl,0.1679,S
D,47113,2,3,ctrl,0.1679,S
D,47207,2,3,ctrl,0.1679,S
D,47303,2,3,ctrl,0.1679,S
D,47399,2,3,ctrl,0.1679,S
D,47495,2,3,ctrl,0.1679,S
D,47591,2,3,ctrl,0.1679,S
D,47686,2,3,ctrl,0.1679,S
D,47782,2,3,ctrl,0.1679,S
P,48355,2,10.0,1,3,ctrl,0.1679
E,48358,tap 1 (single pulse, 60 ms)
D,48451,2,1,tap,0.1679,S
D,48547,2,1,tap,0.1679,S
D,48643,2,1,tap,0.1679,S
D,48739,2,1,tap,0.1679,S
D,48835,2,1,tap,0.1679,S
D,48928,2,1,tap,0.1679,S
D,49024,2,1,tap,0.1679,S
D,49120,2,1,tap,0.1679,S
D,49216,2,1,tap,0.1679,S
D,49312,2,1,tap,0.1679,S
D,49408,2,1,tap,0.1679,S
P,49981,2,10.0,1,1,tap,0.1680
E,49984,tap 2 (single pulse, 60 ms)
D,50077,2,2,tap,0.1680,S
D,50172,2,2,tap,0.1680,S
D,50268,2,2,tap,0.1680,S
D,50364,2,2,tap,0.1680,S
D,50460,2,2,tap,0.1680,S
D,50555,2,2,tap,0.1684,U
D,50651,2,2,tap,0.1685,U
D,50744,2,2,tap,0.1685,U
D,50840,2,2,tap,0.1685,U
D,50936,2,2,tap,0.1686,U
D,51032,2,2,tap,0.1686,U
P,51605,2,10.0,1,2,tap,0.1688
E,51608,tap 3 (single pulse, 60 ms)
D,51701,2,3,tap,0.1688,S
D,51797,2,3,tap,0.1689,U
D,51893,2,3,tap,0.1689,S
D,51989,2,3,tap,0.1689,S
D,52084,2,3,tap,0.1689,S
D,52180,2,3,tap,0.1689,S
D,52276,2,3,tap,0.1690,S
D,52372,2,3,tap,0.1690,S
D,52468,2,3,tap,0.1690,S
D,52562,2,3,tap,0.1691,U
D,52657,2,3,tap,0.1691,U
P,53234,2,10.0,1,3,tap,0.1692
E,53236,tap 4 (single pulse, 60 ms)
D,53329,2,4,tap,0.1692,S
D,53422,2,4,tap,0.1692,S
D,53518,2,4,tap,0.1692,S
D,53614,2,4,tap,0.1692,S
D,53710,2,4,tap,0.1692,S
D,53806,2,4,tap,0.1692,S
D,53902,2,4,tap,0.1692,S
D,53997,2,4,tap,0.1692,S
D,54093,2,4,tap,0.1693,S
D,54189,2,4,tap,0.1693,S
D,54283,2,4,tap,0.1693,S
P,54858,2,10.0,1,4,tap,0.1693
E,54861,tap 5 (single pulse, 60 ms)
D,54954,2,5,tap,0.1693,S
D,55050,2,5,tap,0.1694,S
D,55144,2,5,tap,0.1694,S
D,55240,2,5,tap,0.1694,S
D,55336,2,5,tap,0.1694,S
D,55431,2,5,tap,0.1694,S
D,55527,2,5,tap,0.1694,S
D,55623,2,5,tap,0.1694,S
D,55719,2,5,tap,0.1694,S
D,55815,2,5,tap,0.1694,S
D,55911,2,5,tap,0.1695,S
P,56485,2,10.0,1,5,tap,0.1695
E,56487,tap 6 (single pulse, 60 ms)
D,56580,2,6,tap,0.1695,S
D,56676,2,6,tap,0.1695,S
D,56772,2,6,tap,0.1695,S
D,56867,2,6,tap,0.1695,S
D,56961,2,6,tap,0.1695,S
D,57057,2,6,tap,0.1695,S
D,57153,2,6,tap,0.1696,S
D,57249,2,6,tap,0.1696,S
D,57345,2,6,tap,0.1696,S
D,57441,2,6,tap,0.1696,S
D,57536,2,6,tap,0.1696,S
P,58110,2,10.0,1,6,tap,0.1697
E,58113,tap 7 (single pulse, 60 ms)
D,58206,2,7,tap,0.1697,S
D,58301,2,7,tap,0.1697,S
D,58397,2,7,tap,0.1697,S
D,58497,2,7,tap,0.1702,U
D,58588,2,7,tap,0.1703,U
D,58684,2,7,tap,0.1703,U
D,58778,2,7,tap,0.1703,U
D,58873,2,7,tap,0.1704,U
D,58969,2,7,tap,0.1704,U
D,59065,2,7,tap,0.1705,U
D,59161,2,7,tap,0.1705,U
P,59926,2,10.0,1,7,tap,0.1708
E,59929,tap 8 (single pulse, 60 ms)
D,60022,2,8,tap,0.1709,U
D,60117,2,8,tap,0.1709,U
D,60213,2,8,tap,0.1709,S
D,60309,2,8,tap,0.1710,U
D,60405,2,8,tap,0.1710,U
D,60499,2,8,tap,0.1710,S
D,60595,2,8,tap,0.1711,U
D,60691,2,8,tap,0.1711,U
D,60786,2,8,tap,0.1712,U
D,60882,2,8,tap,0.1712,U
D,60978,2,8,tap,0.1712,U
P,61552,2,10.0,1,8,tap,0.1714
E,61554,tap 9 (single pulse, 60 ms)
D,61647,2,9,tap,0.1715,U
D,61743,2,9,tap,0.1715,U
D,61839,2,9,tap,0.1715,S
D,61935,2,9,tap,0.1716,U
D,62031,2,9,tap,0.1716,U
D,62126,2,9,tap,0.1716,S
D,62222,2,9,tap,0.1717,U
D,62316,2,9,tap,0.1717,U
D,62412,2,9,tap,0.1717,S
D,62508,2,9,tap,0.1717,S
D,62603,2,9,tap,0.1718,U
P,63178,2,10.0,1,9,tap,0.1718
E,63180,tap 10 (single pulse, 60 ms)
D,63273,2,10,tap,0.1718,S
D,63368,2,10,tap,0.1718,S
D,63464,2,10,tap,0.1719,S
D,63560,2,10,tap,0.1719,S
D,63656,2,10,tap,0.1719,S
D,63752,2,10,tap,0.1719,S
D,63848,2,10,tap,0.1719,S
D,63943,2,10,tap,0.1719,S
D,64039,2,10,tap,0.1719,S
D,64133,2,10,tap,0.1719,S
D,64229,2,10,tap,0.1719,S
P,64805,2,10.0,1,10,tap,0.1720
D,64900,2,1,post,0.1720,S
D,64994,2,1,post,0.1720,S
D,65090,2,1,post,0.1720,S
D,65186,2,1,post,0.1720,S
D,65282,2,1,post,0.1721,S
D,65378,2,1,post,0.1721,S
D,65473,2,1,post,0.1721,S
D,65569,2,1,post,0.1723,U
D,65664,2,1,post,0.1724,U
D,65761,2,1,post,0.1724,U
P,66335,2,10.0,1,1,post,0.1724
D,66429,2,2,post,0.1724,S
D,66525,2,2,post,0.1724,S
D,66621,2,2,post,0.1724,S
D,66715,2,2,post,0.1724,S
D,66811,2,2,post,0.1724,S
D,66907,2,2,post,0.1724,S
D,67003,2,2,post,0.1724,S
D,67098,2,2,post,0.1724,S
D,67194,2,2,post,0.1724,S
D,67290,2,2,post,0.1724,S
P,67863,2,10.0,1,2,post,0.1724
E,67867,=== trial 3 : angle 20.0 plate deg, rep 1 ===
P,69874,3,20.0,1,0,base,0.1725
E,69878,prime rotate 360 deg @ 30 rpm
D,74186,3,0,prime,0.3109,S
D,74367,3,0,prime,0.3109,S
D,74462,3,0,prime,0.3109,S
D,74558,3,0,prime,0.3109,S
D,74654,3,0,prime,0.3109,S
D,74748,3,0,prime,0.3109,S
D,74844,3,0,prime,0.3109,S
D,74940,3,0,prime,0.3109,S
D,75036,3,0,prime,0.3109,S
D,75132,3,0,prime,0.3109,S
D,75227,3,0,prime,0.3109,S
D,75323,3,0,prime,0.3109,S
D,75419,3,0,prime,0.3109,S
D,75515,3,0,prime,0.3109,S
D,75611,3,0,prime,0.3109,S
D,75705,3,0,prime,0.3109,S
D,75800,3,0,prime,0.3109,S
D,75896,3,0,prime,0.3109,S
D,75992,3,0,prime,0.3109,S
D,76088,3,0,prime,0.3109,S
D,76184,3,0,prime,0.3109,S
D,76280,3,0,prime,0.3109,S
D,76376,3,0,prime,0.3109,S
D,76472,3,0,prime,0.3109,S
D,76566,3,0,prime,0.3109,S
D,76661,3,0,prime,0.3109,S
D,76757,3,0,prime,0.3109,S
D,76853,3,0,prime,0.3109,S
D,76949,3,0,prime,0.3109,S
D,77045,3,0,prime,0.3109,S
P,77619,3,20.0,1,0,prime,0.3109
D,77714,3,1,ctrl,0.3109,S
D,77810,3,1,ctrl,0.3109,S
D,77906,3,1,ctrl,0.3109,S
D,78002,3,1,ctrl,0.3109,S
D,78097,3,1,ctrl,0.3109,S
D,78193,3,1,ctrl,0.3109,S
D,78289,3,1,ctrl,0.3109,S
D,78383,3,1,ctrl,0.3109,S
D,78479,3,1,ctrl,0.3109,S
D,78575,3,1,ctrl,0.3109,S
P,79150,3,20.0,1,1,ctrl,0.3109
D,79244,3,2,ctrl,0.3109,S
D,79340,3,2,ctrl,0.3109,S
D,79435,3,2,ctrl,0.3109,S
D,79531,3,2,ctrl,0.3109,S
D,79627,3,2,ctrl,0.3109,S
D,79723,3,2,ctrl,0.3109,S
D,79819,3,2,ctrl,0.3110,S
D,79915,3,2,ctrl,0.3110,S
D,80011,3,2,ctrl,0.3110,S
D,80104,3,2,ctrl,0.3110,S
P,80689,3,20.0,1,2,ctrl,0.3110
D,80782,3,3,ctrl,0.3110,S
D,80872,3,3,ctrl,0.3110,S
D,80965,3,3,ctrl,0.3110,S
D,81062,3,3,ctrl,0.3110,S
D,81157,3,3,ctrl,0.3110,S
D,81253,3,3,ctrl,0.3110,S
D,81348,3,3,ctrl,0.3110,S
D,81444,3,3,ctrl,0.3110,S
D,81540,3,3,ctrl,0.3110,S
D,81636,3,3,ctrl,0.3110,S
P,82210,3,20.0,1,3,ctrl,0.3111
E,82212,tap 1 (single pulse, 60 ms)
D,82306,3,1,tap,0.3111,S
D,82401,3,1,tap,0.3111,S
D,82497,3,1,tap,0.3111,S
D,82592,3,1,tap,0.3111,S
D,82688,3,1,tap,0.3111,S
D,82782,3,1,tap,0.3111,S
D,82879,3,1,tap,0.3111,S
D,82974,3,1,tap,0.3111,S
D,83070,3,1,tap,0.3111,S
D,83165,3,1,tap,0.3111,S
D,83262,3,1,tap,0.3111,S
P,83835,3,20.0,1,1,tap,0.3111
E,83837,tap 2 (single pulse, 60 ms)
D,83931,3,2,tap,0.3111,S
D,84026,3,2,tap,0.3111,S
D,84122,3,2,tap,0.3112,S
D,84217,3,2,tap,0.3116,U
D,84313,3,2,tap,0.3116,U
D,84409,3,2,tap,0.3116,U
D,84504,3,2,tap,0.3117,U
D,84598,3,2,tap,0.3117,U
D,84694,3,2,tap,0.3118,U
D,84790,3,2,tap,0.3118,U
D,84886,3,2,tap,0.3119,U
P,85842,3,20.0,1,2,tap,0.3122
E,85845,tap 3 (single pulse, 60 ms)
D,85939,3,3,tap,0.3123,U
D,86034,3,3,tap,0.3123,U
D,86130,3,3,tap,0.3123,S
D,86226,3,3,tap,0.3124,U
D,86320,3,3,tap,0.3124,U
D,86415,3,3,tap,0.3124,S
D,86511,3,3,tap,0.3124,S
D,86607,3,3,tap,0.3124,S
D,86703,3,3,tap,0.3125,S
D,86799,3,3,tap,0.3125,S
D,86895,3,3,tap,0.3125,S
P,87469,3,20.0,1,3,tap,0.3126
E,87471,tap 4 (single pulse, 60 ms)
D,87564,3,4,tap,0.3126,S
D,87659,3,4,tap,0.3126,S
D,87755,3,4,tap,0.3126,S
D,87851,3,4,tap,0.3126,S
D,87947,3,4,tap,0.3126,S
D,88043,3,4,tap,0.3126,S
D,88137,3,4,tap,0.3127,S
D,88233,3,4,tap,0.3127,S
D,88328,3,4,tap,0.3127,S
D,88424,3,4,tap,0.3127,S
D,88520,3,4,tap,0.3127,S
P,89285,3,20.0,1,4,tap,0.3130
E,89288,tap 5 (single pulse, 60 ms)
D,89381,3,5,tap,0.3130,S
D,89477,3,5,tap,0.3131,S
D,89572,3,5,tap,0.3131,S
D,89668,3,5,tap,0.3131,S
D,89764,3,5,tap,0.3131,S
D,89860,3,5,tap,0.3131,S
D,89954,3,5,tap,0.3131,S
D,90050,3,5,tap,0.3131,S
D,90145,3,5,tap,0.3131,S
D,90241,3,5,tap,0.3131,S
D,90337,3,5,tap,0.3132,S
P,90911,3,20.0,1,5,tap,0.3132
E,90913,tap 6 (single pulse, 60 ms)
D,91007,3,6,tap,0.3132,S
D,91102,3,6,tap,0.3134,U
D,91198,3,6,tap,0.3135,U
D,91294,3,6,tap,0.3135,U
D,91389,3,6,tap,0.3135,U
D,91485,3,6,tap,0.3135,U
D,91581,3,6,tap,0.3136,U
D,91675,3,6,tap,0.3136,S
D,91771,3,6,tap,0.3136,S
D,91867,3,6,tap,0.3137,U
D,91962,3,6,tap,0.3137,U
P,92538,3,20.0,1,6,tap,0.3139
E,92540,tap 7 (single pulse, 60 ms)
D,92631,3,7,tap,0.3139,S
D,92727,3,7,tap,0.3139,S
D,92823,3,7,tap,0.3140,U
D,92919,3,7,tap,0.3140,S
D,93015,3,7,tap,0.3140,S
D,93111,3,7,tap,0.3141,U
D,93206,3,7,tap,0.3141,U
D,93302,3,7,tap,0.3141,S
D,93398,3,7,tap,0.3142,U
D,93492,3,7,tap,0.3142,U
D,93588,3,7,tap,0.3143,U
P,94928,3,20.0,1,7,tap,0.3148
E,94931,tap 8 (single pulse, 60 ms)
D,95023,3,8,tap,0.3149,U
D,95119,3,8,tap,0.3149,U
D,95213,3,8,tap,0.3149,S
D,95309,3,8,tap,0.3150,U
D,95405,3,8,tap,0.3150,U
D,95501,3,8,tap,0.3150,S
D,95597,3,8,tap,0.3150,S
D,95693,3,8,tap,0.3150,S
D,95788,3,8,tap,0.3150,S
D,95884,3,8,tap,0.3150,S
D,95980,3,8,tap,0.3150,S
P,96554,3,20.0,1,8,tap,0.3151
E,96556,tap 9 (single pulse, 60 ms)
D,96649,3,9,tap,0.3151,S
D,96745,3,9,tap,0.3151,S
D,96841,3,9,tap,0.3151,S
D,96937,3,9,tap,0.3151,S
D,97030,3,9,tap,0.3151,S
D,97127,3,9,tap,0.3151,S
D,97222,3,9,tap,0.3151,S
D,97318,3,9,tap,0.3151,S
D,97414,3,9,tap,0.3152,S
D,97510,3,9,tap,0.3152,S
D,97606,3,9,tap,0.3152,S
P,98179,3,20.0,1,9,tap,0.3155
E,98182,tap 10 (single pulse, 60 ms)
D,98285,3,10,tap,0.3155,S
D,98466,3,10,tap,0.3156,S
D,98562,3,10,tap,0.3156,S
D,98658,3,10,tap,0.3156,S
D,98754,3,10,tap,0.3156,S
D,98847,3,10,tap,0.3156,S
D,98943,3,10,tap,0.3157,S
D,99039,3,10,tap,0.3157,S
D,99135,3,10,tap,0.3158,U
D,99231,3,10,tap,0.3159,U
P,101144,3,20.0,1,10,tap,0.3169
D,101240,3,1,post,0.3169,S
D,101335,3,1,post,0.3169,S
D,101431,3,1,post,0.3169,S
D,101525,3,1,post,0.3169,S
D,101621,3,1,post,0.3169,S
D,101717,3,1,post,0.3170,S
D,101813,3,1,post,0.3170,S
D,101908,3,1,post,0.3170,S
D,102005,3,1,post,0.3170,S
D,102100,3,1,post,0.3170,S
P,102674,3,20.0,1,1,post,0.3169
D,102769,3,2,post,0.3169,S
D,102865,3,2,post,0.3169,S
D,102961,3,2,post,0.3169,S
D,103057,3,2,post,0.3169,S
D,103153,3,2,post,0.3169,S
D,103247,3,2,post,0.3169,S
D,103342,3,2,post,0.3169,S
D,103438,3,2,post,0.3169,S
D,103534,3,2,post,0.3169,S
D,103630,3,2,post,0.3169,S
P,104203,3,20.0,1,2,post,0.3169
E,104207,=== trial 4 : angle 30.0 plate deg, rep 1 ===
P,106213,4,30.0,1,0,base,0.3169
E,106217,prime rotate 360 deg @ 30 rpm
D,110515,4,0,prime,0.5051,S
D,110610,4,0,prime,0.5051,S
D,110706,4,0,prime,0.5051,S
D,110802,4,0,prime,0.5051,S
D,110898,4,0,prime,0.5051,S
D,110994,4,0,prime,0.5051,S
D,111090,4,0,prime,0.5051,S
D,111186,4,0,prime,0.5051,S
D,111279,4,0,prime,0.5051,S
D,111375,4,0,prime,0.5051,S
D,111471,4,0,prime,0.5051,S
D,111567,4,0,prime,0.5051,S
D,111663,4,0,prime,0.5051,S
D,111759,4,0,prime,0.5051,S
D,111855,4,0,prime,0.5051,S
D,111951,4,0,prime,0.5051,S
D,112046,4,0,prime,0.5051,S
D,112140,4,0,prime,0.5051,S
D,112236,4,0,prime,0.5051,S
D,112332,4,0,prime,0.5051,S
D,112428,4,0,prime,0.5051,S
D,112524,4,0,prime,0.5051,S
D,112620,4,0,prime,0.5051,S
D,112715,4,0,prime,0.5051,S
D,112812,4,0,prime,0.5051,S
D,112907,4,0,prime,0.5051,S
D,113003,4,0,prime,0.5051,S
D,113097,4,0,prime,0.5051,S
D,113193,4,0,prime,0.5051,S
D,113289,4,0,prime,0.5051,S
D,113385,4,0,prime,0.5051,S
P,113958,4,30.0,1,0,prime,0.5051
D,114054,4,1,ctrl,0.5051,S
D,114150,4,1,ctrl,0.5051,S
D,114245,4,1,ctrl,0.5051,S
D,114341,4,1,ctrl,0.5051,S
D,114437,4,1,ctrl,0.5051,S
D,114533,4,1,ctrl,0.5051,S
D,114629,4,1,ctrl,0.5051,S
D,114725,4,1,ctrl,0.5051,S
D,114819,4,1,ctrl,0.5051,S
D,114915,4,1,ctrl,0.5051,S
P,115490,4,30.0,1,1,ctrl,0.5051
D,115585,4,2,ctrl,0.5051,S
D,115681,4,2,ctrl,0.5051,S
D,115775,4,2,ctrl,0.5051,S
D,115871,4,2,ctrl,0.5051,S
D,115967,4,2,ctrl,0.5051,S
D,116063,4,2,ctrl,0.5051,S
D,116159,4,2,ctrl,0.5051,S
D,116254,4,2,ctrl,0.5051,S
D,116351,4,2,ctrl,0.5051,S
D,116446,4,2,ctrl,0.5051,S
P,117019,4,30.0,1,2,ctrl,0.5051
D,117115,4,3,ctrl,0.5051,S
D,117211,4,3,ctrl,0.5051,S
D,117307,4,3,ctrl,0.5051,S
D,117403,4,3,ctrl,0.5051,S
D,117496,4,3,ctrl,0.5051,S
D,117592,4,3,ctrl,0.5051,S
D,117688,4,3,ctrl,0.5051,S
D,117784,4,3,ctrl,0.5051,S
D,117880,4,3,ctrl,0.5051,S
D,117976,4,3,ctrl,0.5051,S
P,118549,4,30.0,1,3,ctrl,0.5051
E,118552,tap 1 (single pulse, 60 ms)
D,118645,4,1,tap,0.5051,S
D,118741,4,1,tap,0.5051,S
D,118836,4,1,tap,0.5051,S
D,118932,4,1,tap,0.5051,S
D,119028,4,1,tap,0.5051,S
D,119124,4,1,tap,0.5051,S
D,119220,4,1,tap,0.5051,S
D,119313,4,1,tap,0.5051,S
D,119410,4,1,tap,0.5051,S
D,119505,4,1,tap,0.5051,S
D,119601,4,1,tap,0.5052,S
P,121515,4,30.0,1,1,tap,0.5065
E,121518,tap 2 (single pulse, 60 ms)
D,121609,4,2,tap,0.5065,S
D,121705,4,2,tap,0.5065,S
D,121801,4,2,tap,0.5065,S
D,121896,4,2,tap,0.5065,S
D,121990,4,2,tap,0.5065,S
D,122086,4,2,tap,0.5065,S
D,122182,4,2,tap,0.5065,S
D,122278,4,2,tap,0.5066,S
D,122374,4,2,tap,0.5066,S
D,122470,4,2,tap,0.5067,U
D,122565,4,2,tap,0.5067,U
P,124478,4,30.0,1,2,tap,0.5078
E,124481,tap 3 (single pulse, 60 ms)
D,124574,4,3,tap,0.5078,S
D,124668,4,3,tap,0.5078,S
D,124764,4,3,tap,0.5078,S
D,124860,4,3,tap,0.5078,S
D,124956,4,3,tap,0.5078,S
D,125052,4,3,tap,0.5078,S
D,125147,4,3,tap,0.5078,S
D,125243,4,3,tap,0.5078,S
D,125339,4,3,tap,0.5078,S
D,125435,4,3,tap,0.5079,S
D,125529,4,3,tap,0.5079,S
P,126104,4,30.0,1,3,tap,0.5080
E,126107,tap 4 (single pulse, 60 ms)
D,126200,4,4,tap,0.5081,U
D,126295,4,4,tap,0.5082,U
D,126389,4,4,tap,0.5083,U
D,126485,4,4,tap,0.5083,U
D,126581,4,4,tap,0.5084,U
D,126677,4,4,tap,0.5084,U
D,126773,4,4,tap,0.5085,U
D,126868,4,4,tap,0.5085,U
D,126964,4,4,tap,0.5086,U
D,127060,4,4,tap,0.5086,U
D,127156,4,4,tap,0.5087,U
P,127729,4,30.0,1,4,tap,0.5088
E,127732,tap 5 (single pulse, 60 ms)
D,127825,4,5,tap,0.5088,S
D,127921,4,5,tap,0.5088,S
D,128017,4,5,tap,0.5088,S
D,128112,4,5,tap,0.5089,S
D,128206,4,5,tap,0.5089,S
D,128302,4,5,tap,0.5089,S
D,128398,4,5,tap,0.5089,S
D,128494,4,5,tap,0.5090,U
D,128590,4,5,tap,0.5090,S
D,128686,4,5,tap,0.5091,U
D,128782,4,5,tap,0.5091,U
P,130311,4,30.0,1,5,tap,0.5097
E,130314,tap 6 (single pulse, 60 ms)
D,130407,4,6,tap,0.5097,S
D,130503,4,6,tap,0.5098,U
D,130599,4,6,tap,0.5098,S
D,130694,4,6,tap,0.5098,S
D,130790,4,6,tap,0.5098,S
D,130884,4,6,tap,0.5098,S
D,130980,4,6,tap,0.5098,S
D,131076,4,6,tap,0.5098,S
D,131172,4,6,tap,0.5098,S
D,131267,4,6,tap,0.5099,S
D,131363,4,6,tap,0.5099,S
P,133468,4,30.0,1,6,tap,0.5112
E,133471,tap 7 (single pulse, 60 ms)
D,133563,4,7,tap,0.5112,S
D,133658,4,7,tap,0.5112,S
D,133753,4,7,tap,0.5112,S
D,133849,4,7,tap,0.5112,S
D,133945,4,7,tap,0.5112,S
D,134041,4,7,tap,0.5112,S
D,134137,4,7,tap,0.5112,S
D,134233,4,7,tap,0.5112,S
D,134329,4,7,tap,0.5112,S
D,134422,4,7,tap,0.5113,S
D,134518,4,7,tap,0.5113,S
P,135095,4,30.0,1,7,tap,0.5114
E,135097,tap 8 (single pulse, 60 ms)
D,135189,4,8,tap,0.5116,U
D,135283,4,8,tap,0.5117,U
D,135379,4,8,tap,0.5117,U
D,135475,4,8,tap,0.5118,U
D,135570,4,8,tap,0.5118,U
D,135667,4,8,tap,0.5118,U
D,135762,4,8,tap,0.5119,U
D,135858,4,8,tap,0.5119,U
D,135954,4,8,tap,0.5120,U
D,136050,4,8,tap,0.5121,U
D,136146,4,8,tap,0.5122,U
P,138064,4,30.0,1,8,tap,0.5130
E,138067,tap 9 (single pulse, 60 ms)
D,138260,4,9,tap,0.5130,S
D,138440,4,9,tap,0.5130,S
D,138536,4,9,tap,0.5130,S
D,138632,4,9,tap,0.5130,S
D,138728,4,9,tap,0.5131,S
D,138823,4,9,tap,0.5131,S
D,138917,4,9,tap,0.5131,S
D,139013,4,9,tap,0.5132,U
D,139109,4,9,tap,0.5133,U
P,141022,4,30.0,1,9,tap,0.5145
E,141025,tap 10 (single pulse, 60 ms)
D,141118,4,10,tap,0.5145,S
D,141214,4,10,tap,0.5145,S
D,141309,4,10,tap,0.5145,S
D,141405,4,10,tap,0.5145,S
D,141501,4,10,tap,0.5145,S
D,141595,4,10,tap,0.5145,S
D,141691,4,10,tap,0.5145,S
D,141787,4,10,tap,0.5145,S
D,141882,4,10,tap,0.5146,S
D,141978,4,10,tap,0.5146,S
D,142074,4,10,tap,0.5147,U
P,144177,4,30.0,1,10,tap,0.5160
D,144273,4,1,post,0.5160,S
D,144368,4,1,post,0.5160,S
D,144464,4,1,post,0.5160,S
D,144560,4,1,post,0.5159,S
D,144656,4,1,post,0.5159,S
D,144752,4,1,post,0.5159,S
D,144848,4,1,post,0.5159,S
D,144943,4,1,post,0.5159,S
D,145039,4,1,post,0.5159,S
D,145133,4,1,post,0.5159,S
P,145708,4,30.0,1,1,post,0.5160
D,145804,4,2,post,0.5160,S
D,145900,4,2,post,0.5160,S
D,145994,4,2,post,0.5160,S
D,146090,4,2,post,0.5160,S
D,146186,4,2,post,0.5160,S
D,146282,4,2,post,0.5160,S
D,146377,4,2,post,0.5160,S
D,146473,4,2,post,0.5160,S
D,146569,4,2,post,0.5160,S
D,146665,4,2,post,0.5160,S
P,147238,4,30.0,1,2,post,0.5160
E,147242,=== trial 5 : angle 40.0 plate deg, rep 1 ===
P,149247,5,40.0,1,0,base,0.5159
E,149252,prime rotate 360 deg @ 30 rpm
D,153550,5,0,prime,0.6838,S
D,153646,5,0,prime,0.6838,S
D,153741,5,0,prime,0.6838,S
D,153837,5,0,prime,0.6838,S
D,153933,5,0,prime,0.6838,S
D,154027,5,0,prime,0.6839,S
D,154123,5,0,prime,0.6840,U
D,154219,5,0,prime,0.6840,U
D,154314,5,0,prime,0.6839,S
D,154410,5,0,prime,0.6839,S
D,154506,5,0,prime,0.6839,S
D,154602,5,0,prime,0.6839,S
D,154698,5,0,prime,0.6839,S
D,154794,5,0,prime,0.6839,S
D,154888,5,0,prime,0.6839,S
D,154984,5,0,prime,0.6839,S
D,155080,5,0,prime,0.6839,S
D,155175,5,0,prime,0.6839,S
D,155271,5,0,prime,0.6839,S
D,155367,5,0,prime,0.6839,S
D,155463,5,0,prime,0.6839,S
D,155559,5,0,prime,0.6839,S
D,155655,5,0,prime,0.6839,S
D,155748,5,0,prime,0.6839,S
D,155845,5,0,prime,0.6839,S
D,155940,5,0,prime,0.6839,S
D,156036,5,0,prime,0.6839,S
D,156132,5,0,prime,0.6839,S
D,156228,5,0,prime,0.6839,S
D,156324,5,0,prime,0.6839,S
D,156419,5,0,prime,0.6839,S
P,156993,5,40.0,1,0,prime,0.6840
D,157089,5,1,ctrl,0.6840,S
D,157184,5,1,ctrl,0.6840,S
D,157280,5,1,ctrl,0.6840,S
D,157376,5,1,ctrl,0.6840,S
D,157472,5,1,ctrl,0.6840,S
D,157566,5,1,ctrl,0.6840,S
D,157662,5,1,ctrl,0.6840,S
D,157758,5,1,ctrl,0.6840,S
D,157854,5,1,ctrl,0.6840,S
D,157950,5,1,ctrl,0.6840,S
P,158523,5,40.0,1,1,ctrl,0.6840
D,158618,5,2,ctrl,0.6840,S
D,158714,5,2,ctrl,0.6840,S
D,158810,5,2,ctrl,0.6840,S
D,158906,5,2,ctrl,0.6840,S
D,159002,5,2,ctrl,0.6840,S
D,159098,5,2,ctrl,0.6840,S
D,159194,5,2,ctrl,0.6840,S
D,159294,5,2,ctrl,0.6840,S
D,159383,5,2,ctrl,0.6840,S
D,159479,5,2,ctrl,0.6840,S
P,160055,5,40.0,1,2,ctrl,0.6840
D,160150,5,3,ctrl,0.6840,S
D,160244,5,3,ctrl,0.6840,S
D,160340,5,3,ctrl,0.6840,S
D,160436,5,3,ctrl,0.6840,S
D,160531,5,3,ctrl,0.6840,S
D,160627,5,3,ctrl,0.6840,S
D,160723,5,3,ctrl,0.6840,S
D,160819,5,3,ctrl,0.6840,S
D,160915,5,3,ctrl,0.6840,S
D,161011,5,3,ctrl,0.6840,S
P,161584,5,40.0,1,3,ctrl,0.6840
E,161587,tap 1 (single pulse, 60 ms)
D,161680,5,1,tap,0.6840,S
D,161776,5,1,tap,0.6840,S
D,161871,5,1,tap,0.6840,S
D,161967,5,1,tap,0.6840,S
D,162061,5,1,tap,0.6840,S
D,162157,5,1,tap,0.6840,S
D,162253,5,1,tap,0.6840,S
D,162349,5,1,tap,0.6840,S
D,162445,5,1,tap,0.6840,S
D,162540,5,1,tap,0.6840,S
D,162636,5,1,tap,0.6840,S
P,164738,5,40.0,1,1,tap,0.6868
E,164741,tap 2 (single pulse, 60 ms)
D,164834,5,2,tap,0.6868,S
D,164929,5,2,tap,0.6868,S
D,165025,5,2,tap,0.6868,S
D,165121,5,2,tap,0.6868,S
D,165217,5,2,tap,0.6868,S
D,165313,5,2,tap,0.6868,S
D,165409,5,2,tap,0.6868,S
D,165505,5,2,tap,0.6868,S
D,165598,5,2,tap,0.6869,S
D,165694,5,2,tap,0.6870,U
D,165790,5,2,tap,0.6871,U
P,167895,5,40.0,1,2,tap,0.6889
E,167898,tap 3 (single pulse, 60 ms)
D,167991,5,3,tap,0.6889,S
D,168086,5,3,tap,0.6889,S
D,168182,5,3,tap,0.6889,S
D,168276,5,3,tap,0.6889,S
D,168372,5,3,tap,0.6889,S
D,168468,5,3,tap,0.6889,S
D,168564,5,3,tap,0.6889,S
D,168659,5,3,tap,0.6889,S
D,168755,5,3,tap,0.6889,S
D,168851,5,3,tap,0.6889,S
D,168947,5,3,tap,0.6890,S
P,169520,5,40.0,1,3,tap,0.6891
E,169523,tap 4 (single pulse, 60 ms)
D,169616,5,4,tap,0.6891,S
D,169712,5,4,tap,0.6892,S
D,169808,5,4,tap,0.6893,U
D,169903,5,4,tap,0.6894,U
D,169998,5,4,tap,0.6894,U
D,170093,5,4,tap,0.6894,U
D,170189,5,4,tap,0.6895,U
D,170285,5,4,tap,0.6895,U
D,170381,5,4,tap,0.6896,U
D,170477,5,4,tap,0.6896,U
D,170572,5,4,tap,0.6897,U
P,172675,5,40.0,1,4,tap,0.6910
E,172678,tap 5 (single pulse, 60 ms)
D,172771,5,5,tap,0.6910,S
D,172867,5,5,tap,0.6910,S
D,172963,5,5,tap,0.6910,S
D,173059,5,5,tap,0.6910,S
D,173154,5,5,tap,0.6910,S
D,173250,5,5,tap,0.6910,S
D,173346,5,5,tap,0.6910,S
D,173442,5,5,tap,0.6910,S
D,173538,5,5,tap,0.6910,S
D,173632,5,5,tap,0.6911,S
D,173727,5,5,tap,0.6912,U
P,175832,5,40.0,1,5,tap,0.6924
E,175835,tap 6 (single pulse, 60 ms)
D,175928,5,6,tap,0.6924,S
D,176024,5,6,tap,0.6924,S
D,176120,5,6,tap,0.6924,S
D,176215,5,6,tap,0.6924,S
D,176309,5,6,tap,0.6924,S
D,176405,5,6,tap,0.6924,S
D,176501,5,6,tap,0.6924,S
D,176597,5,6,tap,0.6924,S
D,176693,5,6,tap,0.6924,S
D,176794,5,6,tap,0.6924,S
D,176884,5,6,tap,0.6925,S
P,177459,5,40.0,1,6,tap,0.6926
E,177461,tap 7 (single pulse, 60 ms)
D,177554,5,7,tap,0.6926,S
D,177649,5,7,tap,0.6926,S
D,177745,5,7,tap,0.6926,S
D,177841,5,7,tap,0.6926,S
D,177937,5,7,tap,0.6929,U
D,178030,5,7,tap,0.6929,U
D,178126,5,7,tap,0.6929,U
D,178222,5,7,tap,0.6930,U
D,178318,5,7,tap,0.6931,U
D,178414,5,7,tap,0.6932,U
D,178510,5,7,tap,0.6933,U
P,180614,5,40.0,1,7,tap,0.6952
E,180617,tap 8 (single pulse, 60 ms)
D,180708,5,8,tap,0.6952,S
D,180804,5,8,tap,0.6952,S
D,180900,5,8,tap,0.6952,S
D,180996,5,8,tap,0.6952,S
D,181092,5,8,tap,0.6952,S
D,181187,5,8,tap,0.6952,S
D,181283,5,8,tap,0.6953,S
D,181379,5,8,tap,0.6953,S
D,181475,5,8,tap,0.6953,S
D,181569,5,8,tap,0.6954,U
D,181665,5,8,tap,0.6955,U
P,183769,5,40.0,1,8,tap,0.6969
E,183772,tap 9 (single pulse, 60 ms)
D,183865,5,9,tap,0.6969,S
D,183961,5,9,tap,0.6969,S
D,184057,5,9,tap,0.6969,S
D,184153,5,9,tap,0.6969,S
D,184247,5,9,tap,0.6969,S
D,184342,5,9,tap,0.6969,S
D,184438,5,9,tap,0.6969,S
D,184534,5,9,tap,0.6969,S
D,184630,5,9,tap,0.6970,S
D,184726,5,9,tap,0.6970,S
D,184822,5,9,tap,0.6972,U
P,186925,5,40.0,1,9,tap,0.6989
E,186928,tap 10 (single pulse, 60 ms)
D,187020,5,10,tap,0.6989,S
D,187116,5,10,tap,0.6989,S
D,187212,5,10,tap,0.6989,S
D,187308,5,10,tap,0.6989,S
D,187403,5,10,tap,0.6989,S
D,187499,5,10,tap,0.6989,S
D,187595,5,10,tap,0.6989,S
D,187691,5,10,tap,0.6989,S
D,187787,5,10,tap,0.6990,S
D,187881,5,10,tap,0.6991,U
D,187976,5,10,tap,0.6992,U
P,190081,5,40.0,1,10,tap,0.7014
D,190177,5,1,post,0.7014,S
D,190273,5,1,post,0.7014,S
D,190369,5,1,post,0.7014,S
D,190463,5,1,post,0.7014,S
D,190558,5,1,post,0.7014,S
D,190654,5,1,post,0.7014,S
D,190750,5,1,post,0.7014,S
D,190846,5,1,post,0.7014,S
D,190942,5,1,post,0.7014,S
D,191038,5,1,post,0.7014,S
P,191611,5,40.0,1,1,post,0.7014
D,191707,5,2,post,0.7014,S
D,191803,5,2,post,0.7014,S
D,191898,5,2,post,0.7014,S
D,191994,5,2,post,0.7014,S
D,192090,5,2,post,0.7014,S
D,192186,5,2,post,0.7014,S
D,192280,5,2,post,0.7014,S
D,192376,5,2,post,0.7014,S
D,192472,5,2,post,0.7014,S
D,192567,5,2,post,0.7014,S
P,193141,5,40.0,1,2,post,0.7014
E,193145,=== trial 6 : angle 50.0 plate deg, rep 1 ===
P,195151,6,50.0,1,0,base,0.7014
E,195155,prime rotate 360 deg @ 30 rpm
D,199455,6,0,prime,0.9210,S
D,199548,6,0,prime,0.9210,S
D,199644,6,0,prime,0.9210,S
D,199740,6,0,prime,0.9210,S
D,199835,6,0,prime,0.9210,S
D,199931,6,0,prime,0.9210,S
D,200027,6,0,prime,0.9210,S
D,200123,6,0,prime,0.9210,S
D,200219,6,0,prime,0.9210,S
D,200313,6,0,prime,0.9209,S
D,200409,6,0,prime,0.9209,S
D,200505,6,0,prime,0.9209,S
D,200600,6,0,prime,0.9209,S
D,200696,6,0,prime,0.9209,S
D,200792,6,0,prime,0.9209,S
D,200888,6,0,prime,0.9209,S
D,200984,6,0,prime,0.9209,S
D,201080,6,0,prime,0.9209,S
D,201174,6,0,prime,0.9209,S
D,201269,6,0,prime,0.9209,S
D,201365,6,0,prime,0.9209,S
D,201461,6,0,prime,0.9209,S
D,201557,6,0,prime,0.9209,S
D,201653,6,0,prime,0.9209,S
D,201749,6,0,prime,0.9209,S
D,201845,6,0,prime,0.9209,S
D,201940,6,0,prime,0.9209,S
D,202036,6,0,prime,0.9209,S
D,202130,6,0,prime,0.9209,S
D,202226,6,0,prime,0.9209,S
D,202322,6,0,prime,0.9209,S
D,202418,6,0,prime,0.9209,S
P,202991,6,50.0,1,0,prime,0.9209
D,203087,6,1,ctrl,0.9209,S
D,203183,6,1,ctrl,0.9209,S
D,203279,6,1,ctrl,0.9209,S
D,203375,6,1,ctrl,0.9209,S
D,203470,6,1,ctrl,0.9210,S
D,203566,6,1,ctrl,0.9210,S
D,203662,6,1,ctrl,0.9210,S
D,203758,6,1,ctrl,0.9210,S
D,203852,6,1,ctrl,0.9210,S
D,203948,6,1,ctrl,0.9210,S
P,204524,6,50.0,1,1,ctrl,0.9210
D,204619,6,2,ctrl,0.9210,S
D,204715,6,2,ctrl,0.9210,S
D,204809,6,2,ctrl,0.9210,S
D,204904,6,2,ctrl,0.9210,S
D,205001,6,2,ctrl,0.9210,S
D,205096,6,2,ctrl,0.9210,S
D,205192,6,2,ctrl,0.9210,S
D,205288,6,2,ctrl,0.9210,S
D,205384,6,2,ctrl,0.9210,S
D,205479,6,2,ctrl,0.9210,S
P,206054,6,50.0,1,2,ctrl,0.9210
D,206148,6,3,ctrl,0.9210,S
D,206244,6,3,ctrl,0.9210,S
D,206340,6,3,ctrl,0.9210,S
D,206436,6,3,ctrl,0.9210,S
D,206530,6,3,ctrl,0.9210,S
D,206626,6,3,ctrl,0.9210,S
D,206721,6,3,ctrl,0.9210,S
D,206817,6,3,ctrl,0.9210,S
D,206913,6,3,ctrl,0.9210,S
D,207009,6,3,ctrl,0.9210,S
P,207582,6,50.0,1,3,ctrl,0.9210
E,207585,tap 1 (single pulse, 60 ms)
D,207678,6,1,tap,0.9210,S
D,207774,6,1,tap,0.9210,S
D,207870,6,1,tap,0.9210,S
D,207965,6,1,tap,0.9210,S
D,208061,6,1,tap,0.9210,S
D,208157,6,1,tap,0.9210,S
D,208253,6,1,tap,0.9210,S
D,208347,6,1,tap,0.9210,S
D,208443,6,1,tap,0.9210,S
D,208539,6,1,tap,0.9211,S
D,208633,6,1,tap,0.9257,U
P,209590,6,50.0,1,1,tap,0.9258
E,209593,tap 2 (single pulse, 60 ms)
D,209685,6,2,tap,0.9258,S
D,209782,6,2,tap,0.9258,S
D,209877,6,2,tap,0.9258,S
D,209973,6,2,tap,0.9258,S
D,210067,6,2,tap,0.9258,S
D,210163,6,2,tap,0.9258,S
D,210259,6,2,tap,0.9258,S
D,210355,6,2,tap,0.9259,S
D,210450,6,2,tap,0.9259,S
D,210546,6,2,tap,0.9260,U
D,210642,6,2,tap,0.9261,U
P,212745,6,50.0,1,2,tap,0.9279
E,212748,tap 3 (single pulse, 60 ms)
D,212841,6,3,tap,0.9279,S
D,212937,6,3,tap,0.9279,S
D,213032,6,3,tap,0.9279,S
D,213128,6,3,tap,0.9279,S
D,213224,6,3,tap,0.9279,S
D,213320,6,3,tap,0.9279,S
D,213416,6,3,tap,0.9279,S
D,213512,6,3,tap,0.9279,S
D,213608,6,3,tap,0.9279,S
D,213701,6,3,tap,0.9280,S
D,213797,6,3,tap,0.9281,U
P,215902,6,50.0,1,3,tap,0.9292
E,215905,tap 4 (single pulse, 60 ms)
D,215998,6,4,tap,0.9292,S
D,216094,6,4,tap,0.9292,S
D,216189,6,4,tap,0.9292,S
D,216290,6,4,tap,0.9292,S
D,216379,6,4,tap,0.9292,S
D,216475,6,4,tap,0.9292,S
D,216571,6,4,tap,0.9292,S
D,216667,6,4,tap,0.9292,S
D,216762,6,4,tap,0.9293,S
D,216858,6,4,tap,0.9295,U
D,216954,6,4,tap,0.9296,U
P,217719,6,50.0,1,4,tap,0.9327
E,217722,tap 5 (single pulse, 60 ms)
D,217814,6,5,tap,0.9327,S
D,217910,6,5,tap,0.9327,S
D,218006,6,5,tap,0.9327,S
D,218100,6,5,tap,0.9327,S
D,218196,6,5,tap,0.9327,S
D,218292,6,5,tap,0.9327,S
D,218388,6,5,tap,0.9327,S
D,218483,6,5,tap,0.9327,S
D,218579,6,5,tap,0.9328,S
D,218675,6,5,tap,0.9329,U
D,218771,6,5,tap,0.9330,U
P,220874,6,50.0,1,5,tap,0.9344
E,220877,tap 6 (single pulse, 60 ms)
D,220970,6,6,tap,0.9344,S
D,221065,6,6,tap,0.9344,S
D,221161,6,6,tap,0.9344,S
D,221257,6,6,tap,0.9344,S
D,221353,6,6,tap,0.9344,S
D,221449,6,6,tap,0.9344,S
D,221545,6,6,tap,0.9344,S
D,221639,6,6,tap,0.9344,S
D,221735,6,6,tap,0.9345,S
D,221830,6,6,tap,0.9345,S
D,221926,6,6,tap,0.9346,U
P,224031,6,50.0,1,6,tap,0.9360
E,224034,tap 7 (single pulse, 60 ms)
D,224127,6,7,tap,0.9360,S
D,224223,6,7,tap,0.9360,S
D,224316,6,7,tap,0.9360,S
D,224412,6,7,tap,0.9360,S
D,224508,6,7,tap,0.9360,S
D,224604,6,7,tap,0.9360,S
D,224700,6,7,tap,0.9360,S
D,224796,6,7,tap,0.9361,S
D,224891,6,7,tap,0.9361,S
D,224987,6,7,tap,0.9361,S
D,225083,6,7,tap,0.9362,U
P,227186,6,50.0,1,7,tap,0.9376
E,227189,tap 8 (single pulse, 60 ms)
D,227282,6,8,tap,0.9376,S
D,227377,6,8,tap,0.9376,S
D,227473,6,8,tap,0.9376,S
D,227569,6,8,tap,0.9376,S
D,227665,6,8,tap,0.9376,S
D,227761,6,8,tap,0.9376,S
D,227857,6,8,tap,0.9376,S
D,227950,6,8,tap,0.9376,S
D,228046,6,8,tap,0.9377,S
D,228142,6,8,tap,0.9377,S
D,228238,6,8,tap,0.9378,U
P,230343,6,50.0,1,8,tap,0.9397
E,230346,tap 9 (single pulse, 60 ms)
D,230438,6,9,tap,0.9397,S
D,230532,6,9,tap,0.9397,S
D,230628,6,9,tap,0.9397,S
D,230724,6,9,tap,0.9397,S
D,230820,6,9,tap,0.9397,S
D,230916,6,9,tap,0.9397,S
D,231011,6,9,tap,0.9397,S
D,231107,6,9,tap,0.9397,S
D,231203,6,9,tap,0.9398,S
D,231299,6,9,tap,0.9399,U
D,231395,6,9,tap,0.9400,U
P,233498,6,50.0,1,9,tap,0.9421
E,233501,tap 10 (single pulse, 60 ms)
D,233593,6,10,tap,0.9421,S
D,233689,6,10,tap,0.9421,S
D,233788,6,10,tap,0.9421,S
D,233881,6,10,tap,0.9421,S
D,233977,6,10,tap,0.9421,S
D,234073,6,10,tap,0.9421,S
D,234167,6,10,tap,0.9421,S
D,234262,6,10,tap,0.9421,S
D,234358,6,10,tap,0.9422,S
D,234454,6,10,tap,0.9423,U
D,234550,6,10,tap,0.9425,U
P,236845,6,50.0,1,10,tap,0.9453
D,236940,6,1,post,0.9453,S
D,237036,6,1,post,0.9453,S
D,237132,6,1,post,0.9453,S
D,237228,6,1,post,0.9453,S
D,237323,6,1,post,0.9453,S
D,237420,6,1,post,0.9453,S
D,237515,6,1,post,0.9453,S
D,237611,6,1,post,0.9453,S
D,237705,6,1,post,0.9453,S
D,237801,6,1,post,0.9453,S
P,238377,6,50.0,1,1,post,0.9453
D,238472,6,2,post,0.9453,S
D,238566,6,2,post,0.9453,S
D,238662,6,2,post,0.9453,S
D,238757,6,2,post,0.9453,S
D,238853,6,2,post,0.9453,S
D,238949,6,2,post,0.9453,S
D,239045,6,2,post,0.9453,S
D,239141,6,2,post,0.9453,S
D,239237,6,2,post,0.9453,S
D,239332,6,2,post,0.9453,S
P,239907,6,50.0,1,2,post,0.9453
E,239909,=== trial 7 : angle 60.0 plate deg, rep 1 ===
P,241915,7,60.0,1,0,base,0.9453
E,241920,prime rotate 360 deg @ 30 rpm
D,246230,7,0,prime,1.1262,S
D,246409,7,0,prime,1.1262,S
D,246506,7,0,prime,1.1262,S
D,246598,7,0,prime,1.1262,S
D,246694,7,0,prime,1.1262,S
D,246790,7,0,prime,1.1262,S
D,246887,7,0,prime,1.1262,S
D,246982,7,0,prime,1.1262,S
D,247078,7,0,prime,1.1262,S
D,247174,7,0,prime,1.1262,S
D,247270,7,0,prime,1.1262,S
D,247365,7,0,prime,1.1262,S
D,247459,7,0,prime,1.1262,S
D,247555,7,0,prime,1.1262,S
D,247651,7,0,prime,1.1262,S
D,247747,7,0,prime,1.1262,S
D,247843,7,0,prime,1.1262,S
D,247939,7,0,prime,1.1262,S
D,248035,7,0,prime,1.1262,S
D,248130,7,0,prime,1.1262,S
D,248226,7,0,prime,1.1262,S
D,248322,7,0,prime,1.1262,S
D,248416,7,0,prime,1.1262,S
D,248512,7,0,prime,1.1262,S
D,248608,7,0,prime,1.1262,S
D,248704,7,0,prime,1.1262,S
D,248800,7,0,prime,1.1262,S
D,248895,7,0,prime,1.1262,S
D,248991,7,0,prime,1.1262,S
D,249087,7,0,prime,1.1262,S
P,249661,7,60.0,1,0,prime,1.1262
D,249757,7,1,ctrl,1.1262,S
D,249852,7,1,ctrl,1.1262,S
D,249948,7,1,ctrl,1.1262,S
D,250044,7,1,ctrl,1.1262,S
D,250138,7,1,ctrl,1.1262,S
D,250234,7,1,ctrl,1.1262,S
D,250329,7,1,ctrl,1.1262,S
D,250425,7,1,ctrl,1.1262,S
D,250521,7,1,ctrl,1.1262,S
D,250617,7,1,ctrl,1.1262,S
P,251191,7,60.0,1,1,ctrl,1.1262
D,251286,7,2,ctrl,1.1262,S
D,251382,7,2,ctrl,1.1262,S
D,251478,7,2,ctrl,1.1262,S
D,251573,7,2,ctrl,1.1262,S
D,251669,7,2,ctrl,1.1262,S
D,251766,7,2,ctrl,1.1262,S
D,251861,7,2,ctrl,1.1262,S
D,251955,7,2,ctrl,1.1262,S
D,252051,7,2,ctrl,1.1262,S
D,252148,7,2,ctrl,1.1262,S
P,252723,7,60.0,1,2,ctrl,1.1262
D,252816,7,3,ctrl,1.1262,S
D,252911,7,3,ctrl,1.1262,S
D,253007,7,3,ctrl,1.1262,S
D,253103,7,3,ctrl,1.1262,S
D,253199,7,3,ctrl,1.1262,S
D,253295,7,3,ctrl,1.1262,S
D,253391,7,3,ctrl,1.1262,S
D,253486,7,3,ctrl,1.1262,S
D,253583,7,3,ctrl,1.1262,S
D,253678,7,3,ctrl,1.1262,S
P,254252,7,60.0,1,3,ctrl,1.1262
E,254254,tap 1 (single pulse, 60 ms)
D,254348,7,1,tap,1.1262,S
D,254443,7,1,tap,1.1262,S
D,254539,7,1,tap,1.1262,S
D,254633,7,1,tap,1.1262,S
D,254728,7,1,tap,1.1262,S
D,254824,7,1,tap,1.1262,S
D,254920,7,1,tap,1.1262,S
D,255016,7,1,tap,1.1262,S
D,255112,7,1,tap,1.1262,S
D,255206,7,1,tap,1.1305,U
D,255302,7,1,tap,1.1327,U
P,256456,7,60.0,1,1,tap,1.1358
E,256459,tap 2 (single pulse, 60 ms)
D,256640,7,2,tap,1.1358,S
D,256736,7,2,tap,1.1358,S
D,256832,7,2,tap,1.1358,S
D,256928,7,2,tap,1.1358,S
D,257024,7,2,tap,1.1358,S
D,257120,7,2,tap,1.1358,S
D,257216,7,2,tap,1.1359,S
D,257309,7,2,tap,1.1360,U
D,257405,7,2,tap,1.1361,U
D,257501,7,2,tap,1.1363,U
P,258266,7,60.0,1,2,tap,1.1395
E,258269,tap 3 (single pulse, 60 ms)
D,258362,7,3,tap,1.1395,S
D,258457,7,3,tap,1.1395,S
D,258553,7,3,tap,1.1395,S
D,258649,7,3,tap,1.1395,S
D,258745,7,3,tap,1.1395,S
D,258841,7,3,tap,1.1395,S
D,258937,7,3,tap,1.1395,S
D,259030,7,3,tap,1.1396,S
D,259126,7,3,tap,1.1397,U
D,259222,7,3,tap,1.1399,U
D,259318,7,3,tap,1.1438,U
P,260274,7,60.0,1,3,tap,1.1439
E,260277,tap 4 (single pulse, 60 ms)
D,260371,7,4,tap,1.1439,S
D,260466,7,4,tap,1.1439,S
D,260562,7,4,tap,1.1439,S
D,260658,7,4,tap,1.1439,S
D,260754,7,4,tap,1.1439,S
D,260847,7,4,tap,1.1439,S
D,260944,7,4,tap,1.1439,S
D,261039,7,4,tap,1.1440,S
D,261135,7,4,tap,1.1441,U
D,261231,7,4,tap,1.1442,U
D,261327,7,4,tap,1.1444,U
P,262091,7,60.0,1,4,tap,1.1474
E,262094,tap 5 (single pulse, 60 ms)
D,262187,7,5,tap,1.1474,S
D,262283,7,5,tap,1.1474,S
D,262379,7,5,tap,1.1474,S
D,262475,7,5,tap,1.1474,S
D,262571,7,5,tap,1.1474,S
D,262665,7,5,tap,1.1474,S
D,262761,7,5,tap,1.1474,S
D,262856,7,5,tap,1.1474,S
D,262952,7,5,tap,1.1475,S
D,263048,7,5,tap,1.1477,U
D,263144,7,5,tap,1.1479,U
P,263909,7,60.0,1,5,tap,1.1506
E,263912,tap 6 (single pulse, 60 ms)
D,264005,7,6,tap,1.1506,S
D,264100,7,6,tap,1.1506,S
D,264196,7,6,tap,1.1506,S
D,264292,7,6,tap,1.1505,S
D,264386,7,6,tap,1.1505,S
D,264482,7,6,tap,1.1505,S
D,264578,7,6,tap,1.1505,S
D,264673,7,6,tap,1.1506,S
D,264769,7,6,tap,1.1506,S
D,264865,7,6,tap,1.1507,U
D,264961,7,6,tap,1.1508,U
P,267064,7,60.0,1,6,tap,1.1529
E,267067,tap 7 (single pulse, 60 ms)
D,267160,7,7,tap,1.1529,S
D,267256,7,7,tap,1.1529,S
D,267351,7,7,tap,1.1529,S
D,267447,7,7,tap,1.1529,S
D,267543,7,7,tap,1.1529,S
D,267639,7,7,tap,1.1529,S
D,267735,7,7,tap,1.1529,S
D,267830,7,7,tap,1.1530,S
D,267924,7,7,tap,1.1531,U
D,268020,7,7,tap,1.1569,U
D,268116,7,7,tap,1.1583,U
P,269072,7,60.0,1,7,tap,1.1586
E,269075,tap 8 (single pulse, 60 ms)
D,269168,7,8,tap,1.1586,S
D,269264,7,8,tap,1.1586,S
D,269360,7,8,tap,1.1586,S
D,269456,7,8,tap,1.1586,S
D,269552,7,8,tap,1.1586,S
D,269647,7,8,tap,1.1586,S
D,269741,7,8,tap,1.1586,S
D,269837,7,8,tap,1.1586,S
D,269933,7,8,tap,1.1587,S
D,270029,7,8,tap,1.1588,U
D,270125,7,8,tap,1.1590,U
P,271273,7,60.0,1,8,tap,1.1622
E,271276,tap 9 (single pulse, 60 ms)
D,271370,7,9,tap,1.1622,S
D,271465,7,9,tap,1.1622,S
D,271558,7,9,tap,1.1622,S
D,271654,7,9,tap,1.1622,S
D,271750,7,9,tap,1.1622,S
D,271846,7,9,tap,1.1622,S
D,271942,7,9,tap,1.1622,S
D,272038,7,9,tap,1.1622,S
D,272134,7,9,tap,1.1623,S
D,272229,7,9,tap,1.1624,U
D,272325,7,9,tap,1.1625,U
P,274429,7,60.0,1,9,tap,1.1646
E,274432,tap 10 (single pulse, 60 ms)
D,274524,7,10,tap,1.1646,S
D,274620,7,10,tap,1.1646,S
D,274715,7,10,tap,1.1646,S
D,274811,7,10,tap,1.1646,S
D,274907,7,10,tap,1.1646,S
D,275003,7,10,tap,1.1646,S
D,275097,7,10,tap,1.1646,S
D,275193,7,10,tap,1.1647,S
D,275289,7,10,tap,1.1647,S
D,275384,7,10,tap,1.1648,U
D,275480,7,10,tap,1.1650,U
P,277585,7,60.0,1,10,tap,1.1673
D,277681,7,1,post,1.1672,S
D,277775,7,1,post,1.1672,S
D,277871,7,1,post,1.1672,S
D,277966,7,1,post,1.1672,S
D,278062,7,1,post,1.1672,S
D,278158,7,1,post,1.1672,S
D,278254,7,1,post,1.1672,S
D,278350,7,1,post,1.1672,S
D,278445,7,1,post,1.1672,S
D,278541,7,1,post,1.1672,S
P,279116,7,60.0,1,1,post,1.1672
D,279210,7,2,post,1.1672,S
D,279306,7,2,post,1.1672,S
D,279402,7,2,post,1.1672,S
D,279498,7,2,post,1.1672,S
D,279592,7,2,post,1.1672,S
D,279688,7,2,post,1.1672,S
D,279784,7,2,post,1.1672,S
D,279880,7,2,post,1.1672,S
D,279975,7,2,post,1.1672,S
D,280071,7,2,post,1.1672,S
P,280644,7,60.0,1,2,post,1.1673
E,280648,=== trial 8 : angle 70.0 plate deg, rep 1 ===
P,282655,8,70.0,1,0,base,1.1672
E,282659,prime rotate 360 deg @ 30 rpm
D,286956,8,0,prime,1.2668,S
D,287052,8,0,prime,1.2668,S
D,287147,8,0,prime,1.2668,S
D,287243,8,0,prime,1.2668,S
D,287339,8,0,prime,1.2668,S
D,287435,8,0,prime,1.2668,S
D,287529,8,0,prime,1.2668,S
D,287625,8,0,prime,1.2668,S
D,287721,8,0,prime,1.2668,S
D,287816,8,0,prime,1.2668,S
D,287912,8,0,prime,1.2668,S
D,288008,8,0,prime,1.2668,S
D,288104,8,0,prime,1.2668,S
D,288200,8,0,prime,1.2668,S
D,288296,8,0,prime,1.2668,S
D,288392,8,0,prime,1.2668,S
D,288486,8,0,prime,1.2668,S
D,288581,8,0,prime,1.2668,S
D,288677,8,0,prime,1.2668,S
D,288773,8,0,prime,1.2668,S
D,288869,8,0,prime,1.2667,S
D,288965,8,0,prime,1.2667,S
D,289061,8,0,prime,1.2667,S
D,289157,8,0,prime,1.2667,S
D,289252,8,0,prime,1.2667,S
D,289346,8,0,prime,1.2667,S
D,289442,8,0,prime,1.2667,S
D,289538,8,0,prime,1.2667,S
D,289634,8,0,prime,1.2667,S
D,289730,8,0,prime,1.2667,S
D,289826,8,0,prime,1.2667,S
P,290399,8,70.0,1,0,prime,1.2667
D,290495,8,1,ctrl,1.2667,S
D,290590,8,1,ctrl,1.2667,S
D,290686,8,1,ctrl,1.2667,S
D,290782,8,1,ctrl,1.2667,S
D,290878,8,1,ctrl,1.2667,S
D,290974,8,1,ctrl,1.2667,S
D,291070,8,1,ctrl,1.2667,S
D,291164,8,1,ctrl,1.2667,S
D,291260,8,1,ctrl,1.2667,S
D,291356,8,1,ctrl,1.2667,S
P,291931,8,70.0,1,1,ctrl,1.2667
D,292025,8,2,ctrl,1.2667,S
D,292121,8,2,ctrl,1.2667,S
D,292216,8,2,ctrl,1.2667,S
D,292312,8,2,ctrl,1.2667,S
D,292408,8,2,ctrl,1.2667,S
D,292504,8,2,ctrl,1.2667,S
D,292600,8,2,ctrl,1.2667,S
D,292696,8,2,ctrl,1.2667,S
D,292791,8,2,ctrl,1.2667,S
D,292885,8,2,ctrl,1.2667,S
P,293460,8,70.0,1,2,ctrl,1.2667
D,293556,8,3,ctrl,1.2667,S
D,293652,8,3,ctrl,1.2667,S
D,293746,8,3,ctrl,1.2667,S
D,293842,8,3,ctrl,1.2667,S
D,293938,8,3,ctrl,1.2667,S
D,294033,8,3,ctrl,1.2667,S
D,294129,8,3,ctrl,1.2667,S
D,294225,8,3,ctrl,1.2667,S
D,294321,8,3,ctrl,1.2667,S
D,294417,8,3,ctrl,1.2667,S
P,294990,8,70.0,1,3,ctrl,1.2667
E,294993,tap 1 (single pulse, 60 ms)
D,295097,8,1,tap,1.2667,S
D,295277,8,1,tap,1.2667,S
D,295373,8,1,tap,1.2667,S
D,295469,8,1,tap,1.2667,S
D,295563,8,1,tap,1.2667,S
D,295659,8,1,tap,1.2667,S
D,295755,8,1,tap,1.2667,S
D,295851,8,1,tap,1.2667,S
D,295946,8,1,tap,1.2667,S
D,296041,8,1,tap,1.2710,U
P,296806,8,70.0,1,1,tap,1.2708
E,296809,tap 2 (single pulse, 60 ms)
D,296902,8,2,tap,1.2708,S
D,296997,8,2,tap,1.2708,S
D,297093,8,2,tap,1.2708,S
D,297189,8,2,tap,1.2708,S
D,297285,8,2,tap,1.2708,S
D,297379,8,2,tap,1.2708,S
D,297475,8,2,tap,1.2709,S
D,297571,8,2,tap,1.2710,U
D,297667,8,2,tap,1.2712,U
D,297762,8,2,tap,1.2768,U
D,297858,8,2,tap,1.2791,U
P,298815,8,70.0,1,2,tap,1.2799
E,298818,tap 3 (single pulse, 60 ms)
D,298910,8,3,tap,1.2799,S
D,299007,8,3,tap,1.2799,S
D,299100,8,3,tap,1.2799,S
D,299196,8,3,tap,1.2799,S
D,299292,8,3,tap,1.2799,S
D,299388,8,3,tap,1.2799,S
D,299484,8,3,tap,1.2799,S
D,299579,8,3,tap,1.2800,S
D,299675,8,3,tap,1.2801,U
D,299771,8,3,tap,1.2804,U
D,299867,8,3,tap,1.2850,U
P,300823,8,70.0,1,3,tap,1.2855
E,300826,tap 4 (single pulse, 60 ms)
D,300917,8,4,tap,1.2855,S
D,301013,8,4,tap,1.2855,S
D,301109,8,4,tap,1.2855,S
D,301205,8,4,tap,1.2855,S
D,301301,8,4,tap,1.2855,S
D,301397,8,4,tap,1.2855,S
D,301492,8,4,tap,1.2855,S
D,301588,8,4,tap,1.2855,S
D,301684,8,4,tap,1.2857,U
D,301778,8,4,tap,1.2858,U
D,301874,8,4,tap,1.2894,U
P,302640,8,70.0,1,4,tap,1.2894
E,302643,tap 5 (single pulse, 60 ms)
D,302734,8,5,tap,1.2894,S
D,302830,8,5,tap,1.2894,S
D,302926,8,5,tap,1.2894,S
D,303022,8,5,tap,1.2894,S
D,303118,8,5,tap,1.2894,S
D,303214,8,5,tap,1.2894,S
D,303310,8,5,tap,1.2895,S
D,303405,8,5,tap,1.2897,U
D,303501,8,5,tap,1.2949,U
D,303595,8,5,tap,1.2977,U
D,303691,8,5,tap,1.2996,U
P,304647,8,70.0,1,5,tap,1.2993
E,304650,tap 6 (single pulse, 60 ms)
D,304744,8,6,tap,1.2993,S
D,304839,8,6,tap,1.2993,S
D,304935,8,6,tap,1.2993,S
D,305031,8,6,tap,1.2992,S
D,305127,8,6,tap,1.2992,S
D,305223,8,6,tap,1.2992,S
D,305316,8,6,tap,1.2993,S
D,305412,8,6,tap,1.2995,U
D,305508,8,6,tap,1.3064,U
D,305604,8,6,tap,1.3130,U
D,305700,8,6,tap,1.3211,U
P,307229,8,70.0,1,6,tap,1.3626
E,307232,tap 7 (single pulse, 60 ms)
D,307326,8,7,tap,1.3626,S
D,307421,8,7,tap,1.3626,S
D,307517,8,7,tap,1.3626,S
D,307613,8,7,tap,1.3626,S
D,307708,8,7,tap,1.3626,S
D,307804,8,7,tap,1.3626,S
D,307900,8,7,tap,1.3627,S
D,307994,8,7,tap,1.3629,U
D,308090,8,7,tap,1.3696,U
D,308186,8,7,tap,1.3752,U
D,308281,8,7,tap,1.3808,U
P,309430,8,70.0,1,7,tap,1.3849
E,309433,tap 8 (single pulse, 60 ms)
D,309525,8,8,tap,1.3849,S
D,309621,8,8,tap,1.3849,S
D,309717,8,8,tap,1.3849,S
D,309811,8,8,tap,1.3849,S
D,309907,8,8,tap,1.3849,S
D,310003,8,8,tap,1.3850,S
D,310099,8,8,tap,1.3851,U
D,310194,8,8,tap,1.3853,U
D,310290,8,8,tap,1.3945,U
D,310386,8,8,tap,1.4027,U
D,310483,8,8,tap,1.4121,U
P,311820,8,70.0,1,8,tap,1.4291
E,311823,tap 9 (single pulse, 60 ms)
D,311917,8,9,tap,1.4291,S
D,312011,8,9,tap,1.4291,S
D,312107,8,9,tap,1.4291,S
D,312203,8,9,tap,1.4291,S
D,312299,8,9,tap,1.4291,S
D,312395,8,9,tap,1.4291,S
D,312489,8,9,tap,1.4292,S
D,312596,8,9,tap,1.4293,U
D,312776,8,9,tap,1.4373,U
D,312872,8,9,tap,1.4403,U
P,313828,8,70.0,1,9,tap,1.4416
E,313831,tap 10 (single pulse, 60 ms)
D,313924,8,10,tap,1.4416,S
D,314020,8,10,tap,1.4416,S
D,314116,8,10,tap,1.4416,S
D,314212,8,10,tap,1.4416,S
D,314306,8,10,tap,1.4416,S
D,314402,8,10,tap,1.4416,S
D,314497,8,10,tap,1.4417,S
D,314593,8,10,tap,1.4419,U
D,314689,8,10,tap,1.4499,U
D,314785,8,10,tap,1.4571,U
D,314881,8,10,tap,1.4657,U
P,316984,8,70.0,1,10,tap,1.5644
D,317079,8,1,post,1.5644,S
D,317175,8,1,post,1.5644,S
D,317271,8,1,post,1.5644,S
D,317367,8,1,post,1.5644,S
D,317463,8,1,post,1.5644,S
D,317559,8,1,post,1.5644,S
D,317654,8,1,post,1.5644,S
D,317750,8,1,post,1.5644,S
D,317844,8,1,post,1.5643,S
D,317940,8,1,post,1.5643,S
P,318516,8,70.0,1,1,post,1.5643
D,318611,8,2,post,1.5643,S
D,318705,8,2,post,1.5643,S
D,318801,8,2,post,1.5643,S
D,318897,8,2,post,1.5643,S
D,318993,8,2,post,1.5643,S
D,319089,8,2,post,1.5643,S
D,319184,8,2,post,1.5643,S
D,319280,8,2,post,1.5643,S
D,319376,8,2,post,1.5643,S
D,319472,8,2,post,1.5643,S
P,320045,8,70.0,1,2,post,1.5643
E,320049,=== trial 9 : angle 70.0 plate deg, rep 2 ===
P,321768,9,70.0,2,0,base,1.5643
E,321772,prime rotate 360 deg @ 30 rpm
D,326069,9,0,prime,1.7530,U
D,326165,9,0,prime,1.7524,U
D,326260,9,0,prime,1.7522,U
D,326356,9,0,prime,1.7521,U
D,326452,9,0,prime,1.7521,U
D,326548,9,0,prime,1.7521,U
D,326644,9,0,prime,1.7521,U
D,326738,9,0,prime,1.7521,S
D,326834,9,0,prime,1.7521,S
D,326930,9,0,prime,1.7520,S
D,327025,9,0,prime,1.7520,S
D,327121,9,0,prime,1.7520,S
D,327217,9,0,prime,1.7520,S
D,327313,9,0,prime,1.7520,S
D,327409,9,0,prime,1.7520,S
D,327505,9,0,prime,1.7520,S
D,327599,9,0,prime,1.7520,S
D,327694,9,0,prime,1.7520,S
D,327790,9,0,prime,1.7520,S
D,327886,9,0,prime,1.7520,S
D,327982,9,0,prime,1.7520,S
D,328078,9,0,prime,1.7520,S
D,328174,9,0,prime,1.7520,S
D,328270,9,0,prime,1.7520,S
D,328366,9,0,prime,1.7520,S
D,328461,9,0,prime,1.7520,S
D,328555,9,0,prime,1.7520,S
D,328651,9,0,prime,1.7520,S
D,328747,9,0,prime,1.7520,S
D,328843,9,0,prime,1.7520,S
D,328939,9,0,prime,1.7520,S
P,329513,9,70.0,2,0,prime,1.7520
D,329608,9,1,ctrl,1.7520,S
D,329704,9,1,ctrl,1.7520,S
D,329800,9,1,ctrl,1.7520,S
D,329895,9,1,ctrl,1.7520,S
D,329991,9,1,ctrl,1.7520,S
D,330087,9,1,ctrl,1.7520,S
D,330183,9,1,ctrl,1.7520,S
D,330277,9,1,ctrl,1.7519,S
D,330373,9,1,ctrl,1.7519,S
D,330469,9,1,ctrl,1.7519,S
P,331045,9,70.0,2,1,ctrl,1.7519
D,331138,9,2,ctrl,1.7519,S
D,331233,9,2,ctrl,1.7519,S
D,331330,9,2,ctrl,1.7519,S
D,331425,9,2,ctrl,1.7519,S
D,331521,9,2,ctrl,1.7519,S
D,331617,9,2,ctrl,1.7519,S
D,331713,9,2,ctrl,1.7519,S
D,331809,9,2,ctrl,1.7519,S
D,331905,9,2,ctrl,1.7519,S
D,332000,9,2,ctrl,1.7519,S
P,332575,9,70.0,2,2,ctrl,1.7519
D,332670,9,3,ctrl,1.7519,S
D,332765,9,3,ctrl,1.7519,S
D,332861,9,3,ctrl,1.7519,S
D,332955,9,3,ctrl,1.7519,S
D,333051,9,3,ctrl,1.7519,S
D,333147,9,3,ctrl,1.7519,S
D,333243,9,3,ctrl,1.7519,S
D,333339,9,3,ctrl,1.7519,S
D,333434,9,3,ctrl,1.7519,S
D,333530,9,3,ctrl,1.7519,S
P,334104,9,70.0,2,3,ctrl,1.7519
E,334106,tap 1 (single pulse, 60 ms)
D,334199,9,1,tap,1.7519,S
D,334295,9,1,tap,1.7519,S
D,334391,9,1,tap,1.7519,S
D,334487,9,1,tap,1.7519,S
D,334588,9,1,tap,1.7519,S
D,334678,9,1,tap,1.7519,S
D,334772,9,1,tap,1.7519,S
D,334868,9,1,tap,1.7519,S
D,334963,9,1,tap,1.7564,U
D,335058,9,1,tap,1.7604,U
D,335154,9,1,tap,1.7646,U
P,336302,9,70.0,2,1,tap,1.7672
E,336305,tap 2 (single pulse, 60 ms)
D,336399,9,2,tap,1.7673,S
D,336492,9,2,tap,1.7672,S
D,336588,9,2,tap,1.7672,S
D,336684,9,2,tap,1.7672,S
D,336780,9,2,tap,1.7672,S
D,336876,9,2,tap,1.7672,S
D,336972,9,2,tap,1.7673,S
D,337067,9,2,tap,1.7674,U
D,337163,9,2,tap,1.7720,U
D,337259,9,2,tap,1.7756,U
D,337355,9,2,tap,1.7789,U
P,338309,9,70.0,2,2,tap,1.7798
E,338312,tap 3 (single pulse, 60 ms)
D,338405,9,3,tap,1.7798,S
D,338501,9,3,tap,1.7798,S
D,338597,9,3,tap,1.7798,S
D,338693,9,3,tap,1.7798,S
D,338789,9,3,tap,1.7798,S
D,338884,9,3,tap,1.7798,S
D,338980,9,3,tap,1.7799,S
D,339076,9,3,tap,1.7801,U
D,339170,9,3,tap,1.7863,U
D,339266,9,3,tap,1.7924,U
D,339361,9,3,tap,1.7995,U
P,340702,9,70.0,2,3,tap,1.8096
E,340705,tap 4 (single pulse, 60 ms)
D,340797,9,4,tap,1.8096,S
D,340893,9,4,tap,1.8096,S
D,340987,9,4,tap,1.8096,S
D,341083,9,4,tap,1.8096,S
D,341179,9,4,tap,1.8096,S
D,341275,9,4,tap,1.8096,S
D,341371,9,4,tap,1.8097,S
D,341466,9,4,tap,1.8098,U
D,341562,9,4,tap,1.8146,U
D,341658,9,4,tap,1.8196,U
D,341754,9,4,tap,1.8253,U
P,342900,9,70.0,2,4,tap,1.8317
E,342903,tap 5 (single pulse, 60 ms)
D,342996,9,5,tap,1.8317,S
D,343092,9,5,tap,1.8317,S
D,343187,9,5,tap,1.8317,S
D,343284,9,5,tap,1.8317,S
D,343379,9,5,tap,1.8317,S
D,343475,9,5,tap,1.8317,S
D,343571,9,5,tap,1.8317,S
D,343665,9,5,tap,1.8318,S
D,343762,9,5,tap,1.8321,U
D,343856,9,5,tap,1.8392,U
D,343952,9,5,tap,1.8442,U
P,345100,9,70.0,2,5,tap,1.8516
E,345103,tap 6 (single pulse, 60 ms)
D,345196,9,6,tap,1.8516,S
D,345292,9,6,tap,1.8516,S
D,345386,9,6,tap,1.8516,S
D,345482,9,6,tap,1.8516,S
D,345578,9,6,tap,1.8516,S
D,345674,9,6,tap,1.8516,S
D,345770,9,6,tap,1.8516,S
D,345865,9,6,tap,1.8517,S
D,345961,9,6,tap,1.8520,U
D,346057,9,6,tap,1.8598,U
D,346153,9,6,tap,1.8648,U
P,347491,9,70.0,2,6,tap,1.8731
E,347494,tap 7 (single pulse, 60 ms)
D,347587,9,7,tap,1.8731,S
D,347682,9,7,tap,1.8731,S
D,347778,9,7,tap,1.8731,S
D,347874,9,7,tap,1.8731,S
D,347970,9,7,tap,1.8731,S
D,348064,9,7,tap,1.8731,S
D,348160,9,7,tap,1.8731,S
D,348256,9,7,tap,1.8732,S
D,348351,9,7,tap,1.8734,U
D,348447,9,7,tap,1.8808,U
D,348543,9,7,tap,1.8855,U
P,349691,9,70.0,2,7,tap,1.8930
E,349694,tap 8 (single pulse, 60 ms)
D,349787,9,8,tap,1.8929,S
D,349881,9,8,tap,1.8929,S
D,349977,9,8,tap,1.8929,S
D,350073,9,8,tap,1.8929,S
D,350168,9,8,tap,1.8929,S
D,350264,9,8,tap,1.8929,S
D,350360,9,8,tap,1.8930,S
D,350456,9,8,tap,1.8931,U
D,350552,9,8,tap,1.8933,U
D,350647,9,8,tap,1.8988,U
D,350741,9,8,tap,1.9015,U
P,351890,9,70.0,2,8,tap,1.9035
E,351893,tap 9 (single pulse, 60 ms)
D,351985,9,9,tap,1.9035,S
D,352081,9,9,tap,1.9035,S
D,352177,9,9,tap,1.9035,S
D,352277,9,9,tap,1.9035,S
D,352369,9,9,tap,1.9035,S
D,352465,9,9,tap,1.9035,S
D,352559,9,9,tap,1.9035,S
D,352655,9,9,tap,1.9037,U
D,352750,9,9,tap,1.9081,U
D,352846,9,9,tap,1.9122,U
D,352942,9,9,tap,1.9168,U
P,354280,9,70.0,2,9,tap,1.9244
E,354283,tap 10 (single pulse, 60 ms)
D,354376,9,10,tap,1.9244,S
D,354471,9,10,tap,1.9244,S
D,354567,9,10,tap,1.9244,S
D,354663,9,10,tap,1.9244,S
D,354759,9,10,tap,1.9244,S
D,354855,9,10,tap,1.9244,S
D,354951,9,10,tap,1.9244,S
D,355047,9,10,tap,1.9245,S
D,355143,9,10,tap,1.9247,U
D,355236,9,10,tap,1.9303,U
D,355333,9,10,tap,1.9331,U
P,356480,9,70.0,2,10,tap,1.9348
D,356576,9,1,post,1.9347,S
D,356672,9,1,post,1.9347,S
D,356768,9,1,post,1.9347,S
D,356864,9,1,post,1.9347,S
D,356958,9,1,post,1.9347,S
D,357053,9,1,post,1.9347,S
D,357149,9,1,post,1.9347,S
D,357245,9,1,post,1.9347,S
D,357341,9,1,post,1.9347,S
D,357437,9,1,post,1.9347,S
P,358010,9,70.0,2,1,post,1.9347
D,358106,9,2,post,1.9347,S
D,358202,9,2,post,1.9347,S
D,358298,9,2,post,1.9347,S
D,358394,9,2,post,1.9347,S
D,358490,9,2,post,1.9347,S
D,358585,9,2,post,1.9347,S
D,358681,9,2,post,1.9347,S
D,358775,9,2,post,1.9347,S
D,358871,9,2,post,1.9347,S
D,358967,9,2,post,1.9347,S
P,359543,9,70.0,2,2,post,1.9347
E,359545,=== trial 10 : angle 60.0 plate deg, rep 2 ===
P,361550,10,60.0,2,0,base,1.9347
E,361554,prime rotate 360 deg @ 30 rpm
D,365865,10,0,prime,1.9808,S
D,366043,10,0,prime,1.9808,S
D,366139,10,0,prime,1.9808,S
D,366235,10,0,prime,1.9808,S
D,366331,10,0,prime,1.9808,S
D,366426,10,0,prime,1.9808,S
D,366522,10,0,prime,1.9808,S
D,366618,10,0,prime,1.9808,S
D,366714,10,0,prime,1.9808,S
D,366808,10,0,prime,1.9808,S
D,366904,10,0,prime,1.9808,S
D,366999,10,0,prime,1.9808,S
D,367095,10,0,prime,1.9808,S
D,367191,10,0,prime,1.9808,S
D,367287,10,0,prime,1.9808,S
D,367383,10,0,prime,1.9808,S
D,367479,10,0,prime,1.9808,S
D,367575,10,0,prime,1.9808,S
D,367669,10,0,prime,1.9808,S
D,367764,10,0,prime,1.9808,S
D,367860,10,0,prime,1.9808,S
D,367956,10,0,prime,1.9808,S
D,368052,10,0,prime,1.9808,S
D,368148,10,0,prime,1.9808,S
D,368244,10,0,prime,1.9808,S
D,368340,10,0,prime,1.9808,S
D,368436,10,0,prime,1.9808,S
D,368529,10,0,prime,1.9808,S
D,368625,10,0,prime,1.9808,S
D,368721,10,0,prime,1.9808,S
P,369297,10,60.0,2,0,prime,1.9808
D,369392,10,1,ctrl,1.9808,S
D,369486,10,1,ctrl,1.9808,S
D,369582,10,1,ctrl,1.9808,S
D,369678,10,1,ctrl,1.9808,S
D,369774,10,1,ctrl,1.9808,S
D,369870,10,1,ctrl,1.9808,S
D,369965,10,1,ctrl,1.9808,S
D,370061,10,1,ctrl,1.9808,S
D,370157,10,1,ctrl,1.9808,S
D,370253,10,1,ctrl,1.9808,S
P,370826,10,60.0,2,1,ctrl,1.9808
D,370922,10,2,ctrl,1.9808,S
D,371018,10,2,ctrl,1.9808,S
D,371114,10,2,ctrl,1.9808,S
D,371208,10,2,ctrl,1.9808,S
D,371304,10,2,ctrl,1.9808,S
D,371399,10,2,ctrl,1.9808,S
D,371495,10,2,ctrl,1.9808,S
D,371591,10,2,ctrl,1.9808,S
D,371687,10,2,ctrl,1.9808,S
D,371783,10,2,ctrl,1.9808,S
P,372356,10,60.0,2,2,ctrl,1.9808
D,372452,10,3,ctrl,1.9808,S
D,372548,10,3,ctrl,1.9808,S
D,372643,10,3,ctrl,1.9808,S
D,372739,10,3,ctrl,1.9808,S
D,372835,10,3,ctrl,1.9808,S
D,372931,10,3,ctrl,1.9808,S
D,373025,10,3,ctrl,1.9808,S
D,373121,10,3,ctrl,1.9808,S
D,373217,10,3,ctrl,1.9808,S
D,373313,10,3,ctrl,1.9808,S
P,373886,10,60.0,2,3,ctrl,1.9808
E,373889,tap 1 (single pulse, 60 ms)
D,374078,10,1,tap,1.9808,S
D,374173,10,1,tap,1.9808,S
D,374269,10,1,tap,1.9808,S
D,374365,10,1,tap,1.9808,S
D,374461,10,1,tap,1.9808,S
D,374556,10,1,tap,1.9808,S
D,374652,10,1,tap,1.9808,S
D,374748,10,1,tap,1.9808,S
D,374841,10,1,tap,1.9851,U
D,374937,10,1,tap,1.9868,U
P,375893,10,60.0,2,1,tap,1.9872
E,375896,tap 2 (single pulse, 60 ms)
D,375989,10,2,tap,1.9872,S
D,376085,10,2,tap,1.9872,S
D,376181,10,2,tap,1.9872,S
D,376276,10,2,tap,1.9872,S
D,376372,10,2,tap,1.9872,S
D,376468,10,2,tap,1.9872,S
D,376562,10,2,tap,1.9872,S
D,376658,10,2,tap,1.9873,S
D,376754,10,2,tap,1.9874,U
D,376850,10,2,tap,1.9876,U
D,376945,10,2,tap,1.9915,U
P,377902,10,60.0,2,2,tap,1.9915
E,377905,tap 3 (single pulse, 60 ms)
D,377998,10,3,tap,1.9915,S
D,378094,10,3,tap,1.9915,S
D,378189,10,3,tap,1.9915,S
D,378285,10,3,tap,1.9915,S
D,378379,10,3,tap,1.9915,S
D,378475,10,3,tap,1.9915,S
D,378571,10,3,tap,1.9916,S
D,378667,10,3,tap,1.9917,U
D,378763,10,3,tap,1.9919,U
D,378858,10,3,tap,1.9986,U
D,378954,10,3,tap,2.0014,U
P,379911,10,60.0,2,3,tap,2.0027
E,379914,tap 4 (single pulse, 60 ms)
D,380006,10,4,tap,2.0027,S
D,380102,10,4,tap,2.0026,S
D,380196,10,4,tap,2.0026,S
D,380292,10,4,tap,2.0026,S
D,380388,10,4,tap,2.0026,S
D,380484,10,4,tap,2.0026,S
D,380580,10,4,tap,2.0026,S
D,380675,10,4,tap,2.0027,S
D,380771,10,4,tap,2.0028,U
D,380867,10,4,tap,2.0030,U
D,380963,10,4,tap,2.0078,U
P,381918,10,60.0,2,4,tap,2.0083
E,381921,tap 5 (single pulse, 60 ms)
D,382013,10,5,tap,2.0082,S
D,382109,10,5,tap,2.0082,S
D,382205,10,5,tap,2.0082,S
D,382301,10,5,tap,2.0082,S
D,382397,10,5,tap,2.0082,S
D,382493,10,5,tap,2.0082,S
D,382588,10,5,tap,2.0083,S
D,382684,10,5,tap,2.0084,U
D,382778,10,5,tap,2.0085,U
D,382874,10,5,tap,2.0128,U
D,382969,10,5,tap,2.0148,U
P,383926,10,60.0,2,5,tap,2.0160
E,383929,tap 6 (single pulse, 60 ms)
D,384022,10,6,tap,2.0160,S
D,384118,10,6,tap,2.0160,S
D,384214,10,6,tap,2.0160,S
D,384310,10,6,tap,2.0160,S
D,384405,10,6,tap,2.0160,S
D,384501,10,6,tap,2.0160,S
D,384595,10,6,tap,2.0160,S
D,384691,10,6,tap,2.0161,S
D,384787,10,6,tap,2.0163,U
D,384883,10,6,tap,2.0217,U
D,384978,10,6,tap,2.0241,U
P,386127,10,60.0,2,6,tap,2.0254
E,386130,tap 7 (single pulse, 60 ms)
D,386222,10,7,tap,2.0254,S
D,386318,10,7,tap,2.0254,S
D,386412,10,7,tap,2.0254,S
D,386508,10,7,tap,2.0254,S
D,386604,10,7,tap,2.0254,S
D,386700,10,7,tap,2.0254,S
D,386796,10,7,tap,2.0254,S
D,386892,10,7,tap,2.0255,S
D,386987,10,7,tap,2.0257,U
D,387083,10,7,tap,2.0307,U
D,387179,10,7,tap,2.0329,U
P,388134,10,60.0,2,7,tap,2.0335
E,388137,tap 8 (single pulse, 60 ms)
D,388230,10,8,tap,2.0335,S
D,388325,10,8,tap,2.0335,S
D,388421,10,8,tap,2.0335,S
D,388517,10,8,tap,2.0335,S
D,388613,10,8,tap,2.0335,S
D,388709,10,8,tap,2.0335,S
D,388805,10,8,tap,2.0335,S
D,388900,10,8,tap,2.0336,S
D,388996,10,8,tap,2.0337,U
D,389090,10,8,tap,2.0340,U
D,389186,10,8,tap,2.0385,U
P,390142,10,60.0,2,8,tap,2.0388
E,390145,tap 9 (single pulse, 60 ms)
D,390238,10,9,tap,2.0388,S
D,390334,10,9,tap,2.0387,S
D,390430,10,9,tap,2.0387,S
D,390526,10,9,tap,2.0388,S
D,390622,10,9,tap,2.0388,S
D,390717,10,9,tap,2.0388,S
D,390811,10,9,tap,2.0388,S
D,390907,10,9,tap,2.0389,U
D,391003,10,9,tap,2.0391,U
D,391103,10,9,tap,2.0446,U
D,391194,10,9,tap,2.0469,U
P,392151,10,60.0,2,9,tap,2.0482
E,392154,tap 10 (single pulse, 60 ms)
D,392247,10,10,tap,2.0482,S
D,392343,10,10,tap,2.0482,S
D,392439,10,10,tap,2.0482,S
D,392534,10,10,tap,2.0482,S
D,392628,10,10,tap,2.0482,S
D,392724,10,10,tap,2.0482,S
D,392820,10,10,tap,2.0482,S
D,392916,10,10,tap,2.0483,S
D,393012,10,10,tap,2.0485,U
D,393107,10,10,tap,2.0529,U
D,393203,10,10,tap,2.0545,U
P,394160,10,60.0,2,10,tap,2.0546
D,394256,10,1,post,2.0546,S
D,394350,10,1,post,2.0546,S
D,394445,10,1,post,2.0546,S
D,394541,10,1,post,2.0546,S
D,394637,10,1,post,2.0546,S
D,394733,10,1,post,2.0546,S
D,394829,10,1,post,2.0546,S
D,394925,10,1,post,2.0546,S
D,395021,10,1,post,2.0546,S
D,395116,10,1,post,2.0546,S
P,395690,10,60.0,2,1,post,2.0546
D,395786,10,2,post,2.0546,S
D,395881,10,2,post,2.0546,S
D,395977,10,2,post,2.0546,S
D,396073,10,2,post,2.0546,S
D,396167,10,2,post,2.0546,S
D,396263,10,2,post,2.0546,S
D,396359,10,2,post,2.0546,S
D,396455,10,2,post,2.0546,S
D,396551,10,2,post,2.0546,S
D,396646,10,2,post,2.0546,S
P,397220,10,60.0,2,2,post,2.0546
E,397223,=== trial 11 : angle 50.0 plate deg, rep 2 ===
P,399230,11,50.0,2,0,base,2.0546
E,399234,prime rotate 360 deg @ 30 rpm
D,403532,11,0,prime,2.1401,S
D,403627,11,0,prime,2.1401,S
D,403723,11,0,prime,2.1401,S
D,403818,11,0,prime,2.1401,S
D,403914,11,0,prime,2.1401,S
D,404010,11,0,prime,2.1401,S
D,404106,11,0,prime,2.1401,S
D,404200,11,0,prime,2.1401,S
D,404296,11,0,prime,2.1401,S
D,404392,11,0,prime,2.1401,S
D,404487,11,0,prime,2.1401,S
D,404583,11,0,prime,2.1401,S
D,404679,11,0,prime,2.1401,S
D,404775,11,0,prime,2.1401,S
D,404871,11,0,prime,2.1401,S
D,404967,11,0,prime,2.1401,S
D,405061,11,0,prime,2.1401,S
D,405157,11,0,prime,2.1401,S
D,405252,11,0,prime,2.1401,S
D,405348,11,0,prime,2.1401,S
D,405444,11,0,prime,2.1401,S
D,405540,11,0,prime,2.1401,S
D,405636,11,0,prime,2.1401,S
D,405732,11,0,prime,2.1401,S
D,405828,11,0,prime,2.1401,S
D,405922,11,0,prime,2.1401,S
D,406017,11,0,prime,2.1401,S
D,406113,11,0,prime,2.1401,S
D,406209,11,0,prime,2.1401,S
D,406305,11,0,prime,2.1401,S
D,406401,11,0,prime,2.1401,S
P,406975,11,50.0,2,0,prime,2.1401
D,407070,11,1,ctrl,2.1401,S
D,407166,11,1,ctrl,2.1401,S
D,407261,11,1,ctrl,2.1401,S
D,407358,11,1,ctrl,2.1401,S
D,407453,11,1,ctrl,2.1401,S
D,407549,11,1,ctrl,2.1401,S
D,407645,11,1,ctrl,2.1401,S
D,407739,11,1,ctrl,2.1401,S
D,407835,11,1,ctrl,2.1401,S
D,407931,11,1,ctrl,2.1401,S
P,408507,11,50.0,2,1,ctrl,2.1401
D,408600,11,2,ctrl,2.1401,S
D,408696,11,2,ctrl,2.1401,S
D,408792,11,2,ctrl,2.1401,S
D,408887,11,2,ctrl,2.1401,S
D,408983,11,2,ctrl,2.1401,S
D,409079,11,2,ctrl,2.1401,S
D,409175,11,2,ctrl,2.1401,S
D,409271,11,2,ctrl,2.1401,S
D,409367,11,2,ctrl,2.1401,S
D,409462,11,2,ctrl,2.1401,S
P,410036,11,50.0,2,2,ctrl,2.1400
D,410131,11,3,ctrl,2.1400,S
D,410227,11,3,ctrl,2.1400,S
D,410323,11,3,ctrl,2.1400,S
D,410417,11,3,ctrl,2.1400,S
D,410513,11,3,ctrl,2.1400,S
D,410609,11,3,ctrl,2.1400,S
D,410704,11,3,ctrl,2.1400,S
D,410801,11,3,ctrl,2.1400,S
D,410896,11,3,ctrl,2.1400,S
D,410992,11,3,ctrl,2.1400,S
P,411565,11,50.0,2,3,ctrl,2.1400
E,411568,tap 1 (single pulse, 60 ms)
D,411661,11,1,tap,2.1400,S
D,411757,11,1,tap,2.1400,S
D,411853,11,1,tap,2.1400,S
D,411948,11,1,tap,2.1400,S
D,412044,11,1,tap,2.1400,S
D,412140,11,1,tap,2.1400,S
D,412234,11,1,tap,2.1400,S
D,412330,11,1,tap,2.1400,S
D,412426,11,1,tap,2.1401,S
D,412527,11,1,tap,2.1401,S
D,412616,11,1,tap,2.1443,U
P,413381,11,50.0,2,1,tap,2.1442
E,413384,tap 2 (single pulse, 60 ms)
D,413478,11,2,tap,2.1442,S
D,413573,11,2,tap,2.1442,S
D,413669,11,2,tap,2.1442,S
D,413764,11,2,tap,2.1442,S
D,413860,11,2,tap,2.1442,S
D,413954,11,2,tap,2.1442,S
D,414050,11,2,tap,2.1442,S
D,414146,11,2,tap,2.1443,S
D,414242,11,2,tap,2.1444,U
D,414338,11,2,tap,2.1446,U
D,414433,11,2,tap,2.1482,U
P,415390,11,50.0,2,2,tap,2.1485
E,415393,tap 3 (single pulse, 60 ms)
D,415486,11,3,tap,2.1485,S
D,415581,11,3,tap,2.1485,S
D,415677,11,3,tap,2.1484,S
D,415771,11,3,tap,2.1484,S
D,415867,11,3,tap,2.1484,S
D,415963,11,3,tap,2.1484,S
D,416059,11,3,tap,2.1485,S
D,416155,11,3,tap,2.1485,S
D,416250,11,3,tap,2.1486,U
D,416346,11,3,tap,2.1487,U
D,416442,11,3,tap,2.1488,U
P,418545,11,50.0,2,3,tap,2.1511
E,418548,tap 4 (single pulse, 60 ms)
D,418642,11,4,tap,2.1510,S
D,418737,11,4,tap,2.1510,S
D,418833,11,4,tap,2.1510,S
D,418928,11,4,tap,2.1510,S
D,419024,11,4,tap,2.1510,S
D,419120,11,4,tap,2.1510,S
D,419216,11,4,tap,2.1510,S
D,419310,11,4,tap,2.1511,S
D,419406,11,4,tap,2.1511,S
D,419502,11,4,tap,2.1513,U
D,419597,11,4,tap,2.1514,U
P,420554,11,50.0,2,4,tap,2.1547
E,420557,tap 5 (single pulse, 60 ms)
D,420649,11,5,tap,2.1547,S
D,420745,11,5,tap,2.1547,S
D,420841,11,5,tap,2.1547,S
D,420937,11,5,tap,2.1547,S
D,421033,11,5,tap,2.1547,S
D,421127,11,5,tap,2.1547,S
D,421223,11,5,tap,2.1547,S
D,421318,11,5,tap,2.1548,S
D,421414,11,5,tap,2.1548,S
D,421510,11,5,tap,2.1550,U
D,421606,11,5,tap,2.1552,U
P,422562,11,50.0,2,5,tap,2.1584
E,422565,tap 6 (single pulse, 60 ms)
D,422659,11,6,tap,2.1584,S
D,422754,11,6,tap,2.1584,S
D,422848,11,6,tap,2.1584,S
D,422944,11,6,tap,2.1584,S
D,423040,11,6,tap,2.1584,S
D,423135,11,6,tap,2.1584,S
D,423231,11,6,tap,2.1584,S
D,423327,11,6,tap,2.1585,S
D,423423,11,6,tap,2.1585,S
D,423519,11,6,tap,2.1586,U
D,423615,11,6,tap,2.1587,U
P,425717,11,50.0,2,6,tap,2.1601
E,425720,tap 7 (single pulse, 60 ms)
D,425813,11,7,tap,2.1601,S
D,425909,11,7,tap,2.1601,S
D,426005,11,7,tap,2.1602,S
D,426101,11,7,tap,2.1602,S
D,426197,11,7,tap,2.1602,S
D,426293,11,7,tap,2.1602,S
D,426388,11,7,tap,2.1602,S
D,426482,11,7,tap,2.1602,S
D,426578,11,7,tap,2.1603,S
D,426674,11,7,tap,2.1604,U
D,426770,11,7,tap,2.1606,U
P,427534,11,50.0,2,7,tap,2.1638
E,427537,tap 8 (single pulse, 60 ms)
D,427631,11,8,tap,2.1638,S
D,427726,11,8,tap,2.1638,S
D,427822,11,8,tap,2.1638,S
D,427918,11,8,tap,2.1638,S
D,428014,11,8,tap,2.1638,S
D,428109,11,8,tap,2.1638,S
D,428203,11,8,tap,2.1639,S
D,428299,11,8,tap,2.1639,S
D,428395,11,8,tap,2.1640,U
D,428491,11,8,tap,2.1641,U
D,428587,11,8,tap,2.1642,U
P,430696,11,50.0,2,8,tap,2.1665
E,430699,tap 9 (single pulse, 60 ms)
D,430787,11,9,tap,2.1665,S
D,430881,11,9,tap,2.1665,S
D,430977,11,9,tap,2.1665,S
D,431073,11,9,tap,2.1665,S
D,431169,11,9,tap,2.1665,S
D,431265,11,9,tap,2.1665,S
D,431360,11,9,tap,2.1665,S
D,431456,11,9,tap,2.1666,S
D,431552,11,9,tap,2.1666,S
D,431648,11,9,tap,2.1668,U
D,431741,11,9,tap,2.1703,U
P,432698,11,50.0,2,9,tap,2.1708
E,432701,tap 10 (single pulse, 60 ms)
D,432794,11,10,tap,2.1708,S
D,432890,11,10,tap,2.1707,S
D,432986,11,10,tap,2.1707,S
D,433082,11,10,tap,2.1707,S
D,433177,11,10,tap,2.1707,S
D,433273,11,10,tap,2.1707,S
D,433369,11,10,tap,2.1707,S
D,433465,11,10,tap,2.1708,S
D,433559,11,10,tap,2.1708,S
D,433655,11,10,tap,2.1709,U
D,433750,11,10,tap,2.1710,U
P,435855,11,50.0,2,10,tap,2.1728
D,435951,11,1,post,2.1728,S
D,436047,11,1,post,2.1728,S
D,436143,11,1,post,2.1728,S
D,436237,11,1,post,2.1728,S
D,436332,11,1,post,2.1728,S
D,436428,11,1,post,2.1728,S
D,436524,11,1,post,2.1728,S
D,436620,11,1,post,2.1728,S
D,436716,11,1,post,2.1728,S
D,436812,11,1,post,2.1728,S
P,437386,11,50.0,2,1,post,2.1728
D,437481,11,2,post,2.1728,S
D,437577,11,2,post,2.1728,S
D,437672,11,2,post,2.1728,S
D,437768,11,2,post,2.1728,S
D,437864,11,2,post,2.1728,S
D,437960,11,2,post,2.1728,S
D,438054,11,2,post,2.1728,S
D,438150,11,2,post,2.1728,S
D,438246,11,2,post,2.1728,S
D,438342,11,2,post,2.1728,S
P,438916,11,50.0,2,2,post,2.1727
E,438919,=== trial 12 : angle 40.0 plate deg, rep 2 ===
P,440925,12,40.0,2,0,base,2.1727
E,440929,prime rotate 360 deg @ 30 rpm
D,445238,12,0,prime,2.3351,S
D,445418,12,0,prime,2.3350,S
D,445514,12,0,prime,2.3350,S
D,445609,12,0,prime,2.3350,S
D,445706,12,0,prime,2.3350,S
D,445801,12,0,prime,2.3350,S
D,445897,12,0,prime,2.3350,S
D,445991,12,0,prime,2.3350,S
D,446087,12,0,prime,2.3350,S
D,446183,12,0,prime,2.3350,S
D,446279,12,0,prime,2.3350,S
D,446374,12,0,prime,2.3349,S
D,446470,12,0,prime,2.3349,S
D,446566,12,0,prime,2.3349,S
D,446662,12,0,prime,2.3349,S
D,446758,12,0,prime,2.3349,S
D,446854,12,0,prime,2.3349,S
D,446948,12,0,prime,2.3349,S
D,447043,12,0,prime,2.3349,S
D,447139,12,0,prime,2.3349,S
D,447235,12,0,prime,2.3349,S
D,447331,12,0,prime,2.3349,S
D,447427,12,0,prime,2.3349,S
D,447523,12,0,prime,2.3349,S
D,447619,12,0,prime,2.3349,S
D,447715,12,0,prime,2.3349,S
D,447808,12,0,prime,2.3349,S
D,447904,12,0,prime,2.3349,S
D,448000,12,0,prime,2.3349,S
D,448096,12,0,prime,2.3349,S
P,448670,12,40.0,2,0,prime,2.3349
D,448765,12,1,ctrl,2.3349,S
D,448861,12,1,ctrl,2.3349,S
D,448957,12,1,ctrl,2.3349,S
D,449053,12,1,ctrl,2.3349,S
D,449149,12,1,ctrl,2.3349,S
D,449245,12,1,ctrl,2.3349,S
D,449340,12,1,ctrl,2.3349,S
D,449436,12,1,ctrl,2.3349,S
D,449532,12,1,ctrl,2.3349,S
D,449626,12,1,ctrl,2.3349,S
P,450202,12,40.0,2,1,ctrl,2.3349
D,450297,12,2,ctrl,2.3349,S
D,450393,12,2,ctrl,2.3349,S
D,450487,12,2,ctrl,2.3349,S
D,450583,12,2,ctrl,2.3349,S
D,450678,12,2,ctrl,2.3349,S
D,450774,12,2,ctrl,2.3349,S
D,450870,12,2,ctrl,2.3349,S
D,450966,12,2,ctrl,2.3349,S
D,451062,12,2,ctrl,2.3349,S
D,451169,12,2,ctrl,2.3349,S
P,451743,12,40.0,2,2,ctrl,2.3349
D,451835,12,3,ctrl,2.3349,S
D,452029,12,3,ctrl,2.3349,S
D,452211,12,3,ctrl,2.3349,S
D,452304,12,3,ctrl,2.3349,S
D,452400,12,3,ctrl,2.3349,S
D,452495,12,3,ctrl,2.3349,S
D,452591,12,3,ctrl,2.3349,S
D,452687,12,3,ctrl,2.3349,S
P,453261,12,40.0,2,3,ctrl,2.3349
E,453263,tap 1 (single pulse, 60 ms)
D,453357,12,1,tap,2.3349,S
D,453452,12,1,tap,2.3349,S
D,453548,12,1,tap,2.3349,S
D,453644,12,1,tap,2.3349,S
D,453739,12,1,tap,2.3349,S
D,453835,12,1,tap,2.3349,S
D,453931,12,1,tap,2.3349,S
D,454025,12,1,tap,2.3349,S
D,454121,12,1,tap,2.3349,S
D,454217,12,1,tap,2.3349,S
D,454313,12,1,tap,2.3349,S
P,456416,12,40.0,2,1,tap,2.3364
E,456419,tap 2 (single pulse, 60 ms)
D,456512,12,2,tap,2.3364,S
D,456608,12,2,tap,2.3364,S
D,456702,12,2,tap,2.3364,S
D,456798,12,2,tap,2.3364,S
D,456893,12,2,tap,2.3364,S
D,456989,12,2,tap,2.3364,S
D,457085,12,2,tap,2.3364,S
D,457181,12,2,tap,2.3364,S
D,457277,12,2,tap,2.3365,S
D,457373,12,2,tap,2.3365,S
D,457469,12,2,tap,2.3366,U
P,459571,12,40.0,2,2,tap,2.3376
E,459574,tap 3 (single pulse, 60 ms)
D,459667,12,3,tap,2.3376,S
D,459763,12,3,tap,2.3376,S
D,459859,12,3,tap,2.3376,S
D,459955,12,3,tap,2.3376,S
D,460050,12,3,tap,2.3376,S
D,460146,12,3,tap,2.3376,S
D,460240,12,3,tap,2.3376,S
D,460336,12,3,tap,2.3377,S
D,460432,12,3,tap,2.3377,S
D,460528,12,3,tap,2.3377,S
D,460624,12,3,tap,2.3379,U
P,462728,12,40.0,2,3,tap,2.3403
E,462731,tap 4 (single pulse, 60 ms)
D,462825,12,4,tap,2.3403,S
D,462918,12,4,tap,2.3403,S
D,463014,12,4,tap,2.3403,S
D,463109,12,4,tap,2.3403,S
D,463205,12,4,tap,2.3403,S
D,463301,12,4,tap,2.3403,S
D,463397,12,4,tap,2.3403,S
D,463493,12,4,tap,2.3403,S
D,463589,12,4,tap,2.3404,S
D,463685,12,4,tap,2.3404,S
D,463780,12,4,tap,2.3404,S
P,464355,12,40.0,2,4,tap,2.3405
E,464357,tap 5 (single pulse, 60 ms)
D,464450,12,5,tap,2.3406,S
D,464545,12,5,tap,2.3406,S
D,464641,12,5,tap,2.3406,S
D,464735,12,5,tap,2.3406,S
D,464831,12,5,tap,2.3406,S
D,464927,12,5,tap,2.3408,U
D,465022,12,5,tap,2.3408,U
D,465118,12,5,tap,2.3409,U
D,465214,12,5,tap,2.3410,U
D,465310,12,5,tap,2.3411,U
D,465406,12,5,tap,2.3412,U
P,467509,12,40.0,2,5,tap,2.3433
E,467512,tap 6 (single pulse, 60 ms)
D,467605,12,6,tap,2.3433,S
D,467700,12,6,tap,2.3433,S
D,467796,12,6,tap,2.3433,S
D,467892,12,6,tap,2.3433,S
D,467988,12,6,tap,2.3433,S
D,468084,12,6,tap,2.3433,S
D,468179,12,6,tap,2.3433,S
D,468274,12,6,tap,2.3433,S
D,468369,12,6,tap,2.3433,S
D,468469,12,6,tap,2.3433,S
D,468561,12,6,tap,2.3434,S
P,470282,12,40.0,2,6,tap,2.3441
E,470285,tap 7 (single pulse, 60 ms)
D,470378,12,7,tap,2.3442,U
D,470474,12,7,tap,2.3442,U
D,470570,12,7,tap,2.3441,S
D,470665,12,7,tap,2.3441,S
D,470761,12,7,tap,2.3441,S
D,470857,12,7,tap,2.3442,S
D,470951,12,7,tap,2.3442,S
D,471047,12,7,tap,2.3442,S
D,471143,12,7,tap,2.3443,U
D,471238,12,7,tap,2.3443,U
D,471334,12,7,tap,2.3444,U
P,473439,12,40.0,2,7,tap,2.3461
E,473442,tap 8 (single pulse, 60 ms)
D,473535,12,8,tap,2.3461,S
D,473629,12,8,tap,2.3461,S
D,473724,12,8,tap,2.3461,S
D,473820,12,8,tap,2.3461,S
D,473916,12,8,tap,2.3461,S
D,474012,12,8,tap,2.3461,S
D,474108,12,8,tap,2.3461,S
D,474204,12,8,tap,2.3461,S
D,474300,12,8,tap,2.3461,S
D,474396,12,8,tap,2.3462,S
D,474489,12,8,tap,2.3463,U
P,476594,12,40.0,2,8,tap,2.3478
E,476597,tap 9 (single pulse, 60 ms)
D,476690,12,9,tap,2.3478,S
D,476786,12,9,tap,2.3478,S
D,476881,12,9,tap,2.3478,S
D,476977,12,9,tap,2.3478,S
D,477073,12,9,tap,2.3478,S
D,477167,12,9,tap,2.3478,S
D,477263,12,9,tap,2.3478,S
D,477359,12,9,tap,2.3478,S
D,477455,12,9,tap,2.3478,S
D,477550,12,9,tap,2.3479,S
D,477646,12,9,tap,2.3480,U
P,479751,12,40.0,2,9,tap,2.3497
E,479754,tap 10 (single pulse, 60 ms)
D,479845,12,10,tap,2.3497,S
D,479941,12,10,tap,2.3497,S
D,480036,12,10,tap,2.3497,S
D,480132,12,10,tap,2.3497,S
D,480228,12,10,tap,2.3497,S
D,480324,12,10,tap,2.3497,S
D,480420,12,10,tap,2.3497,S
D,480516,12,10,tap,2.3497,S
D,480612,12,10,tap,2.3497,S
D,480705,12,10,tap,2.3498,S
D,480801,12,10,tap,2.3498,S
P,481376,12,40.0,2,10,tap,2.3500
D,481472,12,1,post,2.3500,S
D,481568,12,1,post,2.3500,S
D,481662,12,1,post,2.3502,U
D,481758,12,1,post,2.3502,U
D,481853,12,1,post,2.3503,U
D,481949,12,1,post,2.3503,U
D,482045,12,1,post,2.3504,U
D,482141,12,1,post,2.3504,U
D,482237,12,1,post,2.3505,U
D,482333,12,1,post,2.3505,U
P,482906,12,40.0,2,1,post,2.3506
D,483002,12,2,post,2.3506,S
D,483097,12,2,post,2.3506,S
D,483193,12,2,post,2.3506,S
D,483289,12,2,post,2.3506,S
D,483383,12,2,post,2.3506,S
D,483479,12,2,post,2.3506,S
D,483575,12,2,post,2.3506,S
D,483671,12,2,post,2.3506,S
D,483766,12,2,post,2.3506,S
D,483862,12,2,post,2.3506,S
P,484436,12,40.0,2,2,post,2.3506
E,484439,=== trial 13 : angle 30.0 plate deg, rep 2 ===
P,486446,13,30.0,2,0,base,2.3506
E,486450,prime rotate 360 deg @ 30 rpm
D,490751,13,0,prime,2.4685,S
D,490843,13,0,prime,2.4685,S
D,490939,13,0,prime,2.4685,S
D,491035,13,0,prime,2.4685,S
D,491131,13,0,prime,2.4685,S
D,491226,13,0,prime,2.4685,S
D,491322,13,0,prime,2.4685,S
D,491416,13,0,prime,2.4685,S
D,491512,13,0,prime,2.4685,S
D,491608,13,0,prime,2.4684,S
D,491704,13,0,prime,2.4684,S
D,491800,13,0,prime,2.4684,S
D,491895,13,0,prime,2.4684,S
D,491991,13,0,prime,2.4684,S
D,492087,13,0,prime,2.4684,S
D,492183,13,0,prime,2.4684,S
D,492277,13,0,prime,2.4684,S
D,492373,13,0,prime,2.4684,S
D,492469,13,0,prime,2.4684,S
D,492565,13,0,prime,2.4684,S
D,492660,13,0,prime,2.4684,S
D,492756,13,0,prime,2.4684,S
D,492852,13,0,prime,2.4684,S
D,492948,13,0,prime,2.4684,S
D,493044,13,0,prime,2.4684,S
D,493140,13,0,prime,2.4684,S
D,493234,13,0,prime,2.4684,S
D,493329,13,0,prime,2.4684,S
D,493425,13,0,prime,2.4684,S
D,493521,13,0,prime,2.4684,S
D,493617,13,0,prime,2.4684,S
P,494190,13,30.0,2,0,prime,2.4684
D,494286,13,1,ctrl,2.4684,S
D,494382,13,1,ctrl,2.4684,S
D,494478,13,1,ctrl,2.4684,S
D,494574,13,1,ctrl,2.4684,S
D,494670,13,1,ctrl,2.4684,S
D,494765,13,1,ctrl,2.4684,S
D,494861,13,1,ctrl,2.4684,S
D,494955,13,1,ctrl,2.4684,S
D,495051,13,1,ctrl,2.4684,S
D,495147,13,1,ctrl,2.4684,S
P,495723,13,30.0,2,1,ctrl,2.4684
D,495818,13,2,ctrl,2.4684,S
D,495912,13,2,ctrl,2.4684,S
D,496008,13,2,ctrl,2.4684,S
D,496104,13,2,ctrl,2.4684,S
D,496199,13,2,ctrl,2.4684,S
D,496295,13,2,ctrl,2.4684,S
D,496391,13,2,ctrl,2.4684,S
D,496487,13,2,ctrl,2.4684,S
D,496583,13,2,ctrl,2.4684,S
D,496679,13,2,ctrl,2.4684,S
P,497252,13,30.0,2,2,ctrl,2.4684
D,497348,13,3,ctrl,2.4684,S
D,497443,13,3,ctrl,2.4684,S
D,497539,13,3,ctrl,2.4684,S
D,497633,13,3,ctrl,2.4684,S
D,497729,13,3,ctrl,2.4684,S
D,497825,13,3,ctrl,2.4684,S
D,497921,13,3,ctrl,2.4684,S
D,498017,13,3,ctrl,2.4684,S
D,498112,13,3,ctrl,2.4684,S
D,498208,13,3,ctrl,2.4684,S
P,498781,13,30.0,2,3,ctrl,2.4684
E,498784,tap 1 (single pulse, 60 ms)
D,498877,13,1,tap,2.4684,S
D,498973,13,1,tap,2.4684,S
D,499069,13,1,tap,2.4684,S
D,499165,13,1,tap,2.4684,S
D,499260,13,1,tap,2.4684,S
D,499356,13,1,tap,2.4684,S
D,499450,13,1,tap,2.4684,S
D,499546,13,1,tap,2.4684,S
D,499642,13,1,tap,2.4684,S
D,499738,13,1,tap,2.4684,S
D,499834,13,1,tap,2.4684,S
P,501937,13,30.0,2,1,tap,2.4702
E,501940,tap 2 (single pulse, 60 ms)
D,502033,13,2,tap,2.4702,S
D,502127,13,2,tap,2.4702,S
D,502223,13,2,tap,2.4702,S
D,502319,13,2,tap,2.4702,S
D,502414,13,2,tap,2.4702,S
D,502510,13,2,tap,2.4702,S
D,502606,13,2,tap,2.4702,S
D,502702,13,2,tap,2.4702,S
D,502798,13,2,tap,2.4703,S
D,502894,13,2,tap,2.4703,S
D,502988,13,2,tap,2.4704,U
P,505092,13,30.0,2,2,tap,2.4716
E,505095,tap 3 (single pulse, 60 ms)
D,505188,13,3,tap,2.4716,S
D,505284,13,3,tap,2.4716,S
D,505380,13,3,tap,2.4716,S
D,505476,13,3,tap,2.4716,S
D,505571,13,3,tap,2.4716,S
D,505665,13,3,tap,2.4716,S
D,505761,13,3,tap,2.4716,S
D,505857,13,3,tap,2.4717,S
D,505953,13,3,tap,2.4717,S
D,506049,13,3,tap,2.4718,U
D,506144,13,3,tap,2.4719,U
P,508252,13,30.0,2,3,tap,2.4732
E,508255,tap 4 (single pulse, 60 ms)
D,508344,13,4,tap,2.4732,S
D,508439,13,4,tap,2.4732,S
D,508535,13,4,tap,2.4732,S
D,508631,13,4,tap,2.4732,S
D,508727,13,4,tap,2.4732,S
D,508822,13,4,tap,2.4732,S
D,508918,13,4,tap,2.4732,S
D,509014,13,4,tap,2.4732,S
D,509110,13,4,tap,2.4732,S
D,509204,13,4,tap,2.4733,S
D,509300,13,4,tap,2.4734,U
P,511212,13,30.0,2,4,tap,2.4743
E,511215,tap 5 (single pulse, 60 ms)
D,511308,13,5,tap,2.4743,S
D,511404,13,5,tap,2.4743,S
D,511500,13,5,tap,2.4743,S
D,511596,13,5,tap,2.4743,S
D,511692,13,5,tap,2.4743,S
D,511788,13,5,tap,2.4743,S
D,511881,13,5,tap,2.4743,S
D,511977,13,5,tap,2.4743,S
D,512073,13,5,tap,2.4743,S
D,512169,13,5,tap,2.4744,S
D,512265,13,5,tap,2.4744,S
P,512838,13,30.0,2,5,tap,2.4745
E,512841,tap 6 (single pulse, 60 ms)
D,512934,13,6,tap,2.4745,S
D,513030,13,6,tap,2.4747,U
D,513125,13,6,tap,2.4748,U
D,513221,13,6,tap,2.4748,U
D,513317,13,6,tap,2.4749,U
D,513413,13,6,tap,2.4749,U
D,513509,13,6,tap,2.4750,U
D,513605,13,6,tap,2.4750,U
D,513698,13,6,tap,2.4751,U
D,513794,13,6,tap,2.4752,U
D,513890,13,6,tap,2.4752,U
P,515612,13,30.0,2,6,tap,2.4760
E,515615,tap 7 (single pulse, 60 ms)
D,515707,13,7,tap,2.4760,S
D,515803,13,7,tap,2.4760,S
D,515899,13,7,tap,2.4760,S
D,515995,13,7,tap,2.4760,S
D,516091,13,7,tap,2.4760,S
D,516186,13,7,tap,2.4760,S
D,516282,13,7,tap,2.4760,S
D,516376,13,7,tap,2.4760,S
D,516472,13,7,tap,2.4761,S
D,516568,13,7,tap,2.4761,S
D,516664,13,7,tap,2.4761,S
P,518385,13,30.0,2,7,tap,2.4769
E,518388,tap 8 (single pulse, 60 ms)
D,518481,13,8,tap,2.4769,S
D,518577,13,8,tap,2.4769,S
D,518673,13,8,tap,2.4769,S
D,518768,13,8,tap,2.4769,S
D,518864,13,8,tap,2.4769,S
D,518960,13,8,tap,2.4769,S
D,519054,13,8,tap,2.4769,S
D,519150,13,8,tap,2.4770,S
D,519245,13,8,tap,2.4770,S
D,519341,13,8,tap,2.4770,S
D,519437,13,8,tap,2.4770,S
P,520010,13,30.0,2,8,tap,2.4772
E,520013,tap 9 (single pulse, 60 ms)
D,520106,13,9,tap,2.4772,S
D,520202,13,9,tap,2.4773,S
D,520298,13,9,tap,2.4774,U
D,520394,13,9,tap,2.4774,U
D,520490,13,9,tap,2.4775,U
D,520586,13,9,tap,2.4775,U
D,520681,13,9,tap,2.4775,U
D,520775,13,9,tap,2.4776,U
D,520871,13,9,tap,2.4777,U
D,520967,13,9,tap,2.4778,U
D,521063,13,9,tap,2.4780,U
P,523167,13,30.0,2,9,tap,2.4799
E,523170,tap 10 (single pulse, 60 ms)
D,523263,13,10,tap,2.4799,S
D,523359,13,10,tap,2.4799,S
D,523453,13,10,tap,2.4799,S
D,523549,13,10,tap,2.4799,S
D,523645,13,10,tap,2.4799,S
D,523740,13,10,tap,2.4799,S
D,523836,13,10,tap,2.4799,S
D,523932,13,10,tap,2.4799,S
D,524028,13,10,tap,2.4800,S
D,524124,13,10,tap,2.4800,S
D,524220,13,10,tap,2.4801,U
P,526324,13,30.0,2,10,tap,2.4810
D,526418,13,1,post,2.4810,S
D,526514,13,1,post,2.4810,S
D,526610,13,1,post,2.4810,S
D,526706,13,1,post,2.4810,S
D,526801,13,1,post,2.4810,S
D,526897,13,1,post,2.4810,S
D,526993,13,1,post,2.4810,S
D,527087,13,1,post,2.4810,S
D,527183,13,1,post,2.4810,S
D,527279,13,1,post,2.4810,S
P,527854,13,30.0,2,1,post,2.4810
D,527948,13,2,post,2.4810,S
D,528044,13,2,post,2.4810,S
D,528139,13,2,post,2.4810,S
D,528236,13,2,post,2.4810,S
D,528331,13,2,post,2.4810,S
D,528427,13,2,post,2.4810,S
D,528523,13,2,post,2.4810,S
D,528619,13,2,post,2.4810,S
D,528715,13,2,post,2.4810,S
D,528809,13,2,post,2.4810,S
P,529385,13,30.0,2,2,post,2.4809
E,529388,=== trial 14 : angle 20.0 plate deg, rep 2 ===
P,531394,14,20.0,2,0,base,2.4809
E,531398,prime rotate 360 deg @ 30 rpm
D,535695,14,0,prime,2.5149,S
D,535791,14,0,prime,2.5149,S
D,535887,14,0,prime,2.5149,S
D,535981,14,0,prime,2.5149,S
D,536076,14,0,prime,2.5149,S
D,536172,14,0,prime,2.5149,S
D,536268,14,0,prime,2.5149,S
D,536364,14,0,prime,2.5149,S
D,536460,14,0,prime,2.5149,S
D,536556,14,0,prime,2.5149,S
D,536652,14,0,prime,2.5149,S
D,536748,14,0,prime,2.5149,S
D,536841,14,0,prime,2.5149,S
D,536937,14,0,prime,2.5149,S
D,537033,14,0,prime,2.5149,S
D,537129,14,0,prime,2.5149,S
D,537225,14,0,prime,2.5149,S
D,537321,14,0,prime,2.5149,S
D,537417,14,0,prime,2.5149,S
D,537513,14,0,prime,2.5149,S
D,537608,14,0,prime,2.5149,S
D,537702,14,0,prime,2.5149,S
D,537798,14,0,prime,2.5149,S
D,537894,14,0,prime,2.5149,S
D,537990,14,0,prime,2.5149,S
D,538086,14,0,prime,2.5149,S
D,538181,14,0,prime,2.5149,S
D,538277,14,0,prime,2.5149,S
D,538373,14,0,prime,2.5149,S
D,538469,14,0,prime,2.5149,S
D,538565,14,0,prime,2.5149,S
P,539138,14,20.0,2,0,prime,2.5149
D,539234,14,1,ctrl,2.5149,S
D,539330,14,1,ctrl,2.5149,S
D,539426,14,1,ctrl,2.5149,S
D,539520,14,1,ctrl,2.5149,S
D,539615,14,1,ctrl,2.5149,S
D,539711,14,1,ctrl,2.5149,S
D,539807,14,1,ctrl,2.5149,S
D,539903,14,1,ctrl,2.5149,S
D,539999,14,1,ctrl,2.5149,S
D,540095,14,1,ctrl,2.5149,S
P,540668,14,20.0,2,1,ctrl,2.5149
D,540764,14,2,ctrl,2.5149,S
D,540860,14,2,ctrl,2.5149,S
D,540956,14,2,ctrl,2.5149,S
D,541051,14,2,ctrl,2.5149,S
D,541148,14,2,ctrl,2.5149,S
D,541241,14,2,ctrl,2.5149,S
D,541337,14,2,ctrl,2.5149,S
D,541433,14,2,ctrl,2.5149,S
D,541529,14,2,ctrl,2.5149,S
D,541625,14,2,ctrl,2.5149,S
P,542199,14,20.0,2,2,ctrl,2.5149
D,542294,14,3,ctrl,2.5149,S
D,542389,14,3,ctrl,2.5149,S
D,542485,14,3,ctrl,2.5149,S
D,542581,14,3,ctrl,2.5149,S
D,542677,14,3,ctrl,2.5149,S
D,542773,14,3,ctrl,2.5149,S
D,542869,14,3,ctrl,2.5149,S
D,542965,14,3,ctrl,2.5149,S
D,543058,14,3,ctrl,2.5149,S
D,543154,14,3,ctrl,2.5149,S
P,543729,14,20.0,2,3,ctrl,2.5149
E,543732,tap 1 (single pulse, 60 ms)
D,543825,14,1,tap,2.5149,S
D,543919,14,1,tap,2.5149,S
D,544015,14,1,tap,2.5149,S
D,544111,14,1,tap,2.5149,S
D,544207,14,1,tap,2.5149,S
D,544302,14,1,tap,2.5149,S
D,544398,14,1,tap,2.5149,S
D,544494,14,1,tap,2.5149,S
D,544590,14,1,tap,2.5149,S
D,544686,14,1,tap,2.5149,S
D,544782,14,1,tap,2.5149,S
P,546696,14,20.0,2,1,tap,2.5160
E,546699,tap 2 (single pulse, 60 ms)
D,546788,14,2,tap,2.5160,S
D,546883,14,2,tap,2.5160,S
D,546979,14,2,tap,2.5160,S
D,547075,14,2,tap,2.5160,S
D,547171,14,2,tap,2.5160,S
D,547267,14,2,tap,2.5160,S
D,547362,14,2,tap,2.5161,S
D,547458,14,2,tap,2.5161,S
D,547552,14,2,tap,2.5161,S
D,547648,14,2,tap,2.5161,S
D,547744,14,2,tap,2.5162,U
P,548320,14,20.0,2,2,tap,2.5163
E,548322,tap 3 (single pulse, 60 ms)
D,548413,14,3,tap,2.5163,S
D,548509,14,3,tap,2.5165,U
D,548604,14,3,tap,2.5165,U
D,548700,14,3,tap,2.5166,U
D,548796,14,3,tap,2.5166,U
D,548892,14,3,tap,2.5166,U
D,548988,14,3,tap,2.5167,U
D,549084,14,3,tap,2.5167,U
D,549180,14,3,tap,2.5167,S
D,549273,14,3,tap,2.5168,U
D,549369,14,3,tap,2.5168,U
P,549944,14,20.0,2,3,tap,2.5170
E,549947,tap 4 (single pulse, 60 ms)
D,550040,14,4,tap,2.5170,S
D,550136,14,4,tap,2.5171,U
D,550230,14,4,tap,2.5171,S
D,550326,14,4,tap,2.5171,S
D,550422,14,4,tap,2.5171,S
D,550517,14,4,tap,2.5172,U
D,550613,14,4,tap,2.5172,S
D,550709,14,4,tap,2.5172,S
D,550805,14,4,tap,2.5173,U
D,550901,14,4,tap,2.5173,U
D,550997,14,4,tap,2.5174,U
P,551571,14,20.0,2,4,tap,2.5175
E,551573,tap 5 (single pulse, 60 ms)
D,551666,14,5,tap,2.5176,S
D,551762,14,5,tap,2.5176,S
D,551857,14,5,tap,2.5176,S
D,551951,14,5,tap,2.5176,S
D,552047,14,5,tap,2.5177,U
D,552143,14,5,tap,2.5177,S
D,552239,14,5,tap,2.5177,S
D,552334,14,5,tap,2.5178,U
D,552430,14,5,tap,2.5178,U
D,552526,14,5,tap,2.5179,U
D,552622,14,5,tap,2.5179,U
P,553196,14,20.0,2,5,tap,2.5181
E,553198,tap 6 (single pulse, 60 ms)
D,553291,14,6,tap,2.5182,U
D,553387,14,6,tap,2.5182,U
D,553483,14,6,tap,2.5182,S
D,553579,14,6,tap,2.5183,U
D,553674,14,6,tap,2.5183,U
D,553768,14,6,tap,2.5184,U
D,553864,14,6,tap,2.5184,U
D,553960,14,6,tap,2.5184,U
D,554056,14,6,tap,2.5185,U
D,554152,14,6,tap,2.5186,U
D,554247,14,6,tap,2.5186,U
P,556160,14,20.0,2,6,tap,2.5195
E,556163,tap 7 (single pulse, 60 ms)
D,556256,14,7,tap,2.5195,S
D,556352,14,7,tap,2.5195,S
D,556446,14,7,tap,2.5195,S
D,556542,14,7,tap,2.5195,S
D,556638,14,7,tap,2.5195,S
D,556733,14,7,tap,2.5195,S
D,556829,14,7,tap,2.5195,S
D,556925,14,7,tap,2.5195,S
D,557021,14,7,tap,2.5195,S
D,557117,14,7,tap,2.5195,S
D,557213,14,7,tap,2.5195,S
P,557786,14,20.0,2,7,tap,2.5196
E,557789,tap 8 (single pulse, 60 ms)
D,557882,14,8,tap,2.5196,S
D,557978,14,8,tap,2.5196,S
D,558074,14,8,tap,2.5196,S
D,558167,14,8,tap,2.5196,S
D,558263,14,8,tap,2.5196,S
D,558359,14,8,tap,2.5196,S
D,558455,14,8,tap,2.5196,S
D,558551,14,8,tap,2.5196,S
D,558647,14,8,tap,2.5196,S
D,558743,14,8,tap,2.5197,S
D,558839,14,8,tap,2.5197,S
P,560559,14,20.0,2,8,tap,2.5207
E,560562,tap 9 (single pulse, 60 ms)
D,560655,14,9,tap,2.5207,S
D,560751,14,9,tap,2.5207,S
D,560845,14,9,tap,2.5207,S
D,560941,14,9,tap,2.5207,S
D,561037,14,9,tap,2.5207,S
D,561132,14,9,tap,2.5207,S
D,561228,14,9,tap,2.5208,S
D,561324,14,9,tap,2.5208,S
D,561420,14,9,tap,2.5208,S
D,561516,14,9,tap,2.5208,S
D,561612,14,9,tap,2.5208,S
P,562185,14,20.0,2,9,tap,2.5209
E,562188,tap 10 (single pulse, 60 ms)
D,562281,14,10,tap,2.5209,S
D,562377,14,10,tap,2.5210,S
D,562472,14,10,tap,2.5210,S
D,562568,14,10,tap,2.5210,S
D,562662,14,10,tap,2.5210,S
D,562758,14,10,tap,2.5210,S
D,562854,14,10,tap,2.5210,S
D,562950,14,10,tap,2.5212,U
D,563045,14,10,tap,2.5212,U
D,563152,14,10,tap,2.5212,U
D,563242,14,10,tap,2.5213,U
P,563815,14,20.0,2,10,tap,2.5214
D,563908,14,1,post,2.5214,S
D,564002,14,1,post,2.5214,S
D,564098,14,1,post,2.5215,S
D,564194,14,1,post,2.5215,S
D,564289,14,1,post,2.5215,S
D,564385,14,1,post,2.5215,S
D,564479,14,1,post,2.5216,U
D,564575,14,1,post,2.5216,S
D,564671,14,1,post,2.5216,S
D,564767,14,1,post,2.5216,S
P,565340,14,20.0,2,1,post,2.5216
D,565436,14,2,post,2.5216,S
D,565531,14,2,post,2.5216,S
D,565627,14,2,post,2.5216,S
D,565723,14,2,post,2.5216,S
D,565819,14,2,post,2.5216,S
D,565915,14,2,post,2.5216,S
D,566011,14,2,post,2.5216,S
D,566107,14,2,post,2.5216,S
D,566201,14,2,post,2.5216,S
D,566296,14,2,post,2.5216,S
P,566873,14,20.0,2,2,post,2.5216
E,566876,=== trial 15 : angle 10.0 plate deg, rep 2 ===
P,568880,15,10.0,2,0,base,2.5216
E,568884,prime rotate 360 deg @ 30 rpm
D,573183,15,0,prime,2.5684,S
D,573279,15,0,prime,2.5684,S
D,573373,15,0,prime,2.5684,S
D,573468,15,0,prime,2.5684,S
D,573564,15,0,prime,2.5684,S
D,573660,15,0,prime,2.5684,S
D,573756,15,0,prime,2.5684,S
D,573852,15,0,prime,2.5684,S
D,573948,15,0,prime,2.5684,S
D,574044,15,0,prime,2.5684,S
D,574140,15,0,prime,2.5684,S
D,574233,15,0,prime,2.5684,S
D,574329,15,0,prime,2.5684,S
D,574425,15,0,prime,2.5684,S
D,574521,15,0,prime,2.5684,S
D,574617,15,0,prime,2.5684,S
D,574713,15,0,prime,2.5684,S
D,574809,15,0,prime,2.5684,S
D,574904,15,0,prime,2.5684,S
D,575001,15,0,prime,2.5684,S
D,575094,15,0,prime,2.5684,S
D,575190,15,0,prime,2.5684,S
D,575286,15,0,prime,2.5684,S
D,575382,15,0,prime,2.5684,S
D,575478,15,0,prime,2.5684,S
D,575574,15,0,prime,2.5684,S
D,575669,15,0,prime,2.5684,S
D,575765,15,0,prime,2.5684,S
D,575861,15,0,prime,2.5684,S
D,575957,15,0,prime,2.5684,S
D,576051,15,0,prime,2.5684,S
P,576627,15,10.0,2,0,prime,2.5684
D,576722,15,1,ctrl,2.5684,S
D,576818,15,1,ctrl,2.5684,S
D,576912,15,1,ctrl,2.5684,S
D,577008,15,1,ctrl,2.5684,S
D,577103,15,1,ctrl,2.5684,S
D,577199,15,1,ctrl,2.5684,S
D,577295,15,1,ctrl,2.5684,S
D,577391,15,1,ctrl,2.5684,S
D,577487,15,1,ctrl,2.5684,S
D,577583,15,1,ctrl,2.5684,S
P,578157,15,10.0,2,1,ctrl,2.5684
D,578252,15,2,ctrl,2.5684,S
D,578348,15,2,ctrl,2.5684,S
D,578444,15,2,ctrl,2.5684,S
D,578539,15,2,ctrl,2.5684,S
D,578634,15,2,ctrl,2.5684,S
D,578729,15,2,ctrl,2.5684,S
D,578825,15,2,ctrl,2.5684,S
D,578921,15,2,ctrl,2.5684,S
D,579017,15,2,ctrl,2.5684,S
D,579113,15,2,ctrl,2.5684,S
P,579686,15,10.0,2,2,ctrl,2.5684
D,579781,15,3,ctrl,2.5684,S
D,579877,15,3,ctrl,2.5684,S
D,579973,15,3,ctrl,2.5684,S
D,580069,15,3,ctrl,2.5684,S
D,580165,15,3,ctrl,2.5684,S
D,580261,15,3,ctrl,2.5684,S
D,580357,15,3,ctrl,2.5684,S
D,580451,15,3,ctrl,2.5684,S
D,580546,15,3,ctrl,2.5684,S
D,580642,15,3,ctrl,2.5684,S
P,581218,15,10.0,2,3,ctrl,2.5684
E,581220,tap 1 (single pulse, 60 ms)
D,581311,15,1,tap,2.5684,S
D,581407,15,1,tap,2.5684,S
D,581503,15,1,tap,2.5684,S
D,581598,15,1,tap,2.5684,S
D,581694,15,1,tap,2.5684,S
D,581790,15,1,tap,2.5684,S
D,581886,15,1,tap,2.5684,S
D,581982,15,1,tap,2.5684,S
D,582078,15,1,tap,2.5684,S
D,582174,15,1,tap,2.5684,S
D,582267,15,1,tap,2.5684,S
P,582843,15,10.0,2,1,tap,2.5684
E,582846,tap 2 (single pulse, 60 ms)
D,582939,15,2,tap,2.5684,S
D,583034,15,2,tap,2.5685,S
D,583128,15,2,tap,2.5685,S
D,583223,15,2,tap,2.5689,U
D,583319,15,2,tap,2.5689,U
D,583415,15,2,tap,2.5689,U
D,583511,15,2,tap,2.5690,U
D,583606,15,2,tap,2.5690,U
D,583702,15,2,tap,2.5691,U
D,583798,15,2,tap,2.5691,U
D,583894,15,2,tap,2.5692,U
P,585050,15,10.0,2,2,tap,2.5696
E,585053,tap 3 (single pulse, 60 ms)
D,585232,15,3,tap,2.5697,U
D,585328,15,3,tap,2.5697,S
D,585423,15,3,tap,2.5698,U
D,585519,15,3,tap,2.5698,U
D,585615,15,3,tap,2.5698,S
D,585711,15,3,tap,2.5698,S
D,585805,15,3,tap,2.5698,S
D,585901,15,3,tap,2.5698,S
D,585997,15,3,tap,2.5698,S
D,586092,15,3,tap,2.5698,S
P,586666,15,10.0,2,3,tap,2.5699
E,586668,tap 4 (single pulse, 60 ms)
D,586761,15,4,tap,2.5699,S
D,586857,15,4,tap,2.5699,S
D,586953,15,4,tap,2.5699,S
D,587049,15,4,tap,2.5699,S
D,587145,15,4,tap,2.5699,S
D,587241,15,4,tap,2.5700,S
D,587337,15,4,tap,2.5700,S
D,587432,15,4,tap,2.5700,S
D,587528,15,4,tap,2.5700,S
D,587622,15,4,tap,2.5700,S
D,587718,15,4,tap,2.5700,S
P,588294,15,10.0,2,4,tap,2.5701
E,588296,tap 5 (single pulse, 60 ms)
D,588389,15,5,tap,2.5701,S
D,588483,15,5,tap,2.5701,S
D,588579,15,5,tap,2.5701,S
D,588675,15,5,tap,2.5701,S
D,588771,15,5,tap,2.5701,S
D,588867,15,5,tap,2.5701,S
D,588962,15,5,tap,2.5701,S
D,589058,15,5,tap,2.5701,S
D,589154,15,5,tap,2.5701,S
D,589250,15,5,tap,2.5701,S
D,589343,15,5,tap,2.5705,U
P,589918,15,10.0,2,5,tap,2.5706
E,589921,tap 6 (single pulse, 60 ms)
D,590014,15,6,tap,2.5707,U
D,590110,15,6,tap,2.5707,S
D,590206,15,6,tap,2.5707,S
D,590300,15,6,tap,2.5707,S
D,590395,15,6,tap,2.5707,S
D,590491,15,6,tap,2.5708,S
D,590587,15,6,tap,2.5708,S
D,590683,15,6,tap,2.5708,S
D,590779,15,6,tap,2.5708,S
D,590875,15,6,tap,2.5709,U
D,590971,15,6,tap,2.5709,S
P,591544,15,10.0,2,6,tap,2.5710
E,591547,tap 7 (single pulse, 60 ms)
D,591640,15,7,tap,2.5710,S
D,591735,15,7,tap,2.5710,S
D,591831,15,7,tap,2.5710,S
D,591927,15,7,tap,2.5710,S
D,592021,15,7,tap,2.5710,S
D,592117,15,7,tap,2.5710,S
D,592213,15,7,tap,2.5710,S
D,592309,15,7,tap,2.5711,S
D,592404,15,7,tap,2.5711,S
D,592500,15,7,tap,2.5711,S
D,592596,15,7,tap,2.5711,S
P,593361,15,10.0,2,7,tap,2.5715
E,593364,tap 8 (single pulse, 60 ms)
D,593457,15,8,tap,2.5715,S
D,593553,15,8,tap,2.5716,U
D,593648,15,8,tap,2.5716,S
D,593744,15,8,tap,2.5716,S
D,593838,15,8,tap,2.5717,U
D,593934,15,8,tap,2.5717,U
D,594030,15,8,tap,2.5717,S
D,594126,15,8,tap,2.5718,U
D,594221,15,8,tap,2.5718,U
D,594317,15,8,tap,2.5718,S
D,594413,15,8,tap,2.5719,U
P,594987,15,10.0,2,8,tap,2.5719
E,594989,tap 9 (single pulse, 60 ms)
D,595082,15,9,tap,2.5719,S
D,595178,15,9,tap,2.5719,S
D,595274,15,9,tap,2.5720,S
D,595370,15,9,tap,2.5720,S
D,595465,15,9,tap,2.5720,S
D,595559,15,9,tap,2.5720,S
D,595655,15,9,tap,2.5720,S
D,595751,15,9,tap,2.5720,S
D,595847,15,9,tap,2.5720,S
D,595943,15,9,tap,2.5720,S
D,596039,15,9,tap,2.5720,S
P,597951,15,10.0,2,9,tap,2.5729
E,597954,tap 10 (single pulse, 60 ms)
D,598047,15,10,tap,2.5729,S
D,598143,15,10,tap,2.5729,S
D,598237,15,10,tap,2.5729,S
D,598333,15,10,tap,2.5729,S
D,598429,15,10,tap,2.5729,S
D,598524,15,10,tap,2.5729,S
D,598620,15,10,tap,2.5729,S
D,598716,15,10,tap,2.5729,S
D,598812,15,10,tap,2.5729,S
D,598908,15,10,tap,2.5729,S
D,599004,15,10,tap,2.5729,S
P,599578,15,10.0,2,10,tap,2.5730
D,599673,15,1,post,2.5730,S
D,599769,15,1,post,2.5730,S
D,599865,15,1,post,2.5730,S
D,599960,15,1,post,2.5730,S
D,600054,15,1,post,2.5730,S
D,600150,15,1,post,2.5730,S
D,600246,15,1,post,2.5730,S
D,600342,15,1,post,2.5730,S
D,600438,15,1,post,2.5730,S
D,600534,15,1,post,2.5730,S
P,601108,15,10.0,2,1,post,2.5731
D,601203,15,2,post,2.5731,S
D,601299,15,2,post,2.5731,S
D,601394,15,2,post,2.5731,S
D,601490,15,2,post,2.5731,S
D,601586,15,2,post,2.5731,S
D,601682,15,2,post,2.5731,S
D,601778,15,2,post,2.5731,S
D,601872,15,2,post,2.5731,S
D,601973,15,2,post,2.5731,S
D,602063,15,2,post,2.5731,S
P,602640,15,10.0,2,2,post,2.5732
E,602643,=== trial 16 : angle 0.0 plate deg, rep 2 ===
P,604647,16,0.0,2,0,base,2.5733
E,604651,prime rotate 360 deg @ 30 rpm
D,608947,16,0,prime,2.6207,S
D,609044,16,0,prime,2.6207,S
D,609139,16,0,prime,2.6207,S
D,609235,16,0,prime,2.6207,S
D,609331,16,0,prime,2.6207,S
D,609427,16,0,prime,2.6207,S
D,609523,16,0,prime,2.6207,S
D,609619,16,0,prime,2.6207,S
D,609714,16,0,prime,2.6207,S
D,609809,16,0,prime,2.6207,S
D,609904,16,0,prime,2.6207,S
D,610000,16,0,prime,2.6207,S
D,610096,16,0,prime,2.6207,S
D,610192,16,0,prime,2.6207,S
D,610288,16,0,prime,2.6207,S
D,610384,16,0,prime,2.6207,S
D,610480,16,0,prime,2.6207,S
D,610575,16,0,prime,2.6207,S
D,610671,16,0,prime,2.6207,S
D,610765,16,0,prime,2.6207,S
D,610861,16,0,prime,2.6207,S
D,610957,16,0,prime,2.6207,S
D,611053,16,0,prime,2.6206,S
D,611148,16,0,prime,2.6206,S
D,611244,16,0,prime,2.6206,S
D,611340,16,0,prime,2.6206,S
D,611436,16,0,prime,2.6206,S
D,611532,16,0,prime,2.6206,S
D,611626,16,0,prime,2.6206,S
D,611722,16,0,prime,2.6206,S
D,611818,16,0,prime,2.6206,S
P,612394,16,0.0,2,0,prime,2.6206
D,612487,16,1,ctrl,2.6206,S
D,612582,16,1,ctrl,2.6206,S
D,612679,16,1,ctrl,2.6206,S
D,612774,16,1,ctrl,2.6206,S
D,612870,16,1,ctrl,2.6206,S
D,612966,16,1,ctrl,2.6206,S
D,613062,16,1,ctrl,2.6206,S
D,613158,16,1,ctrl,2.6206,S
D,613254,16,1,ctrl,2.6206,S
D,613350,16,1,ctrl,2.6206,S
P,613923,16,0.0,2,1,ctrl,2.6205
D,614018,16,2,ctrl,2.6205,S
D,614114,16,2,ctrl,2.6205,S
D,614210,16,2,ctrl,2.6205,S
D,614304,16,2,ctrl,2.6205,S
D,614400,16,2,ctrl,2.6205,S
D,614496,16,2,ctrl,2.6205,S
D,614592,16,2,ctrl,2.6205,S
D,614688,16,2,ctrl,2.6205,S
D,614783,16,2,ctrl,2.6205,S
D,614879,16,2,ctrl,2.6205,S
P,615453,16,0.0,2,2,ctrl,2.6205
D,615548,16,3,ctrl,2.6205,S
D,615644,16,3,ctrl,2.6205,S
D,615740,16,3,ctrl,2.6205,S
D,615836,16,3,ctrl,2.6205,S
D,615931,16,3,ctrl,2.6205,S
D,616027,16,3,ctrl,2.6205,S
D,616121,16,3,ctrl,2.6205,S
D,616217,16,3,ctrl,2.6205,S
D,616313,16,3,ctrl,2.6205,S
D,616409,16,3,ctrl,2.6205,S
P,616983,16,0.0,2,3,ctrl,2.6205
E,616985,tap 1 (single pulse, 60 ms)
D,617078,16,1,tap,2.6205,S
D,617174,16,1,tap,2.6205,S
D,617269,16,1,tap,2.6205,S
D,617365,16,1,tap,2.6205,S
D,617461,16,1,tap,2.6205,S
D,617557,16,1,tap,2.6205,S
D,617653,16,1,tap,2.6205,S
D,617749,16,1,tap,2.6205,S
D,617842,16,1,tap,2.6205,S
D,617938,16,1,tap,2.6205,S
D,618034,16,1,tap,2.6205,S
P,618609,16,0.0,2,1,tap,2.6205
E,618612,tap 2 (single pulse, 60 ms)
D,618703,16,2,tap,2.6205,S
D,618798,16,2,tap,2.6209,U
D,618894,16,2,tap,2.6210,U
D,618990,16,2,tap,2.6210,U
D,619086,16,2,tap,2.6210,U
D,619182,16,2,tap,2.6211,U
D,619277,16,2,tap,2.6211,U
D,619373,16,2,tap,2.6212,U
D,619470,16,2,tap,2.6212,U
D,619566,16,2,tap,2.6213,U
D,619659,16,2,tap,2.6214,U
P,620234,16,0.0,2,2,tap,2.6215
E,620237,tap 3 (single pulse, 60 ms)
D,620329,16,3,tap,2.6216,U
D,620425,16,3,tap,2.6216,S
D,620519,16,3,tap,2.6217,U
D,620615,16,3,tap,2.6217,U
D,620711,16,3,tap,2.6217,U
D,620807,16,3,tap,2.6218,U
D,620903,16,3,tap,2.6218,U
D,620998,16,3,tap,2.6219,U
D,621094,16,3,tap,2.6219,U
D,621190,16,3,tap,2.6220,U
D,621286,16,3,tap,2.6220,U
P,621860,16,0.0,2,3,tap,2.6222
E,621862,tap 4 (single pulse, 60 ms)
D,621956,16,4,tap,2.6223,U
D,622052,16,4,tap,2.6223,U
D,622147,16,4,tap,2.6223,S
D,622242,16,4,tap,2.6223,S
D,622336,16,4,tap,2.6224,U
D,622432,16,4,tap,2.6224,S
D,622528,16,4,tap,2.6224,S
D,622624,16,4,tap,2.6225,U
D,622720,16,4,tap,2.6225,U
D,622815,16,4,tap,2.6225,S
D,622911,16,4,tap,2.6226,U
P,623486,16,0.0,2,4,tap,2.6227
E,623488,tap 5 (single pulse, 60 ms)
D,623580,16,5,tap,2.6227,S
D,623676,16,5,tap,2.6227,S
D,623777,16,5,tap,2.6228,S
D,623868,16,5,tap,2.6228,S
D,623964,16,5,tap,2.6228,S
D,624057,16,5,tap,2.6228,S
D,624154,16,5,tap,2.6228,S
D,624249,16,5,tap,2.6229,S
D,624345,16,5,tap,2.6229,S
D,624441,16,5,tap,2.6229,S
D,624537,16,5,tap,2.6229,S
P,625111,16,0.0,2,5,tap,2.6230
E,625113,tap 6 (single pulse, 60 ms)
D,625206,16,6,tap,2.6230,S
D,625302,16,6,tap,2.6230,S
D,625398,16,6,tap,2.6230,S
D,625493,16,6,tap,2.6231,S
D,625589,16,6,tap,2.6231,S
D,625685,16,6,tap,2.6231,S
D,625781,16,6,tap,2.6231,S
D,625875,16,6,tap,2.6231,S
D,625971,16,6,tap,2.6231,S
D,626067,16,6,tap,2.6231,S
D,626162,16,6,tap,2.6231,S
P,626737,16,0.0,2,6,tap,2.6231
E,626739,tap 7 (single pulse, 60 ms)
D,626833,16,7,tap,2.6231,S
D,626928,16,7,tap,2.6231,S
D,627023,16,7,tap,2.6232,S
D,627119,16,7,tap,2.6232,S
D,627215,16,7,tap,2.6232,S
D,627311,16,7,tap,2.6232,S
D,627407,16,7,tap,2.6232,S
D,627503,16,7,tap,2.6232,S
D,627599,16,7,tap,2.6232,S
D,627692,16,7,tap,2.6232,S
D,627788,16,7,tap,2.6232,S
P,628364,16,0.0,2,7,tap,2.6232
E,628366,tap 8 (single pulse, 60 ms)
D,628459,16,8,tap,2.6232,S
D,628554,16,8,tap,2.6232,S
D,628650,16,8,tap,2.6232,S
D,628745,16,8,tap,2.6232,S
D,628841,16,8,tap,2.6232,S
D,628937,16,8,tap,2.6233,S
D,629032,16,8,tap,2.6233,S
D,629128,16,8,tap,2.6233,S
D,629224,16,8,tap,2.6233,S
D,629320,16,8,tap,2.6233,S
D,629414,16,8,tap,2.6233,S
P,629990,16,0.0,2,8,tap,2.6234
E,629992,tap 9 (single pulse, 60 ms)
D,630086,16,9,tap,2.6234,S
D,630181,16,9,tap,2.6234,S
D,630277,16,9,tap,2.6234,S
D,630370,16,9,tap,2.6234,S
D,630466,16,9,tap,2.6234,S
D,630562,16,9,tap,2.6234,S
D,630658,16,9,tap,2.6234,S
D,630754,16,9,tap,2.6235,S
D,630850,16,9,tap,2.6235,S
D,630945,16,9,tap,2.6235,S
D,631041,16,9,tap,2.6235,S
P,631614,16,0.0,2,9,tap,2.6236
E,631617,tap 10 (single pulse, 60 ms)
D,631710,16,10,tap,2.6236,S
D,631806,16,10,tap,2.6236,S
D,631902,16,10,tap,2.6236,S
D,631998,16,10,tap,2.6236,S
D,632092,16,10,tap,2.6236,S
D,632187,16,10,tap,2.6236,S
D,632283,16,10,tap,2.6236,S
D,632379,16,10,tap,2.6236,S
D,632475,16,10,tap,2.6237,S
D,632571,16,10,tap,2.6237,S
D,632667,16,10,tap,2.6237,S
P,633814,16,0.0,2,10,tap,2.6244
D,633908,16,1,post,2.6245,U
D,634004,16,1,post,2.6245,U
D,634099,16,1,post,2.6245,S
D,634195,16,1,post,2.6245,S
D,634291,16,1,post,2.6246,U
D,634387,16,1,post,2.6246,S
D,634483,16,1,post,2.6246,S
D,634579,16,1,post,2.6246,S
D,634674,16,1,post,2.6246,S
D,634769,16,1,post,2.6246,S
P,635345,16,0.0,2,1,post,2.6246
D,635439,16,2,post,2.6246,S
D,635535,16,2,post,2.6246,S
D,635629,16,2,post,2.6246,S
D,635725,16,2,post,2.6246,S
D,635821,16,2,post,2.6246,S
D,635917,16,2,post,2.6246,S
D,636013,16,2,post,2.6246,S
D,636108,16,2,post,2.6246,S
D,636204,16,2,post,2.6246,S
D,636300,16,2,post,2.6246,S
P,636874,16,0.0,2,2,post,2.6246
E,636877,=== trial 17 : angle 0.0 plate deg, rep 3 ===
P,638596,17,0.0,3,0,base,2.6246
E,638600,prime rotate 360 deg @ 30 rpm
D,642909,17,0,prime,2.6869,S
D,643089,17,0,prime,2.6869,S
D,643185,17,0,prime,2.6869,S
D,643281,17,0,prime,2.6869,S
D,643376,17,0,prime,2.6869,S
D,643472,17,0,prime,2.6869,S
D,643568,17,0,prime,2.6869,S
D,643662,17,0,prime,2.6869,S
D,643758,17,0,prime,2.6869,S
D,643854,17,0,prime,2.6869,S
D,643950,17,0,prime,2.6869,S
D,644046,17,0,prime,2.6869,S
D,644142,17,0,prime,2.6869,S
D,644237,17,0,prime,2.6869,S
D,644333,17,0,prime,2.6869,S
D,644429,17,0,prime,2.6869,S
D,644523,17,0,prime,2.6869,S
D,644619,17,0,prime,2.6869,S
D,644715,17,0,prime,2.6869,S
D,644810,17,0,prime,2.6869,S
D,644906,17,0,prime,2.6869,S
D,645002,17,0,prime,2.6869,S
D,645098,17,0,prime,2.6869,S
D,645194,17,0,prime,2.6869,S
D,645290,17,0,prime,2.6869,S
D,645389,17,0,prime,2.6869,S
D,645479,17,0,prime,2.6869,S
D,645575,17,0,prime,2.6869,S
D,645671,17,0,prime,2.6869,S
D,645767,17,0,prime,2.6869,S
P,646342,17,0.0,3,0,prime,2.6869
D,646436,17,1,ctrl,2.6869,S
D,646532,17,1,ctrl,2.6869,S
D,646628,17,1,ctrl,2.6869,S
D,646724,17,1,ctrl,2.6869,S
D,646820,17,1,ctrl,2.6869,S
D,646915,17,1,ctrl,2.6869,S
D,647011,17,1,ctrl,2.6869,S
D,647107,17,1,ctrl,2.6869,S
D,647201,17,1,ctrl,2.6869,S
D,647297,17,1,ctrl,2.6869,S
P,647872,17,0.0,3,1,ctrl,2.6869
D,647968,17,2,ctrl,2.6869,S
D,648064,17,2,ctrl,2.6869,S
D,648158,17,2,ctrl,2.6869,S
D,648254,17,2,ctrl,2.6869,S
D,648349,17,2,ctrl,2.6869,S
D,648445,17,2,ctrl,2.6869,S
D,648541,17,2,ctrl,2.6869,S
D,648637,17,2,ctrl,2.6869,S
D,648733,17,2,ctrl,2.6869,S
D,648829,17,2,ctrl,2.6869,S
P,649402,17,0.0,3,2,ctrl,2.6869
D,649498,17,3,ctrl,2.6869,S
D,649594,17,3,ctrl,2.6869,S
D,649689,17,3,ctrl,2.6869,S
D,649785,17,3,ctrl,2.6869,S
D,649879,17,3,ctrl,2.6869,S
D,649975,17,3,ctrl,2.6869,S
D,650071,17,3,ctrl,2.6869,S
D,650167,17,3,ctrl,2.6869,S
D,650263,17,3,ctrl,2.6869,S
D,650358,17,3,ctrl,2.6869,S
P,650931,17,0.0,3,3,ctrl,2.6869
E,650934,tap 1 (single pulse, 60 ms)
D,651027,17,1,tap,2.6869,S
D,651123,17,1,tap,2.6869,S
D,651219,17,1,tap,2.6869,S
D,651315,17,1,tap,2.6869,S
D,651411,17,1,tap,2.6869,S
D,651507,17,1,tap,2.6869,S
D,651602,17,1,tap,2.6869,S
D,651696,17,1,tap,2.6869,S
D,651792,17,1,tap,2.6869,S
D,651888,17,1,tap,2.6869,S
D,651984,17,1,tap,2.6869,S
P,652557,17,0.0,3,1,tap,2.6870
E,652560,tap 2 (single pulse, 60 ms)
D,652653,17,2,tap,2.6870,S
D,652749,17,2,tap,2.6870,S
D,652843,17,2,tap,2.6874,U
D,652939,17,2,tap,2.6874,U
D,653035,17,2,tap,2.6875,U
D,653131,17,2,tap,2.6875,U
D,653227,17,2,tap,2.6876,U
D,653323,17,2,tap,2.6876,U
D,653418,17,2,tap,2.6876,U
D,653512,17,2,tap,2.6877,U
D,653608,17,2,tap,2.6877,U
P,654183,17,0.0,3,2,tap,2.6878
E,654186,tap 3 (single pulse, 60 ms)
D,654279,17,3,tap,2.6879,S
D,654373,17,3,tap,2.6879,S
D,654469,17,3,tap,2.6879,S
D,654565,17,3,tap,2.6879,S
D,654660,17,3,tap,2.6879,S
D,654756,17,3,tap,2.6879,S
D,654852,17,3,tap,2.6879,S
D,654948,17,3,tap,2.6880,S
D,655044,17,3,tap,2.6880,S
D,655140,17,3,tap,2.6880,S
D,655234,17,3,tap,2.6880,S
P,655810,17,0.0,3,3,tap,2.6881
E,655812,tap 4 (single pulse, 60 ms)
D,655905,17,4,tap,2.6881,S
D,656001,17,4,tap,2.6881,S
D,656094,17,4,tap,2.6881,S
D,656190,17,4,tap,2.6881,S
D,656286,17,4,tap,2.6882,S
D,656382,17,4,tap,2.6882,S
D,656478,17,4,tap,2.6883,U
D,656574,17,4,tap,2.6884,U
D,656669,17,4,tap,2.6884,U
D,656765,17,4,tap,2.6884,U
D,656861,17,4,tap,2.6884,U
P,657434,17,0.0,3,4,tap,2.6885
E,657437,tap 5 (single pulse, 60 ms)
D,657530,17,5,tap,2.6885,S
D,657626,17,5,tap,2.6885,S
D,657722,17,5,tap,2.6885,S
D,657818,17,5,tap,2.6885,S
D,657911,17,5,tap,2.6885,S
D,658007,17,5,tap,2.6885,S
D,658103,17,5,tap,2.6885,S
D,658199,17,5,tap,2.6885,S
D,658295,17,5,tap,2.6885,S
D,658391,17,5,tap,2.6885,S
D,658487,17,5,tap,2.6886,S
P,659060,17,0.0,3,5,tap,2.6886
E,659063,tap 6 (single pulse, 60 ms)
D,659156,17,6,tap,2.6886,S
D,659252,17,6,tap,2.6886,S
D,659347,17,6,tap,2.6886,S
D,659443,17,6,tap,2.6886,S
D,659539,17,6,tap,2.6886,S
D,659635,17,6,tap,2.6886,S
D,659729,17,6,tap,2.6886,S
D,659825,17,6,tap,2.6886,S
D,659920,17,6,tap,2.6886,S
D,660016,17,6,tap,2.6886,S
D,660112,17,6,tap,2.6886,S
P,660686,17,0.0,3,6,tap,2.6887
E,660689,tap 7 (single pulse, 60 ms)
D,660781,17,7,tap,2.6887,S
D,660877,17,7,tap,2.6887,S
D,660973,17,7,tap,2.6887,S
D,661069,17,7,tap,2.6887,S
D,661165,17,7,tap,2.6887,S
D,661261,17,7,tap,2.6887,S
D,661357,17,7,tap,2.6887,S
D,661451,17,7,tap,2.6887,S
D,661546,17,7,tap,2.6887,S
D,661642,17,7,tap,2.6887,S
D,661738,17,7,tap,2.6887,S
P,662313,17,0.0,3,7,tap,2.6888
E,662316,tap 8 (single pulse, 60 ms)
D,662407,17,8,tap,2.6888,S
D,662503,17,8,tap,2.6888,S
D,662599,17,8,tap,2.6888,S
D,662695,17,8,tap,2.6888,S
D,662795,17,8,tap,2.6888,S
D,662886,17,8,tap,2.6889,S
D,662982,17,8,tap,2.6889,S
D,663078,17,8,tap,2.6889,S
D,663174,17,8,tap,2.6889,S
D,663267,17,8,tap,2.6894,U
D,663363,17,8,tap,2.6894,U
P,663938,17,0.0,3,8,tap,2.6895
E,663941,tap 9 (single pulse, 60 ms)
D,664034,17,9,tap,2.6895,S
D,664128,17,9,tap,2.6895,S
D,664223,17,9,tap,2.6896,S
D,664319,17,9,tap,2.6896,S
D,664415,17,9,tap,2.6896,S
D,664511,17,9,tap,2.6896,S
D,664606,17,9,tap,2.6897,U
D,664702,17,9,tap,2.6897,S
D,664798,17,9,tap,2.6897,S
D,664894,17,9,tap,2.6898,U
D,664990,17,9,tap,2.6898,U
P,665564,17,0.0,3,9,tap,2.6898
E,665566,tap 10 (single pulse, 60 ms)
D,665659,17,10,tap,2.6898,S
D,665755,17,10,tap,2.6898,S
D,665851,17,10,tap,2.6898,S
D,665945,17,10,tap,2.6898,S
D,666040,17,10,tap,2.6898,S
D,666136,17,10,tap,2.6898,S
D,666232,17,10,tap,2.6899,S
D,666328,17,10,tap,2.6899,S
D,666424,17,10,tap,2.6899,S
D,666520,17,10,tap,2.6899,S
D,666616,17,10,tap,2.6899,S
P,667190,17,0.0,3,10,tap,2.6899
D,667285,17,1,post,2.6899,S
D,667381,17,1,post,2.6900,S
D,667476,17,1,post,2.6900,S
D,667572,17,1,post,2.6900,S
D,667666,17,1,post,2.6900,S
D,667762,17,1,post,2.6900,S
D,667857,17,1,post,2.6903,U
D,667953,17,1,post,2.6903,U
D,668049,17,1,post,2.6903,U
D,668145,17,1,post,2.6904,U
P,668718,17,0.0,3,1,post,2.6904
D,668814,17,2,post,2.6904,S
D,668910,17,2,post,2.6904,S
D,669006,17,2,post,2.6904,S
D,669101,17,2,post,2.6904,S
D,669197,17,2,post,2.6904,S
D,669293,17,2,post,2.6904,S
D,669389,17,2,post,2.6904,S
D,669483,17,2,post,2.6904,S
D,669579,17,2,post,2.6904,S
D,669675,17,2,post,2.6904,S
P,670250,17,0.0,3,2,post,2.6904
E,670254,=== trial 18 : angle 10.0 plate deg, rep 3 ===
P,672258,18,10.0,3,0,base,2.6904
E,672262,prime rotate 360 deg @ 30 rpm
D,676571,18,0,prime,2.7720,S
D,676751,18,0,prime,2.7719,S
D,676847,18,0,prime,2.7719,S
D,676943,18,0,prime,2.7719,S
D,677038,18,0,prime,2.7719,S
D,677134,18,0,prime,2.7719,S
D,677230,18,0,prime,2.7719,S
D,677326,18,0,prime,2.7719,S
D,677422,18,0,prime,2.7719,S
D,677516,18,0,prime,2.7719,S
D,677612,18,0,prime,2.7719,S
D,677708,18,0,prime,2.7719,S
D,677803,18,0,prime,2.7719,S
D,677899,18,0,prime,2.7719,S
D,677995,18,0,prime,2.7719,S
D,678091,18,0,prime,2.7719,S
D,678187,18,0,prime,2.7719,S
D,678283,18,0,prime,2.7719,S
D,678377,18,0,prime,2.7719,S
D,678472,18,0,prime,2.7719,S
D,678568,18,0,prime,2.7719,S
D,678664,18,0,prime,2.7719,S
D,678760,18,0,prime,2.7719,S
D,678856,18,0,prime,2.7719,S
D,678952,18,0,prime,2.7719,S
D,679048,18,0,prime,2.7719,S
D,679144,18,0,prime,2.7719,S
D,679239,18,0,prime,2.7719,S
D,679333,18,0,prime,2.7719,S
D,679429,18,0,prime,2.7719,S
P,680006,18,10.0,3,0,prime,2.7719
D,680100,18,1,ctrl,2.7719,S
D,680194,18,1,ctrl,2.7719,S
D,680290,18,1,ctrl,2.7719,S
D,680386,18,1,ctrl,2.7719,S
D,680482,18,1,ctrl,2.7719,S
D,680578,18,1,ctrl,2.7719,S
D,680674,18,1,ctrl,2.7719,S
D,680769,18,1,ctrl,2.7719,S
D,680865,18,1,ctrl,2.7719,S
D,680961,18,1,ctrl,2.7719,S
P,681535,18,10.0,3,1,ctrl,2.7719
D,681630,18,2,ctrl,2.7719,S
D,681726,18,2,ctrl,2.7719,S
D,681822,18,2,ctrl,2.7719,S
D,681916,18,2,ctrl,2.7719,S
D,682012,18,2,ctrl,2.7719,S
D,682108,18,2,ctrl,2.7719,S
D,682203,18,2,ctrl,2.7719,S
D,682299,18,2,ctrl,2.7719,S
D,682395,18,2,ctrl,2.7719,S
D,682491,18,2,ctrl,2.7719,S
P,683065,18,10.0,3,2,ctrl,2.7719
D,683160,18,3,ctrl,2.7719,S
D,683256,18,3,ctrl,2.7719,S
D,683351,18,3,ctrl,2.7719,S
D,683447,18,3,ctrl,2.7719,S
D,683543,18,3,ctrl,2.7719,S
D,683639,18,3,ctrl,2.7719,S
D,683733,18,3,ctrl,2.7719,S
D,683829,18,3,ctrl,2.7719,S
D,683925,18,3,ctrl,2.7719,S
D,684020,18,3,ctrl,2.7719,S
P,684605,18,10.0,3,3,ctrl,2.7719
E,684607,tap 1 (single pulse, 60 ms)
D,684785,18,1,tap,2.7719,S
D,684881,18,1,tap,2.7719,S
D,684977,18,1,tap,2.7719,S
D,685073,18,1,tap,2.7720,S
D,685169,18,1,tap,2.7720,S
D,685264,18,1,tap,2.7720,S
D,685360,18,1,tap,2.7720,S
D,685456,18,1,tap,2.7720,S
D,685550,18,1,tap,2.7720,S
D,685646,18,1,tap,2.7720,S
P,686221,18,10.0,3,1,tap,2.7720
E,686224,tap 2 (single pulse, 60 ms)
D,686316,18,2,tap,2.7724,U
D,686410,18,2,tap,2.7725,U
D,686506,18,2,tap,2.7725,U
D,686601,18,2,tap,2.7726,U
D,686697,18,2,tap,2.7726,U
D,686793,18,2,tap,2.7727,U
D,686889,18,2,tap,2.7727,U
D,686985,18,2,tap,2.7728,U
D,687080,18,2,tap,2.7728,U
D,687176,18,2,tap,2.7729,U
D,687270,18,2,tap,2.7729,U
P,687846,18,10.0,3,2,tap,2.7731
E,687848,tap 3 (single pulse, 60 ms)
D,687941,18,3,tap,2.7732,U
D,688037,18,3,tap,2.7732,S
D,688133,18,3,tap,2.7732,S
D,688227,18,3,tap,2.7733,U
D,688323,18,3,tap,2.7733,U
D,688419,18,3,tap,2.7733,S
D,688515,18,3,tap,2.7733,S
D,688610,18,3,tap,2.7734,U
D,688706,18,3,tap,2.7734,S
D,688802,18,3,tap,2.7735,U
D,688898,18,3,tap,2.7735,U
P,689472,18,10.0,3,3,tap,2.7736
E,689474,tap 4 (single pulse, 60 ms)
D,689567,18,4,tap,2.7736,S
D,689662,18,4,tap,2.7737,S
D,689758,18,4,tap,2.7737,S
D,689854,18,4,tap,2.7737,S
D,689948,18,4,tap,2.7737,S
D,690044,18,4,tap,2.7737,S
D,690140,18,4,tap,2.7738,S
D,690235,18,4,tap,2.7738,S
D,690331,18,4,tap,2.7738,S
D,690427,18,4,tap,2.7738,S
D,690523,18,4,tap,2.7738,S
P,691096,18,10.0,3,4,tap,2.7739
E,691099,tap 5 (single pulse, 60 ms)
D,691192,18,5,tap,2.7739,S
D,691288,18,5,tap,2.7739,S
D,691384,18,5,tap,2.7739,S
D,691480,18,5,tap,2.7740,S
D,691575,18,5,tap,2.7740,S
D,691671,18,5,tap,2.7740,S
D,691765,18,5,tap,2.7740,S
D,691861,18,5,tap,2.7740,S
D,691957,18,5,tap,2.7740,S
D,692053,18,5,tap,2.7740,S
D,692149,18,5,tap,2.7740,S
P,692722,18,10.0,3,5,tap,2.7740
E,692725,tap 6 (single pulse, 60 ms)
D,692818,18,6,tap,2.7740,S
D,692914,18,6,tap,2.7741,S
D,693009,18,6,tap,2.7741,S
D,693105,18,6,tap,2.7741,S
D,693201,18,6,tap,2.7741,S
D,693297,18,6,tap,2.7741,S
D,693393,18,6,tap,2.7741,S
D,693487,18,6,tap,2.7741,S
D,693583,18,6,tap,2.7741,S
D,693679,18,6,tap,2.7741,S
D,693774,18,6,tap,2.7741,S
P,694350,18,10.0,3,6,tap,2.7742
E,694353,tap 7 (single pulse, 60 ms)
D,694443,18,7,tap,2.7746,U
D,694539,18,7,tap,2.7746,U
D,694634,18,7,tap,2.7747,U
D,694730,18,7,tap,2.7747,U
D,694826,18,7,tap,2.7747,U
D,694922,18,7,tap,2.7748,U
D,695018,18,7,tap,2.7748,U
D,695114,18,7,tap,2.7749,U
D,695209,18,7,tap,2.7749,U
D,695303,18,7,tap,2.7750,U
D,695399,18,7,tap,2.7750,U
P,695974,18,10.0,3,7,tap,2.7752
E,695977,tap 8 (single pulse, 60 ms)
D,696070,18,8,tap,2.7752,S
D,696164,18,8,tap,2.7752,S
D,696260,18,8,tap,2.7752,S
D,696356,18,8,tap,2.7753,S
D,696451,18,8,tap,2.7753,S
D,696547,18,8,tap,2.7753,S
D,696643,18,8,tap,2.7753,S
D,696739,18,8,tap,2.7754,U
D,696835,18,8,tap,2.7754,S
D,696931,18,8,tap,2.7754,S
D,697027,18,8,tap,2.7755,U
P,697791,18,10.0,3,8,tap,2.7757
E,697794,tap 9 (single pulse, 60 ms)
D,697887,18,9,tap,2.7758,U
D,697981,18,9,tap,2.7758,U
D,698077,18,9,tap,2.7758,S
D,698173,18,9,tap,2.7759,U
D,698269,18,9,tap,2.7759,U
D,698365,18,9,tap,2.7759,S
D,698460,18,9,tap,2.7760,U
D,698556,18,9,tap,2.7760,U
D,698652,18,9,tap,2.7761,U
D,698748,18,9,tap,2.7761,U
D,698842,18,9,tap,2.7762,U
P,700755,18,10.0,3,9,tap,2.7770
E,700758,tap 10 (single pulse, 60 ms)
D,700850,18,10,tap,2.7770,S
D,700946,18,10,tap,2.7770,S
D,701042,18,10,tap,2.7770,S
D,701138,18,10,tap,2.7770,S
D,701234,18,10,tap,2.7770,S
D,701330,18,10,tap,2.7770,S
D,701426,18,10,tap,2.7770,S
D,701519,18,10,tap,2.7770,S
D,701619,18,10,tap,2.7770,S
D,701711,18,10,tap,2.7770,S
D,701807,18,10,tap,2.7770,S
P,702382,18,10.0,3,10,tap,2.7771
D,702476,18,1,post,2.7771,S
D,702572,18,1,post,2.7771,S
D,702668,18,1,post,2.7771,S
D,702764,18,1,post,2.7771,S
D,702860,18,1,post,2.7771,S
D,702955,18,1,post,2.7771,S
D,703051,18,1,post,2.7771,S
D,703147,18,1,post,2.7771,S
D,703243,18,1,post,2.7771,S
D,703337,18,1,post,2.7771,S
P,703912,18,10.0,3,1,post,2.7772
D,704008,18,2,post,2.7772,S
D,704104,18,2,post,2.7772,S
D,704198,18,2,post,2.7772,S
D,704294,18,2,post,2.7772,S
D,704389,18,2,post,2.7772,S
D,704485,18,2,post,2.7772,S
D,704581,18,2,post,2.7772,S
D,704677,18,2,post,2.7772,S
D,704773,18,2,post,2.7772,S
D,704869,18,2,post,2.7772,S
P,705442,18,10.0,3,2,post,2.7772
E,705446,=== trial 19 : angle 20.0 plate deg, rep 3 ===
P,707452,19,20.0,3,0,base,2.7773
E,707456,prime rotate 360 deg @ 30 rpm
D,711753,19,0,prime,2.9004,S
D,711849,19,0,prime,2.9004,S
D,711944,19,0,prime,2.9004,S
D,712041,19,0,prime,2.9004,S
D,712136,19,0,prime,2.9004,S
D,712230,19,0,prime,2.9004,S
D,712326,19,0,prime,2.9004,S
D,712422,19,0,prime,2.9004,S
D,712518,19,0,prime,2.9004,S
D,712614,19,0,prime,2.9004,S
D,712709,19,0,prime,2.9004,S
D,712805,19,0,prime,2.9004,S
D,712901,19,0,prime,2.9004,S
D,712997,19,0,prime,2.9004,S
D,713091,19,0,prime,2.9004,S
D,713187,19,0,prime,2.9004,S
D,713283,19,0,prime,2.9004,S
D,713378,19,0,prime,2.9004,S
D,713475,19,0,prime,2.9004,S
D,713570,19,0,prime,2.9004,S
D,713666,19,0,prime,2.9004,S
D,713762,19,0,prime,2.9004,S
D,713858,19,0,prime,2.9004,S
D,713954,19,0,prime,2.9004,S
D,714048,19,0,prime,2.9004,S
D,714143,19,0,prime,2.9004,S
D,714239,19,0,prime,2.9004,S
D,714335,19,0,prime,2.9004,S
D,714431,19,0,prime,2.9004,S
D,714527,19,0,prime,2.9004,S
D,714623,19,0,prime,2.9004,S
P,715196,19,20.0,3,0,prime,2.9004
D,715292,19,1,ctrl,2.9004,S
D,715388,19,1,ctrl,2.9004,S
D,715484,19,1,ctrl,2.9004,S
D,715579,19,1,ctrl,2.9004,S
D,715676,19,1,ctrl,2.9004,S
D,715769,19,1,ctrl,2.9004,S
D,715865,19,1,ctrl,2.9004,S
D,715961,19,1,ctrl,2.9004,S
D,716057,19,1,ctrl,2.9004,S
D,716153,19,1,ctrl,2.9004,S
P,716727,19,20.0,3,1,ctrl,2.9004
D,716822,19,2,ctrl,2.9004,S
D,716918,19,2,ctrl,2.9004,S
D,717013,19,2,ctrl,2.9004,S
D,717109,19,2,ctrl,2.9004,S
D,717205,19,2,ctrl,2.9004,S
D,717301,19,2,ctrl,2.9004,S
D,717397,19,2,ctrl,2.9005,S
D,717493,19,2,ctrl,2.9005,S
D,717587,19,2,ctrl,2.9005,S
D,717682,19,2,ctrl,2.9005,S
P,718257,19,20.0,3,2,ctrl,2.9005
D,718353,19,3,ctrl,2.9005,S
D,718447,19,3,ctrl,2.9005,S
D,718543,19,3,ctrl,2.9005,S
D,718639,19,3,ctrl,2.9005,S
D,718735,19,3,ctrl,2.9005,S
D,718831,19,3,ctrl,2.9005,S
D,718927,19,3,ctrl,2.9005,S
D,719022,19,3,ctrl,2.9005,S
D,719118,19,3,ctrl,2.9005,S
D,719214,19,3,ctrl,2.9005,S
P,719787,19,20.0,3,3,ctrl,2.9005
E,719790,tap 1 (single pulse, 60 ms)
D,719883,19,1,tap,2.9005,S
D,719979,19,1,tap,2.9005,S
D,720075,19,1,tap,2.9005,S
D,720170,19,1,tap,2.9005,S
D,720264,19,1,tap,2.9005,S
D,720360,19,1,tap,2.9005,S
D,720456,19,1,tap,2.9005,S
D,720552,19,1,tap,2.9005,S
D,720648,19,1,tap,2.9005,S
D,720743,19,1,tap,2.9005,S
D,720839,19,1,tap,2.9005,S
P,722941,19,20.0,3,1,tap,2.9023
E,722944,tap 2 (single pulse, 60 ms)
D,723037,19,2,tap,2.9023,S
D,723133,19,2,tap,2.9023,S
D,723240,19,2,tap,2.9023,S
D,723420,19,2,tap,2.9023,S
D,723516,19,2,tap,2.9023,S
D,723612,19,2,tap,2.9023,S
D,723708,19,2,tap,2.9023,S
D,723802,19,2,tap,2.9023,S
D,723898,19,2,tap,2.9023,S
D,723993,19,2,tap,2.9024,S
P,724570,19,20.0,3,2,tap,2.9024
E,724572,tap 3 (single pulse, 60 ms)
D,724662,19,3,tap,2.9024,S
D,724758,19,3,tap,2.9025,S
D,724854,19,3,tap,2.9025,S
D,724950,19,3,tap,2.9025,S
D,725046,19,3,tap,2.9025,S
D,725141,19,3,tap,2.9027,U
D,725237,19,3,tap,2.9028,U
D,725333,19,3,tap,2.9028,U
D,725429,19,3,tap,2.9029,U
D,725525,19,3,tap,2.9030,U
D,725619,19,3,tap,2.9031,U
P,727532,19,20.0,3,3,tap,2.9041
E,727535,tap 4 (single pulse, 60 ms)
D,727628,19,4,tap,2.9041,S
D,727723,19,4,tap,2.9041,S
D,727819,19,4,tap,2.9041,S
D,727915,19,4,tap,2.9041,S
D,728011,19,4,tap,2.9041,S
D,728107,19,4,tap,2.9041,S
D,728203,19,4,tap,2.9041,S
D,728297,19,4,tap,2.9041,S
D,728392,19,4,tap,2.9041,S
D,728488,19,4,tap,2.9041,S
D,728584,19,4,tap,2.9041,S
P,729158,19,20.0,3,4,tap,2.9042
E,729160,tap 5 (single pulse, 60 ms)
D,729253,19,5,tap,2.9042,S
D,729349,19,5,tap,2.9043,S
D,729445,19,5,tap,2.9043,S
D,729541,19,5,tap,2.9043,S
D,729637,19,5,tap,2.9043,S
D,729732,19,5,tap,2.9045,U
D,729828,19,5,tap,2.9046,U
D,729924,19,5,tap,2.9046,U
D,730018,19,5,tap,2.9047,U
D,730114,19,5,tap,2.9047,U
D,730209,19,5,tap,2.9048,U
P,732122,19,20.0,3,5,tap,2.9055
E,732125,tap 6 (single pulse, 60 ms)
D,732218,19,6,tap,2.9055,S
D,732314,19,6,tap,2.9055,S
D,732410,19,6,tap,2.9055,S
D,732506,19,6,tap,2.9055,S
D,732602,19,6,tap,2.9055,S
D,732695,19,6,tap,2.9055,S
D,732791,19,6,tap,2.9055,S
D,732887,19,6,tap,2.9055,S
D,732983,19,6,tap,2.9055,S
D,733079,19,6,tap,2.9055,S
D,733175,19,6,tap,2.9056,S
P,733748,19,20.0,3,6,tap,2.9056
E,733751,tap 7 (single pulse, 60 ms)
D,733844,19,7,tap,2.9057,S
D,733940,19,7,tap,2.9057,S
D,734035,19,7,tap,2.9057,S
D,734131,19,7,tap,2.9057,S
D,734227,19,7,tap,2.9059,U
D,734323,19,7,tap,2.9060,U
D,734419,19,7,tap,2.9060,U
D,734513,19,7,tap,2.9060,U
D,734608,19,7,tap,2.9061,U
D,734704,19,7,tap,2.9062,U
D,734800,19,7,tap,2.9062,U
P,735374,19,20.0,3,7,tap,2.9064
E,735376,tap 8 (single pulse, 60 ms)
D,735469,19,8,tap,2.9065,U
D,735565,19,8,tap,2.9065,S
D,735661,19,8,tap,2.9065,S
D,735757,19,8,tap,2.9066,U
D,735852,19,8,tap,2.9066,U
D,735948,19,8,tap,2.9066,S
D,736044,19,8,tap,2.9067,U
D,736140,19,8,tap,2.9067,U
D,736234,19,8,tap,2.9068,U
D,736330,19,8,tap,2.9069,U
D,736425,19,8,tap,2.9069,U
P,738338,19,20.0,3,8,tap,2.9078
E,738341,tap 9 (single pulse, 60 ms)
D,738434,19,9,tap,2.9078,S
D,738530,19,9,tap,2.9078,S
D,738626,19,9,tap,2.9078,S
D,738722,19,9,tap,2.9078,S
D,738818,19,9,tap,2.9078,S
D,738912,19,9,tap,2.9078,S
D,739007,19,9,tap,2.9078,S
D,739103,19,9,tap,2.9078,S
D,739199,19,9,tap,2.9078,S
D,739295,19,9,tap,2.9078,S
D,739391,19,9,tap,2.9078,S
P,739964,19,20.0,3,9,tap,2.9079
E,739967,tap 10 (single pulse, 60 ms)
D,740060,19,10,tap,2.9079,S
D,740156,19,10,tap,2.9079,S
D,740252,19,10,tap,2.9080,S
D,740348,19,10,tap,2.9080,S
D,740443,19,10,tap,2.9080,S
D,740543,19,10,tap,2.9080,S
D,740635,19,10,tap,2.9082,U
D,740728,19,10,tap,2.9083,U
D,740824,19,10,tap,2.9083,U
D,740920,19,10,tap,2.9084,U
D,741016,19,10,tap,2.9084,U
P,741781,19,20.0,3,10,tap,2.9087
D,741877,19,1,post,2.9088,U
D,741973,19,1,post,2.9088,U
D,742068,19,1,post,2.9088,S
D,742164,19,1,post,2.9089,U
D,742260,19,1,post,2.9089,U
D,742356,19,1,post,2.9089,S
D,742450,19,1,post,2.9090,U
D,742546,19,1,post,2.9090,U
D,742642,19,1,post,2.9090,S
D,742737,19,1,post,2.9090,S
P,743313,19,20.0,3,1,post,2.9090
D,743406,19,2,post,2.9090,S
D,743502,19,2,post,2.9090,S
D,743598,19,2,post,2.9090,S
D,743694,19,2,post,2.9090,S
D,743790,19,2,post,2.9090,S
D,743886,19,2,post,2.9090,S
D,743981,19,2,post,2.9090,S
D,744077,19,2,post,2.9090,S
D,744173,19,2,post,2.9090,S
D,744267,19,2,post,2.9090,S
P,744843,19,20.0,3,2,post,2.9090
E,744846,=== trial 20 : angle 30.0 plate deg, rep 3 ===
P,746852,20,30.0,3,0,base,2.9090
E,746856,prime rotate 360 deg @ 30 rpm
D,751154,20,0,prime,2.9884,S
D,751249,20,0,prime,2.9884,S
D,751345,20,0,prime,2.9884,S
D,751439,20,0,prime,2.9884,S
D,751535,20,0,prime,2.9884,S
D,751631,20,0,prime,2.9884,S
D,751727,20,0,prime,2.9884,S
D,751823,20,0,prime,2.9884,S
D,751919,20,0,prime,2.9884,S
D,752015,20,0,prime,2.9884,S
D,752110,20,0,prime,2.9884,S
D,752206,20,0,prime,2.9884,S
D,752300,20,0,prime,2.9884,S
D,752396,20,0,prime,2.9884,S
D,752492,20,0,prime,2.9884,S
D,752588,20,0,prime,2.9884,S
D,752684,20,0,prime,2.9884,S
D,752780,20,0,prime,2.9884,S
D,752875,20,0,prime,2.9884,S
D,752971,20,0,prime,2.9884,S
D,753067,20,0,prime,2.9884,S
D,753161,20,0,prime,2.9884,S
D,753257,20,0,prime,2.9884,S
D,753353,20,0,prime,2.9884,S
D,753449,20,0,prime,2.9884,S
D,753544,20,0,prime,2.9884,S
D,753640,20,0,prime,2.9884,S
D,753736,20,0,prime,2.9884,S
D,753832,20,0,prime,2.9884,S
D,753928,20,0,prime,2.9884,S
D,754024,20,0,prime,2.9884,S
P,754597,20,30.0,3,0,prime,2.9884
D,754693,20,1,ctrl,2.9884,S
D,754789,20,1,ctrl,2.9884,S
D,754884,20,1,ctrl,2.9884,S
D,754978,20,1,ctrl,2.9884,S
D,755074,20,1,ctrl,2.9884,S
D,755170,20,1,ctrl,2.9884,S
D,755266,20,1,ctrl,2.9884,S
D,755362,20,1,ctrl,2.9884,S
D,755458,20,1,ctrl,2.9884,S
D,755554,20,1,ctrl,2.9884,S
P,756127,20,30.0,3,1,ctrl,2.9884
D,756223,20,2,ctrl,2.9884,S
D,756318,20,2,ctrl,2.9884,S
D,756414,20,2,ctrl,2.9884,S
D,756510,20,2,ctrl,2.9884,S
D,756606,20,2,ctrl,2.9884,S
D,756700,20,2,ctrl,2.9884,S
D,756796,20,2,ctrl,2.9884,S
D,756892,20,2,ctrl,2.9884,S
D,756987,20,2,ctrl,2.9884,S
D,757083,20,2,ctrl,2.9884,S
P,757656,20,30.0,3,2,ctrl,2.9884
D,757752,20,3,ctrl,2.9884,S
D,757848,20,3,ctrl,2.9884,S
D,757944,20,3,ctrl,2.9884,S
D,758040,20,3,ctrl,2.9884,S
D,758136,20,3,ctrl,2.9884,S
D,758231,20,3,ctrl,2.9884,S
D,758327,20,3,ctrl,2.9884,S
D,758423,20,3,ctrl,2.9884,S
D,758517,20,3,ctrl,2.9884,S
D,758613,20,3,ctrl,2.9884,S
P,759188,20,30.0,3,3,ctrl,2.9884
E,759191,tap 1 (single pulse, 60 ms)
D,759284,20,1,tap,2.9884,S
D,759378,20,1,tap,2.9884,S
D,759473,20,1,tap,2.9884,S
D,759569,20,1,tap,2.9884,S
D,759665,20,1,tap,2.9884,S
D,759761,20,1,tap,2.9884,S
D,759857,20,1,tap,2.9884,S
D,759953,20,1,tap,2.9884,S
D,760048,20,1,tap,2.9884,S
D,760144,20,1,tap,2.9884,S
D,760240,20,1,tap,2.9884,S
P,762352,20,30.0,3,1,tap,2.9900
E,762355,tap 2 (single pulse, 60 ms)
D,762533,20,2,tap,2.9900,S
D,762630,20,2,tap,2.9900,S
D,762725,20,2,tap,2.9900,S
D,762821,20,2,tap,2.9900,S
D,762917,20,2,tap,2.9901,S
D,763011,20,2,tap,2.9901,S
D,763107,20,2,tap,2.9901,S
D,763202,20,2,tap,2.9901,S
D,763298,20,2,tap,2.9902,U
D,763394,20,2,tap,2.9903,U
P,765307,20,30.0,3,2,tap,2.9913
E,765310,tap 3 (single pulse, 60 ms)
D,765404,20,3,tap,2.9913,S
D,765499,20,3,tap,2.9913,S
D,765595,20,3,tap,2.9913,S
D,765689,20,3,tap,2.9913,S
D,765784,20,3,tap,2.9913,S
D,765880,20,3,tap,2.9913,S
D,765976,20,3,tap,2.9913,S
D,766072,20,3,tap,2.9914,S
D,766168,20,3,tap,2.9914,S
D,766264,20,3,tap,2.9915,U
D,766359,20,3,tap,2.9916,U
P,768462,20,30.0,3,3,tap,2.9931
E,768465,tap 4 (single pulse, 60 ms)
D,768558,20,4,tap,2.9930,S
D,768654,20,4,tap,2.9930,S
D,768750,20,4,tap,2.9930,S
D,768845,20,4,tap,2.9930,S
D,768941,20,4,tap,2.9930,S
D,769037,20,4,tap,2.9929,S
D,769133,20,4,tap,2.9929,S
D,769227,20,4,tap,2.9929,S
D,769323,20,4,tap,2.9929,S
D,769419,20,4,tap,2.9929,S
D,769515,20,4,tap,2.9929,S
P,770088,20,30.0,3,4,tap,2.9930
E,770091,tap 5 (single pulse, 60 ms)
D,770183,20,5,tap,2.9930,S
D,770279,20,5,tap,2.9930,S
D,770375,20,5,tap,2.9930,S
D,770471,20,5,tap,2.9931,S
D,770567,20,5,tap,2.9931,S
D,770663,20,5,tap,2.9931,S
D,770759,20,5,tap,2.9931,S
D,770854,20,5,tap,2.9934,U
D,770948,20,5,tap,2.9934,U
D,771044,20,5,tap,2.9935,U
D,771140,20,5,tap,2.9936,U
P,772096,20,30.0,3,5,tap,2.9939
E,772099,tap 6 (single pulse, 60 ms)
D,772192,20,6,tap,2.9940,U
D,772288,20,6,tap,2.9940,U
D,772384,20,6,tap,2.9941,U
D,772480,20,6,tap,2.9941,U
D,772575,20,6,tap,2.9941,U
D,772671,20,6,tap,2.9942,U
D,772765,20,6,tap,2.9942,U
D,772861,20,6,tap,2.9942,S
D,772957,20,6,tap,2.9942,S
D,773053,20,6,tap,2.9943,U
D,773149,20,6,tap,2.9943,S
P,775062,20,30.0,3,6,tap,2.9951
E,775065,tap 7 (single pulse, 60 ms)
D,775157,20,7,tap,2.9951,S
D,775253,20,7,tap,2.9951,S
D,775349,20,7,tap,2.9951,S
D,775443,20,7,tap,2.9951,S
D,775539,20,7,tap,2.9951,S
D,775635,20,7,tap,2.9951,S
D,775730,20,7,tap,2.9951,S
D,775826,20,7,tap,2.9951,S
D,775922,20,7,tap,2.9951,S
D,776018,20,7,tap,2.9952,S
D,776114,20,7,tap,2.9952,S
P,778027,20,30.0,3,7,tap,2.9962
E,778030,tap 8 (single pulse, 60 ms)
D,778121,20,8,tap,2.9962,S
D,778216,20,8,tap,2.9962,S
D,778312,20,8,tap,2.9962,S
D,778408,20,8,tap,2.9962,S
D,778504,20,8,tap,2.9962,S
D,778600,20,8,tap,2.9962,S
D,778696,20,8,tap,2.9962,S
D,778791,20,8,tap,2.9962,S
D,778887,20,8,tap,2.9963,S
D,778981,20,8,tap,2.9963,S
D,779088,20,8,tap,2.9964,U
P,780990,20,30.0,3,8,tap,2.9974
E,780993,tap 9 (single pulse, 60 ms)
D,781086,20,9,tap,2.9974,S
D,781182,20,9,tap,2.9974,S
D,781278,20,9,tap,2.9974,S
D,781373,20,9,tap,2.9974,S
D,781469,20,9,tap,2.9974,S
D,781565,20,9,tap,2.9974,S
D,781659,20,9,tap,2.9974,S
D,781755,20,9,tap,2.9974,S
D,781851,20,9,tap,2.9975,S
D,781947,20,9,tap,2.9975,S
D,782042,20,9,tap,2.9976,U
P,784147,20,30.0,3,9,tap,2.9987
E,784150,tap 10 (single pulse, 60 ms)
D,784243,20,10,tap,2.9987,S
D,784337,20,10,tap,2.9987,S
D,784433,20,10,tap,2.9987,S
D,784528,20,10,tap,2.9987,S
D,784624,20,10,tap,2.9987,S
D,784720,20,10,tap,2.9987,S
D,784816,20,10,tap,2.9987,S
D,784912,20,10,tap,2.9987,S
D,785008,20,10,tap,2.9987,S
D,785103,20,10,tap,2.9988,S
D,785198,20,10,tap,2.9988,S
P,787111,20,30.0,3,10,tap,2.9999
D,787206,20,1,post,2.9999,S
D,787302,20,1,post,2.9999,S
D,787398,20,1,post,2.9999,S
D,787494,20,1,post,2.9999,S
D,787589,20,1,post,2.9999,S
D,787685,20,1,post,2.9999,S
D,787781,20,1,post,2.9999,S
D,787875,20,1,post,2.9999,S
D,787971,20,1,post,2.9999,S
D,788067,20,1,post,2.9999,S
P,788643,20,30.0,3,1,post,2.9999
D,788738,20,2,post,2.9999,S
D,788832,20,2,post,2.9999,S
D,788928,20,2,post,2.9999,S
D,789023,20,2,post,2.9999,S
D,789119,20,2,post,2.9999,S
D,789215,20,2,post,2.9999,S
D,789311,20,2,post,2.9999,S
D,789407,20,2,post,2.9999,S
D,789503,20,2,post,2.9999,S
D,789598,20,2,post,2.9999,S
P,790172,20,30.0,3,2,post,2.9999
E,790176,=== trial 21 : angle 40.0 plate deg, rep 3 ===
P,792182,21,40.0,3,0,base,2.9999
E,792186,prime rotate 360 deg @ 30 rpm
D,796483,21,0,prime,3.1689,S
D,796579,21,0,prime,3.1688,S
D,796675,21,0,prime,3.1688,S
D,796769,21,0,prime,3.1688,S
D,796865,21,0,prime,3.1688,S
D,796960,21,0,prime,3.1688,S
D,797056,21,0,prime,3.1688,S
D,797152,21,0,prime,3.1688,S
D,797248,21,0,prime,3.1688,S
D,797344,21,0,prime,3.1688,S
D,797440,21,0,prime,3.1688,S
D,797536,21,0,prime,3.1688,S
D,797631,21,0,prime,3.1688,S
D,797725,21,0,prime,3.1688,S
D,797821,21,0,prime,3.1688,S
D,797917,21,0,prime,3.1688,S
D,798013,21,0,prime,3.1688,S
D,798109,21,0,prime,3.1688,S
D,798205,21,0,prime,3.1688,S
D,798301,21,0,prime,3.1688,S
D,798396,21,0,prime,3.1688,S
D,798492,21,0,prime,3.1688,S
D,798586,21,0,prime,3.1688,S
D,798682,21,0,prime,3.1688,S
D,798778,21,0,prime,3.1688,S
D,798874,21,0,prime,3.1688,S
D,798969,21,0,prime,3.1688,S
D,799065,21,0,prime,3.1688,S
D,799161,21,0,prime,3.1688,S
D,799257,21,0,prime,3.1688,S
D,799353,21,0,prime,3.1688,S
P,799927,21,40.0,3,0,prime,3.1688
D,800022,21,1,ctrl,3.1688,S
D,800118,21,1,ctrl,3.1688,S
D,800214,21,1,ctrl,3.1688,S
D,800310,21,1,ctrl,3.1688,S
D,800404,21,1,ctrl,3.1688,S
D,800499,21,1,ctrl,3.1688,S
D,800599,21,1,ctrl,3.1688,S
D,800691,21,1,ctrl,3.1688,S
D,800787,21,1,ctrl,3.1688,S
D,800883,21,1,ctrl,3.1688,S
P,801457,21,40.0,3,1,ctrl,3.1688
D,801552,21,2,ctrl,3.1688,S
D,801648,21,2,ctrl,3.1688,S
D,801744,21,2,ctrl,3.1688,S
D,801839,21,2,ctrl,3.1688,S
D,801935,21,2,ctrl,3.1688,S
D,802031,21,2,ctrl,3.1688,S
D,802125,21,2,ctrl,3.1688,S
D,802221,21,2,ctrl,3.1688,S
D,802317,21,2,ctrl,3.1688,S
D,802413,21,2,ctrl,3.1688,S
P,802989,21,40.0,3,2,ctrl,3.1688
D,803081,21,3,ctrl,3.1688,S
D,803177,21,3,ctrl,3.1688,S
D,803273,21,3,ctrl,3.1688,S
D,803369,21,3,ctrl,3.1688,S
D,803465,21,3,ctrl,3.1688,S
D,803561,21,3,ctrl,3.1688,S
D,803657,21,3,ctrl,3.1688,S
D,803752,21,3,ctrl,3.1688,S
D,803848,21,3,ctrl,3.1688,S
D,803942,21,3,ctrl,3.1688,S
P,804518,21,40.0,3,3,ctrl,3.1688
E,804520,tap 1 (single pulse, 60 ms)
D,804613,21,1,tap,3.1688,S
D,804709,21,1,tap,3.1688,S
D,804803,21,1,tap,3.1688,S
D,804899,21,1,tap,3.1688,S
D,804995,21,1,tap,3.1688,S
D,805090,21,1,tap,3.1688,S
D,805186,21,1,tap,3.1688,S
D,805282,21,1,tap,3.1688,S
D,805378,21,1,tap,3.1688,S
D,805474,21,1,tap,3.1688,S
D,805570,21,1,tap,3.1688,S
P,807671,21,40.0,3,1,tap,3.1702
E,807674,tap 2 (single pulse, 60 ms)
D,807768,21,2,tap,3.1701,S
D,807863,21,2,tap,3.1701,S
D,807959,21,2,tap,3.1701,S
D,808055,21,2,tap,3.1701,S
D,808151,21,2,tap,3.1701,S
D,808246,21,2,tap,3.1702,S
D,808340,21,2,tap,3.1702,S
D,808436,21,2,tap,3.1702,S
D,808532,21,2,tap,3.1702,S
D,808628,21,2,tap,3.1703,U
D,808724,21,2,tap,3.1703,S
P,810828,21,40.0,3,2,tap,3.1717
E,810831,tap 3 (single pulse, 60 ms)
D,810924,21,3,tap,3.1717,S
D,811018,21,3,tap,3.1717,S
D,811114,21,3,tap,3.1717,S
D,811210,21,3,tap,3.1717,S
D,811305,21,3,tap,3.1717,S
D,811401,21,3,tap,3.1717,S
D,811497,21,3,tap,3.1717,S
D,811593,21,3,tap,3.1718,S
D,811689,21,3,tap,3.1718,S
D,811786,21,3,tap,3.1719,U
D,811880,21,3,tap,3.1719,U
P,813983,21,40.0,3,3,tap,3.1732
E,813986,tap 4 (single pulse, 60 ms)
D,814079,21,4,tap,3.1732,S
D,814175,21,4,tap,3.1732,S
D,814271,21,4,tap,3.1732,S
D,814366,21,4,tap,3.1732,S
D,814462,21,4,tap,3.1732,S
D,814559,21,4,tap,3.1732,S
D,814652,21,4,tap,3.1732,S
D,814748,21,4,tap,3.1732,S
D,814844,21,4,tap,3.1732,S
D,814940,21,4,tap,3.1732,S
D,815036,21,4,tap,3.1733,S
P,816948,21,40.0,3,4,tap,3.1743
E,816951,tap 5 (single pulse, 60 ms)
D,817044,21,5,tap,3.1743,S
D,817140,21,5,tap,3.1743,S
D,817234,21,5,tap,3.1743,S
D,817330,21,5,tap,3.1743,S
D,817426,21,5,tap,3.1743,S
D,817521,21,5,tap,3.1743,S
D,817617,21,5,tap,3.1743,S
D,817713,21,5,tap,3.1743,S
D,817813,21,5,tap,3.1744,S
D,817905,21,5,tap,3.1744,S
D,818001,21,5,tap,3.1745,U
P,818575,21,40.0,3,5,tap,3.1746
E,818577,tap 6 (single pulse, 60 ms)
D,818670,21,6,tap,3.1746,S
D,818765,21,6,tap,3.1748,U
D,818861,21,6,tap,3.1748,U
D,818957,21,6,tap,3.1749,U
D,819051,21,6,tap,3.1749,U
D,819147,21,6,tap,3.1750,U
D,819243,21,6,tap,3.1750,U
D,819339,21,6,tap,3.1751,U
D,819434,21,6,tap,3.1752,U
D,819530,21,6,tap,3.1753,U
D,819626,21,6,tap,3.1753,U
P,821539,21,40.0,3,6,tap,3.1763
E,821542,tap 7 (single pulse, 60 ms)
D,821635,21,7,tap,3.1763,S
D,821729,21,7,tap,3.1763,S
D,821825,21,7,tap,3.1763,S
D,821921,21,7,tap,3.1763,S
D,822016,21,7,tap,3.1763,S
D,822112,21,7,tap,3.1763,S
D,822208,21,7,tap,3.1763,S
D,822304,21,7,tap,3.1763,S
D,822400,21,7,tap,3.1764,S
D,822495,21,7,tap,3.1764,S
D,822590,21,7,tap,3.1764,S
P,824694,21,40.0,3,7,tap,3.1777
E,824697,tap 8 (single pulse, 60 ms)
D,824790,21,8,tap,3.1777,S
D,824886,21,8,tap,3.1777,S
D,824982,21,8,tap,3.1777,S
D,825077,21,8,tap,3.1777,S
D,825173,21,8,tap,3.1777,S
D,825267,21,8,tap,3.1777,S
D,825363,21,8,tap,3.1777,S
D,825459,21,8,tap,3.1777,S
D,825555,21,8,tap,3.1778,S
D,825651,21,8,tap,3.1778,S
D,825746,21,8,tap,3.1778,S
P,826320,21,40.0,3,8,tap,3.1780
E,826322,tap 9 (single pulse, 60 ms)
D,826416,21,9,tap,3.1781,U
D,826511,21,9,tap,3.1782,U
D,826607,21,9,tap,3.1782,U
D,826703,21,9,tap,3.1782,U
D,826799,21,9,tap,3.1783,U
D,826895,21,9,tap,3.1783,U
D,826990,21,9,tap,3.1784,U
D,827084,21,9,tap,3.1784,U
D,827180,21,9,tap,3.1784,U
D,827276,21,9,tap,3.1785,U
D,827372,21,9,tap,3.1786,U
P,828136,21,40.0,3,9,tap,3.1788
E,828139,tap 10 (single pulse, 60 ms)
D,828232,21,10,tap,3.1789,U
D,828328,21,10,tap,3.1789,U
D,828424,21,10,tap,3.1790,U
D,828520,21,10,tap,3.1790,U
D,828616,21,10,tap,3.1791,U
D,828711,21,10,tap,3.1791,U
D,828805,21,10,tap,3.1792,U
D,828901,21,10,tap,3.1792,U
D,828997,21,10,tap,3.1793,U
D,829093,21,10,tap,3.1794,U
D,829189,21,10,tap,3.1795,U
P,831102,21,40.0,3,10,tap,3.1809
D,831198,21,1,post,3.1809,S
D,831293,21,1,post,3.1809,S
D,831389,21,1,post,3.1809,S
D,831483,21,1,post,3.1809,S
D,831579,21,1,post,3.1809,S
D,831675,21,1,post,3.1809,S
D,831771,21,1,post,3.1809,S
D,831866,21,1,post,3.1809,S
D,831962,21,1,post,3.1809,S
D,832058,21,1,post,3.1809,S
P,832632,21,40.0,3,1,post,3.1809
D,832727,21,2,post,3.1809,S
D,832823,21,2,post,3.1809,S
D,832919,21,2,post,3.1809,S
D,833015,21,2,post,3.1809,S
D,833111,21,2,post,3.1809,S
D,833207,21,2,post,3.1809,S
D,833300,21,2,post,3.1809,S
D,833396,21,2,post,3.1809,S
D,833492,21,2,post,3.1810,S
D,833588,21,2,post,3.1810,S
P,834162,21,40.0,3,2,post,3.1810
E,834165,=== trial 22 : angle 50.0 plate deg, rep 3 ===
P,836171,22,50.0,3,0,base,3.1810
E,836175,prime rotate 360 deg @ 30 rpm
D,840477,22,0,prime,3.2872,S
D,840568,22,0,prime,3.2872,S
D,840664,22,0,prime,3.2872,S
D,840760,22,0,prime,3.2872,S
D,840856,22,0,prime,3.2872,S
D,840952,22,0,prime,3.2872,S
D,841048,22,0,prime,3.2872,S
D,841144,22,0,prime,3.2872,S
D,841239,22,0,prime,3.2872,S
D,841333,22,0,prime,3.2872,S
D,841429,22,0,prime,3.2872,S
D,841525,22,0,prime,3.2871,S
D,841621,22,0,prime,3.2871,S
D,841717,22,0,prime,3.2871,S
D,841813,22,0,prime,3.2871,S
D,841909,22,0,prime,3.2871,S
D,842004,22,0,prime,3.2871,S
D,842100,22,0,prime,3.2871,S
D,842194,22,0,prime,3.2871,S
D,842290,22,0,prime,3.2871,S
D,842386,22,0,prime,3.2871,S
D,842482,22,0,prime,3.2871,S
D,842578,22,0,prime,3.2871,S
D,842673,22,0,prime,3.2871,S
D,842769,22,0,prime,3.2871,S
D,842865,22,0,prime,3.2871,S
D,842961,22,0,prime,3.2871,S
D,843055,22,0,prime,3.2871,S
D,843151,22,0,prime,3.2871,S
D,843247,22,0,prime,3.2871,S
D,843343,22,0,prime,3.2871,S
D,843438,22,0,prime,3.2871,S
P,844012,22,50.0,3,0,prime,3.2871
D,844107,22,1,ctrl,3.2871,S
D,844203,22,1,ctrl,3.2871,S
D,844299,22,1,ctrl,3.2871,S
D,844395,22,1,ctrl,3.2871,S
D,844491,22,1,ctrl,3.2871,S
D,844587,22,1,ctrl,3.2871,S
D,844683,22,1,ctrl,3.2871,S
D,844778,22,1,ctrl,3.2871,S
D,844872,22,1,ctrl,3.2871,S
D,844968,22,1,ctrl,3.2871,S
P,845544,22,50.0,3,1,ctrl,3.2871
D,845640,22,2,ctrl,3.2871,S
D,845733,22,2,ctrl,3.2871,S
D,845830,22,2,ctrl,3.2871,S
D,845925,22,2,ctrl,3.2871,S
D,846021,22,2,ctrl,3.2871,S
D,846116,22,2,ctrl,3.2871,S
D,846212,22,2,ctrl,3.2871,S
D,846308,22,2,ctrl,3.2871,S
D,846404,22,2,ctrl,3.2871,S
D,846500,22,2,ctrl,3.2871,S
P,847074,22,50.0,3,2,ctrl,3.2871
D,847169,22,3,ctrl,3.2871,S
D,847265,22,3,ctrl,3.2871,S
D,847361,22,3,ctrl,3.2871,S
D,847457,22,3,ctrl,3.2871,S
D,847551,22,3,ctrl,3.2871,S
D,847646,22,3,ctrl,3.2871,S
D,847742,22,3,ctrl,3.2871,S
D,847838,22,3,ctrl,3.2871,S
D,847934,22,3,ctrl,3.2871,S
D,848030,22,3,ctrl,3.2871,S
P,848604,22,50.0,3,3,ctrl,3.2871
E,848606,tap 1 (single pulse, 60 ms)
D,848699,22,1,tap,3.2871,S
D,848794,22,1,tap,3.2871,S
D,848890,22,1,tap,3.2871,S
D,848986,22,1,tap,3.2871,S
D,849082,22,1,tap,3.2871,S
D,849178,22,1,tap,3.2871,S
D,849274,22,1,tap,3.2871,S
D,849367,22,1,tap,3.2871,S
D,849463,22,1,tap,3.2871,S
D,849559,22,1,tap,3.2871,S
D,849653,22,1,tap,3.2909,U
P,850418,22,50.0,3,1,tap,3.2910
E,850421,tap 2 (single pulse, 60 ms)
D,850515,22,2,tap,3.2910,S
D,850610,22,2,tap,3.2910,S
D,850706,22,2,tap,3.2910,S
D,850802,22,2,tap,3.2910,S
D,850898,22,2,tap,3.2910,S
D,850994,22,2,tap,3.2910,S
D,851088,22,2,tap,3.2910,S
D,851184,22,2,tap,3.2911,S
D,851279,22,2,tap,3.2912,U
D,851375,22,2,tap,3.2913,U
D,851471,22,2,tap,3.2915,U
P,853576,22,50.0,3,2,tap,3.2942
E,853579,tap 3 (single pulse, 60 ms)
D,853672,22,3,tap,3.2942,S
D,853765,22,3,tap,3.2942,S
D,853861,22,3,tap,3.2942,S
D,853957,22,3,tap,3.2942,S
D,854053,22,3,tap,3.2942,S
D,854149,22,3,tap,3.2942,S
D,854245,22,3,tap,3.2942,S
D,854341,22,3,tap,3.2942,S
D,854436,22,3,tap,3.2942,S
D,854532,22,3,tap,3.2943,S
D,854626,22,3,tap,3.2943,S
P,856539,22,50.0,3,3,tap,3.2955
E,856542,tap 4 (single pulse, 60 ms)
D,856635,22,4,tap,3.2955,S
D,856736,22,4,tap,3.2955,S
D,856827,22,4,tap,3.2955,S
D,856922,22,4,tap,3.2955,S
D,857018,22,4,tap,3.2955,S
D,857114,22,4,tap,3.2955,S
D,857210,22,4,tap,3.2955,S
D,857304,22,4,tap,3.2956,S
D,857400,22,4,tap,3.2956,S
D,857495,22,4,tap,3.2957,U
D,857591,22,4,tap,3.2958,U
P,859696,22,50.0,3,4,tap,3.2977
E,859699,tap 5 (single pulse, 60 ms)
D,859792,22,5,tap,3.2977,S
D,859888,22,5,tap,3.2977,S
D,859981,22,5,tap,3.2977,S
D,860077,22,5,tap,3.2977,S
D,860173,22,5,tap,3.2977,S
D,860269,22,5,tap,3.2977,S
D,860365,22,5,tap,3.2977,S
D,860461,22,5,tap,3.2977,S
D,860556,22,5,tap,3.2978,S
D,860652,22,5,tap,3.2978,S
D,860748,22,5,tap,3.2978,S
P,862469,22,50.0,3,5,tap,3.2986
E,862472,tap 6 (single pulse, 60 ms)
D,862565,22,6,tap,3.2987,U
D,862659,22,6,tap,3.2986,S
D,862755,22,6,tap,3.2986,S
D,862851,22,6,tap,3.2986,S
D,862947,22,6,tap,3.2986,S
D,863042,22,6,tap,3.2986,S
D,863138,22,6,tap,3.2987,S
D,863234,22,6,tap,3.2987,S
D,863330,22,6,tap,3.2988,U
D,863426,22,6,tap,3.2989,U
D,863522,22,6,tap,3.2990,U
P,865624,22,50.0,3,6,tap,3.3016
E,865627,tap 7 (single pulse, 60 ms)
D,865720,22,7,tap,3.3016,S
D,865816,22,7,tap,3.3016,S
D,865912,22,7,tap,3.3016,S
D,866008,22,7,tap,3.3016,S
D,866104,22,7,tap,3.3016,S
D,866197,22,7,tap,3.3016,S
D,866293,22,7,tap,3.3016,S
D,866389,22,7,tap,3.3017,S
D,866485,22,7,tap,3.3017,S
D,866581,22,7,tap,3.3019,U
D,866677,22,7,tap,3.3020,U
P,868781,22,50.0,3,7,tap,3.3045
E,868784,tap 8 (single pulse, 60 ms)
D,868876,22,8,tap,3.3045,S
D,868971,22,8,tap,3.3045,S
D,869067,22,8,tap,3.3045,S
D,869163,22,8,tap,3.3045,S
D,869259,22,8,tap,3.3045,S
D,869354,22,8,tap,3.3045,S
D,869450,22,8,tap,3.3045,S
D,869546,22,8,tap,3.3045,S
D,869642,22,8,tap,3.3046,S
D,869738,22,8,tap,3.3047,U
D,869832,22,8,tap,3.3048,U
P,871936,22,50.0,3,8,tap,3.3067
E,871939,tap 9 (single pulse, 60 ms)
D,872033,22,9,tap,3.3067,S
D,872128,22,9,tap,3.3067,S
D,872224,22,9,tap,3.3067,S
D,872320,22,9,tap,3.3067,S
D,872415,22,9,tap,3.3067,S
D,872509,22,9,tap,3.3067,S
D,872605,22,9,tap,3.3067,S
D,872701,22,9,tap,3.3067,S
D,872797,22,9,tap,3.3068,S
D,872893,22,9,tap,3.3069,U
D,872989,22,9,tap,3.3070,U
P,875095,22,50.0,3,9,tap,3.3087
E,875098,tap 10 (single pulse, 60 ms)
D,875187,22,10,tap,3.3087,S
D,875283,22,10,tap,3.3087,S
D,875379,22,10,tap,3.3087,S
D,875474,22,10,tap,3.3087,S
D,875570,22,10,tap,3.3087,S
D,875666,22,10,tap,3.3087,S
D,875762,22,10,tap,3.3087,S
D,875858,22,10,tap,3.3088,S
D,875954,22,10,tap,3.3089,U
D,876048,22,10,tap,3.3090,U
D,876143,22,10,tap,3.3091,U
P,878248,22,50.0,3,10,tap,3.3117
D,878344,22,1,post,3.3117,S
D,878440,22,1,post,3.3117,S
D,878536,22,1,post,3.3117,S
D,878632,22,1,post,3.3117,S
D,878726,22,1,post,3.3117,S
D,878821,22,1,post,3.3117,S
D,878917,22,1,post,3.3117,S
D,879013,22,1,post,3.3117,S
D,879110,22,1,post,3.3117,S
D,879206,22,1,post,3.3117,S
P,879779,22,50.0,3,1,post,3.3117
D,879874,22,2,post,3.3117,S
D,879970,22,2,post,3.3117,S
D,880066,22,2,post,3.3117,S
D,880161,22,2,post,3.3117,S
D,880257,22,2,post,3.3117,S
D,880353,22,2,post,3.3117,S
D,880447,22,2,post,3.3117,S
D,880543,22,2,post,3.3117,S
D,880639,22,2,post,3.3117,S
D,880734,22,2,post,3.3117,S
P,881311,22,50.0,3,2,post,3.3117
E,881314,=== trial 23 : angle 60.0 plate deg, rep 3 ===
P,883318,23,60.0,3,0,base,3.3117
E,883322,prime rotate 360 deg @ 30 rpm
D,887619,23,0,prime,3.4350,S
D,887715,23,0,prime,3.4350,S
D,887811,23,0,prime,3.4350,S
D,887906,23,0,prime,3.4350,S
D,888002,23,0,prime,3.4350,S
D,888098,23,0,prime,3.4350,S
D,888194,23,0,prime,3.4350,S
D,888290,23,0,prime,3.4350,S
D,888386,23,0,prime,3.4350,S
D,888480,23,0,prime,3.4350,S
D,888575,23,0,prime,3.4350,S
D,888671,23,0,prime,3.4350,S
D,888767,23,0,prime,3.4350,S
D,888863,23,0,prime,3.4350,S
D,888959,23,0,prime,3.4350,S
D,889055,23,0,prime,3.4350,S
D,889151,23,0,prime,3.4350,S
D,889247,23,0,prime,3.4350,S
D,889343,23,0,prime,3.4350,S
D,889436,23,0,prime,3.4350,S
D,889532,23,0,prime,3.4350,S
D,889628,23,0,prime,3.4350,S
D,889724,23,0,prime,3.4350,S
D,889820,23,0,prime,3.4350,S
D,889916,23,0,prime,3.4350,S
D,890011,23,0,prime,3.4350,S
D,890107,23,0,prime,3.4350,S
D,890203,23,0,prime,3.4350,S
D,890297,23,0,prime,3.4350,S
D,890393,23,0,prime,3.4350,S
D,890489,23,0,prime,3.4350,S
P,891065,23,60.0,3,0,prime,3.4350
D,891158,23,1,ctrl,3.4350,S
D,891254,23,1,ctrl,3.4350,S
D,891350,23,1,ctrl,3.4350,S
D,891445,23,1,ctrl,3.4350,S
D,891541,23,1,ctrl,3.4350,S
D,891637,23,1,ctrl,3.4350,S
D,891733,23,1,ctrl,3.4350,S
D,891829,23,1,ctrl,3.4350,S
D,891925,23,1,ctrl,3.4350,S
D,892019,23,1,ctrl,3.4350,S
P,892595,23,60.0,3,1,ctrl,3.4350
D,892690,23,2,ctrl,3.4350,S
D,892786,23,2,ctrl,3.4350,S
D,892881,23,2,ctrl,3.4350,S
D,892975,23,2,ctrl,3.4350,S
D,893071,23,2,ctrl,3.4350,S
D,893167,23,2,ctrl,3.4350,S
D,893263,23,2,ctrl,3.4350,S
D,893359,23,2,ctrl,3.4350,S
D,893455,23,2,ctrl,3.4350,S
D,893551,23,2,ctrl,3.4350,S
P,894125,23,60.0,3,2,ctrl,3.4350
D,894219,23,3,ctrl,3.4350,S
D,894315,23,3,ctrl,3.4350,S
D,894411,23,3,ctrl,3.4350,S
D,894507,23,3,ctrl,3.4350,S
D,894603,23,3,ctrl,3.4350,S
D,894697,23,3,ctrl,3.4350,S
D,894793,23,3,ctrl,3.4350,S
D,894888,23,3,ctrl,3.4350,S
D,894984,23,3,ctrl,3.4349,S
D,895085,23,3,ctrl,3.4349,S
P,895658,23,60.0,3,3,ctrl,3.4349
E,895660,tap 1 (single pulse, 60 ms)
D,895749,23,1,tap,3.4349,S
D,895845,23,1,tap,3.4349,S
D,895941,23,1,tap,3.4349,S
D,896037,23,1,tap,3.4349,S
D,896132,23,1,tap,3.4349,S
D,896228,23,1,tap,3.4349,S
D,896324,23,1,tap,3.4349,S
D,896420,23,1,tap,3.4349,S
D,896514,23,1,tap,3.4350,S
D,896608,23,1,tap,3.4419,U
D,896704,23,1,tap,3.4441,U
P,897661,23,60.0,3,1,tap,3.4444
E,897664,tap 2 (single pulse, 60 ms)
D,897757,23,2,tap,3.4444,S
D,897853,23,2,tap,3.4444,S
D,897948,23,2,tap,3.4444,S
D,898044,23,2,tap,3.4444,S
D,898140,23,2,tap,3.4444,S
D,898236,23,2,tap,3.4444,S
D,898330,23,2,tap,3.4445,S
D,898426,23,2,tap,3.4445,S
D,898521,23,2,tap,3.4447,U
D,898617,23,2,tap,3.4486,U
D,898713,23,2,tap,3.4498,U
P,899670,23,60.0,3,2,tap,3.4499
E,899673,tap 3 (single pulse, 60 ms)
D,899765,23,3,tap,3.4499,S
D,899861,23,3,tap,3.4499,S
D,899957,23,3,tap,3.4499,S
D,900051,23,3,tap,3.4499,S
D,900147,23,3,tap,3.4499,S
D,900243,23,3,tap,3.4499,S
D,900338,23,3,tap,3.4499,S
D,900435,23,3,tap,3.4500,S
D,900530,23,3,tap,3.4502,U
D,900626,23,3,tap,3.4559,U
D,900722,23,3,tap,3.4583,U
P,901678,23,60.0,3,3,tap,3.4595
E,901681,tap 4 (single pulse, 60 ms)
D,901774,23,4,tap,3.4595,S
D,901868,23,4,tap,3.4595,S
D,901964,23,4,tap,3.4595,S
D,902060,23,4,tap,3.4595,S
D,902156,23,4,tap,3.4594,S
D,902251,23,4,tap,3.4594,S
D,902347,23,4,tap,3.4595,S
D,902443,23,4,tap,3.4595,S
D,902539,23,4,tap,3.4597,U
D,902635,23,4,tap,3.4599,U
D,902729,23,4,tap,3.4644,U
P,903685,23,60.0,3,4,tap,3.4647
E,903688,tap 5 (single pulse, 60 ms)
D,903781,23,5,tap,3.4647,S
D,903877,23,5,tap,3.4647,S
D,903973,23,5,tap,3.4647,S
D,904068,23,5,tap,3.4647,S
D,904165,23,5,tap,3.4646,S
D,904260,23,5,tap,3.4647,S
D,904356,23,5,tap,3.4647,S
D,904452,23,5,tap,3.4647,S
D,904546,23,5,tap,3.4648,U
D,904642,23,5,tap,3.4650,U
D,904738,23,5,tap,3.4651,U
P,906842,23,60.0,3,5,tap,3.4678
E,906845,tap 6 (single pulse, 60 ms)
D,906938,23,6,tap,3.4678,S
D,907034,23,6,tap,3.4678,S
D,907130,23,6,tap,3.4678,S
D,907224,23,6,tap,3.4678,S
D,907319,23,6,tap,3.4678,S
D,907415,23,6,tap,3.4678,S
D,907511,23,6,tap,3.4678,S
D,907607,23,6,tap,3.4679,S
D,907703,23,6,tap,3.4680,U
D,907799,23,6,tap,3.4681,U
D,907894,23,6,tap,3.4717,U
P,908659,23,60.0,3,6,tap,3.4718
E,908662,tap 7 (single pulse, 60 ms)
D,908755,23,7,tap,3.4718,S
D,908851,23,7,tap,3.4718,S
D,908945,23,7,tap,3.4718,S
D,909041,23,7,tap,3.4718,S
D,909136,23,7,tap,3.4718,S
D,909232,23,7,tap,3.4718,S
D,909328,23,7,tap,3.4719,S
D,909424,23,7,tap,3.4720,U
D,909520,23,7,tap,3.4721,U
D,909616,23,7,tap,3.4765,U
D,909711,23,7,tap,3.4779,U
P,910668,23,60.0,3,7,tap,3.4779
E,910671,tap 8 (single pulse, 60 ms)
D,910762,23,8,tap,3.4778,S
D,910858,23,8,tap,3.4778,S
D,910953,23,8,tap,3.4778,S
D,911049,23,8,tap,3.4778,S
D,911145,23,8,tap,3.4778,S
D,911241,23,8,tap,3.4779,S
D,911337,23,8,tap,3.4779,S
D,911433,23,8,tap,3.4780,U
D,911529,23,8,tap,3.4782,U
D,911622,23,8,tap,3.4840,U
D,911718,23,8,tap,3.4862,U
P,912675,23,60.0,3,8,tap,3.4866
E,912678,tap 9 (single pulse, 60 ms)
D,912866,23,9,tap,3.4866,S
D,912962,23,9,tap,3.4866,S
D,913058,23,9,tap,3.4866,S
D,913154,23,9,tap,3.4866,S
D,913250,23,9,tap,3.4866,S
D,913346,23,9,tap,3.4867,S
D,913439,23,9,tap,3.4867,S
D,913536,23,9,tap,3.4869,U
D,913631,23,9,tap,3.4871,U
D,913727,23,9,tap,3.4911,U
P,914683,23,60.0,3,9,tap,3.4912
E,914686,tap 10 (single pulse, 60 ms)
D,914780,23,10,tap,3.4912,S
D,914876,23,10,tap,3.4912,S
D,914971,23,10,tap,3.4912,S
D,915067,23,10,tap,3.4912,S
D,915161,23,10,tap,3.4912,S
D,915257,23,10,tap,3.4912,S
D,915353,23,10,tap,3.4912,S
D,915448,23,10,tap,3.4913,S
D,915544,23,10,tap,3.4914,U
D,915640,23,10,tap,3.4916,U
D,915736,23,10,tap,3.4953,U
P,916692,23,60.0,3,10,tap,3.4952
D,916788,23,1,post,3.4952,S
D,916884,23,1,post,3.4952,S
D,916978,23,1,post,3.4952,S
D,917074,23,1,post,3.4952,S
D,917170,23,1,post,3.4952,S
D,917265,23,1,post,3.4952,S
D,917361,23,1,post,3.4952,S
D,917457,23,1,post,3.4952,S
D,917553,23,1,post,3.4952,S
D,917649,23,1,post,3.4952,S
P,918222,23,60.0,3,1,post,3.4952
D,918318,23,2,post,3.4952,S
D,918414,23,2,post,3.4952,S
D,918510,23,2,post,3.4952,S
D,918606,23,2,post,3.4952,S
D,918701,23,2,post,3.4952,S
D,918795,23,2,post,3.4952,S
D,918891,23,2,post,3.4952,S
D,918987,23,2,post,3.4952,S
D,919083,23,2,post,3.4952,S
D,919179,23,2,post,3.4952,S
P,919753,23,60.0,3,2,post,3.4951
E,919756,=== trial 24 : angle 70.0 plate deg, rep 3 ===
P,921762,24,70.0,3,0,base,3.4951
E,921766,prime rotate 360 deg @ 30 rpm
D,926064,24,0,prime,3.5435,S
D,926159,24,0,prime,3.5436,S
D,926255,24,0,prime,3.5436,S
D,926351,24,0,prime,3.5436,S
D,926447,24,0,prime,3.5437,U
D,926543,24,0,prime,3.5438,U
D,926639,24,0,prime,3.5438,U
D,926732,24,0,prime,3.5438,U
D,926828,24,0,prime,3.5438,U
D,926924,24,0,prime,3.5438,S
D,927020,24,0,prime,3.5438,S
D,927116,24,0,prime,3.5438,S
D,927212,24,0,prime,3.5438,S
D,927307,24,0,prime,3.5438,S
D,927404,24,0,prime,3.5438,S
D,927499,24,0,prime,3.5438,S
D,927595,24,0,prime,3.5438,S
D,927689,24,0,prime,3.5438,S
D,927785,24,0,prime,3.5438,S
D,927881,24,0,prime,3.5438,S
D,927976,24,0,prime,3.5438,S
D,928072,24,0,prime,3.5438,S
D,928168,24,0,prime,3.5438,S
D,928264,24,0,prime,3.5438,S
D,928360,24,0,prime,3.5438,S
D,928456,24,0,prime,3.5438,S
D,928550,24,0,prime,3.5438,S
D,928646,24,0,prime,3.5438,S
D,928741,24,0,prime,3.5438,S
D,928837,24,0,prime,3.5438,S
D,928933,24,0,prime,3.5438,S
P,929507,24,70.0,3,0,prime,3.5438
D,929602,24,1,ctrl,3.5438,S
D,929698,24,1,ctrl,3.5438,S
D,929794,24,1,ctrl,3.5438,S
D,929890,24,1,ctrl,3.5438,S
D,929986,24,1,ctrl,3.5438,S
D,930082,24,1,ctrl,3.5438,S
D,930177,24,1,ctrl,3.5438,S
D,930273,24,1,ctrl,3.5438,S
D,930367,24,1,ctrl,3.5438,S
D,930463,24,1,ctrl,3.5438,S
P,931038,24,70.0,3,1,ctrl,3.5437
D,931134,24,2,ctrl,3.5437,S
D,931228,24,2,ctrl,3.5437,S
D,931324,24,2,ctrl,3.5437,S
D,931420,24,2,ctrl,3.5437,S
D,931516,24,2,ctrl,3.5437,S
D,931611,24,2,ctrl,3.5437,S
D,931707,24,2,ctrl,3.5437,S
D,931803,24,2,ctrl,3.5437,S
D,931899,24,2,ctrl,3.5437,S
D,931995,24,2,ctrl,3.5437,S
P,932569,24,70.0,3,2,ctrl,3.5437
D,932664,24,3,ctrl,3.5437,S
D,932760,24,3,ctrl,3.5437,S
D,932856,24,3,ctrl,3.5437,S
D,932951,24,3,ctrl,3.5437,S
D,933045,24,3,ctrl,3.5437,S
D,933141,24,3,ctrl,3.5437,S
D,933237,24,3,ctrl,3.5437,S
D,933333,24,3,ctrl,3.5437,S
D,933429,24,3,ctrl,3.5437,S
D,933525,24,3,ctrl,3.5437,S
P,934098,24,70.0,3,3,ctrl,3.5437
E,934101,tap 1 (single pulse, 60 ms)
D,934204,24,1,tap,3.5437,S
D,934385,24,1,tap,3.5437,S
D,934481,24,1,tap,3.5437,S
D,934577,24,1,tap,3.5437,S
D,934673,24,1,tap,3.5437,S
D,934767,24,1,tap,3.5437,S
D,934862,24,1,tap,3.5437,S
D,934958,24,1,tap,3.5437,S
D,935053,24,1,tap,3.5501,U
D,935149,24,1,tap,3.5520,U
P,936105,24,70.0,3,1,tap,3.5519
E,936108,tap 2 (single pulse, 60 ms)
D,936201,24,2,tap,3.5519,S
D,936297,24,2,tap,3.5519,S
D,936393,24,2,tap,3.5519,S
D,936489,24,2,tap,3.5519,S
D,936583,24,2,tap,3.5519,S
D,936678,24,2,tap,3.5519,S
D,936774,24,2,tap,3.5520,S
D,936870,24,2,tap,3.5522,U
D,936966,24,2,tap,3.5575,U
D,937061,24,2,tap,3.5611,U
D,937157,24,2,tap,3.5641,U
P,938114,24,70.0,3,2,tap,3.5644
E,938117,tap 3 (single pulse, 60 ms)
D,938210,24,3,tap,3.5644,S
D,938306,24,3,tap,3.5644,S
D,938399,24,3,tap,3.5644,S
D,938495,24,3,tap,3.5644,S
D,938591,24,3,tap,3.5644,S
D,938687,24,3,tap,3.5644,S
D,938783,24,3,tap,3.5644,S
D,938879,24,3,tap,3.5645,S
D,938975,24,3,tap,3.5647,U
D,939070,24,3,tap,3.5695,U
D,939166,24,3,tap,3.5708,U
P,940121,24,70.0,3,3,tap,3.5707
E,940124,tap 4 (single pulse, 60 ms)
D,940217,24,4,tap,3.5707,S
D,940312,24,4,tap,3.5707,S
D,940408,24,4,tap,3.5707,S
D,940504,24,4,tap,3.5707,S
D,940600,24,4,tap,3.5707,S
D,940696,24,4,tap,3.5707,S
D,940792,24,4,tap,3.5708,S
D,940888,24,4,tap,3.5708,S
D,940981,24,4,tap,3.5709,U
D,941077,24,4,tap,3.5710,U
D,941173,24,4,tap,3.5711,U
P,943278,24,70.0,3,4,tap,3.5730
E,943281,tap 5 (single pulse, 60 ms)
D,943374,24,5,tap,3.5730,S
D,943470,24,5,tap,3.5730,S
D,943565,24,5,tap,3.5730,S
D,943659,24,5,tap,3.5730,S
D,943755,24,5,tap,3.5730,S
D,943851,24,5,tap,3.5730,S
D,943947,24,5,tap,3.5731,S
D,944043,24,5,tap,3.5731,S
D,944138,24,5,tap,3.5732,U
D,944234,24,5,tap,3.5733,U
D,944330,24,5,tap,3.5767,U
P,945095,24,70.0,3,5,tap,3.5767
E,945098,tap 6 (single pulse, 60 ms)
D,945191,24,6,tap,3.5767,S
D,945287,24,6,tap,3.5767,S
D,945382,24,6,tap,3.5767,S
D,945476,24,6,tap,3.5767,S
D,945572,24,6,tap,3.5767,S
D,945668,24,6,tap,3.5767,S
D,945764,24,6,tap,3.5767,S
D,945860,24,6,tap,3.5768,S
D,945955,24,6,tap,3.5771,U
D,946051,24,6,tap,3.5825,U
D,946147,24,6,tap,3.5844,U
P,947103,24,70.0,3,6,tap,3.5846
E,947106,tap 7 (single pulse, 60 ms)
D,947199,24,7,tap,3.5846,S
D,947293,24,7,tap,3.5846,S
D,947389,24,7,tap,3.5846,S
D,947485,24,7,tap,3.5846,S
D,947581,24,7,tap,3.5846,S
D,947677,24,7,tap,3.5846,S
D,947772,24,7,tap,3.5846,S
D,947868,24,7,tap,3.5848,U
D,947964,24,7,tap,3.5850,U
D,948060,24,7,tap,3.5918,U
D,948154,24,7,tap,3.5956,U
P,949302,24,70.0,3,7,tap,3.6014
E,949305,tap 8 (single pulse, 60 ms)
D,949398,24,8,tap,3.6014,S
D,949494,24,8,tap,3.6014,S
D,949590,24,8,tap,3.6014,S
D,949685,24,8,tap,3.6014,S
D,949781,24,8,tap,3.6014,S
D,949877,24,8,tap,3.6014,S
D,949971,24,8,tap,3.6014,S
D,950067,24,8,tap,3.6015,S
D,950163,24,8,tap,3.6018,U
D,950258,24,8,tap,3.6085,U
D,950354,24,8,tap,3.6120,U
P,951502,24,70.0,3,8,tap,3.6144
E,951505,tap 9 (single pulse, 60 ms)
D,951605,24,9,tap,3.6144,S
D,951693,24,9,tap,3.6144,S
D,951788,24,9,tap,3.6144,S
D,951884,24,9,tap,3.6144,S
D,951980,24,9,tap,3.6144,S
D,952076,24,9,tap,3.6144,S
D,952171,24,9,tap,3.6144,S
D,952267,24,9,tap,3.6145,S
D,952363,24,9,tap,3.6147,U
D,952459,24,9,tap,3.6193,U
D,952555,24,9,tap,3.6207,U
P,953510,24,70.0,3,9,tap,3.6206
E,953513,tap 10 (single pulse, 60 ms)
D,953605,24,10,tap,3.6206,S
D,953701,24,10,tap,3.6206,S
D,953797,24,10,tap,3.6206,S
D,953893,24,10,tap,3.6206,S
D,953988,24,10,tap,3.6206,S
D,954084,24,10,tap,3.6206,S
D,954180,24,10,tap,3.6206,S
D,954276,24,10,tap,3.6208,U
D,954370,24,10,tap,3.6258,U
D,954466,24,10,tap,3.6297,U
D,954563,24,10,tap,3.6331,U
P,955518,24,70.0,3,10,tap,3.6343
D,955614,24,1,post,3.6343,S
D,955710,24,1,post,3.6343,S
D,955805,24,1,post,3.6343,S
D,955901,24,1,post,3.6343,S
D,955997,24,1,post,3.6343,S
D,956093,24,1,post,3.6343,S
D,956187,24,1,post,3.6343,S
D,956283,24,1,post,3.6343,S
D,956379,24,1,post,3.6343,S
D,956475,24,1,post,3.6343,S
P,957049,24,70.0,3,1,post,3.6343
D,957144,24,2,post,3.6343,S
D,957240,24,2,post,3.6343,S
D,957335,24,2,post,3.6343,S
D,957431,24,2,post,3.6343,S
D,957527,24,2,post,3.6343,S
D,957623,24,2,post,3.6343,S
D,957719,24,2,post,3.6343,S
D,957815,24,2,post,3.6343,S
D,957910,24,2,post,3.6343,S
D,958005,24,2,post,3.6343,S
P,958581,24,70.0,3,2,post,3.6343
E,958583,all trials complete
SUMMARY,trials=24,taps_per_trial=10
