M,experiment,lowrpm-stop-battery-D-and-quantum-vs-tilt-Q
M,powder_id,salt
M,gear_ratio_stepper_per_auger,44/20=2.2
M,steps_per_auger_rev,3520
M,full_steps_rev,200
M,microsteps,8
M,stepper_direction,1
M,accel_rev_per_s2,4.0
M,cap_g,32.0
M,hard_g,38.0
M,tare_mode,no-hardware-tare-absolute-differences
M,auger_tare_g,56.716
M,tilt_D,55.0
M,rpms_D,5|10|15|25
M,reps_D,5
M,cruise_revs_D,3
M,halt_phase_deg,0.0
M,rpm_Q,10.0
M,incr_deg_Q,20.0
M,tilts_Q,15|35|55
M,n_scans_Q,2
M,flow_check,1rev@30rpm@55deg
M,tilt_D2,25.0
M,reps_D2,2
M,planned_D_trials,20
M,planned_Q_scans,6
M,planned_D2_trials,8
M,incr_per_scan_Q,18
E,1040,baseline (no tare) + 15 s static noise stream
P,1155,0,baseline0,0.0172,S,0.0000,0.00
D,1250,0,noise,0.0171,S,0,0.0000,0.00
D,1442,0,noise,0.0171,S,0,0.0000,0.00
D,1633,0,noise,0.0171,S,0,0.0000,0.00
D,1825,0,noise,0.0171,S,0,0.0000,0.00
D,2017,0,noise,0.0174,U,0,0.0000,0.00
D,2209,0,noise,0.0175,U,0,0.0000,0.00
D,2401,0,noise,0.0176,U,0,0.0000,0.00
D,2592,0,noise,0.0177,U,0,0.0000,0.00
D,2784,0,noise,0.0178,U,0,0.0000,0.00
D,2976,0,noise,0.0179,U,0,0.0000,0.00
D,3167,0,noise,0.0180,U,0,0.0000,0.00
D,3358,0,noise,0.0180,U,0,0.0000,0.00
D,3549,0,noise,0.0181,U,0,0.0000,0.00
D,3740,0,noise,0.0182,U,0,0.0000,0.00
D,3931,0,noise,0.0182,S,0,0.0000,0.00
D,4122,0,noise,0.0183,U,0,0.0000,0.00
D,4313,0,noise,0.0183,S,0,0.0000,0.00
D,4504,0,noise,0.0184,S,0,0.0000,0.00
D,4695,0,noise,0.0184,S,0,0.0000,0.00
D,4886,0,noise,0.0184,S,0,0.0000,0.00
D,5077,0,noise,0.0184,S,0,0.0000,0.00
D,5268,0,noise,0.0184,S,0,0.0000,0.00
D,5459,0,noise,0.0184,S,0,0.0000,0.00
D,5650,0,noise,0.0184,S,0,0.0000,0.00
D,5841,0,noise,0.0185,S,0,0.0000,0.00
D,6032,0,noise,0.0185,S,0,0.0000,0.00
D,6223,0,noise,0.0185,S,0,0.0000,0.00
D,6414,0,noise,0.0185,S,0,0.0000,0.00
D,6605,0,noise,0.0185,S,0,0.0000,0.00
D,6796,0,noise,0.0185,S,0,0.0000,0.00
D,6988,0,noise,0.0185,S,0,0.0000,0.00
D,7180,0,noise,0.0185,S,0,0.0000,0.00
D,7371,0,noise,0.0185,S,0,0.0000,0.00
D,7562,0,noise,0.0186,S,0,0.0000,0.00
D,7753,0,noise,0.0186,S,0,0.0000,0.00
D,7945,0,noise,0.0186,S,0,0.0000,0.00
D,8136,0,noise,0.0186,S,0,0.0000,0.00
D,8327,0,noise,0.0186,S,0,0.0000,0.00
D,8518,0,noise,0.0186,S,0,0.0000,0.00
D,8710,0,noise,0.0186,S,0,0.0000,0.00
D,8902,0,noise,0.0186,S,0,0.0000,0.00
D,9093,0,noise,0.0186,S,0,0.0000,0.00
D,9284,0,noise,0.0186,S,0,0.0000,0.00
D,9475,0,noise,0.0186,S,0,0.0000,0.00
D,9666,0,noise,0.0186,S,0,0.0000,0.00
D,9858,0,noise,0.0186,S,0,0.0000,0.00
D,10049,0,noise,0.0186,S,0,0.0000,0.00
D,10240,0,noise,0.0186,S,0,0.0000,0.00
D,10431,0,noise,0.0186,S,0,0.0000,0.00
D,10623,0,noise,0.0186,S,0,0.0000,0.00
D,10814,0,noise,0.0186,S,0,0.0000,0.00
D,11005,0,noise,0.0186,S,0,0.0000,0.00
D,11196,0,noise,0.0186,S,0,0.0000,0.00
D,11388,0,noise,0.0186,S,0,0.0000,0.00
D,11579,0,noise,0.0186,S,0,0.0000,0.00
D,11770,0,noise,0.0186,S,0,0.0000,0.00
D,11961,0,noise,0.0186,S,0,0.0000,0.00
D,12152,0,noise,0.0186,S,0,0.0000,0.00
D,12344,0,noise,0.0186,S,0,0.0000,0.00
D,12536,0,noise,0.0186,S,0,0.0000,0.00
D,12727,0,noise,0.0185,S,0,0.0000,0.00
D,12918,0,noise,0.0185,S,0,0.0000,0.00
D,13109,0,noise,0.0185,S,0,0.0000,0.00
D,13301,0,noise,0.0185,S,0,0.0000,0.00
D,13492,0,noise,0.0185,S,0,0.0000,0.00
D,13695,0,noise,0.0185,S,0,0.0000,0.00
D,13874,0,noise,0.0185,S,0,0.0000,0.00
D,14065,0,noise,0.0185,S,0,0.0000,0.00
D,14257,0,noise,0.0185,S,0,0.0000,0.00
D,14447,0,noise,0.0185,S,0,0.0000,0.00
D,14639,0,noise,0.0185,S,0,0.0000,0.00
D,14830,0,noise,0.0185,S,0,0.0000,0.00
D,15022,0,noise,0.0185,S,0,0.0000,0.00
D,15214,0,noise,0.0185,S,0,0.0000,0.00
D,15405,0,noise,0.0185,S,0,0.0000,0.00
D,15596,0,noise,0.0185,S,0,0.0000,0.00
D,15787,0,noise,0.0185,S,0,0.0000,0.00
D,15978,0,noise,0.0185,S,0,0.0000,0.00
D,16169,0,noise,0.0185,S,0,0.0000,0.00
P,16361,0,noise_end,0.0185,S,0.0000,0.00
E,16363,noise baseline done
E,16365,--- flow check D_pre (block 1): 1 rev @ 30 rpm, tilt 55 ---
P,19612,1,flow_before,-0.0048,S,0.0000,0.00
D,19706,1,flowmove,-0.0049,S,30,1.0000,0.00
D,19898,1,flowmove,-0.0053,U,30,1.0000,0.00
D,20090,1,flowmove,-0.0125,U,30,1.0000,0.00
D,20282,1,flowmove,-0.0143,U,30,1.0000,0.00
D,20474,1,flowmove,-0.0122,U,30,1.0000,0.00
D,20666,1,flowmove,-0.0093,U,30,1.0000,0.00
D,20858,1,flowmove,-0.0126,U,30,1.0000,0.00
D,21050,1,flowmove,-0.0132,U,30,1.0000,0.00
D,21242,1,flowmove,-0.0150,U,30,1.0000,0.00
D,21434,1,flowmove,-0.0204,U,30,1.0000,0.00
D,21626,1,flowmove,-0.0236,U,30,1.0000,0.00
D,21818,1,flowmove,-0.0128,U,30,1.0000,0.00
D,22010,1,flowmove,0.0091,U,30,1.0000,0.00
P,26672,1,flow_after,-0.0042,U,1.0000,0.00
F,1,D_pre,55,30,1,-0.0048,-0.0042,0.0006
E,26678,flow check LOW: 0.0006 g/rev (consecutive low = 1)
E,26681,=== D trial 2 : tilt 55 rep 1 rpm 5 cruise 3 rev -> halt phase 0 (abs -0.00) ===
P,28983,2,base,-0.0054,S,1.0000,0.00
D,29078,2,preroll,-0.0055,U,0,1.0000,0.00
D,29270,2,preroll,-0.0055,S,0,1.0000,0.00
D,29462,2,preroll,-0.0056,U,0,1.0000,0.00
D,29654,2,preroll,-0.0056,S,0,1.0000,0.00
D,29846,2,preroll,-0.0056,S,0,1.0000,0.00
D,30038,2,preroll,-0.0057,S,0,1.0000,0.00
D,30232,2,move,-0.0057,S,5,4.0000,0.00
D,30424,2,move,-0.0058,S,5,4.0000,0.00
D,30616,2,move,-0.0057,S,5,4.0000,0.00
D,30808,2,move,-0.0011,U,5,4.0000,0.00
D,31000,2,move,0.0077,U,5,4.0000,0.00
D,31192,2,move,0.0113,U,5,4.0000,0.00
D,31384,2,move,0.0085,U,5,4.0000,0.00
D,31567,2,move,0.0039,U,5,4.0000,0.00
D,31758,2,move,-0.0006,U,5,4.0000,0.00
D,31950,2,move,-0.0027,U,5,4.0000,0.00
D,32142,2,move,-0.0033,U,5,4.0000,0.00
D,32334,2,move,-0.0059,U,5,4.0000,0.00
D,32526,2,move,-0.0064,U,5,4.0000,0.00
D,32718,2,move,-0.0014,U,5,4.0000,0.00
D,32910,2,move,0.0132,U,5,4.0000,0.00
D,33102,2,move,0.0152,U,5,4.0000,0.00
D,33294,2,move,0.0069,U,5,4.0000,0.00
D,33486,2,move,-0.0013,U,5,4.0000,0.00
D,33678,2,move,-0.0024,U,5,4.0000,0.00
D,33870,2,move,-0.0001,U,5,4.0000,0.00
D,34050,2,move,0.0051,U,5,4.0000,0.00
D,34242,2,move,0.0160,U,5,4.0000,0.00
D,34434,2,move,0.0304,U,5,4.0000,0.00
D,34626,2,move,0.0541,U,5,4.0000,0.00
D,34818,2,move,0.0881,U,5,4.0000,0.00
D,35010,2,move,0.1034,U,5,4.0000,0.00
D,35202,2,move,0.0886,U,5,4.0000,0.00
D,35394,2,move,0.0765,U,5,4.0000,0.00
D,35586,2,move,0.0827,U,5,4.0000,0.00
D,35778,2,move,0.0926,U,5,4.0000,0.00
D,35970,2,move,0.0990,U,5,4.0000,0.00
D,36162,2,move,0.1105,U,5,4.0000,0.00
D,36354,2,move,0.1256,U,5,4.0000,0.00
D,36546,2,move,0.1397,U,5,4.0000,0.00
D,36738,2,move,0.1511,U,5,4.0000,0.00
D,36930,2,move,0.1625,U,5,4.0000,0.00
D,37122,2,move,0.1813,U,5,4.0000,0.00
D,37314,2,move,0.2045,U,5,4.0000,0.00
D,37492,2,move,0.2275,U,5,4.0000,0.00
D,37684,2,move,0.2545,U,5,4.0000,0.00
D,37876,2,move,0.2789,U,5,4.0000,0.00
D,38068,2,move,0.2948,U,5,4.0000,0.00
D,38260,2,move,0.3036,U,5,4.0000,0.00
D,38452,2,move,0.3077,U,5,4.0000,0.00
D,38644,2,move,0.3133,U,5,4.0000,0.00
D,38836,2,move,0.3164,U,5,4.0000,0.00
D,39028,2,move,0.3187,U,5,4.0000,0.00
D,39220,2,move,0.3215,U,5,4.0000,0.00
D,39412,2,move,0.3225,U,5,4.0000,0.00
D,39604,2,move,0.3240,U,5,4.0000,0.00
D,39796,2,move,0.3277,U,5,4.0000,0.00
D,39988,2,move,0.3333,U,5,4.0000,0.00
D,40180,2,move,0.3367,U,5,4.0000,0.00
D,40372,2,move,0.3347,U,5,4.0000,0.00
D,40564,2,move,0.3335,U,5,4.0000,0.00
D,40756,2,move,0.3338,U,5,4.0000,0.00
D,40948,2,move,0.3343,U,5,4.0000,0.00
D,41127,2,move,0.3342,U,5,4.0000,0.00
D,41319,2,move,0.3270,U,5,4.0000,0.00
D,41511,2,move,0.3257,U,5,4.0000,0.00
D,41703,2,move,0.3288,U,5,4.0000,0.00
D,41895,2,move,0.3294,U,5,4.0000,0.00
D,42087,2,move,0.3302,U,5,4.0000,0.00
D,42279,2,move,0.3306,U,5,4.0000,0.00
D,42471,2,move,0.3306,U,5,4.0000,0.00
D,42663,2,move,0.3314,U,5,4.0000,0.00
D,42855,2,move,0.3400,U,5,4.0000,0.00
D,43047,2,move,0.3442,U,5,4.0000,0.00
D,43239,2,move,0.3460,U,5,4.0000,0.00
D,43431,2,move,0.3452,U,5,4.0000,0.00
D,43623,2,move,0.3428,U,5,4.0000,0.00
D,43815,2,move,0.3337,U,5,4.0000,0.00
D,44007,2,move,0.3252,U,5,4.0000,0.00
D,44199,2,move,0.3225,U,5,4.0000,0.00
D,44391,2,move,0.3235,U,5,4.0000,0.00
D,44583,2,move,0.3241,U,5,4.0000,0.00
D,44761,2,move,0.3287,U,5,4.0000,0.00
D,44953,2,move,0.3327,U,5,4.0000,0.00
D,45145,2,move,0.3348,U,5,4.0000,0.00
D,45337,2,move,0.3355,U,5,4.0000,0.00
D,45529,2,move,0.3341,U,5,4.0000,0.00
D,45721,2,move,0.3350,U,5,4.0000,0.00
D,45913,2,move,0.3360,U,5,4.0000,0.00
D,46105,2,move,0.3393,U,5,4.0000,0.00
D,46297,2,move,0.3414,U,5,4.0000,0.00
D,46489,2,move,0.3479,U,5,4.0000,0.00
D,46681,2,move,0.3621,U,5,4.0000,0.00
D,46873,2,move,0.3823,U,5,4.0000,0.00
D,47065,2,move,0.4006,U,5,4.0000,0.00
D,47257,2,move,0.4130,U,5,4.0000,0.00
D,47449,2,move,0.4216,U,5,4.0000,0.00
D,47641,2,move,0.4289,U,5,4.0000,0.00
D,47833,2,move,0.4372,U,5,4.0000,0.00
D,48025,2,move,0.4482,U,5,4.0000,0.00
D,48203,2,move,0.4613,U,5,4.0000,0.00
D,48406,2,move,0.4820,U,5,4.0000,0.00
D,48598,2,move,0.5087,U,5,4.0000,0.00
D,48790,2,move,0.5275,U,5,4.0000,0.00
D,48970,2,move,0.5341,U,5,4.0000,0.00
D,49162,2,move,0.5414,U,5,4.0000,0.00
D,49354,2,move,0.5540,U,5,4.0000,0.00
D,49546,2,move,0.5665,U,5,4.0000,0.00
D,49738,2,move,0.5781,U,5,4.0000,0.00
D,49930,2,move,0.5918,U,5,4.0000,0.00
D,50122,2,move,0.6087,U,5,4.0000,0.00
D,50314,2,move,0.6205,U,5,4.0000,0.00
D,50506,2,move,0.6180,U,5,4.0000,0.00
D,50698,2,move,0.6098,U,5,4.0000,0.00
D,50890,2,move,0.6120,U,5,4.0000,0.00
D,51082,2,move,0.6187,U,5,4.0000,0.00
D,51274,2,move,0.6268,U,5,4.0000,0.00
D,51466,2,move,0.6331,U,5,4.0000,0.00
D,51658,2,move,0.6350,U,5,4.0000,0.00
D,51837,2,move,0.6379,U,5,4.0000,0.00
D,52029,2,move,0.6403,U,5,4.0000,0.00
D,52221,2,move,0.6363,U,5,4.0000,0.00
D,52413,2,move,0.6339,U,5,4.0000,0.00
D,52605,2,move,0.6364,U,5,4.0000,0.00
D,52797,2,move,0.6360,U,5,4.0000,0.00
D,52989,2,move,0.6354,U,5,4.0000,0.00
D,53181,2,move,0.6354,U,5,4.0000,0.00
D,53373,2,move,0.6353,U,5,4.0000,0.00
D,53565,2,move,0.6410,U,5,4.0000,0.00
D,53757,2,move,0.6475,U,5,4.0000,0.00
D,53949,2,move,0.6497,U,5,4.0000,0.00
D,54141,2,move,0.6512,U,5,4.0000,0.00
D,54333,2,move,0.6523,U,5,4.0000,0.00
D,54525,2,move,0.6549,U,5,4.0000,0.00
D,54717,2,move,0.6594,U,5,4.0000,0.00
D,54909,2,move,0.6636,U,5,4.0000,0.00
D,55101,2,move,0.6630,U,5,4.0000,0.00
D,55293,2,move,0.6500,U,5,4.0000,0.00
D,55471,2,move,0.6350,U,5,4.0000,0.00
D,55663,2,move,0.6379,U,5,4.0000,0.00
D,55855,2,move,0.6455,U,5,4.0000,0.00
D,56047,2,move,0.6402,U,5,4.0000,0.00
D,56239,2,move,0.6283,U,5,4.0000,0.00
D,56431,2,move,0.6237,U,5,4.0000,0.00
D,56623,2,move,0.6190,U,5,4.0000,0.00
D,56815,2,move,0.6214,U,5,4.0000,0.00
D,57007,2,move,0.6359,U,5,4.0000,0.00
D,57199,2,move,0.6459,U,5,4.0000,0.00
D,57391,2,move,0.6512,U,5,4.0000,0.00
D,57583,2,move,0.6572,U,5,4.0000,0.00
D,57775,2,move,0.6653,U,5,4.0000,0.00
D,57967,2,move,0.6747,U,5,4.0000,0.00
D,58159,2,move,0.6858,U,5,4.0000,0.00
D,58351,2,move,0.6977,U,5,4.0000,0.00
D,58543,2,move,0.7150,U,5,4.0000,0.00
D,58735,2,move,0.7391,U,5,4.0000,0.00
D,58914,2,move,0.7624,U,5,4.0000,0.00
D,59106,2,move,0.7788,U,5,4.0000,0.00
D,59298,2,move,0.7887,U,5,4.0000,0.00
D,59490,2,move,0.7979,U,5,4.0000,0.00
D,59682,2,move,0.8097,U,5,4.0000,0.00
D,59874,2,move,0.8203,U,5,4.0000,0.00
D,60066,2,move,0.8336,U,5,4.0000,0.00
D,60258,2,move,0.8443,U,5,4.0000,0.00
D,60450,2,move,0.8487,U,5,4.0000,0.00
D,60642,2,move,0.8662,U,5,4.0000,0.00
D,60834,2,move,0.8943,U,5,4.0000,0.00
D,61026,2,move,0.9143,U,5,4.0000,0.00
D,61218,2,move,0.9283,U,5,4.0000,0.00
D,61410,2,move,0.9371,U,5,4.0000,0.00
D,61602,2,move,0.9433,U,5,4.0000,0.00
D,61794,2,move,0.9516,U,5,4.0000,0.00
D,61986,2,move,0.9648,U,5,4.0000,0.00
D,62178,2,move,0.9763,U,5,4.0000,0.00
D,62370,2,move,0.9800,U,5,4.0000,0.00
D,62548,2,move,0.9737,U,5,4.0000,0.00
D,62740,2,move,0.9693,U,5,4.0000,0.00
D,62932,2,move,0.9784,U,5,4.0000,0.00
D,63124,2,move,0.9868,U,5,4.0000,0.00
D,63316,2,move,0.9904,U,5,4.0000,0.00
D,63508,2,move,0.9934,U,5,4.0000,0.00
D,63700,2,move,0.9947,U,5,4.0000,0.00
D,63892,2,move,0.9970,U,5,4.0000,0.00
D,64084,2,move,0.9977,U,5,4.0000,0.00
D,64276,2,move,0.9942,U,5,4.0000,0.00
D,64468,2,move,0.9906,U,5,4.0000,0.00
D,64660,2,move,0.9924,U,5,4.0000,0.00
D,64852,2,move,0.9943,U,5,4.0000,0.00
D,65044,2,move,0.9975,U,5,4.0000,0.00
D,65248,2,move,0.9954,U,5,4.0000,0.00
D,65417,2,move,0.9938,U,5,4.0000,0.00
D,65609,2,move,0.9917,U,5,4.0000,0.00
D,65801,2,move,0.9919,U,5,4.0000,0.00
D,65993,2,move,0.9921,U,5,4.0000,0.00
D,66185,2,move,0.9921,U,5,4.0000,0.00
D,66377,2,move,0.9922,S,5,4.0000,0.00
D,66569,2,move,0.9966,U,5,4.0000,0.00
D,66762,2,settle,0.9994,U,0,4.0000,0.00
D,66954,2,settle,0.9972,U,0,4.0000,0.00
D,67146,2,settle,0.9948,U,0,4.0000,0.00
D,67338,2,settle,0.9922,U,0,4.0000,0.00
D,67530,2,settle,0.9874,U,0,4.0000,0.00
D,67722,2,settle,0.9838,U,0,4.0000,0.00
D,67914,2,settle,0.9830,U,0,4.0000,0.00
D,68106,2,settle,0.9830,U,0,4.0000,0.00
D,68297,2,settle,0.9830,U,0,4.0000,0.00
D,68489,2,settle,0.9829,S,0,4.0000,0.00
D,68681,2,settle,0.9829,S,0,4.0000,0.00
D,68860,2,settle,0.9828,S,0,4.0000,0.00
D,69052,2,settle,0.9828,S,0,4.0000,0.00
D,69244,2,settle,0.9828,S,0,4.0000,0.00
D,69436,2,settle,0.9828,S,0,4.0000,0.00
D,69628,2,settle,0.9827,S,0,4.0000,0.00
D,69820,2,settle,0.9827,S,0,4.0000,0.00
D,70012,2,settle,0.9827,S,0,4.0000,0.00
D,70204,2,settle,0.9826,S,0,4.0000,0.00
D,70396,2,settle,0.9826,S,0,4.0000,0.00
D,70588,2,settle,0.9826,S,0,4.0000,0.00
D,70780,2,settle,0.9826,S,0,4.0000,0.00
D,70971,2,settle,0.9826,S,0,4.0000,0.00
D,71163,2,settle,0.9825,S,0,4.0000,0.00
D,71355,2,settle,0.9825,S,0,4.0000,0.00
D,71547,2,settle,0.9825,S,0,4.0000,0.00
D,71739,2,settle,0.9825,S,0,4.0000,0.00
D,71931,2,settle,0.9825,S,0,4.0000,0.00
D,72123,2,settle,0.9825,S,0,4.0000,0.00
D,72315,2,settle,0.9825,S,0,4.0000,0.00
D,72495,2,settle,0.9825,S,0,4.0000,0.00
D,72687,2,settle,0.9825,S,0,4.0000,0.00
D,72879,2,settle,0.9825,S,0,4.0000,0.00
D,73071,2,settle,0.9824,S,0,4.0000,0.00
D,73263,2,settle,0.9824,S,0,4.0000,0.00
D,73455,2,settle,0.9824,S,0,4.0000,0.00
D,73647,2,settle,0.9824,S,0,4.0000,0.00
D,73839,2,settle,0.9824,S,0,4.0000,0.00
D,74031,2,settle,0.9824,S,0,4.0000,0.00
D,74223,2,settle,0.9824,S,0,4.0000,0.00
D,74415,2,settle,0.9824,S,0,4.0000,0.00
D,74607,2,settle,0.9824,S,0,4.0000,0.00
P,74800,2,settled,0.9824,S,4.0000,0.00
S,2,D,1,55,1,5,3,0.0,4.0000,-0.0054,0.9966,36.37,0.9824,-0.0142,0.9878,0.9824,ok
E,74808,=== D trial 3 : tilt 55 rep 1 rpm 10 cruise 3 rev -> halt phase 0 (abs 0.98) ===
P,76225,3,base,0.9818,S,4.0000,0.00
D,76320,3,preroll,0.9817,U,0,4.0000,0.00
D,76512,3,preroll,0.9817,S,0,4.0000,0.00
D,76703,3,preroll,0.9816,U,0,4.0000,0.00
D,76895,3,preroll,0.9815,U,0,4.0000,0.00
D,77086,3,preroll,0.9815,S,0,4.0000,0.00
D,77278,3,preroll,0.9814,U,0,4.0000,0.00
D,77472,3,move,0.9813,U,10,7.0000,0.00
D,77664,3,move,0.9813,S,10,7.0000,0.00
D,77856,3,move,0.9813,S,10,7.0000,0.00
D,78048,3,move,0.9815,U,10,7.0000,0.00
D,78240,3,move,0.9843,U,10,7.0000,0.00
D,78432,3,move,0.9803,U,10,7.0000,0.00
D,78624,3,move,0.9747,U,10,7.0000,0.00
D,78816,3,move,0.9752,U,10,7.0000,0.00
D,79008,3,move,0.9798,U,10,7.0000,0.00
D,79200,3,move,0.9833,U,10,7.0000,0.00
D,79379,3,move,0.9825,U,10,7.0000,0.00
D,79571,3,move,0.9799,U,10,7.0000,0.00
D,79763,3,move,0.9801,U,10,7.0000,0.00
D,79955,3,move,0.9809,U,10,7.0000,0.00
D,80147,3,move,0.9838,U,10,7.0000,0.00
D,80339,3,move,0.9844,U,10,7.0000,0.00
D,80531,3,move,0.9838,U,10,7.0000,0.00
D,80723,3,move,0.9838,U,10,7.0000,0.00
D,80915,3,move,0.9922,U,10,7.0000,0.00
D,81107,3,move,1.0058,U,10,7.0000,0.00
D,81299,3,move,1.0205,U,10,7.0000,0.00
D,81491,3,move,1.0382,U,10,7.0000,0.00
D,81683,3,move,1.0625,U,10,7.0000,0.00
D,81875,3,move,1.0937,U,10,7.0000,0.00
D,82067,3,move,1.1181,U,10,7.0000,0.00
D,82259,3,move,1.1325,U,10,7.0000,0.00
D,82451,3,move,1.1342,U,10,7.0000,0.00
D,82643,3,move,1.1293,U,10,7.0000,0.00
D,82835,3,move,1.1307,U,10,7.0000,0.00
D,83013,3,move,1.1307,U,10,7.0000,0.00
D,83205,3,move,1.1301,U,10,7.0000,0.00
D,83408,3,move,1.1310,U,10,7.0000,0.00
D,83600,3,move,1.1343,U,10,7.0000,0.00
D,83780,3,move,1.1322,U,10,7.0000,0.00
D,83972,3,move,1.1298,U,10,7.0000,0.00
D,84164,3,move,1.1302,U,10,7.0000,0.00
D,84356,3,move,1.1312,U,10,7.0000,0.00
D,84548,3,move,1.1316,U,10,7.0000,0.00
D,84740,3,move,1.1350,U,10,7.0000,0.00
D,84932,3,move,1.1377,U,10,7.0000,0.00
D,85124,3,move,1.1383,U,10,7.0000,0.00
D,85316,3,move,1.1405,U,10,7.0000,0.00
D,85508,3,move,1.1427,U,10,7.0000,0.00
D,85700,3,move,1.1429,U,10,7.0000,0.00
D,85892,3,move,1.1423,U,10,7.0000,0.00
D,86084,3,move,1.1419,U,10,7.0000,0.00
D,86276,3,move,1.1425,U,10,7.0000,0.00
D,86468,3,move,1.1544,U,10,7.0000,0.00
D,86647,3,move,1.1694,U,10,7.0000,0.00
D,86839,3,move,1.1870,U,10,7.0000,0.00
D,87031,3,move,1.2075,U,10,7.0000,0.00
D,87223,3,move,1.2274,U,10,7.0000,0.00
D,87415,3,move,1.2418,U,10,7.0000,0.00
D,87607,3,move,1.2491,U,10,7.0000,0.00
D,87799,3,move,1.2612,U,10,7.0000,0.00
D,87991,3,move,1.2875,U,10,7.0000,0.00
D,88183,3,move,1.3137,U,10,7.0000,0.00
D,88375,3,move,1.3265,U,10,7.0000,0.00
D,88567,3,move,1.3247,U,10,7.0000,0.00
D,88759,3,move,1.3192,U,10,7.0000,0.00
D,88951,3,move,1.3196,U,10,7.0000,0.00
D,89143,3,move,1.3220,U,10,7.0000,0.00
D,89335,3,move,1.3270,U,10,7.0000,0.00
D,89527,3,move,1.3325,U,10,7.0000,0.00
D,89719,3,move,1.3342,U,10,7.0000,0.00
D,89911,3,move,1.3358,U,10,7.0000,0.00
D,90089,3,move,1.3359,U,10,7.0000,0.00
D,90281,3,move,1.3351,U,10,7.0000,0.00
D,90473,3,move,1.3344,U,10,7.0000,0.00
D,90665,3,move,1.3282,U,10,7.0000,0.00
D,90857,3,move,1.3269,U,10,7.0000,0.00
D,91049,3,move,1.3330,U,10,7.0000,0.00
D,91241,3,move,1.3373,U,10,7.0000,0.00
D,91433,3,move,1.3395,U,10,7.0000,0.00
D,91625,3,move,1.3417,U,10,7.0000,0.00
D,91817,3,move,1.3416,U,10,7.0000,0.00
D,92009,3,move,1.3404,U,10,7.0000,0.00
D,92201,3,move,1.3403,U,10,7.0000,0.00
D,92393,3,move,1.3401,U,10,7.0000,0.00
D,92585,3,move,1.3395,U,10,7.0000,0.00
D,92777,3,move,1.3368,U,10,7.0000,0.00
D,92969,3,move,1.3443,U,10,7.0000,0.00
D,93161,3,move,1.3494,U,10,7.0000,0.00
D,93353,3,move,1.3537,U,10,7.0000,0.00
D,93545,3,move,1.3621,U,10,7.0000,0.00
D,93724,3,move,1.3709,U,10,7.0000,0.00
D,93916,3,move,1.3850,U,10,7.0000,0.00
D,94108,3,move,1.4056,U,10,7.0000,0.00
D,94300,3,move,1.4255,U,10,7.0000,0.00
D,94492,3,move,1.4304,U,10,7.0000,0.00
D,94684,3,move,1.4237,U,10,7.0000,0.00
D,94876,3,move,1.4246,U,10,7.0000,0.00
D,95068,3,move,1.4307,U,10,7.0000,0.00
D,95260,3,move,1.4353,U,10,7.0000,0.00
D,95452,3,move,1.4379,U,10,7.0000,0.00
D,95644,3,move,1.4373,U,10,7.0000,0.00
D,95836,3,move,1.4369,U,10,7.0000,0.00
D,96029,3,settle,1.4371,U,0,7.0000,0.00
D,96220,3,settle,1.4378,U,0,7.0000,0.00
D,96410,3,settle,1.4436,U,0,7.0000,0.00
D,96601,3,settle,1.4472,U,0,7.0000,0.00
D,96792,3,settle,1.4482,U,0,7.0000,0.00
D,96983,3,settle,1.4481,U,0,7.0000,0.00
D,97175,3,settle,1.4480,U,0,7.0000,0.00
D,97366,3,settle,1.4480,U,0,7.0000,0.00
D,97557,3,settle,1.4480,S,0,7.0000,0.00
D,97748,3,settle,1.4479,S,0,7.0000,0.00
D,97939,3,settle,1.4479,S,0,7.0000,0.00
D,98130,3,settle,1.4479,S,0,7.0000,0.00
D,98322,3,settle,1.4479,S,0,7.0000,0.00
D,98514,3,settle,1.4479,S,0,7.0000,0.00
D,98705,3,settle,1.4479,S,0,7.0000,0.00
D,98897,3,settle,1.4479,S,0,7.0000,0.00
D,99089,3,settle,1.4478,S,0,7.0000,0.00
D,99281,3,settle,1.4478,S,0,7.0000,0.00
D,99473,3,settle,1.4478,S,0,7.0000,0.00
D,99665,3,settle,1.4478,S,0,7.0000,0.00
D,99857,3,settle,1.4478,S,0,7.0000,0.00
D,100036,3,settle,1.4478,S,0,7.0000,0.00
D,100228,3,settle,1.4478,S,0,7.0000,0.00
D,100432,3,settle,1.4478,S,0,7.0000,0.00
D,100623,3,settle,1.4477,S,0,7.0000,0.00
D,100801,3,settle,1.4477,S,0,7.0000,0.00
D,100993,3,settle,1.4477,S,0,7.0000,0.00
D,101184,3,settle,1.4477,S,0,7.0000,0.00
D,101376,3,settle,1.4477,S,0,7.0000,0.00
D,101568,3,settle,1.4477,S,0,7.0000,0.00
D,101759,3,settle,1.4477,S,0,7.0000,0.00
D,101951,3,settle,1.4473,U,0,7.0000,0.00
D,102143,3,settle,1.4472,U,0,7.0000,0.00
D,102335,3,settle,1.4470,U,0,7.0000,0.00
D,102527,3,settle,1.4469,U,0,7.0000,0.00
D,102719,3,settle,1.4468,U,0,7.0000,0.00
D,102911,3,settle,1.4467,U,0,7.0000,0.00
D,103103,3,settle,1.4467,U,0,7.0000,0.00
D,103295,3,settle,1.4466,U,0,7.0000,0.00
D,103487,3,settle,1.4465,U,0,7.0000,0.00
D,103679,3,settle,1.4464,U,0,7.0000,0.00
D,103871,3,settle,1.4463,U,0,7.0000,0.00
P,104064,3,settled,1.4463,S,7.0000,0.00
S,3,D,1,55,1,10,3,0.0,7.0000,0.9818,1.4369,18.39,1.4463,0.0094,0.4645,1.4463,ok
E,104071,=== D trial 4 : tilt 55 rep 1 rpm 15 cruise 3 rev -> halt phase 0 (abs 1.45) ===
P,105488,4,base,1.4460,S,7.0000,0.00
D,105583,4,preroll,1.4460,S,0,7.0000,0.00
D,105775,4,preroll,1.4460,S,0,7.0000,0.00
D,105967,4,preroll,1.4460,S,0,7.0000,0.00
D,106158,4,preroll,1.4460,S,0,7.0000,0.00
D,106350,4,preroll,1.4460,S,0,7.0000,0.00
D,106542,4,preroll,1.4460,S,0,7.0000,0.00
D,106736,4,move,1.4460,S,15,10.0000,0.00
D,106928,4,move,1.4460,S,15,10.0000,0.00
D,107120,4,move,1.4460,S,15,10.0000,0.00
D,107312,4,move,1.4461,S,15,10.0000,0.00
D,107504,4,move,1.4465,U,15,10.0000,0.00
D,107696,4,move,1.4468,U,15,10.0000,0.00
D,107888,4,move,1.4472,U,15,10.0000,0.00
D,108080,4,move,1.4476,U,15,10.0000,0.00
D,108272,4,move,1.4481,U,15,10.0000,0.00
D,108464,4,move,1.4487,U,15,10.0000,0.00
D,108656,4,move,1.4492,U,15,10.0000,0.00
D,108834,4,move,1.4495,U,15,10.0000,0.00
D,109026,4,move,1.4494,U,15,10.0000,0.00
D,109218,4,move,1.4505,U,15,10.0000,0.00
D,109410,4,move,1.4555,U,15,10.0000,0.00
D,109602,4,move,1.4598,U,15,10.0000,0.00
D,109794,4,move,1.4643,U,15,10.0000,0.00
D,109986,4,move,1.4732,U,15,10.0000,0.00
D,110178,4,move,1.4877,U,15,10.0000,0.00
D,110370,4,move,1.5046,U,15,10.0000,0.00
D,110562,4,move,1.5126,U,15,10.0000,0.00
D,110754,4,move,1.5125,U,15,10.0000,0.00
D,110946,4,move,1.5132,U,15,10.0000,0.00
D,111138,4,move,1.5151,U,15,10.0000,0.00
D,111330,4,move,1.5153,U,15,10.0000,0.00
D,111522,4,move,1.5147,U,15,10.0000,0.00
D,111714,4,move,1.5111,U,15,10.0000,0.00
D,111906,4,move,1.5121,U,15,10.0000,0.00
D,112098,4,move,1.5138,U,15,10.0000,0.00
D,112278,4,move,1.5178,U,15,10.0000,0.00
D,112470,4,move,1.5179,U,15,10.0000,0.00
D,112662,4,move,1.5160,U,15,10.0000,0.00
D,112854,4,move,1.5154,U,15,10.0000,0.00
D,113046,4,move,1.5274,U,15,10.0000,0.00
D,113238,4,move,1.5486,U,15,10.0000,0.00
D,113430,4,move,1.5629,U,15,10.0000,0.00
D,113622,4,move,1.5704,U,15,10.0000,0.00
D,113814,4,move,1.5812,U,15,10.0000,0.00
D,114006,4,move,1.5939,U,15,10.0000,0.00
D,114198,4,move,1.6121,U,15,10.0000,0.00
D,114390,4,move,1.6273,U,15,10.0000,0.00
D,114582,4,move,1.6317,U,15,10.0000,0.00
D,114774,4,move,1.6335,U,15,10.0000,0.00
D,114966,4,move,1.6355,U,15,10.0000,0.00
D,115145,4,move,1.6351,U,15,10.0000,0.00
D,115337,4,move,1.6341,U,15,10.0000,0.00
D,115529,4,move,1.6336,U,15,10.0000,0.00
D,115721,4,move,1.6333,U,15,10.0000,0.00
D,115913,4,move,1.6333,U,15,10.0000,0.00
D,116105,4,move,1.6336,U,15,10.0000,0.00
D,116297,4,move,1.6372,U,15,10.0000,0.00
D,116489,4,move,1.6363,U,15,10.0000,0.00
D,116681,4,move,1.6355,U,15,10.0000,0.00
D,116873,4,move,1.6350,U,15,10.0000,0.00
D,117065,4,move,1.6346,U,15,10.0000,0.00
D,117257,4,move,1.6341,U,15,10.0000,0.00
D,117449,4,move,1.6339,U,15,10.0000,0.00
D,117641,4,move,1.6342,U,15,10.0000,0.00
D,117833,4,move,1.6405,U,15,10.0000,0.00
D,118025,4,move,1.6521,U,15,10.0000,0.00
D,118217,4,move,1.6736,U,15,10.0000,0.00
D,118421,4,move,1.6930,U,15,10.0000,0.00
D,118591,4,move,1.6978,U,15,10.0000,0.00
D,118783,4,move,1.6952,U,15,10.0000,0.00
D,118975,4,move,1.6948,U,15,10.0000,0.00
D,119167,4,settle,1.6952,U,0,10.0000,0.00
D,119359,4,settle,1.6961,U,0,10.0000,0.00
D,119551,4,settle,1.7056,U,0,10.0000,0.00
D,119743,4,settle,1.7110,U,0,10.0000,0.00
D,119935,4,settle,1.7122,U,0,10.0000,0.00
D,120127,4,settle,1.7121,U,0,10.0000,0.00
D,120319,4,settle,1.7120,U,0,10.0000,0.00
D,120511,4,settle,1.7120,S,0,10.0000,0.00
D,120703,4,settle,1.7120,S,0,10.0000,0.00
D,120895,4,settle,1.7119,S,0,10.0000,0.00
D,121087,4,settle,1.7119,S,0,10.0000,0.00
D,121266,4,settle,1.7119,S,0,10.0000,0.00
D,121458,4,settle,1.7119,S,0,10.0000,0.00
D,121650,4,settle,1.7119,S,0,10.0000,0.00
D,121842,4,settle,1.7119,S,0,10.0000,0.00
D,122034,4,settle,1.7119,S,0,10.0000,0.00
D,122226,4,settle,1.7118,S,0,10.0000,0.00
D,122418,4,settle,1.7118,S,0,10.0000,0.00
D,122610,4,settle,1.7118,S,0,10.0000,0.00
D,122802,4,settle,1.7118,S,0,10.0000,0.00
D,122994,4,settle,1.7118,S,0,10.0000,0.00
D,123186,4,settle,1.7118,S,0,10.0000,0.00
D,123378,4,settle,1.7118,S,0,10.0000,0.00
D,123570,4,settle,1.7118,S,0,10.0000,0.00
D,123762,4,settle,1.7118,S,0,10.0000,0.00
D,123954,4,settle,1.7118,S,0,10.0000,0.00
D,124146,4,settle,1.7118,S,0,10.0000,0.00
D,124338,4,settle,1.7118,S,0,10.0000,0.00
D,124530,4,settle,1.7118,S,0,10.0000,0.00
D,124722,4,settle,1.7118,S,0,10.0000,0.00
D,124901,4,settle,1.7118,S,0,10.0000,0.00
D,125093,4,settle,1.7118,S,0,10.0000,0.00
D,125285,4,settle,1.7118,S,0,10.0000,0.00
D,125477,4,settle,1.7118,S,0,10.0000,0.00
D,125669,4,settle,1.7118,S,0,10.0000,0.00
D,125861,4,settle,1.7118,S,0,10.0000,0.00
D,126053,4,settle,1.7118,S,0,10.0000,0.00
D,126245,4,settle,1.7118,S,0,10.0000,0.00
D,126437,4,settle,1.7118,S,0,10.0000,0.00
D,126629,4,settle,1.7118,S,0,10.0000,0.00
D,126821,4,settle,1.7118,S,0,10.0000,0.00
D,127013,4,settle,1.7117,S,0,10.0000,0.00
P,127206,4,settled,1.7117,S,10.0000,0.00
S,4,D,1,55,1,15,3,0.0,10.0000,1.4460,1.6948,12.41,1.7117,0.0169,0.2657,1.7117,ok
E,127214,=== D trial 5 : tilt 55 rep 1 rpm 25 cruise 3 rev -> halt phase 0 (abs 1.71) ===
P,128632,5,base,1.7117,S,10.0000,0.00
D,128727,5,preroll,1.7117,S,0,10.0000,0.00
D,128919,5,preroll,1.7117,S,0,10.0000,0.00
D,129111,5,preroll,1.7116,S,0,10.0000,0.00
D,129303,5,preroll,1.7116,S,0,10.0000,0.00
D,129495,5,preroll,1.7116,S,0,10.0000,0.00
D,129686,5,preroll,1.7116,S,0,10.0000,0.00
D,129880,5,move,1.7116,S,25,13.0000,0.00
D,130072,5,move,1.7116,S,25,13.0000,0.00
D,130264,5,move,1.7116,S,25,13.0000,0.00
D,130456,5,move,1.7116,S,25,13.0000,0.00
D,130648,5,move,1.7054,U,25,13.0000,0.00
D,130840,5,move,1.7017,U,25,13.0000,0.00
D,131032,5,move,1.7025,U,25,13.0000,0.00
D,131211,5,move,1.7061,U,25,13.0000,0.00
D,131403,5,move,1.7085,U,25,13.0000,0.00
D,131595,5,move,1.7090,U,25,13.0000,0.00
D,131787,5,move,1.7173,U,25,13.0000,0.00
D,131979,5,move,1.7386,U,25,13.0000,0.00
D,132171,5,move,1.7611,U,25,13.0000,0.00
D,132363,5,move,1.7813,U,25,13.0000,0.00
D,132555,5,move,1.7964,U,25,13.0000,0.00
D,132747,5,move,1.8038,U,25,13.0000,0.00
D,132939,5,move,1.8061,U,25,13.0000,0.00
D,133131,5,move,1.8004,U,25,13.0000,0.00
D,133323,5,move,1.7954,U,25,13.0000,0.00
D,133515,5,move,1.7981,U,25,13.0000,0.00
D,133707,5,move,1.8046,U,25,13.0000,0.00
D,133899,5,move,1.8070,U,25,13.0000,0.00
D,134091,5,move,1.8082,U,25,13.0000,0.00
D,134283,5,move,1.8139,U,25,13.0000,0.00
D,134475,5,move,1.8227,U,25,13.0000,0.00
D,134654,5,move,1.8321,U,25,13.0000,0.00
D,134846,5,move,1.8465,U,25,13.0000,0.00
D,135038,5,move,1.8658,U,25,13.0000,0.00
D,135230,5,move,1.8715,U,25,13.0000,0.00
D,135422,5,move,1.8665,U,25,13.0000,0.00
D,135614,5,move,1.8616,U,25,13.0000,0.00
D,135806,5,move,1.8618,U,25,13.0000,0.00
D,135998,5,move,1.8662,U,25,13.0000,0.00
D,136190,5,move,1.8684,U,25,13.0000,0.00
D,136382,5,move,1.8688,U,25,13.0000,0.00
D,136585,5,move,1.8713,U,25,13.0000,0.00
D,136758,5,move,1.8757,U,25,13.0000,0.00
D,136950,5,move,1.8816,U,25,13.0000,0.00
D,137142,5,move,1.8897,U,25,13.0000,0.00
D,137334,5,move,1.8961,U,25,13.0000,0.00
D,137526,5,move,1.9041,U,25,13.0000,0.00
D,137718,5,settle,1.9161,U,0,13.0000,0.00
D,137910,5,settle,1.9217,U,0,13.0000,0.00
D,138102,5,settle,1.9235,U,0,13.0000,0.00
D,138294,5,settle,1.9242,U,0,13.0000,0.00
D,138486,5,settle,1.9240,U,0,13.0000,0.00
D,138678,5,settle,1.9240,U,0,13.0000,0.00
D,138870,5,settle,1.9239,U,0,13.0000,0.00
D,139062,5,settle,1.9239,S,0,13.0000,0.00
D,139254,5,settle,1.9238,S,0,13.0000,0.00
D,139446,5,settle,1.9238,S,0,13.0000,0.00
D,139638,5,settle,1.9238,S,0,13.0000,0.00
D,139830,5,settle,1.9237,S,0,13.0000,0.00
D,140009,5,settle,1.9237,S,0,13.0000,0.00
D,140201,5,settle,1.9237,S,0,13.0000,0.00
D,140393,5,settle,1.9237,S,0,13.0000,0.00
D,140585,5,settle,1.9237,S,0,13.0000,0.00
D,140777,5,settle,1.9237,S,0,13.0000,0.00
D,140969,5,settle,1.9236,S,0,13.0000,0.00
D,141161,5,settle,1.9236,S,0,13.0000,0.00
D,141353,5,settle,1.9236,S,0,13.0000,0.00
D,141545,5,settle,1.9236,S,0,13.0000,0.00
D,141737,5,settle,1.9236,S,0,13.0000,0.00
D,141929,5,settle,1.9236,S,0,13.0000,0.00
D,142121,5,settle,1.9236,S,0,13.0000,0.00
D,142313,5,settle,1.9237,S,0,13.0000,0.00
D,142505,5,settle,1.9237,S,0,13.0000,0.00
D,142697,5,settle,1.9237,S,0,13.0000,0.00
D,142889,5,settle,1.9237,S,0,13.0000,0.00
D,143081,5,settle,1.9237,S,0,13.0000,0.00
D,143273,5,settle,1.9237,S,0,13.0000,0.00
D,143465,5,settle,1.9237,S,0,13.0000,0.00
D,143644,5,settle,1.9237,S,0,13.0000,0.00
D,143836,5,settle,1.9238,S,0,13.0000,0.00
D,144028,5,settle,1.9238,S,0,13.0000,0.00
D,144220,5,settle,1.9238,S,0,13.0000,0.00
D,144412,5,settle,1.9238,S,0,13.0000,0.00
D,144604,5,settle,1.9238,S,0,13.0000,0.00
D,144796,5,settle,1.9238,S,0,13.0000,0.00
D,144988,5,settle,1.9238,S,0,13.0000,0.00
D,145180,5,settle,1.9238,S,0,13.0000,0.00
D,145372,5,settle,1.9238,S,0,13.0000,0.00
D,145564,5,settle,1.9238,S,0,13.0000,0.00
P,145757,5,settled,1.9238,S,13.0000,0.00
S,5,D,1,55,1,25,3,0.0,13.0000,1.7117,1.9041,7.65,1.9238,0.0197,0.2121,1.9238,ok
E,145764,--- flow check D_pre (block 2): 1 rev @ 30 rpm, tilt 55 ---
P,147184,6,flow_before,1.9238,S,13.0000,0.00
D,147279,6,flowmove,1.9238,S,30,14.0000,0.00
D,147471,6,flowmove,1.9238,S,30,14.0000,0.00
D,147663,6,flowmove,1.9238,S,30,14.0000,0.00
D,147855,6,flowmove,1.9238,S,30,14.0000,0.00
D,148047,6,flowmove,1.9173,U,30,14.0000,0.00
D,148239,6,flowmove,1.9071,U,30,14.0000,0.00
D,148431,6,flowmove,1.9041,U,30,14.0000,0.00
D,148623,6,flowmove,1.9089,U,30,14.0000,0.00
D,148815,6,flowmove,1.9106,U,30,14.0000,0.00
D,149007,6,flowmove,1.9145,U,30,14.0000,0.00
D,149199,6,flowmove,1.9218,U,30,14.0000,0.00
D,149391,6,flowmove,1.9245,U,30,14.0000,0.00
D,149583,6,flowmove,1.9324,U,30,14.0000,0.00
P,151489,6,flow_after,1.9664,S,14.0000,0.00
F,2,D_pre,55,30,1,1.9238,1.9664,0.0426
E,151496,=== D trial 7 : tilt 55 rep 2 rpm 5 cruise 3 rev -> halt phase 0 (abs 1.97) ===
P,153591,7,base,1.9657,S,14.0000,0.00
D,153685,7,preroll,1.9656,U,0,14.0000,0.00
D,153877,7,preroll,1.9656,S,0,14.0000,0.00
D,154069,7,preroll,1.9656,S,0,14.0000,0.00
D,154261,7,preroll,1.9656,S,0,14.0000,0.00
D,154453,7,preroll,1.9656,S,0,14.0000,0.00
D,154645,7,preroll,1.9656,S,0,14.0000,0.00
D,154839,7,move,1.9656,S,5,17.0000,0.00
D,155031,7,move,1.9656,S,5,17.0000,0.00
D,155223,7,move,1.9656,S,5,17.0000,0.00
D,155415,7,move,1.9656,S,5,17.0000,0.00
D,155619,7,move,1.9656,S,5,17.0000,0.00
D,155790,7,move,1.9656,S,5,17.0000,0.00
D,155982,7,move,1.9656,S,5,17.0000,0.00
D,156174,7,move,1.9625,U,5,17.0000,0.00
D,156366,7,move,1.9658,U,5,17.0000,0.00
D,156558,7,move,1.9661,U,5,17.0000,0.00
D,156750,7,move,1.9640,U,5,17.0000,0.00
D,156942,7,move,1.9443,U,5,17.0000,0.00
D,157134,7,move,1.9354,U,5,17.0000,0.00
D,157326,7,move,1.9328,U,5,17.0000,0.00
D,157518,7,move,1.9361,U,5,17.0000,0.00
D,157710,7,move,1.9409,U,5,17.0000,0.00
D,157902,7,move,1.9418,U,5,17.0000,0.00
D,158094,7,move,1.9397,U,5,17.0000,0.00
D,158286,7,move,1.9398,U,5,17.0000,0.00
D,158478,7,move,1.9464,U,5,17.0000,0.00
D,158657,7,move,1.9530,U,5,17.0000,0.00
D,158849,7,move,1.9586,U,5,17.0000,0.00
D,159041,7,move,1.9690,U,5,17.0000,0.00
D,159233,7,move,1.9891,U,5,17.0000,0.00
D,159425,7,move,2.0116,U,5,17.0000,0.00
D,159617,7,move,2.0285,U,5,17.0000,0.00
D,159809,7,move,2.0431,U,5,17.0000,0.00
D,160001,7,move,2.0553,U,5,17.0000,0.00
D,160193,7,move,2.0687,U,5,17.0000,0.00
D,160385,7,move,2.0836,U,5,17.0000,0.00
D,160577,7,move,2.0995,U,5,17.0000,0.00
D,160769,7,move,2.1159,U,5,17.0000,0.00
D,160961,7,move,2.1346,U,5,17.0000,0.00
D,161153,7,move,2.1580,U,5,17.0000,0.00
D,161345,7,move,2.1779,U,5,17.0000,0.00
D,161537,7,move,2.1868,U,5,17.0000,0.00
D,161729,7,move,2.1932,U,5,17.0000,0.00
D,161921,7,move,2.2063,U,5,17.0000,0.00
D,162113,7,move,2.2231,U,5,17.0000,0.00
D,162291,7,move,2.2390,U,5,17.0000,0.00
D,162483,7,move,2.2530,U,5,17.0000,0.00
D,162675,7,move,2.2661,U,5,17.0000,0.00
D,162867,7,move,2.2737,U,5,17.0000,0.00
D,163059,7,move,2.2711,U,5,17.0000,0.00
D,163251,7,move,2.2683,U,5,17.0000,0.00
D,163443,7,move,2.2696,U,5,17.0000,0.00
D,163635,7,move,2.2705,U,5,17.0000,0.00
D,163827,7,move,2.2745,U,5,17.0000,0.00
D,164019,7,move,2.2789,U,5,17.0000,0.00
D,164211,7,move,2.2800,U,5,17.0000,0.00
D,164403,7,move,2.2821,U,5,17.0000,0.00
D,164595,7,move,2.2866,U,5,17.0000,0.00
D,164787,7,move,2.2868,U,5,17.0000,0.00
D,164979,7,move,2.2848,U,5,17.0000,0.00
D,165171,7,move,2.2854,U,5,17.0000,0.00
D,165363,7,move,2.2863,U,5,17.0000,0.00
D,165555,7,move,2.2909,U,5,17.0000,0.00
D,165747,7,move,2.2899,U,5,17.0000,0.00
D,165925,7,move,2.2800,U,5,17.0000,0.00
D,166117,7,move,2.2675,U,5,17.0000,0.00
D,166309,7,move,2.2623,U,5,17.0000,0.00
D,166501,7,move,2.2611,U,5,17.0000,0.00
D,166693,7,move,2.2623,U,5,17.0000,0.00
D,166885,7,move,2.2639,U,5,17.0000,0.00
D,167077,7,move,2.2679,U,5,17.0000,0.00
D,167269,7,move,2.2705,U,5,17.0000,0.00
D,167461,7,move,2.2752,U,5,17.0000,0.00
D,167653,7,move,2.2789,U,5,17.0000,0.00
D,167845,7,move,2.2746,U,5,17.0000,0.00
D,168037,7,move,2.2680,U,5,17.0000,0.00
D,168229,7,move,2.2683,U,5,17.0000,0.00
D,168421,7,move,2.2653,U,5,17.0000,0.00
D,168613,7,move,2.2575,U,5,17.0000,0.00
D,168805,7,move,2.2548,U,5,17.0000,0.00
D,168997,7,move,2.2546,U,5,17.0000,0.00
D,169189,7,move,2.2568,U,5,17.0000,0.00
D,169368,7,move,2.2597,U,5,17.0000,0.00
D,169560,7,move,2.2645,U,5,17.0000,0.00
D,169752,7,move,2.2742,U,5,17.0000,0.00
D,169944,7,move,2.2837,U,5,17.0000,0.00
D,170136,7,move,2.2944,U,5,17.0000,0.00
D,170328,7,move,2.3105,U,5,17.0000,0.00
D,170520,7,move,2.3264,U,5,17.0000,0.00
D,170712,7,move,2.3386,U,5,17.0000,0.00
D,170904,7,move,2.3464,U,5,17.0000,0.00
D,171096,7,move,2.3558,U,5,17.0000,0.00
D,171288,7,move,2.3725,U,5,17.0000,0.00
D,171480,7,move,2.3920,U,5,17.0000,0.00
D,171672,7,move,2.4132,U,5,17.0000,0.00
D,171864,7,move,2.4337,U,5,17.0000,0.00
D,172056,7,move,2.4513,U,5,17.0000,0.00
D,172248,7,move,2.4647,U,5,17.0000,0.00
D,172440,7,move,2.4762,U,5,17.0000,0.00
D,172622,7,move,2.4920,U,5,17.0000,0.00
D,172814,7,move,2.5131,U,5,17.0000,0.00
D,173006,7,move,2.5343,U,5,17.0000,0.00
D,173198,7,move,2.5528,U,5,17.0000,0.00
D,173390,7,move,2.5682,U,5,17.0000,0.00
D,173582,7,move,2.5792,U,5,17.0000,0.00
D,173774,7,move,2.5857,U,5,17.0000,0.00
D,173966,7,move,2.5909,U,5,17.0000,0.00
D,174158,7,move,2.5990,U,5,17.0000,0.00
D,174350,7,move,2.6102,U,5,17.0000,0.00
D,174542,7,move,2.6224,U,5,17.0000,0.00
D,174734,7,move,2.6315,U,5,17.0000,0.00
D,174926,7,move,2.6342,U,5,17.0000,0.00
D,175118,7,move,2.6366,U,5,17.0000,0.00
D,175310,7,move,2.6464,U,5,17.0000,0.00
D,175502,7,move,2.6551,U,5,17.0000,0.00
D,175680,7,move,2.6588,U,5,17.0000,0.00
D,175872,7,move,2.6628,U,5,17.0000,0.00
D,176064,7,move,2.6657,U,5,17.0000,0.00
D,176256,7,move,2.6678,U,5,17.0000,0.00
D,176448,7,move,2.6741,U,5,17.0000,0.00
D,176640,7,move,2.6803,U,5,17.0000,0.00
D,176832,7,move,2.6803,U,5,17.0000,0.00
D,177024,7,move,2.6784,U,5,17.0000,0.00
D,177216,7,move,2.6782,U,5,17.0000,0.00
D,177408,7,move,2.6780,U,5,17.0000,0.00
D,177600,7,move,2.6775,U,5,17.0000,0.00
D,177792,7,move,2.6706,U,5,17.0000,0.00
D,177984,7,move,2.6585,U,5,17.0000,0.00
D,178176,7,move,2.6515,U,5,17.0000,0.00
D,178368,7,move,2.6509,U,5,17.0000,0.00
D,178560,7,move,2.6514,U,5,17.0000,0.00
D,178752,7,move,2.6485,U,5,17.0000,0.00
D,178944,7,move,2.6379,U,5,17.0000,0.00
D,179136,7,move,2.6363,U,5,17.0000,0.00
D,179314,7,move,2.6407,U,5,17.0000,0.00
D,179506,7,move,2.6466,U,5,17.0000,0.00
D,179698,7,move,2.6497,U,5,17.0000,0.00
D,179890,7,move,2.6491,U,5,17.0000,0.00
D,180082,7,move,2.6468,U,5,17.0000,0.00
D,180274,7,move,2.6459,U,5,17.0000,0.00
D,180466,7,move,2.6428,U,5,17.0000,0.00
D,180658,7,move,2.6422,U,5,17.0000,0.00
D,180850,7,move,2.6427,U,5,17.0000,0.00
D,181042,7,move,2.6418,U,5,17.0000,0.00
D,181234,7,move,2.6412,U,5,17.0000,0.00
D,181426,7,move,2.6423,U,5,17.0000,0.00
D,181618,7,move,2.6568,U,5,17.0000,0.00
D,181810,7,move,2.6622,U,5,17.0000,0.00
D,182002,7,move,2.6663,U,5,17.0000,0.00
D,182194,7,move,2.6754,U,5,17.0000,0.00
D,182386,7,move,2.6871,U,5,17.0000,0.00
D,182578,7,move,2.6963,U,5,17.0000,0.00
D,182756,7,move,2.6990,U,5,17.0000,0.00
D,182948,7,move,2.6983,U,5,17.0000,0.00
D,183140,7,move,2.7029,U,5,17.0000,0.00
D,183332,7,move,2.7104,U,5,17.0000,0.00
D,183524,7,move,2.7201,U,5,17.0000,0.00
D,183716,7,move,2.7362,U,5,17.0000,0.00
D,183908,7,move,2.7516,U,5,17.0000,0.00
D,184100,7,move,2.7621,U,5,17.0000,0.00
D,184292,7,move,2.7720,U,5,17.0000,0.00
D,184484,7,move,2.7836,U,5,17.0000,0.00
D,184676,7,move,2.7995,U,5,17.0000,0.00
D,184868,7,move,2.8271,U,5,17.0000,0.00
D,185060,7,move,2.8600,U,5,17.0000,0.00
D,185252,7,move,2.8855,U,5,17.0000,0.00
D,185444,7,move,2.9000,U,5,17.0000,0.00
D,185636,7,move,2.9048,U,5,17.0000,0.00
D,185828,7,move,2.9117,U,5,17.0000,0.00
D,186020,7,move,2.9183,U,5,17.0000,0.00
D,186212,7,move,2.9259,U,5,17.0000,0.00
D,186390,7,move,2.9387,U,5,17.0000,0.00
D,186582,7,move,2.9521,U,5,17.0000,0.00
D,186774,7,move,2.9586,U,5,17.0000,0.00
D,186966,7,move,2.9594,U,5,17.0000,0.00
D,187158,7,move,2.9595,U,5,17.0000,0.00
D,187350,7,move,2.9601,U,5,17.0000,0.00
D,187542,7,move,2.9638,U,5,17.0000,0.00
D,187734,7,move,2.9695,U,5,17.0000,0.00
D,187926,7,move,2.9758,U,5,17.0000,0.00
D,188118,7,move,2.9768,U,5,17.0000,0.00
D,188310,7,move,2.9738,U,5,17.0000,0.00
D,188502,7,move,2.9728,U,5,17.0000,0.00
D,188694,7,move,2.9746,U,5,17.0000,0.00
D,188886,7,move,2.9746,U,5,17.0000,0.00
D,189078,7,move,2.9743,U,5,17.0000,0.00
D,189270,7,move,2.9744,U,5,17.0000,0.00
D,189473,7,move,2.9742,U,5,17.0000,0.00
D,189644,7,move,2.9738,U,5,17.0000,0.00
D,189836,7,move,2.9702,U,5,17.0000,0.00
D,190028,7,move,2.9703,U,5,17.0000,0.00
D,190220,7,move,2.9707,U,5,17.0000,0.00
D,190412,7,move,2.9709,U,5,17.0000,0.00
D,190604,7,move,2.9710,U,5,17.0000,0.00
D,190796,7,move,2.9712,U,5,17.0000,0.00
D,190988,7,move,2.9712,U,5,17.0000,0.00
D,191180,7,move,2.9709,U,5,17.0000,0.00
D,191372,7,settle,2.9706,U,0,17.0000,0.00
D,191564,7,settle,2.9703,U,0,17.0000,0.00
D,191756,7,settle,2.9699,U,0,17.0000,0.00
D,191948,7,settle,2.9695,U,0,17.0000,0.00
D,192140,7,settle,2.9691,U,0,17.0000,0.00
D,192332,7,settle,2.9687,U,0,17.0000,0.00
D,192511,7,settle,2.9684,U,0,17.0000,0.00
D,192703,7,settle,2.9680,U,0,17.0000,0.00
D,192895,7,settle,2.9676,U,0,17.0000,0.00
D,193087,7,settle,2.9675,U,0,17.0000,0.00
D,193279,7,settle,2.9674,U,0,17.0000,0.00
D,193471,7,settle,2.9673,U,0,17.0000,0.00
D,193663,7,settle,2.9674,S,0,17.0000,0.00
D,193855,7,settle,2.9675,U,0,17.0000,0.00
D,194047,7,settle,2.9676,U,0,17.0000,0.00
D,194239,7,settle,2.9676,S,0,17.0000,0.00
D,194431,7,settle,2.9675,S,0,17.0000,0.00
D,194623,7,settle,2.9675,S,0,17.0000,0.00
D,194815,7,settle,2.9675,S,0,17.0000,0.00
D,195007,7,settle,2.9674,S,0,17.0000,0.00
D,195199,7,settle,2.9674,S,0,17.0000,0.00
D,195391,7,settle,2.9674,S,0,17.0000,0.00
D,195583,7,settle,2.9674,S,0,17.0000,0.00
D,195775,7,settle,2.9673,S,0,17.0000,0.00
D,195967,7,settle,2.9671,U,0,17.0000,0.00
D,196145,7,settle,2.9671,U,0,17.0000,0.00
D,196337,7,settle,2.9670,U,0,17.0000,0.00
D,196529,7,settle,2.9670,S,0,17.0000,0.00
D,196721,7,settle,2.9670,S,0,17.0000,0.00
D,196913,7,settle,2.9669,S,0,17.0000,0.00
D,197105,7,settle,2.9669,S,0,17.0000,0.00
D,197297,7,settle,2.9669,S,0,17.0000,0.00
D,197489,7,settle,2.9669,S,0,17.0000,0.00
D,197681,7,settle,2.9669,S,0,17.0000,0.00
D,197873,7,settle,2.9670,S,0,17.0000,0.00
D,198065,7,settle,2.9670,S,0,17.0000,0.00
D,198257,7,settle,2.9670,S,0,17.0000,0.00
D,198449,7,settle,2.9670,S,0,17.0000,0.00
D,198641,7,settle,2.9670,S,0,17.0000,0.00
D,198833,7,settle,2.9670,S,0,17.0000,0.00
D,199025,7,settle,2.9670,S,0,17.0000,0.00
D,199217,7,settle,2.9671,S,0,17.0000,0.00
P,199410,7,settled,2.9671,S,17.0000,0.00
S,7,D,2,55,2,5,3,0.0,17.0000,1.9657,2.9709,36.37,2.9671,-0.0038,1.0014,2.9671,ok
E,199418,=== D trial 8 : tilt 55 rep 2 rpm 25 cruise 3 rev -> halt phase 0 (abs 2.97) ===
P,200833,8,base,2.9672,S,17.0000,0.00
D,200928,8,preroll,2.9672,S,0,17.0000,0.00
D,201120,8,preroll,2.9672,S,0,17.0000,0.00
D,201312,8,preroll,2.9672,S,0,17.0000,0.00
D,201503,8,preroll,2.9672,S,0,17.0000,0.00
D,201695,8,preroll,2.9673,S,0,17.0000,0.00
D,201886,8,preroll,2.9673,S,0,17.0000,0.00
D,202080,8,move,2.9673,S,25,20.0000,0.00
D,202272,8,move,2.9673,S,25,20.0000,0.00
D,202464,8,move,2.9674,S,25,20.0000,0.00
D,202656,8,move,2.9680,U,25,20.0000,0.00
D,202848,8,move,2.9721,U,25,20.0000,0.00
D,203040,8,move,2.9693,U,25,20.0000,0.00
D,203232,8,move,2.9673,U,25,20.0000,0.00
D,203424,8,move,2.9698,U,25,20.0000,0.00
D,203616,8,move,2.9702,U,25,20.0000,0.00
D,203808,8,move,2.9702,U,25,20.0000,0.00
D,204000,8,move,2.9704,U,25,20.0000,0.00
D,204178,8,move,2.9768,U,25,20.0000,0.00
D,204370,8,move,2.9883,U,25,20.0000,0.00
D,204562,8,move,3.0009,U,25,20.0000,0.00
D,204754,8,move,3.0053,U,25,20.0000,0.00
D,204946,8,move,3.0061,U,25,20.0000,0.00
D,205138,8,move,3.0113,U,25,20.0000,0.00
D,205330,8,move,3.0143,U,25,20.0000,0.00
D,205522,8,move,3.0092,U,25,20.0000,0.00
D,205714,8,move,3.0074,U,25,20.0000,0.00
D,205906,8,move,3.0120,U,25,20.0000,0.00
D,206098,8,move,3.0178,U,25,20.0000,0.00
D,206290,8,move,3.0216,U,25,20.0000,0.00
D,206482,8,move,3.0225,U,25,20.0000,0.00
D,206674,8,move,3.0225,U,25,20.0000,0.00
D,206866,8,move,3.0230,U,25,20.0000,0.00
D,207058,8,move,3.0241,U,25,20.0000,0.00
D,207250,8,move,3.0378,U,25,20.0000,0.00
D,207442,8,move,3.0546,U,25,20.0000,0.00
D,207646,8,move,3.0576,U,25,20.0000,0.00
D,207816,8,move,3.0515,U,25,20.0000,0.00
D,208008,8,move,3.0493,U,25,20.0000,0.00
D,208200,8,move,3.0519,U,25,20.0000,0.00
D,208392,8,move,3.0529,U,25,20.0000,0.00
D,208584,8,move,3.0519,U,25,20.0000,0.00
D,208776,8,move,3.0516,U,25,20.0000,0.00
D,208968,8,move,3.0579,U,25,20.0000,0.00
D,209160,8,move,3.0648,U,25,20.0000,0.00
D,209352,8,move,3.0782,U,25,20.0000,0.00
D,209544,8,move,3.0986,U,25,20.0000,0.00
D,209736,8,settle,3.1080,U,0,20.0000,0.00
D,209928,8,settle,3.1062,U,0,20.0000,0.00
D,210120,8,settle,3.1046,U,0,20.0000,0.00
D,210300,8,settle,3.1051,U,0,20.0000,0.00
D,210492,8,settle,3.1056,U,0,20.0000,0.00
D,210683,8,settle,3.1057,U,0,20.0000,0.00
D,210875,8,settle,3.1058,U,0,20.0000,0.00
D,211066,8,settle,3.1058,S,0,20.0000,0.00
D,211258,8,settle,3.1058,S,0,20.0000,0.00
D,211450,8,settle,3.1058,S,0,20.0000,0.00
D,211642,8,settle,3.1057,S,0,20.0000,0.00
D,211834,8,settle,3.1057,S,0,20.0000,0.00
D,212026,8,settle,3.1057,S,0,20.0000,0.00
D,212218,8,settle,3.1057,S,0,20.0000,0.00
D,212410,8,settle,3.1056,S,0,20.0000,0.00
D,212602,8,settle,3.1056,S,0,20.0000,0.00
D,212794,8,settle,3.1055,U,0,20.0000,0.00
D,212986,8,settle,3.1053,U,0,20.0000,0.00
D,213178,8,settle,3.1053,U,0,20.0000,0.00
D,213370,8,settle,3.1052,U,0,20.0000,0.00
D,213562,8,settle,3.1051,U,0,20.0000,0.00
D,213754,8,settle,3.1051,S,0,20.0000,0.00
D,213932,8,settle,3.1051,S,0,20.0000,0.00
D,214124,8,settle,3.1050,S,0,20.0000,0.00
D,214316,8,settle,3.1050,S,0,20.0000,0.00
D,214508,8,settle,3.1050,S,0,20.0000,0.00
D,214700,8,settle,3.1050,S,0,20.0000,0.00
D,214892,8,settle,3.1050,S,0,20.0000,0.00
D,215084,8,settle,3.1050,S,0,20.0000,0.00
D,215276,8,settle,3.1050,S,0,20.0000,0.00
D,215468,8,settle,3.1050,S,0,20.0000,0.00
D,215660,8,settle,3.1050,S,0,20.0000,0.00
D,215852,8,settle,3.1050,S,0,20.0000,0.00
D,216044,8,settle,3.1050,S,0,20.0000,0.00
D,216236,8,settle,3.1050,S,0,20.0000,0.00
D,216428,8,settle,3.1050,S,0,20.0000,0.00
D,216620,8,settle,3.1050,S,0,20.0000,0.00
D,216812,8,settle,3.1050,S,0,20.0000,0.00
D,217004,8,settle,3.1050,S,0,20.0000,0.00
D,217196,8,settle,3.1049,S,0,20.0000,0.00
D,217388,8,settle,3.1049,S,0,20.0000,0.00
D,217567,8,settle,3.1049,S,0,20.0000,0.00
P,217760,8,settled,3.1049,S,20.0000,0.00
S,8,D,2,55,2,25,3,0.0,20.0000,2.9672,3.0986,7.65,3.1049,0.0063,0.1377,3.1049,ok
E,217768,=== D trial 9 : tilt 55 rep 2 rpm 15 cruise 3 rev -> halt phase 0 (abs 3.10) ===
P,219100,9,base,3.1048,S,20.0000,0.00
D,219195,9,preroll,3.1048,S,0,20.0000,0.00
D,219387,9,preroll,3.1048,S,0,20.0000,0.00
D,219579,9,preroll,3.1048,S,0,20.0000,0.00
D,219770,9,preroll,3.1048,S,0,20.0000,0.00
D,219962,9,preroll,3.1048,S,0,20.0000,0.00
D,220154,9,preroll,3.1048,S,0,20.0000,0.00
D,220348,9,move,3.1048,S,15,23.0000,0.00
D,220540,9,move,3.1047,S,15,23.0000,0.00
D,220732,9,move,3.1047,S,15,23.0000,0.00
D,220924,9,move,3.1047,S,15,23.0000,0.00
D,221116,9,move,3.1047,S,15,23.0000,0.00
D,221308,9,move,3.1047,S,15,23.0000,0.00
D,221500,9,move,3.1043,U,15,23.0000,0.00
D,221692,9,move,3.1044,U,15,23.0000,0.00
D,221871,9,move,3.1098,U,15,23.0000,0.00
D,222063,9,move,3.1087,U,15,23.0000,0.00
D,222255,9,move,3.1057,U,15,23.0000,0.00
D,222447,9,move,3.1034,U,15,23.0000,0.00
D,222639,9,move,3.1062,U,15,23.0000,0.00
D,222831,9,move,3.1083,U,15,23.0000,0.00
D,223023,9,move,3.1084,U,15,23.0000,0.00
D,223215,9,move,3.1086,U,15,23.0000,0.00
D,223407,9,move,3.1091,U,15,23.0000,0.00
D,223599,9,move,3.1099,U,15,23.0000,0.00
D,223791,9,move,3.1142,U,15,23.0000,0.00
D,223983,9,move,3.1194,U,15,23.0000,0.00
D,224175,9,move,3.1342,U,15,23.0000,0.00
D,224367,9,move,3.1501,U,15,23.0000,0.00
D,224559,9,move,3.1531,U,15,23.0000,0.00
D,224738,9,move,3.1522,U,15,23.0000,0.00
D,224930,9,move,3.1521,U,15,23.0000,0.00
D,225122,9,move,3.1523,U,15,23.0000,0.00
D,225314,9,move,3.1530,U,15,23.0000,0.00
D,225506,9,move,3.1535,U,15,23.0000,0.00
D,225698,9,move,3.1537,U,15,23.0000,0.00
D,225887,9,move,3.1545,U,15,23.0000,0.00
D,226079,9,move,3.1611,U,15,23.0000,0.00
D,226271,9,move,3.1561,U,15,23.0000,0.00
D,226463,9,move,3.1532,U,15,23.0000,0.00
D,226655,9,move,3.1553,U,15,23.0000,0.00
D,226847,9,move,3.1565,U,15,23.0000,0.00
D,227039,9,move,3.1562,U,15,23.0000,0.00
D,227231,9,move,3.1559,U,15,23.0000,0.00
D,227423,9,move,3.1559,U,15,23.0000,0.00
D,227615,9,move,3.1631,U,15,23.0000,0.00
D,227807,9,move,3.1730,U,15,23.0000,0.00
D,227999,9,move,3.1783,U,15,23.0000,0.00
D,228191,9,move,3.1891,U,15,23.0000,0.00
D,228383,9,move,3.1991,U,15,23.0000,0.00
D,228575,9,move,3.1955,U,15,23.0000,0.00
D,228767,9,move,3.1938,U,15,23.0000,0.00
D,228959,9,move,3.1956,U,15,23.0000,0.00
D,229137,9,move,3.2004,U,15,23.0000,0.00
D,229329,9,move,3.2016,U,15,23.0000,0.00
D,229521,9,move,3.2035,U,15,23.0000,0.00
D,229713,9,move,3.2068,U,15,23.0000,0.00
D,229905,9,move,3.2077,U,15,23.0000,0.00
D,230097,9,move,3.2050,U,15,23.0000,0.00
D,230289,9,move,3.2024,U,15,23.0000,0.00
D,230481,9,move,3.2020,U,15,23.0000,0.00
D,230673,9,move,3.2031,U,15,23.0000,0.00
D,230865,9,move,3.2041,U,15,23.0000,0.00
D,231057,9,move,3.2043,U,15,23.0000,0.00
D,231249,9,move,3.2040,U,15,23.0000,0.00
D,231441,9,move,3.2044,U,15,23.0000,0.00
D,231633,9,move,3.2180,U,15,23.0000,0.00
D,231825,9,move,3.2338,U,15,23.0000,0.00
D,232017,9,move,3.2496,U,15,23.0000,0.00
D,232209,9,move,3.2573,U,15,23.0000,0.00
D,232401,9,move,3.2594,U,15,23.0000,0.00
D,232593,9,move,3.2625,U,15,23.0000,0.00
D,232772,9,settle,3.2660,U,0,23.0000,0.00
D,232964,9,settle,3.2663,U,0,23.0000,0.00
D,233156,9,settle,3.2657,U,0,23.0000,0.00
D,233348,9,settle,3.2657,U,0,23.0000,0.00
D,233540,9,settle,3.2656,U,0,23.0000,0.00
D,233732,9,settle,3.2655,U,0,23.0000,0.00
D,233924,9,settle,3.2654,U,0,23.0000,0.00
D,234116,9,settle,3.2654,U,0,23.0000,0.00
D,234308,9,settle,3.2653,U,0,23.0000,0.00
D,234500,9,settle,3.2652,U,0,23.0000,0.00
D,234691,9,settle,3.2652,S,0,23.0000,0.00
D,234883,9,settle,3.2652,S,0,23.0000,0.00
D,235075,9,settle,3.2651,S,0,23.0000,0.00
D,235267,9,settle,3.2650,U,0,23.0000,0.00
D,235459,9,settle,3.2649,U,0,23.0000,0.00
D,235651,9,settle,3.2648,U,0,23.0000,0.00
D,235843,9,settle,3.2647,U,0,23.0000,0.00
D,236035,9,settle,3.2647,S,0,23.0000,0.00
D,236214,9,settle,3.2647,S,0,23.0000,0.00
D,236406,9,settle,3.2647,S,0,23.0000,0.00
D,236598,9,settle,3.2647,S,0,23.0000,0.00
D,236790,9,settle,3.2647,S,0,23.0000,0.00
D,236982,9,settle,3.2647,S,0,23.0000,0.00
D,237174,9,settle,3.2647,S,0,23.0000,0.00
D,237366,9,settle,3.2647,S,0,23.0000,0.00
D,237558,9,settle,3.2648,S,0,23.0000,0.00
D,237750,9,settle,3.2648,S,0,23.0000,0.00
D,237942,9,settle,3.2648,S,0,23.0000,0.00
D,238134,9,settle,3.2648,S,0,23.0000,0.00
D,238326,9,settle,3.2648,S,0,23.0000,0.00
D,238518,9,settle,3.2648,S,0,23.0000,0.00
D,238710,9,settle,3.2648,S,0,23.0000,0.00
D,238902,9,settle,3.2648,S,0,23.0000,0.00
D,239094,9,settle,3.2648,S,0,23.0000,0.00
D,239286,9,settle,3.2648,S,0,23.0000,0.00
D,239478,9,settle,3.2648,S,0,23.0000,0.00
D,239670,9,settle,3.2648,S,0,23.0000,0.00
D,239849,9,settle,3.2648,S,0,23.0000,0.00
D,240041,9,settle,3.2648,S,0,23.0000,0.00
D,240233,9,settle,3.2648,S,0,23.0000,0.00
D,240425,9,settle,3.2648,S,0,23.0000,0.00
D,240617,9,settle,3.2648,S,0,23.0000,0.00
P,240810,9,settled,3.2648,S,23.0000,0.00
S,9,D,2,55,2,15,3,0.0,23.0000,3.1048,3.2625,12.41,3.2648,0.0023,0.1600,3.2648,ok
E,240817,=== D trial 10 : tilt 55 rep 2 rpm 10 cruise 3 rev -> halt phase 0 (abs 3.26) ===
P,242253,10,base,3.2648,S,23.0000,0.00
D,242345,10,preroll,3.2648,S,0,23.0000,0.00
D,242537,10,preroll,3.2648,S,0,23.0000,0.00
D,242729,10,preroll,3.2652,U,0,23.0000,0.00
D,242921,10,preroll,3.2653,U,0,23.0000,0.00
D,243113,10,preroll,3.2654,U,0,23.0000,0.00
D,243291,10,preroll,3.2654,S,0,23.0000,0.00
D,243485,10,move,3.2654,S,10,26.0000,0.00
D,243677,10,move,3.2655,S,10,26.0000,0.00
D,243869,10,move,3.2655,S,10,26.0000,0.00
D,244058,10,move,3.2653,U,10,26.0000,0.00
D,244250,10,move,3.2548,U,10,26.0000,0.00
D,244442,10,move,3.2479,U,10,26.0000,0.00
D,244634,10,move,3.2456,U,10,26.0000,0.00
D,244826,10,move,3.2454,U,10,26.0000,0.00
D,245018,10,move,3.2491,U,10,26.0000,0.00
D,245210,10,move,3.2588,U,10,26.0000,0.00
D,245402,10,move,3.2629,U,10,26.0000,0.00
D,245594,10,move,3.2625,U,10,26.0000,0.00
D,245786,10,move,3.2615,U,10,26.0000,0.00
D,245978,10,move,3.2612,U,10,26.0000,0.00
D,246170,10,move,3.2616,U,10,26.0000,0.00
D,246362,10,move,3.2655,U,10,26.0000,0.00
D,246554,10,move,3.2706,U,10,26.0000,0.00
D,246746,10,move,3.2807,U,10,26.0000,0.00
D,246925,10,move,3.2925,U,10,26.0000,0.00
D,247117,10,move,3.3105,U,10,26.0000,0.00
D,247309,10,move,3.3324,U,10,26.0000,0.00
D,247501,10,move,3.3450,U,10,26.0000,0.00
D,247693,10,move,3.3488,U,10,26.0000,0.00
D,247885,10,move,3.3540,U,10,26.0000,0.00
D,248077,10,move,3.3686,U,10,26.0000,0.00
D,248269,10,move,3.3942,U,10,26.0000,0.00
D,248461,10,move,3.4204,U,10,26.0000,0.00
D,248653,10,move,3.4309,U,10,26.0000,0.00
D,248845,10,move,3.4288,U,10,26.0000,0.00
D,249037,10,move,3.4289,U,10,26.0000,0.00
D,249229,10,move,3.4307,U,10,26.0000,0.00
D,249421,10,move,3.4306,U,10,26.0000,0.00
D,249613,10,move,3.4294,U,10,26.0000,0.00
D,249805,10,move,3.4251,U,10,26.0000,0.00
D,249997,10,move,3.4290,U,10,26.0000,0.00
D,250189,10,move,3.4288,U,10,26.0000,0.00
D,250381,10,move,3.4260,U,10,26.0000,0.00
D,250559,10,move,3.4206,U,10,26.0000,0.00
D,250751,10,move,3.4188,U,10,26.0000,0.00
D,250943,10,move,3.4247,U,10,26.0000,0.00
D,251135,10,move,3.4340,U,10,26.0000,0.00
D,251327,10,move,3.4393,U,10,26.0000,0.00
D,251519,10,move,3.4449,U,10,26.0000,0.00
D,251711,10,move,3.4544,U,10,26.0000,0.00
D,251903,10,move,3.4611,U,10,26.0000,0.00
D,252095,10,move,3.4631,U,10,26.0000,0.00
D,252287,10,move,3.4674,U,10,26.0000,0.00
D,252479,10,move,3.4789,U,10,26.0000,0.00
D,252671,10,move,3.4891,U,10,26.0000,0.00
D,252863,10,move,3.4941,U,10,26.0000,0.00
D,253055,10,move,3.5048,U,10,26.0000,0.00
D,253247,10,move,3.5208,U,10,26.0000,0.00
D,253439,10,move,3.5332,U,10,26.0000,0.00
D,253631,10,move,3.5429,U,10,26.0000,0.00
D,253823,10,move,3.5578,U,10,26.0000,0.00
D,254001,10,move,3.5757,U,10,26.0000,0.00
D,254193,10,move,3.5959,U,10,26.0000,0.00
D,254385,10,move,3.6106,U,10,26.0000,0.00
D,254577,10,move,3.6094,U,10,26.0000,0.00
D,254769,10,move,3.6082,U,10,26.0000,0.00
D,254961,10,move,3.6121,U,10,26.0000,0.00
D,255153,10,move,3.6164,U,10,26.0000,0.00
D,255345,10,move,3.6182,U,10,26.0000,0.00
D,255537,10,move,3.6212,U,10,26.0000,0.00
D,255729,10,move,3.6245,U,10,26.0000,0.00
D,255921,10,move,3.6278,U,10,26.0000,0.00
D,256113,10,move,3.6264,U,10,26.0000,0.00
D,256305,10,move,3.6227,U,10,26.0000,0.00
D,256497,10,move,3.6205,U,10,26.0000,0.00
D,256689,10,move,3.6232,U,10,26.0000,0.00
D,256881,10,move,3.6264,U,10,26.0000,0.00
D,257073,10,move,3.6290,U,10,26.0000,0.00
D,257265,10,move,3.6327,U,10,26.0000,0.00
D,257457,10,move,3.6371,U,10,26.0000,0.00
D,257635,10,move,3.6433,U,10,26.0000,0.00
D,257827,10,move,3.6491,U,10,26.0000,0.00
D,258019,10,move,3.6513,U,10,26.0000,0.00
D,258211,10,move,3.6552,U,10,26.0000,0.00
D,258403,10,move,3.6670,U,10,26.0000,0.00
D,258595,10,move,3.6835,U,10,26.0000,0.00
D,258787,10,move,3.6946,U,10,26.0000,0.00
D,258979,10,move,3.7030,U,10,26.0000,0.00
D,259171,10,move,3.7122,U,10,26.0000,0.00
D,259363,10,move,3.7211,U,10,26.0000,0.00
D,259555,10,move,3.7233,U,10,26.0000,0.00
D,259747,10,move,3.7205,U,10,26.0000,0.00
D,259939,10,move,3.7287,U,10,26.0000,0.00
D,260131,10,move,3.7478,U,10,26.0000,0.00
D,260323,10,move,3.7692,U,10,26.0000,0.00
D,260515,10,move,3.7862,U,10,26.0000,0.00
D,260698,10,move,3.7884,U,10,26.0000,0.00
D,260889,10,move,3.7887,U,10,26.0000,0.00
D,261081,10,move,3.7938,U,10,26.0000,0.00
D,261273,10,move,3.7974,U,10,26.0000,0.00
D,261465,10,move,3.7978,U,10,26.0000,0.00
D,261657,10,move,3.7965,U,10,26.0000,0.00
D,261849,10,move,3.7973,U,10,26.0000,0.00
D,262042,10,settle,3.8029,U,0,26.0000,0.00
D,262234,10,settle,3.8081,U,0,26.0000,0.00
D,262426,10,settle,3.8112,U,0,26.0000,0.00
D,262618,10,settle,3.8109,U,0,26.0000,0.00
D,262810,10,settle,3.8100,U,0,26.0000,0.00
D,263001,10,settle,3.8097,U,0,26.0000,0.00
D,263193,10,settle,3.8095,U,0,26.0000,0.00
D,263385,10,settle,3.8094,U,0,26.0000,0.00
D,263577,10,settle,3.8093,U,0,26.0000,0.00
D,263769,10,settle,3.8092,U,0,26.0000,0.00
D,263948,10,settle,3.8092,S,0,26.0000,0.00
D,264140,10,settle,3.8091,S,0,26.0000,0.00
D,264332,10,settle,3.8091,S,0,26.0000,0.00
D,264524,10,settle,3.8090,S,0,26.0000,0.00
D,264716,10,settle,3.8090,S,0,26.0000,0.00
D,264908,10,settle,3.8089,U,0,26.0000,0.00
D,265100,10,settle,3.8088,U,0,26.0000,0.00
D,265292,10,settle,3.8088,S,0,26.0000,0.00
D,265484,10,settle,3.8088,S,0,26.0000,0.00
D,265676,10,settle,3.8087,S,0,26.0000,0.00
D,265868,10,settle,3.8087,S,0,26.0000,0.00
D,266060,10,settle,3.8087,S,0,26.0000,0.00
D,266252,10,settle,3.8087,S,0,26.0000,0.00
D,266444,10,settle,3.8087,S,0,26.0000,0.00
D,266636,10,settle,3.8087,S,0,26.0000,0.00
D,266828,10,settle,3.8087,S,0,26.0000,0.00
D,267020,10,settle,3.8087,S,0,26.0000,0.00
D,267212,10,settle,3.8087,S,0,26.0000,0.00
D,267390,10,settle,3.8087,S,0,26.0000,0.00
D,267582,10,settle,3.8087,S,0,26.0000,0.00
D,267774,10,settle,3.8087,S,0,26.0000,0.00
D,267966,10,settle,3.8087,S,0,26.0000,0.00
D,268158,10,settle,3.8087,S,0,26.0000,0.00
D,268350,10,settle,3.8087,S,0,26.0000,0.00
D,268542,10,settle,3.8087,S,0,26.0000,0.00
D,268734,10,settle,3.8087,S,0,26.0000,0.00
D,268926,10,settle,3.8087,S,0,26.0000,0.00
D,269118,10,settle,3.8087,S,0,26.0000,0.00
D,269310,10,settle,3.8087,S,0,26.0000,0.00
D,269502,10,settle,3.8087,S,0,26.0000,0.00
D,269694,10,settle,3.8087,S,0,26.0000,0.00
D,269886,10,settle,3.8087,S,0,26.0000,0.00
P,270079,10,settled,3.8087,S,26.0000,0.00
S,10,D,2,55,2,10,3,0.0,26.0000,3.2648,3.7973,18.39,3.8087,0.0114,0.5439,3.8087,ok
E,270086,--- flow check D_pre (block 3): 1 rev @ 30 rpm, tilt 55 ---
P,271506,11,flow_before,3.8087,S,26.0000,0.00
D,271600,11,flowmove,3.8087,S,30,27.0000,0.00
D,271792,11,flowmove,3.8088,S,30,27.0000,0.00
D,271984,11,flowmove,3.8088,S,30,27.0000,0.00
D,272176,11,flowmove,3.8088,S,30,27.0000,0.00
D,272368,11,flowmove,3.8088,S,30,27.0000,0.00
D,272560,11,flowmove,3.7974,U,30,27.0000,0.00
D,272752,11,flowmove,3.8010,U,30,27.0000,0.00
D,272944,11,flowmove,3.8098,U,30,27.0000,0.00
D,273136,11,flowmove,3.8101,U,30,27.0000,0.00
D,273328,11,flowmove,3.8144,U,30,27.0000,0.00
D,273520,11,flowmove,3.8306,U,30,27.0000,0.00
D,273712,11,flowmove,3.8483,U,30,27.0000,0.00
D,273904,11,flowmove,3.8658,U,30,27.0000,0.00
P,275618,11,flow_after,3.8908,S,27.0000,0.00
F,3,D_pre,55,30,1,3.8087,3.8908,0.0821
E,275624,=== D trial 12 : tilt 55 rep 3 rpm 15 cruise 3 rev -> halt phase 0 (abs 3.89) ===
P,276956,12,base,3.8907,S,27.0000,0.00
D,277051,12,preroll,3.8907,S,0,27.0000,0.00
D,277243,12,preroll,3.8907,S,0,27.0000,0.00
D,277435,12,preroll,3.8907,S,0,27.0000,0.00
D,277627,12,preroll,3.8906,S,0,27.0000,0.00
D,277819,12,preroll,3.8906,S,0,27.0000,0.00
D,278011,12,preroll,3.8906,S,0,27.0000,0.00
D,278205,12,move,3.8906,S,15,30.0000,0.00
D,278397,12,move,3.8906,S,15,30.0000,0.00
D,278589,12,move,3.8906,S,15,30.0000,0.00
D,278781,12,move,3.8906,S,15,30.0000,0.00
D,278973,12,move,3.8906,S,15,30.0000,0.00
D,279165,12,move,3.8906,S,15,30.0000,0.00
D,279357,12,move,3.8906,S,15,30.0000,0.00
D,279536,12,move,3.8972,U,15,30.0000,0.00
D,279738,12,move,3.8997,U,15,30.0000,0.00
D,279918,12,move,3.8978,U,15,30.0000,0.00
D,280110,12,move,3.8961,U,15,30.0000,0.00
D,280302,12,move,3.8938,U,15,30.0000,0.00
D,280494,12,move,3.8943,U,15,30.0000,0.00
D,280686,12,move,3.8948,U,15,30.0000,0.00
D,280878,12,move,3.8987,U,15,30.0000,0.00
D,281070,12,move,3.9042,U,15,30.0000,0.00
D,281262,12,move,3.9066,U,15,30.0000,0.00
D,281454,12,move,3.9084,U,15,30.0000,0.00
D,281646,12,move,3.9185,U,15,30.0000,0.00
D,281838,12,move,3.9365,U,15,30.0000,0.00
D,282030,12,move,3.9509,U,15,30.0000,0.00
D,282222,12,move,3.9558,U,15,30.0000,0.00
D,282414,12,move,3.9544,U,15,30.0000,0.00
D,282606,12,move,3.9532,U,15,30.0000,0.00
D,282798,12,move,3.9542,U,15,30.0000,0.00
D,282990,12,move,3.9552,U,15,30.0000,0.00
D,283182,12,move,3.9575,U,15,30.0000,0.00
D,283374,12,move,3.9599,U,15,30.0000,0.00
D,283552,12,move,3.9627,U,15,30.0000,0.00
D,283744,12,move,3.9616,U,15,30.0000,0.00
D,283936,12,move,3.9594,U,15,30.0000,0.00
D,284128,12,move,3.9552,U,15,30.0000,0.00
D,284320,12,move,3.9529,U,15,30.0000,0.00
D,284512,12,move,3.9534,U,15,30.0000,0.00
D,284704,12,move,3.9560,U,15,30.0000,0.00
D,284896,12,move,3.9606,U,15,30.0000,0.00
D,285088,12,move,3.9614,U,15,30.0000,0.00
D,285280,12,move,3.9623,U,15,30.0000,0.00
D,285472,12,move,3.9683,U,15,30.0000,0.00
D,285664,12,move,3.9803,U,15,30.0000,0.00
D,285856,12,move,3.9967,U,15,30.0000,0.00
D,286048,12,move,4.0077,U,15,30.0000,0.00
D,286240,12,move,4.0112,U,15,30.0000,0.00
D,286432,12,move,4.0126,U,15,30.0000,0.00
D,286624,12,move,4.0125,U,15,30.0000,0.00
D,286816,12,move,4.0119,U,15,30.0000,0.00
D,286994,12,move,4.0117,U,15,30.0000,0.00
D,287186,12,move,4.0109,U,15,30.0000,0.00
D,287378,12,move,4.0074,U,15,30.0000,0.00
D,287570,12,move,4.0102,U,15,30.0000,0.00
D,287762,12,move,4.0144,U,15,30.0000,0.00
D,287954,12,move,4.0120,U,15,30.0000,0.00
D,288146,12,move,4.0104,U,15,30.0000,0.00
D,288338,12,move,4.0111,U,15,30.0000,0.00
D,288530,12,move,4.0115,U,15,30.0000,0.00
D,288722,12,move,4.0124,U,15,30.0000,0.00
D,288914,12,move,4.0168,U,15,30.0000,0.00
D,289106,12,move,4.0192,U,15,30.0000,0.00
D,289298,12,move,4.0214,U,15,30.0000,0.00
D,289490,12,move,4.0281,U,15,30.0000,0.00
D,289682,12,move,4.0397,U,15,30.0000,0.00
D,289874,12,move,4.0539,U,15,30.0000,0.00
D,290066,12,move,4.0637,U,15,30.0000,0.00
D,290258,12,move,4.0676,U,15,30.0000,0.00
D,290450,12,move,4.0731,U,15,30.0000,0.00
D,290628,12,settle,4.0753,U,0,30.0000,0.00
D,290820,12,settle,4.0748,U,0,30.0000,0.00
D,291012,12,settle,4.0751,U,0,30.0000,0.00
D,291204,12,settle,4.0751,U,0,30.0000,0.00
D,291396,12,settle,4.0751,U,0,30.0000,0.00
D,291588,12,settle,4.0751,S,0,30.0000,0.00
D,291780,12,settle,4.0750,S,0,30.0000,0.00
D,291972,12,settle,4.0750,S,0,30.0000,0.00
D,292164,12,settle,4.0750,S,0,30.0000,0.00
D,292356,12,settle,4.0749,S,0,30.0000,0.00
D,292548,12,settle,4.0749,S,0,30.0000,0.00
D,292740,12,settle,4.0749,S,0,30.0000,0.00
D,292932,12,settle,4.0748,S,0,30.0000,0.00
D,293124,12,settle,4.0748,S,0,30.0000,0.00
D,293316,12,settle,4.0748,S,0,30.0000,0.00
D,293508,12,settle,4.0746,U,0,30.0000,0.00
D,293700,12,settle,4.0746,U,0,30.0000,0.00
D,293892,12,settle,4.0745,U,0,30.0000,0.00
D,294071,12,settle,4.0745,S,0,30.0000,0.00
D,294263,12,settle,4.0745,S,0,30.0000,0.00
D,294455,12,settle,4.0745,S,0,30.0000,0.00
D,294647,12,settle,4.0745,S,0,30.0000,0.00
D,294839,12,settle,4.0745,S,0,30.0000,0.00
D,295031,12,settle,4.0745,S,0,30.0000,0.00
D,295223,12,settle,4.0746,S,0,30.0000,0.00
D,295415,12,settle,4.0746,S,0,30.0000,0.00
D,295607,12,settle,4.0746,S,0,30.0000,0.00
D,295799,12,settle,4.0746,S,0,30.0000,0.00
D,295991,12,settle,4.0747,S,0,30.0000,0.00
D,296183,12,settle,4.0747,S,0,30.0000,0.00
D,296375,12,settle,4.0747,S,0,30.0000,0.00
D,296561,12,settle,4.0747,S,0,30.0000,0.00
D,296752,12,settle,4.0747,S,0,30.0000,0.00
D,296944,12,settle,4.0747,S,0,30.0000,0.00
D,297136,12,settle,4.0748,S,0,30.0000,0.00
D,297328,12,settle,4.0748,S,0,30.0000,0.00
D,297520,12,settle,4.0748,S,0,30.0000,0.00
D,297712,12,settle,4.0748,S,0,30.0000,0.00
D,297904,12,settle,4.0748,S,0,30.0000,0.00
D,298096,12,settle,4.0748,S,0,30.0000,0.00
D,298288,12,settle,4.0748,S,0,30.0000,0.00
D,298480,12,settle,4.0748,S,0,30.0000,0.00
P,298673,12,settled,4.0749,S,30.0000,0.00
S,12,D,3,55,3,15,3,0.0,30.0000,3.8907,4.0731,12.41,4.0749,0.0018,0.1842,4.0749,ok
E,298681,=== D trial 13 : tilt 55 rep 3 rpm 25 cruise 3 rev -> halt phase 0 (abs 4.07) ===
P,300100,13,base,4.0751,S,30.0000,0.00
D,300194,13,preroll,4.0751,S,0,30.0000,0.00
D,300386,13,preroll,4.0751,S,0,30.0000,0.00
D,300578,13,preroll,4.0751,S,0,30.0000,0.00
D,300770,13,preroll,4.0752,S,0,30.0000,0.00
D,300962,13,preroll,4.0752,S,0,30.0000,0.00
D,301154,13,preroll,4.0752,S,0,30.0000,0.00
D,301348,13,move,4.0752,S,25,33.0000,0.00
D,301540,13,move,4.0753,S,25,33.0000,0.00
D,301732,13,move,4.0753,S,25,33.0000,0.00
D,301924,13,move,4.0753,S,25,33.0000,0.00
D,302116,13,move,4.0761,U,25,33.0000,0.00
D,302308,13,move,4.0762,U,25,33.0000,0.00
D,302488,13,move,4.0762,U,25,33.0000,0.00
D,302680,13,move,4.0764,U,25,33.0000,0.00
D,302872,13,move,4.0805,U,25,33.0000,0.00
D,303064,13,move,4.0806,U,25,33.0000,0.00
D,303256,13,move,4.0845,U,25,33.0000,0.00
D,303448,13,move,4.0944,U,25,33.0000,0.00
D,303640,13,move,4.1005,U,25,33.0000,0.00
D,303832,13,move,4.1076,U,25,33.0000,0.00
D,304024,13,move,4.1232,U,25,33.0000,0.00
D,304216,13,move,4.1360,U,25,33.0000,0.00
D,304408,13,move,4.1385,U,25,33.0000,0.00
D,304600,13,move,4.1333,U,25,33.0000,0.00
D,304792,13,move,4.1306,U,25,33.0000,0.00
D,304984,13,move,4.1317,U,25,33.0000,0.00
D,305176,13,move,4.1326,U,25,33.0000,0.00
D,305368,13,move,4.1315,U,25,33.0000,0.00
D,305560,13,move,4.1275,U,25,33.0000,0.00
D,305738,13,move,4.1350,U,25,33.0000,0.00
D,305930,13,move,4.1433,U,25,33.0000,0.00
D,306122,13,move,4.1504,U,25,33.0000,0.00
D,306314,13,move,4.1597,U,25,33.0000,0.00
D,306506,13,move,4.1769,U,25,33.0000,0.00
D,306698,13,move,4.1866,U,25,33.0000,0.00
D,306890,13,move,4.1833,U,25,33.0000,0.00
D,307082,13,move,4.1779,U,25,33.0000,0.00
D,307274,13,move,4.1752,U,25,33.0000,0.00
D,307466,13,move,4.1789,U,25,33.0000,0.00
D,307658,13,move,4.1862,U,25,33.0000,0.00
D,307850,13,move,4.1916,U,25,33.0000,0.00
D,308042,13,move,4.1978,U,25,33.0000,0.00
D,308234,13,move,4.2046,U,25,33.0000,0.00
D,308426,13,move,4.2134,U,25,33.0000,0.00
D,308618,13,move,4.2310,U,25,33.0000,0.00
D,308810,13,move,4.2525,U,25,33.0000,0.00
D,309002,13,move,4.2594,U,25,33.0000,0.00
D,309182,13,settle,4.2545,U,0,33.0000,0.00
D,309374,13,settle,4.2550,U,0,33.0000,0.00
D,309566,13,settle,4.2586,U,0,33.0000,0.00
D,309758,13,settle,4.2660,U,0,33.0000,0.00
D,309950,13,settle,4.2662,U,0,33.0000,0.00
D,310142,13,settle,4.2659,U,0,33.0000,0.00
D,310334,13,settle,4.2658,U,0,33.0000,0.00
D,310526,13,settle,4.2657,U,0,33.0000,0.00
D,310718,13,settle,4.2656,U,0,33.0000,0.00
D,310910,13,settle,4.2656,U,0,33.0000,0.00
D,311102,13,settle,4.2655,U,0,33.0000,0.00
D,311294,13,settle,4.2654,U,0,33.0000,0.00
D,311486,13,settle,4.2654,S,0,33.0000,0.00
D,311678,13,settle,4.2653,U,0,33.0000,0.00
D,311870,13,settle,4.2652,U,0,33.0000,0.00
D,312062,13,settle,4.2651,U,0,33.0000,0.00
D,312254,13,settle,4.2650,U,0,33.0000,0.00
D,312434,13,settle,4.2649,U,0,33.0000,0.00
D,312626,13,settle,4.2648,U,0,33.0000,0.00
D,312818,13,settle,4.2647,U,0,33.0000,0.00
D,313010,13,settle,4.2646,U,0,33.0000,0.00
D,313202,13,settle,4.2645,U,0,33.0000,0.00
D,313394,13,settle,4.2644,U,0,33.0000,0.00
D,313586,13,settle,4.2643,U,0,33.0000,0.00
D,313778,13,settle,4.2643,S,0,33.0000,0.00
D,313970,13,settle,4.2642,U,0,33.0000,0.00
D,314162,13,settle,4.2642,S,0,33.0000,0.00
D,314346,13,settle,4.2641,S,0,33.0000,0.00
D,314538,13,settle,4.2641,S,0,33.0000,0.00
D,314730,13,settle,4.2641,S,0,33.0000,0.00
D,314922,13,settle,4.2641,S,0,33.0000,0.00
D,315114,13,settle,4.2641,S,0,33.0000,0.00
D,315306,13,settle,4.2641,S,0,33.0000,0.00
D,315498,13,settle,4.2641,S,0,33.0000,0.00
D,315690,13,settle,4.2641,S,0,33.0000,0.00
D,315882,13,settle,4.2641,S,0,33.0000,0.00
D,316074,13,settle,4.2641,S,0,33.0000,0.00
D,316266,13,settle,4.2641,S,0,33.0000,0.00
D,316458,13,settle,4.2641,S,0,33.0000,0.00
D,316650,13,settle,4.2641,S,0,33.0000,0.00
D,316842,13,settle,4.2641,S,0,33.0000,0.00
D,317034,13,settle,4.2641,S,0,33.0000,0.00
P,317227,13,settled,4.2641,S,33.0000,0.00
S,13,D,3,55,3,25,3,0.0,33.0000,4.0751,4.2594,7.65,4.2641,0.0047,0.1890,4.2641,ok
E,317235,=== D trial 14 : tilt 55 rep 3 rpm 5 cruise 3 rev -> halt phase 0 (abs 4.26) ===
P,318651,14,base,4.2641,S,33.0000,0.00
D,318746,14,preroll,4.2641,S,0,33.0000,0.00
D,318938,14,preroll,4.2641,S,0,33.0000,0.00
D,319130,14,preroll,4.2641,S,0,33.0000,0.00
D,319322,14,preroll,4.2641,S,0,33.0000,0.00
D,319514,14,preroll,4.2641,S,0,33.0000,0.00
D,319706,14,preroll,4.2641,S,0,33.0000,0.00
D,319900,14,move,4.2641,S,5,36.0000,0.00
D,320092,14,move,4.2641,S,5,36.0000,0.00
D,320284,14,move,4.2641,S,5,36.0000,0.00
D,320476,14,move,4.2641,S,5,36.0000,0.00
D,320668,14,move,4.2641,S,5,36.0000,0.00
D,320848,14,move,4.2668,U,5,36.0000,0.00
D,321040,14,move,4.2488,U,5,36.0000,0.00
D,321232,14,move,4.2414,U,5,36.0000,0.00
D,321424,14,move,4.2488,U,5,36.0000,0.00
D,321616,14,move,4.2498,U,5,36.0000,0.00
D,321808,14,move,4.2433,U,5,36.0000,0.00
D,322000,14,move,4.2313,U,5,36.0000,0.00
D,322192,14,move,4.2328,U,5,36.0000,0.00
D,322384,14,move,4.2476,U,5,36.0000,0.00
D,322576,14,move,4.2539,U,5,36.0000,0.00
D,322768,14,move,4.2433,U,5,36.0000,0.00
D,322960,14,move,4.2312,U,5,36.0000,0.00
D,323152,14,move,4.2319,U,5,36.0000,0.00
D,323344,14,move,4.2388,U,5,36.0000,0.00
D,323536,14,move,4.2465,U,5,36.0000,0.00
D,323728,14,move,4.2560,U,5,36.0000,0.00
D,323920,14,move,4.2682,U,5,36.0000,0.00
D,324112,14,move,4.2805,U,5,36.0000,0.00
D,324304,14,move,4.2975,U,5,36.0000,0.00
D,324482,14,move,4.3218,U,5,36.0000,0.00
D,324674,14,move,4.3487,U,5,36.0000,0.00
D,324866,14,move,4.3694,U,5,36.0000,0.00
D,325058,14,move,4.3835,U,5,36.0000,0.00
D,325250,14,move,4.3959,U,5,36.0000,0.00
D,325442,14,move,4.4088,U,5,36.0000,0.00
D,325634,14,move,4.4235,U,5,36.0000,0.00
D,325826,14,move,4.4404,U,5,36.0000,0.00
D,326018,14,move,4.4650,U,5,36.0000,0.00
D,326210,14,move,4.4982,U,5,36.0000,0.00
D,326402,14,move,4.5247,U,5,36.0000,0.00
D,326594,14,move,4.5317,U,5,36.0000,0.00
D,326786,14,move,4.5296,U,5,36.0000,0.00
D,326978,14,move,4.5326,U,5,36.0000,0.00
D,327170,14,move,4.5412,U,5,36.0000,0.00
D,327362,14,move,4.5512,U,5,36.0000,0.00
D,327554,14,move,4.5614,U,5,36.0000,0.00
D,327746,14,move,4.5744,U,5,36.0000,0.00
D,327924,14,move,4.5869,U,5,36.0000,0.00
D,328116,14,move,4.5914,U,5,36.0000,0.00
D,328308,14,move,4.5845,U,5,36.0000,0.00
D,328500,14,move,4.5778,U,5,36.0000,0.00
D,328692,14,move,4.5797,U,5,36.0000,0.00
D,328884,14,move,4.5849,U,5,36.0000,0.00
D,329076,14,move,4.5893,U,5,36.0000,0.00
D,329268,14,move,4.5918,U,5,36.0000,0.00
D,329460,14,move,4.5950,U,5,36.0000,0.00
D,329652,14,move,4.5998,U,5,36.0000,0.00
D,329844,14,move,4.6005,U,5,36.0000,0.00
D,330036,14,move,4.5989,U,5,36.0000,0.00
D,330228,14,move,4.5990,U,5,36.0000,0.00
D,330420,14,move,4.5993,U,5,36.0000,0.00
D,330612,14,move,4.6038,U,5,36.0000,0.00
D,330804,14,move,4.6064,U,5,36.0000,0.00
D,330996,14,move,4.6021,U,5,36.0000,0.00
D,331188,14,move,4.5952,U,5,36.0000,0.00
D,331380,14,move,4.5879,U,5,36.0000,0.00
D,331558,14,move,4.5865,U,5,36.0000,0.00
D,331750,14,move,4.5903,U,5,36.0000,0.00
D,331954,14,move,4.5921,U,5,36.0000,0.00
D,332145,14,move,4.5935,U,5,36.0000,0.00
D,332337,14,move,4.5975,U,5,36.0000,0.00
D,332515,14,move,4.6043,U,5,36.0000,0.00
D,332707,14,move,4.6068,U,5,36.0000,0.00
D,332899,14,move,4.5926,U,5,36.0000,0.00
D,333091,14,move,4.5709,U,5,36.0000,0.00
D,333283,14,move,4.5625,U,5,36.0000,0.00
D,333475,14,move,4.5655,U,5,36.0000,0.00
D,333667,14,move,4.5671,U,5,36.0000,0.00
D,333859,14,move,4.5634,U,5,36.0000,0.00
D,334051,14,move,4.5573,U,5,36.0000,0.00
D,334243,14,move,4.5736,U,5,36.0000,0.00
D,334435,14,move,4.5909,U,5,36.0000,0.00
D,334627,14,move,4.6008,U,5,36.0000,0.00
D,334819,14,move,4.6100,U,5,36.0000,0.00
D,335011,14,move,4.6181,U,5,36.0000,0.00
D,335203,14,move,4.6270,U,5,36.0000,0.00
D,335395,14,move,4.6374,U,5,36.0000,0.00
D,335587,14,move,4.6473,U,5,36.0000,0.00
D,335779,14,move,4.6529,U,5,36.0000,0.00
D,335957,14,move,4.6594,U,5,36.0000,0.00
D,336149,14,move,4.6745,U,5,36.0000,0.00
D,336341,14,move,4.6972,U,5,36.0000,0.00
D,336533,14,move,4.7233,U,5,36.0000,0.00
D,336725,14,move,4.7462,U,5,36.0000,0.00
D,336917,14,move,4.7630,U,5,36.0000,0.00
D,337109,14,move,4.7760,U,5,36.0000,0.00
D,337301,14,move,4.7877,U,5,36.0000,0.00
D,337493,14,move,4.7970,U,5,36.0000,0.00
D,337685,14,move,4.8142,U,5,36.0000,0.00
D,337877,14,move,4.8340,U,5,36.0000,0.00
D,338069,14,move,4.8427,U,5,36.0000,0.00
D,338261,14,move,4.8495,U,5,36.0000,0.00
D,338453,14,move,4.8647,U,5,36.0000,0.00
D,338645,14,move,4.8793,U,5,36.0000,0.00
D,338837,14,move,4.8853,U,5,36.0000,0.00
D,339029,14,move,4.8903,U,5,36.0000,0.00
D,339221,14,move,4.8983,U,5,36.0000,0.00
D,339413,14,move,4.9086,U,5,36.0000,0.00
D,339591,14,move,4.9193,U,5,36.0000,0.00
D,339783,14,move,4.9319,U,5,36.0000,0.00
D,339975,14,move,4.9425,U,5,36.0000,0.00
D,340167,14,move,4.9448,U,5,36.0000,0.00
D,340359,14,move,4.9395,U,5,36.0000,0.00
D,340551,14,move,4.9344,U,5,36.0000,0.00
D,340743,14,move,4.9351,U,5,36.0000,0.00
D,340935,14,move,4.9406,U,5,36.0000,0.00
D,341127,14,move,4.9454,U,5,36.0000,0.00
D,341319,14,move,4.9459,U,5,36.0000,0.00
D,341511,14,move,4.9494,U,5,36.0000,0.00
D,341703,14,move,4.9556,U,5,36.0000,0.00
D,341895,14,move,4.9562,U,5,36.0000,0.00
D,342087,14,move,4.9561,U,5,36.0000,0.00
D,342279,14,move,4.9577,U,5,36.0000,0.00
D,342471,14,move,4.9601,U,5,36.0000,0.00
D,342663,14,move,4.9627,U,5,36.0000,0.00
D,342855,14,move,4.9609,U,5,36.0000,0.00
D,343047,14,move,4.9522,U,5,36.0000,0.00
D,343226,14,move,4.9438,U,5,36.0000,0.00
D,343418,14,move,4.9351,U,5,36.0000,0.00
D,343610,14,move,4.9308,U,5,36.0000,0.00
D,343802,14,move,4.9406,U,5,36.0000,0.00
D,343994,14,move,4.9529,U,5,36.0000,0.00
D,344186,14,move,4.9634,U,5,36.0000,0.00
D,344378,14,move,4.9697,U,5,36.0000,0.00
D,344570,14,move,4.9757,U,5,36.0000,0.00
D,344762,14,move,4.9800,U,5,36.0000,0.00
D,344954,14,move,4.9667,U,5,36.0000,0.00
D,345146,14,move,4.9466,U,5,36.0000,0.00
D,345338,14,move,4.9445,U,5,36.0000,0.00
D,345530,14,move,4.9518,U,5,36.0000,0.00
D,345722,14,move,4.9562,U,5,36.0000,0.00
D,345914,14,move,4.9571,U,5,36.0000,0.00
D,346106,14,move,4.9573,U,5,36.0000,0.00
D,346298,14,move,4.9607,U,5,36.0000,0.00
D,346490,14,move,4.9629,U,5,36.0000,0.00
D,346668,14,move,4.9632,U,5,36.0000,0.00
D,346860,14,move,4.9620,U,5,36.0000,0.00
D,347052,14,move,4.9571,U,5,36.0000,0.00
D,347244,14,move,4.9604,U,5,36.0000,0.00
D,347436,14,move,4.9743,U,5,36.0000,0.00
D,347628,14,move,4.9889,U,5,36.0000,0.00
D,347820,14,move,5.0000,U,5,36.0000,0.00
D,348012,14,move,5.0074,U,5,36.0000,0.00
D,348204,14,move,5.0151,U,5,36.0000,0.00
D,348396,14,move,5.0253,U,5,36.0000,0.00
D,348582,14,move,5.0407,U,5,36.0000,0.00
D,348773,14,move,5.0587,U,5,36.0000,0.00
D,348965,14,move,5.0737,U,5,36.0000,0.00
D,349157,14,move,5.0847,U,5,36.0000,0.00
D,349349,14,move,5.0939,U,5,36.0000,0.00
D,349541,14,move,5.1071,U,5,36.0000,0.00
D,349733,14,move,5.1293,U,5,36.0000,0.00
D,349925,14,move,5.1479,U,5,36.0000,0.00
D,350117,14,move,5.1573,U,5,36.0000,0.00
D,350309,14,move,5.1728,U,5,36.0000,0.00
D,350501,14,move,5.1912,U,5,36.0000,0.00
D,350693,14,move,5.2015,U,5,36.0000,0.00
D,350885,14,move,5.2085,U,5,36.0000,0.00
D,351077,14,move,5.2150,U,5,36.0000,0.00
D,351269,14,move,5.2231,U,5,36.0000,0.00
D,351461,14,move,5.2343,U,5,36.0000,0.00
D,351653,14,move,5.2485,U,5,36.0000,0.00
D,351845,14,move,5.2620,U,5,36.0000,0.00
D,352023,14,move,5.2658,U,5,36.0000,0.00
D,352215,14,move,5.2606,U,5,36.0000,0.00
D,352407,14,move,5.2557,U,5,36.0000,0.00
D,352599,14,move,5.2569,U,5,36.0000,0.00
D,352791,14,move,5.2621,U,5,36.0000,0.00
D,352983,14,move,5.2678,U,5,36.0000,0.00
D,353175,14,move,5.2699,U,5,36.0000,0.00
D,353367,14,move,5.2723,U,5,36.0000,0.00
D,353559,14,move,5.2792,U,5,36.0000,0.00
D,353751,14,move,5.2838,U,5,36.0000,0.00
D,353943,14,move,5.2839,U,5,36.0000,0.00
D,354135,14,move,5.2844,U,5,36.0000,0.00
D,354327,14,move,5.2886,U,5,36.0000,0.00
D,354519,14,move,5.2920,U,5,36.0000,0.00
D,354711,14,move,5.2911,U,5,36.0000,0.00
D,354903,14,move,5.2841,U,5,36.0000,0.00
D,355095,14,move,5.2710,U,5,36.0000,0.00
D,355287,14,move,5.2598,U,5,36.0000,0.00
D,355479,14,move,5.2534,U,5,36.0000,0.00
D,355657,14,move,5.2537,U,5,36.0000,0.00
D,355849,14,move,5.2578,U,5,36.0000,0.00
D,356041,14,move,5.2715,U,5,36.0000,0.00
D,356233,14,move,5.2977,U,5,36.0000,0.00
D,356426,14,settle,5.3146,U,0,36.0000,0.00
D,356618,14,settle,5.3071,U,0,36.0000,0.00
D,356810,14,settle,5.2901,U,0,36.0000,0.00
D,357002,14,settle,5.2831,U,0,36.0000,0.00
D,357194,14,settle,5.2824,U,0,36.0000,0.00
D,357386,14,settle,5.2823,U,0,36.0000,0.00
D,357578,14,settle,5.2823,U,0,36.0000,0.00
D,357770,14,settle,5.2822,S,0,36.0000,0.00
D,357962,14,settle,5.2822,S,0,36.0000,0.00
D,358154,14,settle,5.2822,S,0,36.0000,0.00
D,358346,14,settle,5.2822,S,0,36.0000,0.00
D,358538,14,settle,5.2822,S,0,36.0000,0.00
D,358730,14,settle,5.2822,S,0,36.0000,0.00
D,358922,14,settle,5.2822,S,0,36.0000,0.00
D,359100,14,settle,5.2822,S,0,36.0000,0.00
D,359292,14,settle,5.2822,S,0,36.0000,0.00
D,359484,14,settle,5.2822,S,0,36.0000,0.00
D,359676,14,settle,5.2823,S,0,36.0000,0.00
D,359868,14,settle,5.2823,S,0,36.0000,0.00
D,360060,14,settle,5.2823,S,0,36.0000,0.00
D,360252,14,settle,5.2823,S,0,36.0000,0.00
D,360444,14,settle,5.2823,S,0,36.0000,0.00
D,360636,14,settle,5.2823,S,0,36.0000,0.00
D,360828,14,settle,5.2823,S,0,36.0000,0.00
D,361020,14,settle,5.2823,S,0,36.0000,0.00
D,361212,14,settle,5.2824,S,0,36.0000,0.00
D,361404,14,settle,5.2824,S,0,36.0000,0.00
D,361596,14,settle,5.2824,S,0,36.0000,0.00
D,361788,14,settle,5.2824,S,0,36.0000,0.00
D,361980,14,settle,5.2824,S,0,36.0000,0.00
D,362172,14,settle,5.2824,S,0,36.0000,0.00
D,362364,14,settle,5.2825,S,0,36.0000,0.00
D,362556,14,settle,5.2825,S,0,36.0000,0.00
D,362735,14,settle,5.2825,S,0,36.0000,0.00
D,362927,14,settle,5.2829,U,0,36.0000,0.00
D,363119,14,settle,5.2829,U,0,36.0000,0.00
D,363311,14,settle,5.2830,S,0,36.0000,0.00
D,363503,14,settle,5.2830,S,0,36.0000,0.00
D,363695,14,settle,5.2831,S,0,36.0000,0.00
D,363887,14,settle,5.2831,S,0,36.0000,0.00
D,364079,14,settle,5.2831,S,0,36.0000,0.00
D,364271,14,settle,5.2831,S,0,36.0000,0.00
P,364464,14,settled,5.2831,S,36.0000,0.00
S,14,D,3,55,3,5,3,0.0,36.0000,4.2641,5.2977,36.37,5.2831,-0.0146,1.0190,5.2831,ok
E,364472,=== D trial 15 : tilt 55 rep 3 rpm 10 cruise 3 rev -> halt phase 0 (abs 5.28) ===
P,365893,15,base,5.2833,S,36.0000,0.00
D,365988,15,preroll,5.2833,S,0,36.0000,0.00
D,366180,15,preroll,5.2833,S,0,36.0000,0.00
D,366372,15,preroll,5.2833,S,0,36.0000,0.00
D,366561,15,preroll,5.2833,S,0,36.0000,0.00
D,366753,15,preroll,5.2834,S,0,36.0000,0.00
D,366945,15,preroll,5.2834,S,0,36.0000,0.00
D,367139,15,move,5.2834,S,10,39.0000,0.00
D,367331,15,move,5.2834,S,10,39.0000,0.00
D,367523,15,move,5.2834,S,10,39.0000,0.00
D,367715,15,move,5.2899,U,10,39.0000,0.00
D,367907,15,move,5.2987,U,10,39.0000,0.00
D,368099,15,move,5.2981,U,10,39.0000,0.00
D,368291,15,move,5.2873,U,10,39.0000,0.00
D,368483,15,move,5.2837,U,10,39.0000,0.00
D,368675,15,move,5.2935,U,10,39.0000,0.00
D,368867,15,move,5.3029,U,10,39.0000,0.00
D,369046,15,move,5.3060,U,10,39.0000,0.00
D,369238,15,move,5.3088,U,10,39.0000,0.00
D,369430,15,move,5.3113,U,10,39.0000,0.00
D,369622,15,move,5.3171,U,10,39.0000,0.00
D,369814,15,move,5.3317,U,10,39.0000,0.00
D,370006,15,move,5.3493,U,10,39.0000,0.00
D,370198,15,move,5.3662,U,10,39.0000,0.00
D,370390,15,move,5.3844,U,10,39.0000,0.00
D,370582,15,move,5.4061,U,10,39.0000,0.00
D,370774,15,move,5.4261,U,10,39.0000,0.00
D,370966,15,move,5.4423,U,10,39.0000,0.00
D,371158,15,move,5.4563,U,10,39.0000,0.00
D,371350,15,move,5.4666,U,10,39.0000,0.00
D,371542,15,move,5.4850,U,10,39.0000,0.00
D,371734,15,move,5.5057,U,10,39.0000,0.00
D,371926,15,move,5.5211,U,10,39.0000,0.00
D,372118,15,move,5.5328,U,10,39.0000,0.00
D,372310,15,move,5.5316,U,10,39.0000,0.00
D,372488,15,move,5.5281,U,10,39.0000,0.00
D,372680,15,move,5.5318,U,10,39.0000,0.00
D,372872,15,move,5.5411,U,10,39.0000,0.00
D,373064,15,move,5.5439,U,10,39.0000,0.00
D,373256,15,move,5.5414,U,10,39.0000,0.00
D,373448,15,move,5.5409,U,10,39.0000,0.00
D,373640,15,move,5.5418,U,10,39.0000,0.00
D,373832,15,move,5.5452,U,10,39.0000,0.00
D,374024,15,move,5.5417,U,10,39.0000,0.00
D,374216,15,move,5.5319,U,10,39.0000,0.00
D,374408,15,move,5.5250,U,10,39.0000,0.00
D,374600,15,move,5.5272,U,10,39.0000,0.00
D,374792,15,move,5.5361,U,10,39.0000,0.00
D,374984,15,move,5.5447,U,10,39.0000,0.00
D,375176,15,move,5.5499,U,10,39.0000,0.00
D,375368,15,move,5.5507,U,10,39.0000,0.00
D,375560,15,move,5.5465,U,10,39.0000,0.00
D,375752,15,move,5.5456,U,10,39.0000,0.00
D,375944,15,move,5.5481,U,10,39.0000,0.00
D,376123,15,move,5.5482,U,10,39.0000,0.00
D,376315,15,move,5.5484,U,10,39.0000,0.00
D,376507,15,move,5.5540,U,10,39.0000,0.00
D,376699,15,move,5.5705,U,10,39.0000,0.00
D,376891,15,move,5.5937,U,10,39.0000,0.00
D,377083,15,move,5.6101,U,10,39.0000,0.00
D,377275,15,move,5.6200,U,10,39.0000,0.00
D,377467,15,move,5.6325,U,10,39.0000,0.00
D,377659,15,move,5.6470,U,10,39.0000,0.00
D,377851,15,move,5.6632,U,10,39.0000,0.00
D,378043,15,move,5.6851,U,10,39.0000,0.00
D,378235,15,move,5.7033,U,10,39.0000,0.00
D,378427,15,move,5.7109,U,10,39.0000,0.00
D,378619,15,move,5.7159,U,10,39.0000,0.00
D,378811,15,move,5.7191,U,10,39.0000,0.00
D,379003,15,move,5.7166,U,10,39.0000,0.00
D,379195,15,move,5.7139,U,10,39.0000,0.00
D,379387,15,move,5.7126,U,10,39.0000,0.00
D,379579,15,move,5.7151,U,10,39.0000,0.00
D,379757,15,move,5.7148,U,10,39.0000,0.00
D,379949,15,move,5.7129,U,10,39.0000,0.00
D,380141,15,move,5.7090,U,10,39.0000,0.00
D,380333,15,move,5.7123,U,10,39.0000,0.00
D,380525,15,move,5.7138,U,10,39.0000,0.00
D,380717,15,move,5.7179,U,10,39.0000,0.00
D,380909,15,move,5.7255,U,10,39.0000,0.00
D,381101,15,move,5.7330,U,10,39.0000,0.00
D,381293,15,move,5.7364,U,10,39.0000,0.00
D,381485,15,move,5.7351,U,10,39.0000,0.00
D,381677,15,move,5.7348,U,10,39.0000,0.00
D,381869,15,move,5.7362,U,10,39.0000,0.00
D,382061,15,move,5.7390,U,10,39.0000,0.00
D,382253,15,move,5.7386,U,10,39.0000,0.00
D,382445,15,move,5.7391,U,10,39.0000,0.00
D,382637,15,move,5.7485,U,10,39.0000,0.00
D,382829,15,move,5.7646,U,10,39.0000,0.00
D,383033,15,move,5.7867,U,10,39.0000,0.00
D,383203,15,move,5.8025,U,10,39.0000,0.00
D,383395,15,move,5.8123,U,10,39.0000,0.00
D,383587,15,move,5.8288,U,10,39.0000,0.00
D,383779,15,move,5.8587,U,10,39.0000,0.00
D,383971,15,move,5.8901,U,10,39.0000,0.00
D,384163,15,move,5.9136,U,10,39.0000,0.00
D,384355,15,move,5.9194,U,10,39.0000,0.00
D,384547,15,move,5.9123,U,10,39.0000,0.00
D,384739,15,move,5.9105,U,10,39.0000,0.00
D,384931,15,move,5.9127,U,10,39.0000,0.00
D,385123,15,move,5.9109,U,10,39.0000,0.00
D,385315,15,move,5.9050,U,10,39.0000,0.00
D,385507,15,move,5.9048,U,10,39.0000,0.00
D,385687,15,settle,5.9073,U,0,39.0000,0.00
D,385879,15,settle,5.9101,U,0,39.0000,0.00
D,386071,15,settle,5.9121,U,0,39.0000,0.00
D,386263,15,settle,5.9124,U,0,39.0000,0.00
D,386455,15,settle,5.9123,U,0,39.0000,0.00
D,386647,15,settle,5.9121,U,0,39.0000,0.00
D,386839,15,settle,5.9120,U,0,39.0000,0.00
D,387031,15,settle,5.9119,U,0,39.0000,0.00
D,387223,15,settle,5.9119,U,0,39.0000,0.00
D,387415,15,settle,5.9118,U,0,39.0000,0.00
D,387607,15,settle,5.9117,U,0,39.0000,0.00
D,387799,15,settle,5.9117,S,0,39.0000,0.00
D,387991,15,settle,5.9117,S,0,39.0000,0.00
D,388183,15,settle,5.9116,S,0,39.0000,0.00
D,388375,15,settle,5.9115,U,0,39.0000,0.00
D,388567,15,settle,5.9114,U,0,39.0000,0.00
D,388747,15,settle,5.9114,U,0,39.0000,0.00
D,388939,15,settle,5.9113,U,0,39.0000,0.00
D,389131,15,settle,5.9112,U,0,39.0000,0.00
D,389323,15,settle,5.9112,S,0,39.0000,0.00
D,389515,15,settle,5.9111,U,0,39.0000,0.00
D,389707,15,settle,5.9111,S,0,39.0000,0.00
D,389899,15,settle,5.9110,U,0,39.0000,0.00
D,390091,15,settle,5.9110,S,0,39.0000,0.00
D,390283,15,settle,5.9110,S,0,39.0000,0.00
D,390475,15,settle,5.9109,S,0,39.0000,0.00
D,390667,15,settle,5.9109,S,0,39.0000,0.00
D,390859,15,settle,5.9109,S,0,39.0000,0.00
D,391051,15,settle,5.9109,S,0,39.0000,0.00
D,391243,15,settle,5.9109,S,0,39.0000,0.00
D,391435,15,settle,5.9109,S,0,39.0000,0.00
D,391627,15,settle,5.9109,S,0,39.0000,0.00
D,391819,15,settle,5.9109,S,0,39.0000,0.00
D,392011,15,settle,5.9109,S,0,39.0000,0.00
D,392189,15,settle,5.9109,S,0,39.0000,0.00
D,392381,15,settle,5.9110,S,0,39.0000,0.00
D,392573,15,settle,5.9110,S,0,39.0000,0.00
D,392765,15,settle,5.9110,S,0,39.0000,0.00
D,392957,15,settle,5.9110,S,0,39.0000,0.00
D,393149,15,settle,5.9110,S,0,39.0000,0.00
D,393341,15,settle,5.9110,S,0,39.0000,0.00
D,393533,15,settle,5.9110,S,0,39.0000,0.00
P,393726,15,settled,5.9111,S,39.0000,0.00
S,15,D,3,55,3,10,3,0.0,39.0000,5.2833,5.9048,18.39,5.9111,0.0063,0.6278,5.9111,ok
E,393733,--- flow check D_pre (block 4): 1 rev @ 30 rpm, tilt 55 ---
P,395063,16,flow_before,5.9112,S,39.0000,0.00
D,395157,16,flowmove,5.9112,S,30,40.0000,0.00
D,395349,16,flowmove,5.9112,S,30,40.0000,0.00
D,395541,16,flowmove,5.9112,S,30,40.0000,0.00
D,395733,16,flowmove,5.9112,S,30,40.0000,0.00
D,395925,16,flowmove,5.9033,U,30,40.0000,0.00
D,396117,16,flowmove,5.8906,U,30,40.0000,0.00
D,396309,16,flowmove,5.8950,U,30,40.0000,0.00
D,396501,16,flowmove,5.9068,U,30,40.0000,0.00
D,396693,16,flowmove,5.9087,U,30,40.0000,0.00
D,396885,16,flowmove,5.9093,U,30,40.0000,0.00
D,397077,16,flowmove,5.9159,U,30,40.0000,0.00
D,397269,16,flowmove,5.9239,U,30,40.0000,0.00
D,397448,16,flowmove,5.9396,U,30,40.0000,0.00
P,398788,16,flow_after,5.9629,S,40.0000,0.00
F,4,D_pre,55,30,1,5.9112,5.9629,0.0517
E,398795,=== D trial 17 : tilt 55 rep 4 rpm 15 cruise 3 rev -> halt phase 0 (abs 5.96) ===
P,400127,17,base,5.9624,S,40.0000,0.00
D,400222,17,preroll,5.9623,U,0,40.0000,0.00
D,400414,17,preroll,5.9622,U,0,40.0000,0.00
D,400606,17,preroll,5.9620,U,0,40.0000,0.00
D,400798,17,preroll,5.9619,U,0,40.0000,0.00
D,400990,17,preroll,5.9619,U,0,40.0000,0.00
D,401182,17,preroll,5.9618,U,0,40.0000,0.00
D,401376,17,move,5.9617,U,15,43.0000,0.00
D,401568,17,move,5.9617,S,15,43.0000,0.00
D,401760,17,move,5.9616,U,15,43.0000,0.00
D,401952,17,move,5.9616,S,15,43.0000,0.00
D,402155,17,move,5.9614,U,15,43.0000,0.00
D,402326,17,move,5.9550,U,15,43.0000,0.00
D,402518,17,move,5.9546,U,15,43.0000,0.00
D,402710,17,move,5.9586,U,15,43.0000,0.00
D,402902,17,move,5.9604,U,15,43.0000,0.00
D,403094,17,move,5.9608,U,15,43.0000,0.00
D,403286,17,move,5.9615,U,15,43.0000,0.00
D,403478,17,move,5.9616,U,15,43.0000,0.00
D,403670,17,move,5.9626,U,15,43.0000,0.00
D,403862,17,move,5.9713,U,15,43.0000,0.00
D,404054,17,move,5.9728,U,15,43.0000,0.00
D,404246,17,move,5.9677,U,15,43.0000,0.00
D,404438,17,move,5.9656,U,15,43.0000,0.00
D,404630,17,move,5.9647,U,15,43.0000,0.00
D,404822,17,move,5.9695,U,15,43.0000,0.00
D,405014,17,move,5.9861,U,15,43.0000,0.00
D,405206,17,move,5.9996,U,15,43.0000,0.00
D,405398,17,move,6.0011,U,15,43.0000,0.00
D,405577,17,move,5.9979,U,15,43.0000,0.00
D,405769,17,move,5.9986,U,15,43.0000,0.00
D,405961,17,move,6.0073,U,15,43.0000,0.00
D,406153,17,move,6.0134,U,15,43.0000,0.00
D,406345,17,move,6.0131,U,15,43.0000,0.00
D,406537,17,move,6.0134,U,15,43.0000,0.00
D,406729,17,move,6.0162,U,15,43.0000,0.00
D,406921,17,move,6.0201,U,15,43.0000,0.00
D,407113,17,move,6.0195,U,15,43.0000,0.00
D,407305,17,move,6.0175,U,15,43.0000,0.00
D,407497,17,move,6.0180,U,15,43.0000,0.00
D,407689,17,move,6.0240,U,15,43.0000,0.00
D,407881,17,move,6.0239,U,15,43.0000,0.00
D,408073,17,move,6.0233,U,15,43.0000,0.00
D,408265,17,move,6.0239,U,15,43.0000,0.00
D,408457,17,move,6.0280,U,15,43.0000,0.00
D,408649,17,move,6.0334,U,15,43.0000,0.00
D,408841,17,move,6.0452,U,15,43.0000,0.00
D,409020,17,move,6.0619,U,15,43.0000,0.00
D,409212,17,move,6.0736,U,15,43.0000,0.00
D,409404,17,move,6.0764,U,15,43.0000,0.00
D,409596,17,move,6.0726,U,15,43.0000,0.00
D,409788,17,move,6.0714,U,15,43.0000,0.00
D,409980,17,move,6.0747,U,15,43.0000,0.00
D,410172,17,move,6.0750,U,15,43.0000,0.00
D,410364,17,move,6.0733,U,15,43.0000,0.00
D,410556,17,move,6.0738,U,15,43.0000,0.00
D,410748,17,move,6.0816,U,15,43.0000,0.00
D,410940,17,move,6.0828,U,15,43.0000,0.00
D,411132,17,move,6.0821,U,15,43.0000,0.00
D,411324,17,move,6.0829,U,15,43.0000,0.00
D,411516,17,move,6.0829,U,15,43.0000,0.00
D,411708,17,move,6.0828,U,15,43.0000,0.00
D,411900,17,move,6.0832,U,15,43.0000,0.00
D,412092,17,move,6.0884,U,15,43.0000,0.00
D,412284,17,move,6.0904,U,15,43.0000,0.00
D,412476,17,move,6.0911,U,15,43.0000,0.00
D,412654,17,move,6.0946,U,15,43.0000,0.00
D,412846,17,move,6.1015,U,15,43.0000,0.00
D,413038,17,move,6.1077,U,15,43.0000,0.00
D,413230,17,move,6.1233,U,15,43.0000,0.00
D,413422,17,move,6.1425,U,15,43.0000,0.00
D,413614,17,move,6.1486,U,15,43.0000,0.00
D,413807,17,settle,6.1502,U,0,43.0000,0.00
D,413999,17,settle,6.1502,U,0,43.0000,0.00
D,414191,17,settle,6.1474,U,0,43.0000,0.00
D,414383,17,settle,6.1432,U,0,43.0000,0.00
D,414575,17,settle,6.1421,U,0,43.0000,0.00
D,414767,17,settle,6.1417,U,0,43.0000,0.00
D,414959,17,settle,6.1416,U,0,43.0000,0.00
D,415151,17,settle,6.1415,U,0,43.0000,0.00
D,415343,17,settle,6.1415,S,0,43.0000,0.00
D,415535,17,settle,6.1415,S,0,43.0000,0.00
D,415727,17,settle,6.1415,S,0,43.0000,0.00
D,415907,17,settle,6.1414,S,0,43.0000,0.00
D,416099,17,settle,6.1414,S,0,43.0000,0.00
D,416291,17,settle,6.1414,S,0,43.0000,0.00
D,416483,17,settle,6.1413,S,0,43.0000,0.00
D,416675,17,settle,6.1413,S,0,43.0000,0.00
D,416867,17,settle,6.1413,S,0,43.0000,0.00
D,417059,17,settle,6.1413,S,0,43.0000,0.00
D,417251,17,settle,6.1413,S,0,43.0000,0.00
D,417443,17,settle,6.1413,S,0,43.0000,0.00
D,417635,17,settle,6.1413,S,0,43.0000,0.00
D,417827,17,settle,6.1413,S,0,43.0000,0.00
D,418019,17,settle,6.1414,S,0,43.0000,0.00
D,418211,17,settle,6.1419,U,0,43.0000,0.00
D,418403,17,settle,6.1421,U,0,43.0000,0.00
D,418595,17,settle,6.1423,U,0,43.0000,0.00
D,418787,17,settle,6.1424,U,0,43.0000,0.00
D,418970,17,settle,6.1426,U,0,43.0000,0.00
D,419161,17,settle,6.1427,U,0,43.0000,0.00
D,419353,17,settle,6.1428,U,0,43.0000,0.00
D,419545,17,settle,6.1428,S,0,43.0000,0.00
D,419737,17,settle,6.1428,S,0,43.0000,0.00
D,419929,17,settle,6.1428,S,0,43.0000,0.00
D,420121,17,settle,6.1428,S,0,43.0000,0.00
D,420313,17,settle,6.1428,S,0,43.0000,0.00
D,420505,17,settle,6.1429,S,0,43.0000,0.00
D,420697,17,settle,6.1429,S,0,43.0000,0.00
D,420889,17,settle,6.1429,S,0,43.0000,0.00
D,421081,17,settle,6.1429,S,0,43.0000,0.00
D,421273,17,settle,6.1428,S,0,43.0000,0.00
D,421465,17,settle,6.1428,S,0,43.0000,0.00
D,421644,17,settle,6.1428,S,0,43.0000,0.00
P,421837,17,settled,6.1428,S,43.0000,0.00
S,17,D,4,55,4,15,3,0.0,43.0000,5.9624,6.1486,12.41,6.1428,-0.0058,0.1804,6.1428,ok
E,421845,=== D trial 18 : tilt 55 rep 4 rpm 10 cruise 3 rev -> halt phase 0 (abs 6.14) ===
P,423177,18,base,6.1428,S,43.0000,0.00
D,423270,18,preroll,6.1428,S,0,43.0000,0.00
D,423462,18,preroll,6.1428,S,0,43.0000,0.00
D,423654,18,preroll,6.1428,S,0,43.0000,0.00
D,423846,18,preroll,6.1428,S,0,43.0000,0.00
D,424038,18,preroll,6.1427,S,0,43.0000,0.00
D,424230,18,preroll,6.1427,S,0,43.0000,0.00
D,424424,18,move,6.1427,S,10,46.0000,0.00
D,424616,18,move,6.1427,S,10,46.0000,0.00
D,424808,18,move,6.1427,S,10,46.0000,0.00
D,425000,18,move,6.1422,U,10,46.0000,0.00
D,425192,18,move,6.1365,U,10,46.0000,0.00
D,425384,18,move,6.1319,U,10,46.0000,0.00
D,425576,18,move,6.1325,U,10,46.0000,0.00
D,425768,18,move,6.1342,U,10,46.0000,0.00
D,425946,18,move,6.1357,U,10,46.0000,0.00
D,426138,18,move,6.1374,U,10,46.0000,0.00
D,426330,18,move,6.1423,U,10,46.0000,0.00
D,426522,18,move,6.1461,U,10,46.0000,0.00
D,426714,18,move,6.1445,U,10,46.0000,0.00
D,426906,18,move,6.1428,U,10,46.0000,0.00
D,427098,18,move,6.1419,U,10,46.0000,0.00
D,427290,18,move,6.1418,U,10,46.0000,0.00
D,427482,18,move,6.1427,U,10,46.0000,0.00
D,427674,18,move,6.1491,U,10,46.0000,0.00
D,427866,18,move,6.1604,U,10,46.0000,0.00
D,428058,18,move,6.1722,U,10,46.0000,0.00
D,428250,18,move,6.1787,U,10,46.0000,0.00
D,428442,18,move,6.1804,U,10,46.0000,0.00
D,428634,18,move,6.1894,U,10,46.0000,0.00
D,428826,18,move,6.2104,U,10,46.0000,0.00
D,429018,18,move,6.2398,U,10,46.0000,0.00
D,429210,18,move,6.2656,U,10,46.0000,0.00
D,429402,18,move,6.2825,U,10,46.0000,0.00
D,429580,18,move,6.2936,U,10,46.0000,0.00
D,429772,18,move,6.2969,U,10,46.0000,0.00
D,429964,18,move,6.2940,U,10,46.0000,0.00
D,430156,18,move,6.2934,U,10,46.0000,0.00
D,430348,18,move,6.2933,U,10,46.0000,0.00
D,430540,18,move,6.2925,U,10,46.0000,0.00
D,430732,18,move,6.2902,U,10,46.0000,0.00
D,430924,18,move,6.2910,U,10,46.0000,0.00
D,431116,18,move,6.2916,U,10,46.0000,0.00
D,431308,18,move,6.2905,U,10,46.0000,0.00
D,431500,18,move,6.2778,U,10,46.0000,0.00
D,431692,18,move,6.2751,U,10,46.0000,0.00
D,431884,18,move,6.2828,U,10,46.0000,0.00
D,432076,18,move,6.2938,U,10,46.0000,0.00
D,432268,18,move,6.2999,U,10,46.0000,0.00
D,432460,18,move,6.3007,U,10,46.0000,0.00
D,432652,18,move,6.3013,U,10,46.0000,0.00
D,432844,18,move,6.3068,U,10,46.0000,0.00
D,433036,18,move,6.3196,U,10,46.0000,0.00
D,433214,18,move,6.3356,U,10,46.0000,0.00
D,433406,18,move,6.3495,U,10,46.0000,0.00
D,433598,18,move,6.3629,U,10,46.0000,0.00
D,433790,18,move,6.3801,U,10,46.0000,0.00
D,433982,18,move,6.4040,U,10,46.0000,0.00
D,434174,18,move,6.4257,U,10,46.0000,0.00
D,434366,18,move,6.4408,U,10,46.0000,0.00
D,434558,18,move,6.4514,U,10,46.0000,0.00
D,434750,18,move,6.4616,U,10,46.0000,0.00
D,434942,18,move,6.4705,U,10,46.0000,0.00
D,435134,18,move,6.4794,U,10,46.0000,0.00
D,435326,18,move,6.4904,U,10,46.0000,0.00
D,435518,18,move,6.5029,U,10,46.0000,0.00
D,435710,18,move,6.5088,U,10,46.0000,0.00
D,435902,18,move,6.5071,U,10,46.0000,0.00
D,436094,18,move,6.5064,U,10,46.0000,0.00
D,436286,18,move,6.5074,U,10,46.0000,0.00
D,436478,18,move,6.5080,U,10,46.0000,0.00
D,436661,18,move,6.5072,U,10,46.0000,0.00
D,436852,18,move,6.5044,U,10,46.0000,0.00
D,437044,18,move,6.5044,U,10,46.0000,0.00
D,437236,18,move,6.4993,U,10,46.0000,0.00
D,437428,18,move,6.4960,U,10,46.0000,0.00
D,437620,18,move,6.4977,U,10,46.0000,0.00
D,437812,18,move,6.5043,U,10,46.0000,0.00
D,438004,18,move,6.5086,U,10,46.0000,0.00
D,438196,18,move,6.5110,U,10,46.0000,0.00
D,438388,18,move,6.5169,U,10,46.0000,0.00
D,438580,18,move,6.5214,U,10,46.0000,0.00
D,438772,18,move,6.5201,U,10,46.0000,0.00
D,438964,18,move,6.5174,U,10,46.0000,0.00
D,439156,18,move,6.5166,U,10,46.0000,0.00
D,439335,18,move,6.5181,U,10,46.0000,0.00
D,439527,18,move,6.5193,U,10,46.0000,0.00
D,439719,18,move,6.5219,U,10,46.0000,0.00
D,439911,18,move,6.5293,U,10,46.0000,0.00
D,440103,18,move,6.5480,U,10,46.0000,0.00
D,440295,18,move,6.5656,U,10,46.0000,0.00
D,440487,18,move,6.5737,U,10,46.0000,0.00
D,440679,18,move,6.5772,U,10,46.0000,0.00
D,440871,18,move,6.5901,U,10,46.0000,0.00
D,441063,18,move,6.6142,U,10,46.0000,0.00
D,441255,18,move,6.6392,U,10,46.0000,0.00
D,441447,18,move,6.6581,U,10,46.0000,0.00
D,441639,18,move,6.6657,U,10,46.0000,0.00
D,441831,18,move,6.6641,U,10,46.0000,0.00
D,442023,18,move,6.6645,U,10,46.0000,0.00
D,442215,18,move,6.6673,U,10,46.0000,0.00
D,442407,18,move,6.6683,U,10,46.0000,0.00
D,442599,18,move,6.6655,U,10,46.0000,0.00
D,442791,18,move,6.6660,U,10,46.0000,0.00
D,442969,18,settle,6.6678,U,0,46.0000,0.00
D,443161,18,settle,6.6768,U,0,46.0000,0.00
D,443353,18,settle,6.6801,U,0,46.0000,0.00
D,443545,18,settle,6.6805,U,0,46.0000,0.00
D,443737,18,settle,6.6796,U,0,46.0000,0.00
D,443929,18,settle,6.6793,U,0,46.0000,0.00
D,444121,18,settle,6.6791,U,0,46.0000,0.00
D,444313,18,settle,6.6790,U,0,46.0000,0.00
D,444505,18,settle,6.6789,U,0,46.0000,0.00
D,444697,18,settle,6.6788,U,0,46.0000,0.00
D,444889,18,settle,6.6788,S,0,46.0000,0.00
D,445081,18,settle,6.6787,U,0,46.0000,0.00
D,445273,18,settle,6.6787,S,0,46.0000,0.00
D,445465,18,settle,6.6786,S,0,46.0000,0.00
D,445657,18,settle,6.6786,S,0,46.0000,0.00
D,445849,18,settle,6.6785,U,0,46.0000,0.00
D,446041,18,settle,6.6784,U,0,46.0000,0.00
D,446233,18,settle,6.6784,S,0,46.0000,0.00
D,446412,18,settle,6.6783,S,0,46.0000,0.00
D,446604,18,settle,6.6783,S,0,46.0000,0.00
D,446796,18,settle,6.6783,S,0,46.0000,0.00
D,446988,18,settle,6.6783,S,0,46.0000,0.00
D,447180,18,settle,6.6783,S,0,46.0000,0.00
D,447372,18,settle,6.6783,S,0,46.0000,0.00
D,447564,18,settle,6.6783,S,0,46.0000,0.00
D,447756,18,settle,6.6783,S,0,46.0000,0.00
D,447948,18,settle,6.6783,S,0,46.0000,0.00
D,448140,18,settle,6.6783,S,0,46.0000,0.00
D,448332,18,settle,6.6784,S,0,46.0000,0.00
D,448524,18,settle,6.6784,S,0,46.0000,0.00
D,448716,18,settle,6.6784,S,0,46.0000,0.00
D,448908,18,settle,6.6784,S,0,46.0000,0.00
D,449100,18,settle,6.6784,S,0,46.0000,0.00
D,449292,18,settle,6.6785,S,0,46.0000,0.00
D,449484,18,settle,6.6788,U,0,46.0000,0.00
D,449676,18,settle,6.6788,U,0,46.0000,0.00
D,449868,18,settle,6.6789,U,0,46.0000,0.00
D,450046,18,settle,6.6789,S,0,46.0000,0.00
D,450238,18,settle,6.6789,S,0,46.0000,0.00
D,450430,18,settle,6.6790,S,0,46.0000,0.00
D,450622,18,settle,6.6790,S,0,46.0000,0.00
D,450814,18,settle,6.6791,S,0,46.0000,0.00
P,451007,18,settled,6.6791,S,46.0000,0.00
S,18,D,4,55,4,10,3,0.0,46.0000,6.1428,6.6660,18.39,6.6791,0.0131,0.5363,6.6791,ok
E,451015,=== D trial 19 : tilt 55 rep 4 rpm 5 cruise 3 rev -> halt phase 0 (abs 6.68) ===
P,452450,19,base,6.6791,S,46.0000,0.00
D,452542,19,preroll,6.6791,S,0,46.0000,0.00
D,452734,19,preroll,6.6792,S,0,46.0000,0.00
D,452926,19,preroll,6.6792,S,0,46.0000,0.00
D,453118,19,preroll,6.6792,S,0,46.0000,0.00
D,453310,19,preroll,6.6792,S,0,46.0000,0.00
D,453502,19,preroll,6.6792,S,0,46.0000,0.00
D,453681,19,move,6.6792,S,5,49.0000,0.00
D,453873,19,move,6.6796,U,5,49.0000,0.00
D,454065,19,move,6.6797,U,5,49.0000,0.00
D,454257,19,move,6.6799,U,5,49.0000,0.00
D,454461,19,move,6.6955,U,5,49.0000,0.00
D,454636,19,move,6.7117,U,5,49.0000,0.00
D,454828,19,move,6.7101,U,5,49.0000,0.00
D,455020,19,move,6.7040,U,5,49.0000,0.00
D,455212,19,move,6.7021,U,5,49.0000,0.00
D,455404,19,move,6.6974,U,5,49.0000,0.00
D,455596,19,move,6.6956,U,5,49.0000,0.00
D,455788,19,move,6.6975,U,5,49.0000,0.00
D,455980,19,move,6.6986,U,5,49.0000,0.00
D,456172,19,move,6.7018,U,5,49.0000,0.00
D,456364,19,move,6.7059,U,5,49.0000,0.00
D,456556,19,move,6.7112,U,5,49.0000,0.00
D,456748,19,move,6.7153,U,5,49.0000,0.00
D,456940,19,move,6.7206,U,5,49.0000,0.00
D,457132,19,move,6.7293,U,5,49.0000,0.00
D,457324,19,move,6.7392,U,5,49.0000,0.00
D,457516,19,move,6.7527,U,5,49.0000,0.00
D,457708,19,move,6.7693,U,5,49.0000,0.00
D,457900,19,move,6.7852,U,5,49.0000,0.00
D,458078,19,move,6.8056,U,5,49.0000,0.00
D,458270,19,move,6.8295,U,5,49.0000,0.00
D,458462,19,move,6.8529,U,5,49.0000,0.00
D,458654,19,move,6.8748,U,5,49.0000,0.00
D,458846,19,move,6.8891,U,5,49.0000,0.00
D,459038,19,move,6.8950,U,5,49.0000,0.00
D,459230,19,move,6.9016,U,5,49.0000,0.00
D,459422,19,move,6.9123,U,5,49.0000,0.00
D,459614,19,move,6.9186,U,5,49.0000,0.00
D,459806,19,move,6.9134,U,5,49.0000,0.00
D,459998,19,move,6.9129,U,5,49.0000,0.00
D,460190,19,move,6.9329,U,5,49.0000,0.00
D,460382,19,move,6.9509,U,5,49.0000,0.00
D,460574,19,move,6.9599,U,5,49.0000,0.00
D,460766,19,move,6.9656,U,5,49.0000,0.00
D,460958,19,move,6.9711,U,5,49.0000,0.00
D,461150,19,move,6.9759,U,5,49.0000,0.00
D,461342,19,move,6.9797,U,5,49.0000,0.00
D,461534,19,move,6.9932,U,5,49.0000,0.00
D,461713,19,move,7.0139,U,5,49.0000,0.00
D,461905,19,move,7.0240,U,5,49.0000,0.00
D,462097,19,move,7.0203,U,5,49.0000,0.00
D,462289,19,move,7.0144,U,5,49.0000,0.00
D,462481,19,move,7.0149,U,5,49.0000,0.00
D,462673,19,move,7.0197,U,5,49.0000,0.00
D,462865,19,move,7.0240,U,5,49.0000,0.00
D,463057,19,move,7.0256,U,5,49.0000,0.00
D,463249,19,move,7.0254,U,5,49.0000,0.00
D,463441,19,move,7.0269,U,5,49.0000,0.00
D,463633,19,move,7.0331,U,5,49.0000,0.00
D,463825,19,move,7.0361,U,5,49.0000,0.00
D,464017,19,move,7.0380,U,5,49.0000,0.00
D,464209,19,move,7.0398,U,5,49.0000,0.00
D,464401,19,move,7.0402,U,5,49.0000,0.00
D,464593,19,move,7.0388,U,5,49.0000,0.00
D,464785,19,move,7.0299,U,5,49.0000,0.00
D,464977,19,move,7.0215,U,5,49.0000,0.00
D,465155,19,move,7.0193,U,5,49.0000,0.00
D,465347,19,move,7.0198,U,5,49.0000,0.00
D,465539,19,move,7.0213,U,5,49.0000,0.00
D,465731,19,move,7.0231,U,5,49.0000,0.00
D,465923,19,move,7.0255,U,5,49.0000,0.00
D,466115,19,move,7.0295,U,5,49.0000,0.00
D,466307,19,move,7.0355,U,5,49.0000,0.00
D,466499,19,move,7.0426,U,5,49.0000,0.00
D,466691,19,move,7.0460,U,5,49.0000,0.00
D,466883,19,move,7.0406,U,5,49.0000,0.00
D,467075,19,move,7.0349,U,5,49.0000,0.00
D,467267,19,move,7.0341,U,5,49.0000,0.00
D,467459,19,move,7.0346,U,5,49.0000,0.00
D,467651,19,move,7.0325,U,5,49.0000,0.00
D,467843,19,move,7.0177,U,5,49.0000,0.00
D,468035,19,move,7.0031,U,5,49.0000,0.00
D,468227,19,move,7.0018,U,5,49.0000,0.00
D,468419,19,move,7.0061,U,5,49.0000,0.00
D,468611,19,move,7.0136,U,5,49.0000,0.00
D,468789,19,move,7.0224,U,5,49.0000,0.00
D,468981,19,move,7.0303,U,5,49.0000,0.00
D,469173,19,move,7.0398,U,5,49.0000,0.00
D,469365,19,move,7.0511,U,5,49.0000,0.00
D,469557,19,move,7.0637,U,5,49.0000,0.00
D,469749,19,move,7.0767,U,5,49.0000,0.00
D,469941,19,move,7.0937,U,5,49.0000,0.00
D,470133,19,move,7.1175,U,5,49.0000,0.00
D,470325,19,move,7.1439,U,5,49.0000,0.00
D,470517,19,move,7.1696,U,5,49.0000,0.00
D,470709,19,move,7.1928,U,5,49.0000,0.00
D,470901,19,move,7.2137,U,5,49.0000,0.00
D,471085,19,move,7.2308,U,5,49.0000,0.00
D,471277,19,move,7.2435,U,5,49.0000,0.00
D,471469,19,move,7.2565,U,5,49.0000,0.00
D,471661,19,move,7.2668,U,5,49.0000,0.00
D,471853,19,move,7.2692,U,5,49.0000,0.00
D,472045,19,move,7.2741,U,5,49.0000,0.00
D,472237,19,move,7.2857,U,5,49.0000,0.00
D,472429,19,move,7.2990,U,5,49.0000,0.00
D,472621,19,move,7.3084,U,5,49.0000,0.00
D,472813,19,move,7.3158,U,5,49.0000,0.00
D,473005,19,move,7.3225,U,5,49.0000,0.00
D,473197,19,move,7.3315,U,5,49.0000,0.00
D,473389,19,move,7.3444,U,5,49.0000,0.00
D,473581,19,move,7.3587,U,5,49.0000,0.00
D,473773,19,move,7.3695,U,5,49.0000,0.00
D,473965,19,move,7.3728,U,5,49.0000,0.00
D,474145,19,move,7.3671,U,5,49.0000,0.00
D,474337,19,move,7.3605,U,5,49.0000,0.00
D,474529,19,move,7.3615,U,5,49.0000,0.00
D,474721,19,move,7.3665,U,5,49.0000,0.00
D,474913,19,move,7.3693,U,5,49.0000,0.00
D,475105,19,move,7.3699,U,5,49.0000,0.00
D,475297,19,move,7.3739,U,5,49.0000,0.00
D,475489,19,move,7.3804,U,5,49.0000,0.00
D,475680,19,move,7.3806,U,5,49.0000,0.00
D,475872,19,move,7.3783,U,5,49.0000,0.00
D,476064,19,move,7.3761,U,5,49.0000,0.00
D,476256,19,move,7.3725,U,5,49.0000,0.00
D,476448,19,move,7.3762,U,5,49.0000,0.00
D,476640,19,move,7.3799,U,5,49.0000,0.00
D,476832,19,move,7.3751,U,5,49.0000,0.00
D,477024,19,move,7.3683,U,5,49.0000,0.00
D,477216,19,move,7.3646,U,5,49.0000,0.00
D,477408,19,move,7.3645,U,5,49.0000,0.00
D,477587,19,move,7.3666,U,5,49.0000,0.00
D,477779,19,move,7.3692,U,5,49.0000,0.00
D,477970,19,move,7.3710,U,5,49.0000,0.00
D,478162,19,move,7.3735,U,5,49.0000,0.00
D,478354,19,move,7.3794,U,5,49.0000,0.00
D,478546,19,move,7.3827,U,5,49.0000,0.00
D,478738,19,move,7.3666,U,5,49.0000,0.00
D,478930,19,move,7.3416,U,5,49.0000,0.00
D,479122,19,move,7.3360,U,5,49.0000,0.00
D,479314,19,move,7.3375,U,5,49.0000,0.00
D,479506,19,move,7.3335,U,5,49.0000,0.00
D,479698,19,move,7.3299,U,5,49.0000,0.00
D,479890,19,move,7.3321,U,5,49.0000,0.00
D,480082,19,move,7.3375,U,5,49.0000,0.00
D,480274,19,move,7.3448,U,5,49.0000,0.00
D,480466,19,move,7.3370,U,5,49.0000,0.00
D,480658,19,move,7.3238,U,5,49.0000,0.00
D,480850,19,move,7.3293,U,5,49.0000,0.00
D,481042,19,move,7.3433,U,5,49.0000,0.00
D,481221,19,move,7.3548,U,5,49.0000,0.00
D,481413,19,move,7.3664,U,5,49.0000,0.00
D,481605,19,move,7.3795,U,5,49.0000,0.00
D,481797,19,move,7.3930,U,5,49.0000,0.00
D,481989,19,move,7.4114,U,5,49.0000,0.00
D,482180,19,move,7.4353,U,5,49.0000,0.00
D,482372,19,move,7.4592,U,5,49.0000,0.00
D,482564,19,move,7.4834,U,5,49.0000,0.00
D,482756,19,move,7.5082,U,5,49.0000,0.00
D,482948,19,move,7.5306,U,5,49.0000,0.00
D,483139,19,move,7.5498,U,5,49.0000,0.00
D,483331,19,move,7.5665,U,5,49.0000,0.00
D,483523,19,move,7.5850,U,5,49.0000,0.00
D,483715,19,move,7.6139,U,5,49.0000,0.00
D,483906,19,move,7.6437,U,5,49.0000,0.00
D,484098,19,move,7.6596,U,5,49.0000,0.00
D,484290,19,move,7.6677,U,5,49.0000,0.00
D,484482,19,move,7.6726,U,5,49.0000,0.00
D,484673,19,move,7.6786,U,5,49.0000,0.00
D,484865,19,move,7.6868,U,5,49.0000,0.00
D,485057,19,move,7.6941,U,5,49.0000,0.00
D,485249,19,move,7.7022,U,5,49.0000,0.00
D,485441,19,move,7.7157,U,5,49.0000,0.00
D,485620,19,move,7.7319,U,5,49.0000,0.00
D,485812,19,move,7.7403,U,5,49.0000,0.00
D,486004,19,move,7.7384,U,5,49.0000,0.00
D,486196,19,move,7.7312,U,5,49.0000,0.00
D,486388,19,move,7.7280,U,5,49.0000,0.00
D,486580,19,move,7.7300,U,5,49.0000,0.00
D,486772,19,move,7.7328,U,5,49.0000,0.00
D,486964,19,move,7.7365,U,5,49.0000,0.00
D,487156,19,move,7.7391,U,5,49.0000,0.00
D,487348,19,move,7.7451,U,5,49.0000,0.00
D,487540,19,move,7.7511,U,5,49.0000,0.00
D,487726,19,move,7.7505,U,5,49.0000,0.00
D,487916,19,move,7.7480,U,5,49.0000,0.00
D,488108,19,move,7.7469,U,5,49.0000,0.00
D,488299,19,move,7.7461,U,5,49.0000,0.00
D,488490,19,move,7.7468,U,5,49.0000,0.00
D,488682,19,move,7.7462,U,5,49.0000,0.00
D,488874,19,move,7.7374,U,5,49.0000,0.00
D,489066,19,move,7.7325,U,5,49.0000,0.00
D,489258,19,move,7.7308,U,5,49.0000,0.00
D,489450,19,move,7.7332,U,5,49.0000,0.00
D,489642,19,move,7.7371,U,5,49.0000,0.00
D,489834,19,move,7.7392,U,5,49.0000,0.00
D,490026,19,move,7.7414,U,5,49.0000,0.00
D,490218,19,settle,7.7435,U,0,49.0000,0.00
D,490410,19,settle,7.7411,U,0,49.0000,0.00
D,490602,19,settle,7.7359,U,0,49.0000,0.00
D,490794,19,settle,7.7346,U,0,49.0000,0.00
D,490986,19,settle,7.7360,U,0,49.0000,0.00
D,491178,19,settle,7.7368,U,0,49.0000,0.00
D,491370,19,settle,7.7369,U,0,49.0000,0.00
D,491562,19,settle,7.7369,U,0,49.0000,0.00
D,491754,19,settle,7.7370,S,0,49.0000,0.00
D,491932,19,settle,7.7370,S,0,49.0000,0.00
D,492124,19,settle,7.7370,S,0,49.0000,0.00
D,492316,19,settle,7.7370,S,0,49.0000,0.00
D,492508,19,settle,7.7370,S,0,49.0000,0.00
D,492700,19,settle,7.7370,S,0,49.0000,0.00
D,492892,19,settle,7.7370,S,0,49.0000,0.00
D,493084,19,settle,7.7371,S,0,49.0000,0.00
D,493276,19,settle,7.7371,S,0,49.0000,0.00
D,493468,19,settle,7.7371,S,0,49.0000,0.00
D,493660,19,settle,7.7371,S,0,49.0000,0.00
D,493852,19,settle,7.7371,S,0,49.0000,0.00
D,494044,19,settle,7.7371,S,0,49.0000,0.00
D,494236,19,settle,7.7371,S,0,49.0000,0.00
D,494428,19,settle,7.7371,S,0,49.0000,0.00
D,494620,19,settle,7.7371,S,0,49.0000,0.00
D,494812,19,settle,7.7370,S,0,49.0000,0.00
D,495004,19,settle,7.7370,S,0,49.0000,0.00
D,495196,19,settle,7.7370,S,0,49.0000,0.00
D,495388,19,settle,7.7366,U,0,49.0000,0.00
D,495566,19,settle,7.7366,U,0,49.0000,0.00
D,495758,19,settle,7.7365,U,0,49.0000,0.00
D,495950,19,settle,7.7364,U,0,49.0000,0.00
D,496142,19,settle,7.7364,S,0,49.0000,0.00
D,496334,19,settle,7.7364,S,0,49.0000,0.00
D,496526,19,settle,7.7363,S,0,49.0000,0.00
D,496718,19,settle,7.7363,S,0,49.0000,0.00
D,496910,19,settle,7.7363,S,0,49.0000,0.00
D,497102,19,settle,7.7363,S,0,49.0000,0.00
D,497294,19,settle,7.7363,S,0,49.0000,0.00
D,497486,19,settle,7.7363,S,0,49.0000,0.00
D,497678,19,settle,7.7363,S,0,49.0000,0.00
D,497870,19,settle,7.7363,S,0,49.0000,0.00
D,498062,19,settle,7.7363,S,0,49.0000,0.00
P,498255,19,settled,7.7363,S,49.0000,0.00
S,19,D,4,55,4,5,3,0.0,49.0000,6.6791,7.7414,36.37,7.7363,-0.0051,1.0572,7.7363,ok
E,498263,=== D trial 20 : tilt 55 rep 4 rpm 25 cruise 3 rev -> halt phase 0 (abs 7.74) ===
P,499681,20,base,7.7362,S,49.0000,0.00
D,499776,20,preroll,7.7362,S,0,49.0000,0.00
D,499968,20,preroll,7.7362,S,0,49.0000,0.00
D,500160,20,preroll,7.7362,S,0,49.0000,0.00
D,500352,20,preroll,7.7362,S,0,49.0000,0.00
D,500544,20,preroll,7.7362,S,0,49.0000,0.00
D,500736,20,preroll,7.7361,S,0,49.0000,0.00
D,500930,20,move,7.7361,S,25,52.0000,0.00
D,501121,20,move,7.7361,S,25,52.0000,0.00
D,501312,20,move,7.7356,U,25,52.0000,0.00
D,501503,20,move,7.7356,U,25,52.0000,0.00
D,501694,20,move,7.7354,U,25,52.0000,0.00
D,501886,20,move,7.7290,U,25,52.0000,0.00
D,502077,20,move,7.7290,U,25,52.0000,0.00
D,502268,20,move,7.7351,U,25,52.0000,0.00
D,502459,20,move,7.7379,U,25,52.0000,0.00
D,502650,20,move,7.7376,U,25,52.0000,0.00
D,502841,20,move,7.7411,U,25,52.0000,0.00
D,503032,20,move,7.7468,U,25,52.0000,0.00
D,503223,20,move,7.7535,U,25,52.0000,0.00
D,503415,20,move,7.7652,U,25,52.0000,0.00
D,503606,20,move,7.7800,U,25,52.0000,0.00
D,503798,20,move,7.7908,U,25,52.0000,0.00
D,503989,20,move,7.7930,U,25,52.0000,0.00
D,504180,20,move,7.7882,U,25,52.0000,0.00
D,504371,20,move,7.7842,U,25,52.0000,0.00
D,504562,20,move,7.7850,U,25,52.0000,0.00
D,504753,20,move,7.7889,U,25,52.0000,0.00
D,504944,20,move,7.7923,U,25,52.0000,0.00
D,505135,20,move,7.7975,U,25,52.0000,0.00
D,505326,20,move,7.8106,U,25,52.0000,0.00
D,505513,20,move,7.8287,U,25,52.0000,0.00
D,505704,20,move,7.8397,U,25,52.0000,0.00
D,505896,20,move,7.8469,U,25,52.0000,0.00
D,506087,20,move,7.8601,U,25,52.0000,0.00
D,506278,20,move,7.8688,U,25,52.0000,0.00
D,506469,20,move,7.8680,U,25,52.0000,0.00
D,506660,20,move,7.8649,U,25,52.0000,0.00
D,506852,20,move,7.8644,U,25,52.0000,0.00
D,507044,20,move,7.8673,U,25,52.0000,0.00
D,507235,20,move,7.8705,U,25,52.0000,0.00
D,507427,20,move,7.8704,U,25,52.0000,0.00
D,507618,20,move,7.8731,U,25,52.0000,0.00
D,507810,20,move,7.8833,U,25,52.0000,0.00
D,508001,20,move,7.8970,U,25,52.0000,0.00
D,508192,20,move,7.9132,U,25,52.0000,0.00
D,508383,20,move,7.9305,U,25,52.0000,0.00
D,508574,20,move,7.9406,U,25,52.0000,0.00
D,508766,20,settle,7.9416,U,0,52.0000,0.00
D,508958,20,settle,7.9429,U,0,52.0000,0.00
D,509150,20,settle,7.9426,U,0,52.0000,0.00
D,509342,20,settle,7.9419,U,0,52.0000,0.00
D,509534,20,settle,7.9415,U,0,52.0000,0.00
D,509726,20,settle,7.9413,U,0,52.0000,0.00
D,509918,20,settle,7.9412,U,0,52.0000,0.00
D,510110,20,settle,7.9411,U,0,52.0000,0.00
D,510302,20,settle,7.9411,U,0,52.0000,0.00
D,510494,20,settle,7.9410,U,0,52.0000,0.00
D,510686,20,settle,7.9410,S,0,52.0000,0.00
D,510878,20,settle,7.9409,S,0,52.0000,0.00
D,511070,20,settle,7.9408,U,0,52.0000,0.00
D,511262,20,settle,7.9407,U,0,52.0000,0.00
D,511441,20,settle,7.9406,U,0,52.0000,0.00
D,511633,20,settle,7.9405,U,0,52.0000,0.00
D,511825,20,settle,7.9405,S,0,52.0000,0.00
D,512017,20,settle,7.9404,U,0,52.0000,0.00
D,512209,20,settle,7.9403,U,0,52.0000,0.00
D,512401,20,settle,7.9403,S,0,52.0000,0.00
D,512593,20,settle,7.9402,U,0,52.0000,0.00
D,512785,20,settle,7.9402,S,0,52.0000,0.00
D,512977,20,settle,7.9401,S,0,52.0000,0.00
D,513169,20,settle,7.9401,S,0,52.0000,0.00
D,513361,20,settle,7.9400,S,0,52.0000,0.00
D,513552,20,settle,7.9400,S,0,52.0000,0.00
D,513743,20,settle,7.9399,S,0,52.0000,0.00
D,513935,20,settle,7.9399,S,0,52.0000,0.00
D,514127,20,settle,7.9398,S,0,52.0000,0.00
D,514319,20,settle,7.9398,S,0,52.0000,0.00
D,514511,20,settle,7.9397,S,0,52.0000,0.00
D,514703,20,settle,7.9397,S,0,52.0000,0.00
D,514895,20,settle,7.9396,U,0,52.0000,0.00
D,515087,20,settle,7.9396,S,0,52.0000,0.00
D,515267,20,settle,7.9395,S,0,52.0000,0.00
D,515459,20,settle,7.9395,S,0,52.0000,0.00
D,515651,20,settle,7.9394,S,0,52.0000,0.00
D,515843,20,settle,7.9394,S,0,52.0000,0.00
D,516035,20,settle,7.9394,S,0,52.0000,0.00
D,516227,20,settle,7.9393,S,0,52.0000,0.00
D,516419,20,settle,7.9393,S,0,52.0000,0.00
D,516611,20,settle,7.9393,S,0,52.0000,0.00
P,516804,20,settled,7.9393,S,52.0000,0.00
S,20,D,4,55,4,25,3,0.0,52.0000,7.7362,7.9406,7.65,7.9393,-0.0013,0.2031,7.9393,ok
E,516811,--- flow check D_pre (block 5): 1 rev @ 30 rpm, tilt 55 ---
P,518233,21,flow_before,7.9394,S,52.0000,0.00
D,518328,21,flowmove,7.9394,S,30,53.0000,0.00
D,518520,21,flowmove,7.9394,S,30,53.0000,0.00
D,518711,21,flowmove,7.9394,S,30,53.0000,0.00
D,518902,21,flowmove,7.9394,S,30,53.0000,0.00
D,519093,21,flowmove,7.9400,U,30,53.0000,0.00
D,519285,21,flowmove,7.9323,U,30,53.0000,0.00
D,519476,21,flowmove,7.9336,U,30,53.0000,0.00
D,519667,21,flowmove,7.9450,U,30,53.0000,0.00
D,519858,21,flowmove,7.9509,U,30,53.0000,0.00
D,520049,21,flowmove,7.9520,U,30,53.0000,0.00
D,520240,21,flowmove,7.9583,U,30,53.0000,0.00
D,520431,21,flowmove,7.9648,U,30,53.0000,0.00
D,520622,21,flowmove,7.9705,U,30,53.0000,0.00
P,522726,21,flow_after,7.9925,S,53.0000,0.00
F,5,D_pre,55,30,1,7.9394,7.9925,0.0531
E,522733,=== D trial 22 : tilt 55 rep 5 rpm 5 cruise 3 rev -> halt phase 0 (abs 7.99) ===
P,524066,22,base,7.9922,S,53.0000,0.00
D,524160,22,preroll,7.9921,U,0,53.0000,0.00
D,524352,22,preroll,7.9921,S,0,53.0000,0.00
D,524556,22,preroll,7.9921,S,0,53.0000,0.00
D,524747,22,preroll,7.9921,S,0,53.0000,0.00
D,524925,22,preroll,7.9920,S,0,53.0000,0.00
D,525117,22,preroll,7.9920,S,0,53.0000,0.00
D,525311,22,move,7.9920,S,5,56.0000,0.00
D,525502,22,move,7.9920,S,5,56.0000,0.00
D,525694,22,move,7.9920,S,5,56.0000,0.00
D,525885,22,move,7.9963,U,5,56.0000,0.00
D,526076,22,move,8.0083,U,5,56.0000,0.00
D,526268,22,move,8.0159,U,5,56.0000,0.00
D,526460,22,move,8.0081,U,5,56.0000,0.00
D,526651,22,move,8.0071,U,5,56.0000,0.00
D,526842,22,move,8.0099,U,5,56.0000,0.00
D,527033,22,move,8.0057,U,5,56.0000,0.00
D,527224,22,move,7.9909,U,5,56.0000,0.00
D,527415,22,move,7.9761,U,5,56.0000,0.00
D,527606,22,move,7.9686,U,5,56.0000,0.00
D,527797,22,move,7.9693,U,5,56.0000,0.00
D,527988,22,move,7.9833,U,5,56.0000,0.00
D,528179,22,move,7.9982,U,5,56.0000,0.00
D,528370,22,move,8.0114,U,5,56.0000,0.00
D,528561,22,move,8.0236,U,5,56.0000,0.00
D,528752,22,move,8.0332,U,5,56.0000,0.00
D,528943,22,move,8.0455,U,5,56.0000,0.00
D,529134,22,move,8.0600,U,5,56.0000,0.00
D,529326,22,move,8.0744,U,5,56.0000,0.00
D,529517,22,move,8.0914,U,5,56.0000,0.00
D,529708,22,move,8.1151,U,5,56.0000,0.00
D,529899,22,move,8.1431,U,5,56.0000,0.00
D,530090,22,move,8.1721,U,5,56.0000,0.00
D,530281,22,move,8.1971,U,5,56.0000,0.00
D,530472,22,move,8.2163,U,5,56.0000,0.00
D,530664,22,move,8.2299,U,5,56.0000,0.00
D,530855,22,move,8.2423,U,5,56.0000,0.00
D,531047,22,move,8.2610,U,5,56.0000,0.00
D,531238,22,move,8.2856,U,5,56.0000,0.00
D,531429,22,move,8.3136,U,5,56.0000,0.00
D,531620,22,move,8.3409,U,5,56.0000,0.00
D,531812,22,move,8.3573,U,5,56.0000,0.00
D,532003,22,move,8.3578,U,5,56.0000,0.00
D,532194,22,move,8.3532,U,5,56.0000,0.00
D,532385,22,move,8.3548,U,5,56.0000,0.00
D,532576,22,move,8.3644,U,5,56.0000,0.00
D,532768,22,move,8.3736,U,5,56.0000,0.00
D,532959,22,move,8.3864,U,5,56.0000,0.00
D,533150,22,move,8.4004,U,5,56.0000,0.00
D,533341,22,move,8.4094,U,5,56.0000,0.00
D,533533,22,move,8.4159,U,5,56.0000,0.00
D,533724,22,move,8.4181,U,5,56.0000,0.00
D,533915,22,move,8.4155,U,5,56.0000,0.00
D,534106,22,move,8.4152,U,5,56.0000,0.00
D,534298,22,move,8.4172,U,5,56.0000,0.00
D,534489,22,move,8.4247,U,5,56.0000,0.00
D,534680,22,move,8.4242,U,5,56.0000,0.00
D,534871,22,move,8.4264,U,5,56.0000,0.00
D,535063,22,move,8.4324,U,5,56.0000,0.00
D,535254,22,move,8.4342,U,5,56.0000,0.00
D,535446,22,move,8.4324,U,5,56.0000,0.00
D,535637,22,move,8.4319,U,5,56.0000,0.00
D,535828,22,move,8.4314,U,5,56.0000,0.00
D,536019,22,move,8.4312,U,5,56.0000,0.00
D,536211,22,move,8.4311,U,5,56.0000,0.00
D,536402,22,move,8.4241,U,5,56.0000,0.00
D,536593,22,move,8.4168,U,5,56.0000,0.00
D,536784,22,move,8.4135,U,5,56.0000,0.00
D,536975,22,move,8.4139,U,5,56.0000,0.00
D,537167,22,move,8.4135,U,5,56.0000,0.00
D,537358,22,move,8.4128,U,5,56.0000,0.00
D,537549,22,move,8.4141,U,5,56.0000,0.00
D,537740,22,move,8.4231,U,5,56.0000,0.00
D,537932,22,move,8.4281,U,5,56.0000,0.00
D,538123,22,move,8.4312,U,5,56.0000,0.00
D,538314,22,move,8.4241,U,5,56.0000,0.00
D,538505,22,move,8.4089,U,5,56.0000,0.00
D,538697,22,move,8.4031,U,5,56.0000,0.00
D,538888,22,move,8.4047,U,5,56.0000,0.00
D,539079,22,move,8.4072,U,5,56.0000,0.00
D,539270,22,move,8.4067,U,5,56.0000,0.00
D,539461,22,move,8.4052,U,5,56.0000,0.00
D,539653,22,move,8.4139,U,5,56.0000,0.00
D,539845,22,move,8.4244,U,5,56.0000,0.00
D,540036,22,move,8.4337,U,5,56.0000,0.00
D,540227,22,move,8.4451,U,5,56.0000,0.00
D,540418,22,move,8.4523,U,5,56.0000,0.00
D,540609,22,move,8.4560,U,5,56.0000,0.00
D,540801,22,move,8.4631,U,5,56.0000,0.00
D,540991,22,move,8.4737,U,5,56.0000,0.00
D,541183,22,move,8.4869,U,5,56.0000,0.00
D,541374,22,move,8.5057,U,5,56.0000,0.00
D,541566,22,move,8.5281,U,5,56.0000,0.00
D,541757,22,move,8.5504,U,5,56.0000,0.00
D,541948,22,move,8.5716,U,5,56.0000,0.00
D,542139,22,move,8.5924,U,5,56.0000,0.00
D,542331,22,move,8.6113,U,5,56.0000,0.00
D,542522,22,move,8.6277,U,5,56.0000,0.00
D,542713,22,move,8.6443,U,5,56.0000,0.00
D,542904,22,move,8.6635,U,5,56.0000,0.00
D,543095,22,move,8.6854,U,5,56.0000,0.00
D,543287,22,move,8.7012,U,5,56.0000,0.00
D,543479,22,move,8.7120,U,5,56.0000,0.00
D,543670,22,move,8.7281,U,5,56.0000,0.00
D,543861,22,move,8.7410,U,5,56.0000,0.00
D,544052,22,move,8.7375,U,5,56.0000,0.00
D,544244,22,move,8.7356,U,5,56.0000,0.00
D,544435,22,move,8.7422,U,5,56.0000,0.00
D,544626,22,move,8.7531,U,5,56.0000,0.00
D,544817,22,move,8.7619,U,5,56.0000,0.00
D,545008,22,move,8.7720,U,5,56.0000,0.00
D,545200,22,move,8.7847,U,5,56.0000,0.00
D,545391,22,move,8.7965,U,5,56.0000,0.00
D,545582,22,move,8.8005,U,5,56.0000,0.00
D,545773,22,move,8.7952,U,5,56.0000,0.00
D,545965,22,move,8.7907,U,5,56.0000,0.00
D,546156,22,move,8.7937,U,5,56.0000,0.00
D,546347,22,move,8.8014,U,5,56.0000,0.00
D,546538,22,move,8.8060,U,5,56.0000,0.00
D,546730,22,move,8.8046,U,5,56.0000,0.00
D,546921,22,move,8.8061,U,5,56.0000,0.00
D,547112,22,move,8.8134,U,5,56.0000,0.00
D,547303,22,move,8.8174,U,5,56.0000,0.00
D,547494,22,move,8.8179,U,5,56.0000,0.00
D,547686,22,move,8.8186,U,5,56.0000,0.00
D,547878,22,move,8.8190,U,5,56.0000,0.00
D,548069,22,move,8.8197,U,5,56.0000,0.00
D,548260,22,move,8.8193,U,5,56.0000,0.00
D,548451,22,move,8.8060,U,5,56.0000,0.00
D,548642,22,move,8.7971,U,5,56.0000,0.00
D,548834,22,move,8.7934,U,5,56.0000,0.00
D,549025,22,move,8.7910,U,5,56.0000,0.00
D,549216,22,move,8.7866,U,5,56.0000,0.00
D,549407,22,move,8.7827,U,5,56.0000,0.00
D,549599,22,move,8.7906,U,5,56.0000,0.00
D,549790,22,move,8.8044,U,5,56.0000,0.00
D,549981,22,move,8.8128,U,5,56.0000,0.00
D,550172,22,move,8.8143,U,5,56.0000,0.00
D,550364,22,move,8.8059,U,5,56.0000,0.00
D,550555,22,move,8.7986,U,5,56.0000,0.00
D,550746,22,move,8.7971,U,5,56.0000,0.00
D,550937,22,move,8.7968,U,5,56.0000,0.00
D,551129,22,move,8.7999,U,5,56.0000,0.00
D,551320,22,move,8.8048,U,5,56.0000,0.00
D,551512,22,move,8.8035,U,5,56.0000,0.00
D,551703,22,move,8.8063,U,5,56.0000,0.00
D,551894,22,move,8.8142,U,5,56.0000,0.00
D,552085,22,move,8.8239,U,5,56.0000,0.00
D,552277,22,move,8.8313,U,5,56.0000,0.00
D,552468,22,move,8.8337,U,5,56.0000,0.00
D,552659,22,move,8.8391,U,5,56.0000,0.00
D,552850,22,move,8.8491,U,5,56.0000,0.00
D,553042,22,move,8.8610,U,5,56.0000,0.00
D,553233,22,move,8.8751,U,5,56.0000,0.00
D,553424,22,move,8.8914,U,5,56.0000,0.00
D,553615,22,move,8.9097,U,5,56.0000,0.00
D,553806,22,move,8.9330,U,5,56.0000,0.00
D,553998,22,move,8.9570,U,5,56.0000,0.00
D,554190,22,move,8.9800,U,5,56.0000,0.00
D,554382,22,move,9.0025,U,5,56.0000,0.00
D,554573,22,move,9.0221,U,5,56.0000,0.00
D,554764,22,move,9.0393,U,5,56.0000,0.00
D,554955,22,move,9.0566,U,5,56.0000,0.00
D,555146,22,move,9.0770,U,5,56.0000,0.00
D,555337,22,move,9.0925,U,5,56.0000,0.00
D,555528,22,move,9.0953,U,5,56.0000,0.00
D,555719,22,move,9.0947,U,5,56.0000,0.00
D,555911,22,move,9.0997,U,5,56.0000,0.00
D,556102,22,move,9.1071,U,5,56.0000,0.00
D,556293,22,move,9.1160,U,5,56.0000,0.00
D,556484,22,move,9.1242,U,5,56.0000,0.00
D,556676,22,move,9.1295,U,5,56.0000,0.00
D,556867,22,move,9.1333,U,5,56.0000,0.00
D,557058,22,move,9.1451,U,5,56.0000,0.00
D,557249,22,move,9.1659,U,5,56.0000,0.00
D,557451,22,move,9.1800,U,5,56.0000,0.00
D,557643,22,move,9.1806,U,5,56.0000,0.00
D,557822,22,move,9.1738,U,5,56.0000,0.00
D,558013,22,move,9.1715,U,5,56.0000,0.00
D,558205,22,move,9.1763,U,5,56.0000,0.00
D,558397,22,move,9.1818,U,5,56.0000,0.00
D,558588,22,move,9.1851,U,5,56.0000,0.00
D,558779,22,move,9.1874,U,5,56.0000,0.00
D,558970,22,move,9.1906,U,5,56.0000,0.00
D,559162,22,move,9.1967,U,5,56.0000,0.00
D,559353,22,move,9.2004,U,5,56.0000,0.00
D,559545,22,move,9.2020,U,5,56.0000,0.00
D,559736,22,move,9.2042,U,5,56.0000,0.00
D,559927,22,move,9.2053,U,5,56.0000,0.00
D,560118,22,move,9.2032,U,5,56.0000,0.00
D,560310,22,move,9.1941,U,5,56.0000,0.00
D,560501,22,move,9.1770,U,5,56.0000,0.00
D,560692,22,move,9.1616,U,5,56.0000,0.00
D,560883,22,move,9.1547,U,5,56.0000,0.00
D,561074,22,move,9.1465,U,5,56.0000,0.00
D,561266,22,move,9.1424,U,5,56.0000,0.00
D,561457,22,move,9.1533,U,5,56.0000,0.00
D,561648,22,move,9.1670,U,5,56.0000,0.00
D,561841,22,settle,9.1721,U,0,56.0000,0.00
D,562032,22,settle,9.1704,U,0,56.0000,0.00
D,562223,22,settle,9.1667,U,0,56.0000,0.00
D,562414,22,settle,9.1655,U,0,56.0000,0.00
D,562605,22,settle,9.1657,U,0,56.0000,0.00
D,562796,22,settle,9.1659,U,0,56.0000,0.00
D,562988,22,settle,9.1658,U,0,56.0000,0.00
D,563180,22,settle,9.1658,S,0,56.0000,0.00
D,563372,22,settle,9.1658,S,0,56.0000,0.00
D,563564,22,settle,9.1657,S,0,56.0000,0.00
D,563756,22,settle,9.1657,S,0,56.0000,0.00
D,563948,22,settle,9.1657,S,0,56.0000,0.00
D,564140,22,settle,9.1657,S,0,56.0000,0.00
D,564332,22,settle,9.1656,S,0,56.0000,0.00
D,564524,22,settle,9.1656,S,0,56.0000,0.00
D,564716,22,settle,9.1656,S,0,56.0000,0.00
D,564908,22,settle,9.1656,S,0,56.0000,0.00
D,565100,22,settle,9.1655,S,0,56.0000,0.00
D,565292,22,settle,9.1655,S,0,56.0000,0.00
D,565484,22,settle,9.1655,S,0,56.0000,0.00
D,565676,22,settle,9.1655,S,0,56.0000,0.00
D,565856,22,settle,9.1655,S,0,56.0000,0.00
D,566048,22,settle,9.1655,S,0,56.0000,0.00
D,566240,22,settle,9.1655,S,0,56.0000,0.00
D,566432,22,settle,9.1655,S,0,56.0000,0.00
D,566624,22,settle,9.1654,S,0,56.0000,0.00
D,566816,22,settle,9.1654,S,0,56.0000,0.00
D,567008,22,settle,9.1654,S,0,56.0000,0.00
D,567200,22,settle,9.1654,S,0,56.0000,0.00
D,567392,22,settle,9.1654,S,0,56.0000,0.00
D,567584,22,settle,9.1654,S,0,56.0000,0.00
D,567776,22,settle,9.1654,S,0,56.0000,0.00
D,567968,22,settle,9.1654,S,0,56.0000,0.00
D,568160,22,settle,9.1654,S,0,56.0000,0.00
D,568352,22,settle,9.1654,S,0,56.0000,0.00
D,568544,22,settle,9.1654,S,0,56.0000,0.00
D,568736,22,settle,9.1654,S,0,56.0000,0.00
D,568928,22,settle,9.1654,S,0,56.0000,0.00
D,569120,22,settle,9.1654,S,0,56.0000,0.00
D,569312,22,settle,9.1654,S,0,56.0000,0.00
D,569490,22,settle,9.1654,S,0,56.0000,0.00
D,569682,22,settle,9.1653,S,0,56.0000,0.00
P,569875,22,settled,9.1653,S,56.0000,0.00
S,22,D,5,55,5,5,3,0.0,56.0000,7.9922,9.1670,36.37,9.1653,-0.0017,1.1731,9.1653,ok
E,569883,=== D trial 23 : tilt 55 rep 5 rpm 10 cruise 3 rev -> halt phase 0 (abs 9.17) ===
P,571318,23,base,9.1652,S,56.0000,0.00
D,571410,23,preroll,9.1652,S,0,56.0000,0.00
D,571601,23,preroll,9.1652,S,0,56.0000,0.00
D,571792,23,preroll,9.1651,S,0,56.0000,0.00
D,571983,23,preroll,9.1651,S,0,56.0000,0.00
D,572174,23,preroll,9.1651,S,0,56.0000,0.00
D,572365,23,preroll,9.1651,S,0,56.0000,0.00
D,572559,23,move,9.1651,S,10,59.0000,0.00
D,572750,23,move,9.1650,S,10,59.0000,0.00
D,572941,23,move,9.1650,S,10,59.0000,0.00
D,573132,23,move,9.1650,S,10,59.0000,0.00
D,573323,23,move,9.1650,S,10,59.0000,0.00
D,573514,23,move,9.1564,U,10,59.0000,0.00
D,573705,23,move,9.1454,U,10,59.0000,0.00
D,573896,23,move,9.1417,U,10,59.0000,0.00
D,574087,23,move,9.1481,U,10,59.0000,0.00
D,574278,23,move,9.1545,U,10,59.0000,0.00
D,574469,23,move,9.1601,U,10,59.0000,0.00
D,574660,23,move,9.1662,U,10,59.0000,0.00
D,574851,23,move,9.1684,U,10,59.0000,0.00
D,575042,23,move,9.1718,U,10,59.0000,0.00
D,575229,23,move,9.1869,U,10,59.0000,0.00
D,575419,23,move,9.2053,U,10,59.0000,0.00
D,575610,23,move,9.2210,U,10,59.0000,0.00
D,575801,23,move,9.2400,U,10,59.0000,0.00
D,575993,23,move,9.2681,U,10,59.0000,0.00
D,576184,23,move,9.2953,U,10,59.0000,0.00
D,576376,23,move,9.3104,U,10,59.0000,0.00
D,576567,23,move,9.3230,U,10,59.0000,0.00
D,576758,23,move,9.3369,U,10,59.0000,0.00
D,576949,23,move,9.3529,U,10,59.0000,0.00
D,577141,23,move,9.3677,U,10,59.0000,0.00
D,577332,23,move,9.3832,U,10,59.0000,0.00
D,577523,23,move,9.3987,U,10,59.0000,0.00
D,577714,23,move,9.4045,U,10,59.0000,0.00
D,577905,23,move,9.4071,U,10,59.0000,0.00
D,578097,23,move,9.4093,U,10,59.0000,0.00
D,578288,23,move,9.4082,U,10,59.0000,0.00
D,578479,23,move,9.4075,U,10,59.0000,0.00
D,578670,23,move,9.4078,U,10,59.0000,0.00
D,578862,23,move,9.4087,U,10,59.0000,0.00
D,579053,23,move,9.4117,U,10,59.0000,0.00
D,579244,23,move,9.4116,U,10,59.0000,0.00
D,579435,23,move,9.4066,U,10,59.0000,0.00
D,579627,23,move,9.3973,U,10,59.0000,0.00
D,579818,23,move,9.3947,U,10,59.0000,0.00
D,580010,23,move,9.4004,U,10,59.0000,0.00
D,580201,23,move,9.4076,U,10,59.0000,0.00
D,580392,23,move,9.4104,U,10,59.0000,0.00
D,580583,23,move,9.4124,U,10,59.0000,0.00
D,580775,23,move,9.4145,U,10,59.0000,0.00
D,580966,23,move,9.4148,U,10,59.0000,0.00
D,581157,23,move,9.4150,U,10,59.0000,0.00
D,581348,23,move,9.4194,U,10,59.0000,0.00
D,581540,23,move,9.4258,U,10,59.0000,0.00
D,581731,23,move,9.4365,U,10,59.0000,0.00
D,581922,23,move,9.4508,U,10,59.0000,0.00
D,582113,23,move,9.4707,U,10,59.0000,0.00
D,582304,23,move,9.4931,U,10,59.0000,0.00
D,582496,23,move,9.5115,U,10,59.0000,0.00
D,582688,23,move,9.5283,U,10,59.0000,0.00
D,582879,23,move,9.5501,U,10,59.0000,0.00
D,583070,23,move,9.5746,U,10,59.0000,0.00
D,583261,23,move,9.5983,U,10,59.0000,0.00
D,583452,23,move,9.6132,U,10,59.0000,0.00
D,583643,23,move,9.6188,U,10,59.0000,0.00
D,583834,23,move,9.6225,U,10,59.0000,0.00
D,584025,23,move,9.6268,U,10,59.0000,0.00
D,584217,23,move,9.6278,U,10,59.0000,0.00
D,584409,23,move,9.6266,U,10,59.0000,0.00
D,584600,23,move,9.6268,U,10,59.0000,0.00
D,584791,23,move,9.6272,U,10,59.0000,0.00
D,584982,23,move,9.6270,U,10,59.0000,0.00
D,585174,23,move,9.6229,U,10,59.0000,0.00
D,585365,23,move,9.6200,U,10,59.0000,0.00
D,585557,23,move,9.6191,U,10,59.0000,0.00
D,585748,23,move,9.6195,U,10,59.0000,0.00
D,585939,23,move,9.6209,U,10,59.0000,0.00
D,586130,23,move,9.6260,U,10,59.0000,0.00
D,586321,23,move,9.6322,U,10,59.0000,0.00
D,586512,23,move,9.6440,U,10,59.0000,0.00
D,586703,23,move,9.6547,U,10,59.0000,0.00
D,586895,23,move,9.6654,U,10,59.0000,0.00
D,587087,23,move,9.6822,U,10,59.0000,0.00
D,587278,23,move,9.7013,U,10,59.0000,0.00
D,587469,23,move,9.7179,U,10,59.0000,0.00
D,587660,23,move,9.7345,U,10,59.0000,0.00
D,587851,23,move,9.7502,U,10,59.0000,0.00
D,588043,23,move,9.7686,U,10,59.0000,0.00
D,588234,23,move,9.7904,U,10,59.0000,0.00
D,588425,23,move,9.8126,U,10,59.0000,0.00
D,588616,23,move,9.8318,U,10,59.0000,0.00
D,588808,23,move,9.8466,U,10,59.0000,0.00
D,588999,23,move,9.8619,U,10,59.0000,0.00
D,589190,23,move,9.8787,U,10,59.0000,0.00
D,589381,23,move,9.8885,U,10,59.0000,0.00
D,589572,23,move,9.8963,U,10,59.0000,0.00
D,589764,23,move,9.9034,U,10,59.0000,0.00
D,589955,23,move,9.9053,U,10,59.0000,0.00
D,590146,23,move,9.9082,U,10,59.0000,0.00
D,590337,23,move,9.9093,U,10,59.0000,0.00
D,590529,23,move,9.9048,U,10,59.0000,0.00
D,590721,23,move,9.8993,U,10,59.0000,0.00
D,590912,23,move,9.8982,U,10,59.0000,0.00
D,591104,23,settle,9.9025,U,0,59.0000,0.00
D,591295,23,settle,9.9040,U,0,59.0000,0.00
D,591486,23,settle,9.9028,U,0,59.0000,0.00
D,591689,23,settle,9.9026,U,0,59.0000,0.00
D,591879,23,settle,9.9026,U,0,59.0000,0.00
D,592070,23,settle,9.9026,S,0,59.0000,0.00
D,592261,23,settle,9.9026,S,0,59.0000,0.00
D,592452,23,settle,9.9026,S,0,59.0000,0.00
D,592643,23,settle,9.9026,S,0,59.0000,0.00
D,592834,23,settle,9.9026,S,0,59.0000,0.00
D,593025,23,settle,9.9025,S,0,59.0000,0.00
D,593217,23,settle,9.9025,S,0,59.0000,0.00
D,593409,23,settle,9.9025,S,0,59.0000,0.00
D,593589,23,settle,9.9025,S,0,59.0000,0.00
D,593781,23,settle,9.9025,S,0,59.0000,0.00
D,593973,23,settle,9.9025,S,0,59.0000,0.00
D,594165,23,settle,9.9025,S,0,59.0000,0.00
D,594357,23,settle,9.9025,S,0,59.0000,0.00
D,594549,23,settle,9.9024,S,0,59.0000,0.00
D,594741,23,settle,9.9024,S,0,59.0000,0.00
D,594933,23,settle,9.9024,S,0,59.0000,0.00
D,595125,23,settle,9.9024,S,0,59.0000,0.00
D,595317,23,settle,9.9024,S,0,59.0000,0.00
D,595509,23,settle,9.9024,S,0,59.0000,0.00
D,595701,23,settle,9.9024,S,0,59.0000,0.00
D,595893,23,settle,9.9024,S,0,59.0000,0.00
D,596085,23,settle,9.9025,S,0,59.0000,0.00
D,596277,23,settle,9.9025,S,0,59.0000,0.00
D,596469,23,settle,9.9025,S,0,59.0000,0.00
D,596661,23,settle,9.9025,S,0,59.0000,0.00
D,596853,23,settle,9.9025,S,0,59.0000,0.00
D,597032,23,settle,9.9025,S,0,59.0000,0.00
D,597224,23,settle,9.9025,S,0,59.0000,0.00
D,597416,23,settle,9.9025,S,0,59.0000,0.00
D,597608,23,settle,9.9025,S,0,59.0000,0.00
D,597800,23,settle,9.9025,S,0,59.0000,0.00
D,597992,23,settle,9.9025,S,0,59.0000,0.00
D,598184,23,settle,9.9026,S,0,59.0000,0.00
D,598376,23,settle,9.9026,S,0,59.0000,0.00
D,598568,23,settle,9.9026,S,0,59.0000,0.00
D,598760,23,settle,9.9026,S,0,59.0000,0.00
D,598952,23,settle,9.9026,S,0,59.0000,0.00
P,599145,23,settled,9.9026,S,59.0000,0.00
S,23,D,5,55,5,10,3,0.0,59.0000,9.1652,9.8982,18.39,9.9026,0.0044,0.7374,9.9026,ok
E,599153,=== D trial 24 : tilt 55 rep 5 rpm 15 cruise 3 rev -> halt phase 0 (abs 9.90) ===
P,600571,24,base,9.9027,S,59.0000,0.00
D,600666,24,preroll,9.9027,S,0,59.0000,0.00
D,600858,24,preroll,9.9027,S,0,59.0000,0.00
D,601049,24,preroll,9.9027,S,0,59.0000,0.00
D,601241,24,preroll,9.9027,S,0,59.0000,0.00
D,601432,24,preroll,9.9026,S,0,59.0000,0.00
D,601623,24,preroll,9.9026,S,0,59.0000,0.00
D,601817,24,move,9.9026,S,15,62.0000,0.00
D,602008,24,move,9.9026,S,15,62.0000,0.00
D,602199,24,move,9.9026,S,15,62.0000,0.00
D,602390,24,move,9.9026,S,15,62.0000,0.00
D,602581,24,move,9.9135,U,15,62.0000,0.00
D,602772,24,move,9.9145,U,15,62.0000,0.00
D,602963,24,move,9.9118,U,15,62.0000,0.00
D,603154,24,move,9.9129,U,15,62.0000,0.00
D,603345,24,move,9.9139,U,15,62.0000,0.00
D,603536,24,move,9.9137,U,15,62.0000,0.00
D,603727,24,move,9.9134,U,15,62.0000,0.00
D,603918,24,move,9.9132,U,15,62.0000,0.00
D,604109,24,move,9.9133,U,15,62.0000,0.00
D,604300,24,move,9.9217,U,15,62.0000,0.00
D,604491,24,move,9.9398,U,15,62.0000,0.00
D,604682,24,move,9.9592,U,15,62.0000,0.00
D,604874,24,move,9.9706,U,15,62.0000,0.00
D,605065,24,move,9.9790,U,15,62.0000,0.00
D,605256,24,move,9.9824,U,15,62.0000,0.00
D,605447,24,move,9.9847,U,15,62.0000,0.00
D,605639,24,move,9.9993,U,15,62.0000,0.00
D,605830,24,move,10.0155,U,15,62.0000,0.00
D,606021,24,move,10.0209,U,15,62.0000,0.00
D,606212,24,move,10.0221,U,15,62.0000,0.00
D,606404,24,move,10.0228,U,15,62.0000,0.00
D,606595,24,move,10.0212,U,15,62.0000,0.00
D,606786,24,move,10.0138,U,15,62.0000,0.00
D,606977,24,move,10.0132,U,15,62.0000,0.00
D,607168,24,move,10.0176,U,15,62.0000,0.00
D,607360,24,move,10.0209,U,15,62.0000,0.00
D,607552,24,move,10.0222,U,15,62.0000,0.00
D,607743,24,move,10.0233,U,15,62.0000,0.00
D,607934,24,move,10.0279,U,15,62.0000,0.00
D,608125,24,move,10.0335,U,15,62.0000,0.00
D,608316,24,move,10.0419,U,15,62.0000,0.00
D,608508,24,move,10.0505,U,15,62.0000,0.00
D,608699,24,move,10.0561,U,15,62.0000,0.00
D,608890,24,move,10.0625,U,15,62.0000,0.00
D,609081,24,move,10.0689,U,15,62.0000,0.00
D,609273,24,move,10.0796,U,15,62.0000,0.00
D,609476,24,move,10.0929,U,15,62.0000,0.00
D,609666,24,move,10.1063,U,15,62.0000,0.00
D,609857,24,move,10.1111,U,15,62.0000,0.00
D,610048,24,move,10.1087,U,15,62.0000,0.00
D,610239,24,move,10.1109,U,15,62.0000,0.00
D,610430,24,move,10.1126,U,15,62.0000,0.00
D,610621,24,move,10.1131,U,15,62.0000,0.00
D,610812,24,move,10.1112,U,15,62.0000,0.00
D,611003,24,move,10.1123,U,15,62.0000,0.00
D,611194,24,move,10.1200,U,15,62.0000,0.00
D,611386,24,move,10.1209,U,15,62.0000,0.00
D,611577,24,move,10.1187,U,15,62.0000,0.00
D,611768,24,move,10.1168,U,15,62.0000,0.00
D,611959,24,move,10.1185,U,15,62.0000,0.00
D,612150,24,move,10.1195,U,15,62.0000,0.00
D,612341,24,move,10.1209,U,15,62.0000,0.00
D,612532,24,move,10.1198,U,15,62.0000,0.00
D,612723,24,move,10.1191,U,15,62.0000,0.00
D,612914,24,move,10.1193,U,15,62.0000,0.00
D,613105,24,move,10.1234,U,15,62.0000,0.00
D,613296,24,move,10.1264,U,15,62.0000,0.00
D,613487,24,move,10.1360,U,15,62.0000,0.00
D,613678,24,move,10.1578,U,15,62.0000,0.00
D,613869,24,move,10.1714,U,15,62.0000,0.00
D,614060,24,move,10.1681,U,15,62.0000,0.00
D,614252,24,settle,10.1682,U,0,62.0000,0.00
D,614443,24,settle,10.1710,U,0,62.0000,0.00
D,614634,24,settle,10.1730,U,0,62.0000,0.00
D,614825,24,settle,10.1742,U,0,62.0000,0.00
D,615016,24,settle,10.1747,U,0,62.0000,0.00
D,615207,24,settle,10.1747,U,0,62.0000,0.00
D,615398,24,settle,10.1746,S,0,62.0000,0.00
D,615589,24,settle,10.1746,S,0,62.0000,0.00
D,615780,24,settle,10.1745,S,0,62.0000,0.00
D,615971,24,settle,10.1745,S,0,62.0000,0.00
D,616162,24,settle,10.1744,S,0,62.0000,0.00
D,616353,24,settle,10.1744,S,0,62.0000,0.00
D,616545,24,settle,10.1744,S,0,62.0000,0.00
D,616737,24,settle,10.1744,S,0,62.0000,0.00
D,616929,24,settle,10.1744,S,0,62.0000,0.00
D,617121,24,settle,10.1744,S,0,62.0000,0.00
D,617313,24,settle,10.1744,S,0,62.0000,0.00
D,617505,24,settle,10.1744,S,0,62.0000,0.00
D,617697,24,settle,10.1744,S,0,62.0000,0.00
D,617889,24,settle,10.1744,S,0,62.0000,0.00
D,618081,24,settle,10.1744,S,0,62.0000,0.00
D,618273,24,settle,10.1744,S,0,62.0000,0.00
D,618453,24,settle,10.1744,S,0,62.0000,0.00
D,618645,24,settle,10.1744,S,0,62.0000,0.00
D,618837,24,settle,10.1745,S,0,62.0000,0.00
D,619029,24,settle,10.1745,S,0,62.0000,0.00
D,619221,24,settle,10.1745,S,0,62.0000,0.00
D,619413,24,settle,10.1745,S,0,62.0000,0.00
D,619605,24,settle,10.1745,S,0,62.0000,0.00
D,619797,24,settle,10.1745,S,0,62.0000,0.00
D,619989,24,settle,10.1746,S,0,62.0000,0.00
D,620181,24,settle,10.1746,S,0,62.0000,0.00
D,620373,24,settle,10.1746,S,0,62.0000,0.00
D,620565,24,settle,10.1746,S,0,62.0000,0.00
D,620757,24,settle,10.1746,S,0,62.0000,0.00
D,620949,24,settle,10.1746,S,0,62.0000,0.00
D,621141,24,settle,10.1747,S,0,62.0000,0.00
D,621333,24,settle,10.1747,S,0,62.0000,0.00
D,621525,24,settle,10.1747,S,0,62.0000,0.00
D,621717,24,settle,10.1747,S,0,62.0000,0.00
D,621909,24,settle,10.1747,S,0,62.0000,0.00
D,622088,24,settle,10.1748,S,0,62.0000,0.00
P,622281,24,settled,10.1748,S,62.0000,0.00
S,24,D,5,55,5,15,3,0.0,62.0000,9.9027,10.1681,12.41,10.1748,0.0067,0.2721,10.1748,ok
E,622289,=== D trial 25 : tilt 55 rep 5 rpm 25 cruise 3 rev -> halt phase 0 (abs 10.17) ===
P,623620,25,base,10.1749,S,62.0000,0.00
D,623713,25,preroll,10.1749,S,0,62.0000,0.00
D,623905,25,preroll,10.1749,S,0,62.0000,0.00
D,624096,25,preroll,10.1749,S,0,62.0000,0.00
D,624288,25,preroll,10.1750,S,0,62.0000,0.00
D,624480,25,preroll,10.1750,S,0,62.0000,0.00
D,624671,25,preroll,10.1750,S,0,62.0000,0.00
D,624865,25,move,10.1750,S,25,65.0000,0.00
D,625056,25,move,10.1750,S,25,65.0000,0.00
D,625247,25,move,10.1750,S,25,65.0000,0.00
D,625438,25,move,10.1750,S,25,65.0000,0.00
D,625629,25,move,10.1701,U,25,65.0000,0.00
D,625820,25,move,10.1653,U,25,65.0000,0.00
D,626011,25,move,10.1615,U,25,65.0000,0.00
D,626202,25,move,10.1634,U,25,65.0000,0.00
D,626393,25,move,10.1705,U,25,65.0000,0.00
D,626584,25,move,10.1742,U,25,65.0000,0.00
D,626775,25,move,10.1762,U,25,65.0000,0.00
D,626966,25,move,10.1824,U,25,65.0000,0.00
D,627157,25,move,10.1873,U,25,65.0000,0.00
D,627346,25,move,10.1927,U,25,65.0000,0.00
D,627537,25,move,10.2092,U,25,65.0000,0.00
D,627729,25,move,10.2273,U,25,65.0000,0.00
D,627921,25,move,10.2297,U,25,65.0000,0.00
D,628112,25,move,10.2228,U,25,65.0000,0.00
D,628303,25,move,10.2171,U,25,65.0000,0.00
D,628494,25,move,10.2175,U,25,65.0000,0.00
D,628686,25,move,10.2257,U,25,65.0000,0.00
D,628877,25,move,10.2365,U,25,65.0000,0.00
D,629068,25,move,10.2405,U,25,65.0000,0.00
D,629259,25,move,10.2432,U,25,65.0000,0.00
D,629450,25,move,10.2566,U,25,65.0000,0.00
D,629642,25,move,10.2719,U,25,65.0000,0.00
D,629834,25,move,10.2824,U,25,65.0000,0.00
D,630025,25,move,10.2957,U,25,65.0000,0.00
D,630216,25,move,10.3045,U,25,65.0000,0.00
D,630407,25,move,10.3026,U,25,65.0000,0.00
D,630598,25,move,10.2978,U,25,65.0000,0.00
D,630790,25,move,10.2982,U,25,65.0000,0.00
D,630981,25,move,10.3047,U,25,65.0000,0.00
D,631172,25,move,10.3074,U,25,65.0000,0.00
D,631363,25,move,10.3055,U,25,65.0000,0.00
D,631555,25,move,10.3070,U,25,65.0000,0.00
D,631746,25,move,10.3142,U,25,65.0000,0.00
D,631937,25,move,10.3181,U,25,65.0000,0.00
D,632128,25,move,10.3243,U,25,65.0000,0.00
D,632320,25,move,10.3384,U,25,65.0000,0.00
D,632511,25,move,10.3549,U,25,65.0000,0.00
D,632703,25,settle,10.3623,U,0,65.0000,0.00
D,632894,25,settle,10.3652,U,0,65.0000,0.00
D,633085,25,settle,10.3691,U,0,65.0000,0.00
D,633276,25,settle,10.3706,U,0,65.0000,0.00
D,633468,25,settle,10.3705,U,0,65.0000,0.00
D,633659,25,settle,10.3703,U,0,65.0000,0.00
D,633850,25,settle,10.3702,U,0,65.0000,0.00
D,634041,25,settle,10.3701,U,0,65.0000,0.00
D,634233,25,settle,10.3700,U,0,65.0000,0.00
D,634424,25,settle,10.3700,S,0,65.0000,0.00
D,634614,25,settle,10.3699,S,0,65.0000,0.00
D,634806,25,settle,10.3699,S,0,65.0000,0.00
D,634998,25,settle,10.3699,S,0,65.0000,0.00
D,635189,25,settle,10.3698,S,0,65.0000,0.00
D,635381,25,settle,10.3698,S,0,65.0000,0.00
D,635573,25,settle,10.3697,S,0,65.0000,0.00
D,635765,25,settle,10.3696,U,0,65.0000,0.00
D,635957,25,settle,10.3695,U,0,65.0000,0.00
D,636149,25,settle,10.3695,S,0,65.0000,0.00
D,636341,25,settle,10.3694,U,0,65.0000,0.00
D,636533,25,settle,10.3694,S,0,65.0000,0.00
D,636725,25,settle,10.3694,S,0,65.0000,0.00
D,636917,25,settle,10.3694,S,0,65.0000,0.00
D,637109,25,settle,10.3693,S,0,65.0000,0.00
D,637301,25,settle,10.3693,S,0,65.0000,0.00
D,637493,25,settle,10.3693,S,0,65.0000,0.00
D,637685,25,settle,10.3693,S,0,65.0000,0.00
D,637877,25,settle,10.3694,S,0,65.0000,0.00
D,638069,25,settle,10.3693,S,0,65.0000,0.00
D,638249,25,settle,10.3693,S,0,65.0000,0.00
D,638441,25,settle,10.3693,S,0,65.0000,0.00
D,638633,25,settle,10.3693,S,0,65.0000,0.00
D,638825,25,settle,10.3693,S,0,65.0000,0.00
D,639017,25,settle,10.3693,S,0,65.0000,0.00
D,639209,25,settle,10.3693,S,0,65.0000,0.00
D,639401,25,settle,10.3693,S,0,65.0000,0.00
D,639593,25,settle,10.3693,S,0,65.0000,0.00
D,639785,25,settle,10.3693,S,0,65.0000,0.00
D,639977,25,settle,10.3693,S,0,65.0000,0.00
D,640169,25,settle,10.3693,S,0,65.0000,0.00
D,640361,25,settle,10.3693,S,0,65.0000,0.00
D,640553,25,settle,10.3693,S,0,65.0000,0.00
P,640746,25,settled,10.3693,S,65.0000,0.00
S,25,D,5,55,5,25,3,0.0,65.0000,10.1749,10.3549,7.65,10.3693,0.0144,0.1944,10.3693,ok
E,640753,--- flow check D_post (block 6): 1 rev @ 30 rpm, tilt 55 ---
P,642172,26,flow_before,10.3693,S,65.0000,0.00
D,642267,26,flowmove,10.3693,S,30,66.0000,0.00
D,642459,26,flowmove,10.3693,S,30,66.0000,0.00
D,642651,26,flowmove,10.3693,S,30,66.0000,0.00
D,642843,26,flowmove,10.3693,S,30,66.0000,0.00
D,643035,26,flowmove,10.3693,S,30,66.0000,0.00
D,643227,26,flowmove,10.3589,U,30,66.0000,0.00
D,643419,26,flowmove,10.3579,U,30,66.0000,0.00
D,643611,26,flowmove,10.3667,U,30,66.0000,0.00
D,643803,26,flowmove,10.3710,U,30,66.0000,0.00
D,643995,26,flowmove,10.3803,U,30,66.0000,0.00
D,644187,26,flowmove,10.3974,U,30,66.0000,0.00
D,644379,26,flowmove,10.4185,U,30,66.0000,0.00
D,644571,26,flowmove,10.4430,U,30,66.0000,0.00
P,646474,26,flow_after,10.4747,S,66.0000,0.00
F,6,D_post,55,30,1,10.3693,10.4747,0.1054
E,646478,Test D done (abs 10.47 g)
E,646481,=== Q scan 1 trial 27 : tilt 15 rpm 10 incr 20 deg x 18 (abs 10.47) ===
P,649820,27,q0,10.4621,S,66.0000,0.00
D,649916,27,scanmove,10.4621,S,10,66.0557,20.05
D,650107,27,scanmove,10.4620,S,10,66.0557,20.05
D,650299,27,scanmove,10.4617,U,10,66.0557,20.05
D,650491,27,scanmove,10.4475,U,10,66.0557,20.05
P,652593,27,q1,10.4478,S,66.0557,20.05
Q,27,1,1,15,10,20,20.0,20.05,66.0557,10.4621,10.4478,-0.0143,S
D,652691,27,scanmove,10.4477,U,10,66.1114,40.09
D,652882,27,scanmove,10.4477,S,10,66.1114,40.09
D,653074,27,scanmove,10.4473,U,10,66.1114,40.09
D,653266,27,scanmove,10.4297,U,10,66.1114,40.09
P,654985,27,q2,10.4081,S,66.1114,40.09
Q,27,1,2,15,10,20,40.0,40.09,66.1114,10.4478,10.4081,-0.0397,S
D,655083,27,scanmove,10.4081,S,10,66.1670,60.14
D,655274,27,scanmove,10.4081,S,10,66.1670,60.14
D,655466,27,scanmove,10.4082,S,10,66.1670,60.14
D,655658,27,scanmove,10.4159,U,10,66.1670,60.14
P,657375,27,q3,10.4545,S,66.1670,60.14
Q,27,1,3,15,10,20,60.0,60.14,66.1670,10.4081,10.4545,0.0464,S
D,657473,27,scanmove,10.4544,S,10,66.2227,80.18
D,657664,27,scanmove,10.4544,S,10,66.2227,80.18
D,657856,27,scanmove,10.4540,U,10,66.2227,80.18
D,658048,27,scanmove,10.4368,U,10,66.2227,80.18
P,659957,27,q4,10.4081,S,66.2227,80.18
Q,27,1,4,15,10,20,80.0,80.18,66.2227,10.4545,10.4081,-0.0464,S
D,660055,27,scanmove,10.4081,S,10,66.2784,100.23
D,660247,27,scanmove,10.4080,S,10,66.2784,100.23
D,660439,27,scanmove,10.4079,U,10,66.2784,100.23
D,660631,27,scanmove,10.4018,U,10,66.2784,100.23
P,662539,27,q5,10.4398,S,66.2784,100.23
Q,27,1,5,15,10,20,100.0,100.23,66.2784,10.4081,10.4398,0.0317,S
D,662637,27,scanmove,10.4398,S,10,66.3341,120.27
D,662829,27,scanmove,10.4398,S,10,66.3341,120.27
D,663021,27,scanmove,10.4397,S,10,66.3341,120.27
D,663213,27,scanmove,10.4394,U,10,66.3341,120.27
P,665504,27,q6,10.4881,S,66.3341,120.27
Q,27,1,6,15,10,20,120.0,120.27,66.3341,10.4398,10.4881,0.0483,S
D,665603,27,scanmove,10.4881,S,10,66.3898,140.32
D,665795,27,scanmove,10.4881,S,10,66.3898,140.32
D,665986,27,scanmove,10.4878,U,10,66.3898,140.32
D,666178,27,scanmove,10.4680,U,10,66.3898,140.32
P,670845,27,q7,10.4555,U,66.3898,140.32
Q,27,1,7,15,10,20,140.0,140.32,66.3898,10.4881,10.4555,-0.0326,U
D,670964,27,scanmove,10.4555,U,10,66.4455,160.36
D,671156,27,scanmove,10.4554,U,10,66.4455,160.36
D,671347,27,scanmove,10.4552,U,10,66.4455,160.36
D,671538,27,scanmove,10.4495,U,10,66.4455,160.36
P,673444,27,q8,10.4868,S,66.4455,160.36
Q,27,1,8,15,10,20,160.0,160.36,66.4455,10.4555,10.4868,0.0313,S
D,673542,27,scanmove,10.4867,S,10,66.5011,180.41
D,673734,27,scanmove,10.4867,S,10,66.5011,180.41
D,673925,27,scanmove,10.4866,U,10,66.5011,180.41
D,674117,27,scanmove,10.4862,U,10,66.5011,180.41
P,675832,27,q9,10.4916,S,66.5011,180.41
Q,27,1,9,15,10,20,180.0,180.41,66.5011,10.4868,10.4916,0.0048,S
D,675930,27,scanmove,10.4916,S,10,66.5568,200.45
D,676121,27,scanmove,10.4915,S,10,66.5568,200.45
D,676312,27,scanmove,10.4915,S,10,66.5568,200.45
D,676503,27,scanmove,10.4917,U,10,66.5568,200.45
P,679185,27,q10,10.5260,S,66.5568,200.45
Q,27,1,10,15,10,20,200.0,200.45,66.5568,10.4916,10.5260,0.0344,S
D,679283,27,scanmove,10.5260,S,10,66.6125,220.50
D,679475,27,scanmove,10.5259,S,10,66.6125,220.50
D,679667,27,scanmove,10.5259,S,10,66.6125,220.50
D,679859,27,scanmove,10.5214,U,10,66.6125,220.50
P,681764,27,q11,10.5354,S,66.6125,220.50
Q,27,1,11,15,10,20,220.0,220.50,66.6125,10.5260,10.5354,0.0094,S
D,681862,27,scanmove,10.5353,U,10,66.6682,240.55
D,682054,27,scanmove,10.5353,S,10,66.6682,240.55
D,682245,27,scanmove,10.5352,U,10,66.6682,240.55
D,682436,27,scanmove,10.5349,U,10,66.6682,240.55
P,684152,27,q12,10.5586,S,66.6682,240.55
Q,27,1,12,15,10,20,240.0,240.55,66.6682,10.5354,10.5586,0.0232,S
D,684251,27,scanmove,10.5586,S,10,66.7239,260.59
D,684443,27,scanmove,10.5585,S,10,66.7239,260.59
D,684635,27,scanmove,10.5585,S,10,66.7239,260.59
D,684826,27,scanmove,10.5581,U,10,66.7239,260.59
P,686734,27,q13,10.5686,S,66.7239,260.59
Q,27,1,13,15,10,20,260.0,260.59,66.7239,10.5586,10.5686,0.0100,S
D,686833,27,scanmove,10.5686,S,10,66.7795,280.64
D,687025,27,scanmove,10.5686,S,10,66.7795,280.64
D,687216,27,scanmove,10.5685,S,10,66.7795,280.64
D,687407,27,scanmove,10.5683,U,10,66.7795,280.64
P,691229,27,q14,10.5595,S,66.7795,280.64
Q,27,1,14,15,10,20,280.0,280.64,66.7795,10.5686,10.5595,-0.0091,S
D,691328,27,scanmove,10.5595,S,10,66.8352,300.68
D,691520,27,scanmove,10.5595,S,10,66.8352,300.68
D,691711,27,scanmove,10.5595,S,10,66.8352,300.68
D,691903,27,scanmove,10.5596,S,10,66.8352,300.68
P,694014,27,q15,10.5953,S,66.8352,300.68
Q,27,1,15,15,10,20,300.0,300.68,66.8352,10.5595,10.5953,0.0358,S
D,694096,27,scanmove,10.5953,S,10,66.8909,320.73
D,694288,27,scanmove,10.5953,S,10,66.8909,320.73
D,694480,27,scanmove,10.5952,S,10,66.8909,320.73
D,694671,27,scanmove,10.5909,U,10,66.8909,320.73
P,696009,27,q16,10.5792,S,66.8909,320.73
Q,27,1,16,15,10,20,320.0,320.73,66.8909,10.5953,10.5792,-0.0161,S
D,696108,27,scanmove,10.5792,S,10,66.9466,340.77
D,696300,27,scanmove,10.5792,S,10,66.9466,340.77
D,696491,27,scanmove,10.5793,S,10,66.9466,340.77
D,696682,27,scanmove,10.5846,U,10,66.9466,340.77
P,698402,27,q17,10.5842,S,66.9466,340.77
Q,27,1,17,15,10,20,340.0,340.77,66.9466,10.5792,10.5842,0.0050,S
D,698501,27,scanmove,10.5842,S,10,67.0023,0.82
D,698692,27,scanmove,10.5841,S,10,67.0023,0.82
D,698883,27,scanmove,10.5841,S,10,67.0023,0.82
D,699074,27,scanmove,10.5839,U,10,67.0023,0.82
P,700791,27,q18,10.5977,S,67.0023,0.82
Q,27,1,18,15,10,20,360.0,0.82,67.0023,10.5842,10.5977,0.0135,S
E,700799,=== Q scan 1 trial 28 : tilt 35 rpm 10 incr 20 deg x 18 (abs 10.60) ===
P,706803,28,q0,10.6448,U,67.0023,0.82
D,706919,28,scanmove,10.6447,U,10,67.0580,20.86
D,707110,28,scanmove,10.6446,U,10,67.0580,20.86
D,707302,28,scanmove,10.6445,U,10,67.0580,20.86
D,707493,28,scanmove,10.6502,U,10,67.0580,20.86
P,710546,28,q1,10.6950,S,67.0580,20.86
Q,28,1,1,35,10,20,20.0,20.86,67.0580,10.6448,10.6950,0.0502,S
D,710642,28,scanmove,10.6949,U,10,67.1136,40.91
D,710834,28,scanmove,10.6948,U,10,67.1136,40.91
D,711025,28,scanmove,10.6945,U,10,67.1136,40.91
D,711216,28,scanmove,10.6830,U,10,67.1136,40.91
P,712363,28,q2,10.6605,S,67.1136,40.91
Q,28,1,2,35,10,20,40.0,40.91,67.1136,10.6950,10.6605,-0.0345,S
D,712461,28,scanmove,10.6605,S,10,67.1693,60.95
D,712652,28,scanmove,10.6605,S,10,67.1693,60.95
D,712843,28,scanmove,10.6605,S,10,67.1693,60.95
D,713034,28,scanmove,10.6603,U,10,67.1693,60.95
P,715136,28,q3,10.6615,S,67.1693,60.95
Q,28,1,3,35,10,20,60.0,60.95,67.1693,10.6605,10.6615,0.0010,S
D,715234,28,scanmove,10.6615,S,10,67.2250,81.00
D,715426,28,scanmove,10.6615,S,10,67.2250,81.00
D,715618,28,scanmove,10.6614,S,10,67.2250,81.00
D,715810,28,scanmove,10.6613,U,10,67.2250,81.00
P,718867,28,q4,10.6880,S,67.2250,81.00
Q,28,1,4,35,10,20,80.0,81.00,67.2250,10.6615,10.6880,0.0265,S
D,718964,28,scanmove,10.6880,S,10,67.2807,101.05
D,719156,28,scanmove,10.6880,S,10,67.2807,101.05
D,719348,28,scanmove,10.6878,U,10,67.2807,101.05
D,719540,28,scanmove,10.6731,U,10,67.2807,101.05
P,722022,28,q5,10.6837,S,67.2807,101.05
Q,28,1,5,35,10,20,100.0,101.05,67.2807,10.6880,10.6837,-0.0043,S
D,722121,28,scanmove,10.6837,S,10,67.3364,121.09
D,722313,28,scanmove,10.6836,S,10,67.3364,121.09
D,722504,28,scanmove,10.6835,U,10,67.3364,121.09
D,722695,28,scanmove,10.6832,U,10,67.3364,121.09
P,724987,28,q6,10.6958,S,67.3364,121.09
Q,28,1,6,35,10,20,120.0,121.09,67.3364,10.6837,10.6958,0.0121,S
D,725085,28,scanmove,10.6958,S,10,67.3920,141.14
D,725277,28,scanmove,10.6957,S,10,67.3920,141.14
D,725468,28,scanmove,10.6955,U,10,67.3920,141.14
D,725659,28,scanmove,10.6825,U,10,67.3920,141.14
P,727387,28,q7,10.7067,S,67.3920,141.14
Q,28,1,7,35,10,20,140.0,141.14,67.3920,10.6958,10.7067,0.0109,S
D,727472,28,scanmove,10.7067,S,10,67.4477,161.18
D,727664,28,scanmove,10.7067,S,10,67.4477,161.18
D,727856,28,scanmove,10.7066,S,10,67.4477,161.18
D,728048,28,scanmove,10.7012,U,10,67.4477,161.18
P,729767,28,q8,10.6942,S,67.4477,161.18
Q,28,1,8,35,10,20,160.0,161.18,67.4477,10.7067,10.6942,-0.0125,S
D,729866,28,scanmove,10.6942,S,10,67.5034,181.23
D,730057,28,scanmove,10.6942,S,10,67.5034,181.23
D,730248,28,scanmove,10.6942,S,10,67.5034,181.23
D,730439,28,scanmove,10.6942,S,10,67.5034,181.23
P,732924,28,q9,10.7167,S,67.5034,181.23
Q,28,1,9,35,10,20,180.0,181.23,67.5034,10.6942,10.7167,0.0225,S
D,733023,28,scanmove,10.7167,S,10,67.5591,201.27
D,733215,28,scanmove,10.7166,S,10,67.5591,201.27
D,733406,28,scanmove,10.7165,U,10,67.5591,201.27
D,733597,28,scanmove,10.7165,S,10,67.5591,201.27
P,738264,28,q10,10.7102,U,67.5591,201.27
Q,28,1,10,35,10,20,200.0,201.27,67.5591,10.7167,10.7102,-0.0065,U
D,738383,28,scanmove,10.7102,U,10,67.6148,221.32
D,738575,28,scanmove,10.7101,U,10,67.6148,221.32
D,738766,28,scanmove,10.7101,S,10,67.6148,221.32
D,738957,28,scanmove,10.7102,S,10,67.6148,221.32
P,740861,28,q11,10.7665,S,67.6148,221.32
Q,28,1,11,35,10,20,220.0,221.32,67.6148,10.7102,10.7665,0.0563,S
D,740959,28,scanmove,10.7664,U,10,67.6705,241.36
D,741151,28,scanmove,10.7664,S,10,67.6705,241.36
D,741342,28,scanmove,10.7662,U,10,67.6705,241.36
D,741534,28,scanmove,10.7590,U,10,67.6705,241.36
P,743260,28,q12,10.7413,S,67.6705,241.36
Q,28,1,12,35,10,20,240.0,241.36,67.6705,10.7665,10.7413,-0.0252,S
D,743358,28,scanmove,10.7413,S,10,67.7261,261.41
D,743550,28,scanmove,10.7412,S,10,67.7261,261.41
D,743742,28,scanmove,10.7412,S,10,67.7261,261.41
D,743934,28,scanmove,10.7412,S,10,67.7261,261.41
P,745648,28,q13,10.7727,S,67.7261,261.41
Q,28,1,13,35,10,20,260.0,261.41,67.7261,10.7413,10.7727,0.0314,S
D,745747,28,scanmove,10.7727,S,10,67.7818,281.45
D,745939,28,scanmove,10.7727,S,10,67.7818,281.45
D,746130,28,scanmove,10.7727,S,10,67.7818,281.45
D,746321,28,scanmove,10.7723,U,10,67.7818,281.45
P,748990,28,q14,10.7464,S,67.7818,281.45
Q,28,1,14,35,10,20,280.0,281.45,67.7818,10.7727,10.7464,-0.0263,S
D,749089,28,scanmove,10.7463,U,10,67.8375,301.50
D,749281,28,scanmove,10.7461,U,10,67.8375,301.50
D,749473,28,scanmove,10.7460,U,10,67.8375,301.50
D,749665,28,scanmove,10.7506,U,10,67.8375,301.50
P,752145,28,q15,10.7987,S,67.8375,301.50
Q,28,1,15,35,10,20,300.0,301.50,67.8375,10.7464,10.7987,0.0523,S
D,752243,28,scanmove,10.7987,S,10,67.8932,321.55
D,752435,28,scanmove,10.7986,S,10,67.8932,321.55
D,752626,28,scanmove,10.7984,U,10,67.8932,321.55
D,752817,28,scanmove,10.7836,U,10,67.8932,321.55
P,754727,28,q16,10.7422,S,67.8932,321.55
Q,28,1,16,35,10,20,320.0,321.55,67.8932,10.7987,10.7422,-0.0565,S
D,754825,28,scanmove,10.7421,U,10,67.9489,341.59
D,755016,28,scanmove,10.7421,S,10,67.9489,341.59
D,755207,28,scanmove,10.7421,S,10,67.9489,341.59
D,755399,28,scanmove,10.7470,U,10,67.9489,341.59
P,757310,28,q17,10.7705,S,67.9489,341.59
Q,28,1,17,35,10,20,340.0,341.59,67.9489,10.7422,10.7705,0.0283,S
D,757408,28,scanmove,10.7705,S,10,68.0045,1.64
D,757599,28,scanmove,10.7705,S,10,68.0045,1.64
D,757790,28,scanmove,10.7704,S,10,68.0045,1.64
D,757981,28,scanmove,10.7654,U,10,68.0045,1.64
P,760849,28,q18,10.7770,S,68.0045,1.64
Q,28,1,18,35,10,20,360.0,1.64,68.0045,10.7705,10.7770,0.0065,S
E,760857,=== Q scan 1 trial 29 : tilt 55 rpm 10 incr 20 deg x 18 (abs 10.78) ===
P,763143,29,q0,10.7589,S,68.0045,1.64
D,763239,29,scanmove,10.7589,S,10,68.0602,21.68
D,763431,29,scanmove,10.7588,S,10,68.0602,21.68
D,763622,29,scanmove,10.7587,U,10,68.0602,21.68
D,763814,29,scanmove,10.7583,U,10,68.0602,21.68
P,768484,29,q1,10.7515,U,68.0602,21.68
Q,29,1,1,55,10,20,20.0,21.68,68.0602,10.7589,10.7515,-0.0074,U
D,768603,29,scanmove,10.7515,S,10,68.1159,41.73
D,768794,29,scanmove,10.7514,S,10,68.1159,41.73
D,768985,29,scanmove,10.7513,U,10,68.1159,41.73
D,769176,29,scanmove,10.7512,U,10,68.1159,41.73
P,771082,29,q2,10.7762,S,68.1159,41.73
Q,29,1,2,55,10,20,40.0,41.73,68.1159,10.7515,10.7762,0.0247,S
D,771180,29,scanmove,10.7762,S,10,68.1716,61.77
D,771372,29,scanmove,10.7761,S,10,68.1716,61.77
D,771564,29,scanmove,10.7759,U,10,68.1716,61.77
D,771755,29,scanmove,10.7646,U,10,68.1716,61.77
P,773663,29,q3,10.7907,S,68.1716,61.77
Q,29,1,3,55,10,20,60.0,61.77,68.1716,10.7762,10.7907,0.0145,S
D,773760,29,scanmove,10.7907,S,10,68.2273,81.82
D,773951,29,scanmove,10.7906,S,10,68.2273,81.82
D,774142,29,scanmove,10.7904,U,10,68.2273,81.82
D,774334,29,scanmove,10.7766,U,10,68.2273,81.82
P,776251,29,q4,10.7662,S,68.2273,81.82
Q,29,1,4,55,10,20,80.0,81.82,68.2273,10.7907,10.7662,-0.0245,S
D,776349,29,scanmove,10.7662,S,10,68.2830,101.86
D,776541,29,scanmove,10.7662,S,10,68.2830,101.86
D,776733,29,scanmove,10.7661,S,10,68.2830,101.86
D,776924,29,scanmove,10.7657,U,10,68.2830,101.86
P,779593,29,q5,10.7927,S,68.2830,101.86
Q,29,1,5,55,10,20,100.0,101.86,68.2830,10.7662,10.7927,0.0265,S
D,779692,29,scanmove,10.7926,U,10,68.3386,121.91
D,779884,29,scanmove,10.7926,S,10,68.3386,121.91
D,780075,29,scanmove,10.7925,U,10,68.3386,121.91
D,780267,29,scanmove,10.7877,U,10,68.3386,121.91
P,781983,29,q6,10.7539,S,68.3386,121.91
Q,29,1,6,55,10,20,120.0,121.91,68.3386,10.7927,10.7539,-0.0388,S
D,782081,29,scanmove,10.7539,S,10,68.3943,141.95
D,782273,29,scanmove,10.7539,S,10,68.3943,141.95
D,782465,29,scanmove,10.7541,U,10,68.3943,141.95
D,782656,29,scanmove,10.7658,U,10,68.3943,141.95
P,784756,29,q7,10.8161,S,68.3943,141.95
Q,29,1,7,55,10,20,140.0,141.95,68.3943,10.7539,10.8161,0.0622,S
D,784854,29,scanmove,10.8161,S,10,68.4500,162.00
D,785046,29,scanmove,10.8161,S,10,68.4500,162.00
D,785238,29,scanmove,10.8160,S,10,68.4500,162.00
D,785430,29,scanmove,10.8161,S,10,68.4500,162.00
P,787912,29,q8,10.8197,S,68.4500,162.00
Q,29,1,8,55,10,20,160.0,162.00,68.4500,10.8161,10.8197,0.0036,S
D,788010,29,scanmove,10.8196,U,10,68.5057,182.05
D,788202,29,scanmove,10.8194,U,10,68.5057,182.05
D,788394,29,scanmove,10.8192,U,10,68.5057,182.05
D,788585,29,scanmove,10.8145,U,10,68.5057,182.05
P,790685,29,q9,10.8064,S,68.5057,182.05
Q,29,1,9,55,10,20,180.0,182.05,68.5057,10.8197,10.8064,-0.0133,S
D,790783,29,scanmove,10.8064,S,10,68.5614,202.09
D,790974,29,scanmove,10.8064,S,10,68.5614,202.09
D,791166,29,scanmove,10.8063,S,10,68.5614,202.09
D,791355,29,scanmove,10.8063,S,10,68.5614,202.09
P,793076,29,q10,10.8148,S,68.5614,202.09
Q,29,1,10,55,10,20,200.0,202.09,68.5614,10.8064,10.8148,0.0084,S
D,793175,29,scanmove,10.8148,S,10,68.6170,222.14
D,793367,29,scanmove,10.8147,S,10,68.6170,222.14
D,793558,29,scanmove,10.8146,U,10,68.6170,222.14
D,793749,29,scanmove,10.8089,U,10,68.6170,222.14
P,796040,29,q11,10.8029,S,68.6170,222.14
Q,29,1,11,55,10,20,220.0,222.14,68.6170,10.8148,10.8029,-0.0119,S
D,796139,29,scanmove,10.8028,U,10,68.6727,242.18
D,796331,29,scanmove,10.8028,S,10,68.6727,242.18
D,796523,29,scanmove,10.8027,U,10,68.6727,242.18
D,796714,29,scanmove,10.8024,U,10,68.6727,242.18
P,798813,29,q12,10.8464,S,68.6727,242.18
Q,29,1,12,55,10,20,240.0,242.18,68.6727,10.8029,10.8464,0.0435,S
D,798912,29,scanmove,10.8463,U,10,68.7284,262.23
D,799104,29,scanmove,10.8463,S,10,68.7284,262.23
D,799295,29,scanmove,10.8462,U,10,68.7284,262.23
D,799486,29,scanmove,10.8458,U,10,68.7284,262.23
P,801395,29,q13,10.8492,S,68.7284,262.23
Q,29,1,13,55,10,20,260.0,262.23,68.7284,10.8464,10.8492,0.0028,S
D,801494,29,scanmove,10.8492,S,10,68.7841,282.27
D,801686,29,scanmove,10.8493,S,10,68.7841,282.27
D,801877,29,scanmove,10.8493,S,10,68.7841,282.27
D,802068,29,scanmove,10.8494,U,10,68.7841,282.27
P,803596,29,q14,10.8794,S,68.7841,282.27
Q,29,1,14,55,10,20,280.0,282.27,68.7841,10.8492,10.8794,0.0302,S
D,803694,29,scanmove,10.8794,S,10,68.8398,302.32
D,803886,29,scanmove,10.8793,S,10,68.8398,302.32
D,804078,29,scanmove,10.8791,U,10,68.8398,302.32
D,804270,29,scanmove,10.8676,U,10,68.8398,302.32
P,806368,29,q15,10.8686,S,68.8398,302.32
Q,29,1,15,55,10,20,300.0,302.32,68.8398,10.8794,10.8686,-0.0108,S
D,806467,29,scanmove,10.8685,S,10,68.8955,322.36
D,806659,29,scanmove,10.8685,S,10,68.8955,322.36
D,806850,29,scanmove,10.8683,U,10,68.8955,322.36
D,807041,29,scanmove,10.8602,U,10,68.8955,322.36
P,809147,29,q16,10.8598,S,68.8955,322.36
Q,29,1,16,55,10,20,320.0,322.36,68.8955,10.8686,10.8598,-0.0088,S
D,809245,29,scanmove,10.8598,S,10,68.9511,342.41
D,809437,29,scanmove,10.8598,S,10,68.9511,342.41
D,809628,29,scanmove,10.8597,S,10,68.9511,342.41
D,809820,29,scanmove,10.8595,U,10,68.9511,342.41
P,812299,29,q17,10.8413,S,68.9511,342.41
Q,29,1,17,55,10,20,340.0,342.41,68.9511,10.8598,10.8413,-0.0185,S
D,812398,29,scanmove,10.8413,S,10,69.0068,2.45
D,812589,29,scanmove,10.8413,S,10,69.0068,2.45
D,812781,29,scanmove,10.8412,S,10,69.0068,2.45
D,812972,29,scanmove,10.8408,U,10,69.0068,2.45
P,814688,29,q18,10.8617,S,69.0068,2.45
Q,29,1,18,55,10,20,360.0,2.45,69.0068,10.8413,10.8617,0.0204,S
E,814696,=== Q scan 2 trial 30 : tilt 55 rpm 10 incr 20 deg x 18 (abs 10.86) ===
P,816029,30,q0,10.8618,S,69.0068,2.45
D,816123,30,scanmove,10.8618,S,10,69.0625,22.50
D,816315,30,scanmove,10.8619,S,10,69.0625,22.50
D,816507,30,scanmove,10.8619,S,10,69.0625,22.50
D,816699,30,scanmove,10.8532,U,10,69.0625,22.50
P,818992,30,q1,10.8362,S,69.0625,22.50
Q,30,2,1,55,10,20,20.0,22.50,69.0625,10.8618,10.8362,-0.0256,S
D,819090,30,scanmove,10.8362,S,10,69.1182,42.55
D,819281,30,scanmove,10.8361,S,10,69.1182,42.55
D,819473,30,scanmove,10.8361,S,10,69.1182,42.55
D,819665,30,scanmove,10.8405,U,10,69.1182,42.55
P,822148,30,q2,10.8611,S,69.1182,42.55
Q,30,2,2,55,10,20,40.0,42.55,69.1182,10.8362,10.8611,0.0249,S
D,822246,30,scanmove,10.8611,S,10,69.1739,62.59
D,822437,30,scanmove,10.8610,S,10,69.1739,62.59
D,822628,30,scanmove,10.8609,U,10,69.1739,62.59
D,822819,30,scanmove,10.8493,U,10,69.1739,62.59
P,825123,30,q3,10.8489,S,69.1739,62.59
Q,30,2,3,55,10,20,60.0,62.59,69.1739,10.8611,10.8489,-0.0122,S
D,825207,30,scanmove,10.8488,S,10,69.2295,82.64
D,825399,30,scanmove,10.8488,S,10,69.2295,82.64
D,825590,30,scanmove,10.8487,U,10,69.2295,82.64
D,825782,30,scanmove,10.8485,U,10,69.2295,82.64
P,827695,30,q4,10.8393,S,69.2295,82.64
Q,30,2,4,55,10,20,80.0,82.64,69.2295,10.8489,10.8393,-0.0096,S
D,827793,30,scanmove,10.8393,S,10,69.2852,102.68
D,827985,30,scanmove,10.8393,S,10,69.2852,102.68
D,828176,30,scanmove,10.8393,S,10,69.2852,102.68
D,828367,30,scanmove,10.8395,U,10,69.2852,102.68
P,830277,30,q5,10.8700,S,69.2852,102.68
Q,30,2,5,55,10,20,100.0,102.68,69.2852,10.8393,10.8700,0.0307,S
D,830375,30,scanmove,10.8700,S,10,69.3409,122.73
D,830567,30,scanmove,10.8699,S,10,69.3409,122.73
D,830759,30,scanmove,10.8698,U,10,69.3409,122.73
D,830950,30,scanmove,10.8656,U,10,69.3409,122.73
P,832859,30,q6,10.8519,S,69.3409,122.73
Q,30,2,6,55,10,20,120.0,122.73,69.3409,10.8700,10.8519,-0.0181,S
D,832957,30,scanmove,10.8519,S,10,69.3966,142.77
D,833148,30,scanmove,10.8519,S,10,69.3966,142.77
D,833340,30,scanmove,10.8521,U,10,69.3966,142.77
D,833531,30,scanmove,10.8612,U,10,69.3966,142.77
P,835249,30,q7,10.9139,S,69.3966,142.77
Q,30,2,7,55,10,20,140.0,142.77,69.3966,10.8519,10.9139,0.0620,S
D,835347,30,scanmove,10.9138,U,10,69.4523,162.82
D,835539,30,scanmove,10.9138,S,10,69.4523,162.82
D,835730,30,scanmove,10.9136,U,10,69.4523,162.82
D,835921,30,scanmove,10.9052,U,10,69.4523,162.82
P,837831,30,q8,10.8883,S,69.4523,162.82
Q,30,2,8,55,10,20,160.0,162.82,69.4523,10.9139,10.8883,-0.0256,S
D,837929,30,scanmove,10.8883,S,10,69.5080,182.86
D,838121,30,scanmove,10.8882,S,10,69.5080,182.86
D,838313,30,scanmove,10.8882,S,10,69.5080,182.86
D,838504,30,scanmove,10.8877,U,10,69.5080,182.86
P,840412,30,q9,10.8925,S,69.5080,182.86
Q,30,2,9,55,10,20,180.0,182.86,69.5080,10.8883,10.8925,0.0042,S
D,840510,30,scanmove,10.8925,S,10,69.5636,202.91
D,840702,30,scanmove,10.8924,S,10,69.5636,202.91
D,840893,30,scanmove,10.8923,U,10,69.5636,202.91
D,841081,30,scanmove,10.8879,U,10,69.5636,202.91
P,843378,30,q10,10.9036,S,69.5636,202.91
Q,30,2,10,55,10,20,200.0,202.91,69.5636,10.8925,10.9036,0.0111,S
D,843477,30,scanmove,10.9035,U,10,69.6193,222.95
D,843669,30,scanmove,10.9035,S,10,69.6193,222.95
D,843861,30,scanmove,10.9034,U,10,69.6193,222.95
D,844052,30,scanmove,10.9033,U,10,69.6193,222.95
P,845768,30,q11,10.9316,S,69.6193,222.95
Q,30,2,11,55,10,20,220.0,222.95,69.6193,10.9036,10.9316,0.0280,S
D,845866,30,scanmove,10.9315,U,10,69.6750,243.00
D,846058,30,scanmove,10.9315,S,10,69.6750,243.00
D,846250,30,scanmove,10.9313,U,10,69.6750,243.00
D,846442,30,scanmove,10.9250,U,10,69.6750,243.00
P,848160,30,q12,10.9325,S,69.6750,243.00
Q,30,2,12,55,10,20,240.0,243.00,69.6750,10.9316,10.9325,0.0009,S
D,848258,30,scanmove,10.9325,S,10,69.7307,263.05
D,848449,30,scanmove,10.9325,S,10,69.7307,263.05
D,848640,30,scanmove,10.9325,S,10,69.7307,263.05
D,848831,30,scanmove,10.9325,S,10,69.7307,263.05
P,850550,30,q13,10.9743,S,69.7307,263.05
Q,30,2,13,55,10,20,260.0,263.05,69.7307,10.9325,10.9743,0.0418,S
D,850648,30,scanmove,10.9743,S,10,69.7864,283.09
D,850839,30,scanmove,10.9743,S,10,69.7864,283.09
D,851030,30,scanmove,10.9743,S,10,69.7864,283.09
D,851221,30,scanmove,10.9742,S,10,69.7864,283.09
P,852941,30,q14,11.0137,S,69.7864,283.09
Q,30,2,14,55,10,20,280.0,283.09,69.7864,10.9743,11.0137,0.0394,S
D,853039,30,scanmove,11.0137,S,10,69.8420,303.14
D,853231,30,scanmove,11.0137,S,10,69.8420,303.14
D,853422,30,scanmove,11.0134,U,10,69.8420,303.14
D,853614,30,scanmove,10.9921,U,10,69.8420,303.14
P,855522,30,q15,10.9574,S,69.8420,303.14
Q,30,2,15,55,10,20,300.0,303.14,69.8420,11.0137,10.9574,-0.0563,S
D,855620,30,scanmove,10.9574,S,10,69.8977,323.18
D,855812,30,scanmove,10.9574,S,10,69.8977,323.18
D,856003,30,scanmove,10.9571,U,10,69.8977,323.18
D,856195,30,scanmove,10.9420,U,10,69.8977,323.18
P,858113,30,q16,10.9750,S,69.8977,323.18
Q,30,2,16,55,10,20,320.0,323.18,69.8977,10.9574,10.9750,0.0176,S
D,858211,30,scanmove,10.9750,S,10,69.9534,343.23
D,858403,30,scanmove,10.9750,S,10,69.9534,343.23
D,858595,30,scanmove,10.9748,U,10,69.9534,343.23
D,858775,30,scanmove,10.9637,U,10,69.9534,343.23
P,860686,30,q17,10.9481,S,69.9534,343.23
Q,30,2,17,55,10,20,340.0,343.23,69.9534,10.9750,10.9481,-0.0269,S
D,860785,30,scanmove,10.9480,U,10,70.0091,3.27
D,860976,30,scanmove,10.9480,S,10,70.0091,3.27
D,861168,30,scanmove,10.9479,U,10,70.0091,3.27
D,861360,30,scanmove,10.9480,S,10,70.0091,3.27
P,863270,30,q18,10.9612,S,70.0091,3.27
Q,30,2,18,55,10,20,360.0,3.27,70.0091,10.9481,10.9612,0.0131,S
E,863278,=== Q scan 2 trial 31 : tilt 35 rpm 10 incr 20 deg x 18 (abs 10.96) ===
P,865756,31,q0,10.9520,S,70.0091,3.27
D,865851,31,scanmove,10.9520,S,10,70.0648,23.32
D,866042,31,scanmove,10.9519,S,10,70.0648,23.32
D,866234,31,scanmove,10.9519,S,10,70.0648,23.32
D,866425,31,scanmove,10.9522,U,10,70.0648,23.32
P,868529,31,q1,11.0158,S,70.0648,23.32
Q,31,2,1,35,10,20,20.0,23.32,70.0648,10.9520,11.0158,0.0638,S
D,868627,31,scanmove,11.0157,U,10,70.1205,43.36
D,868819,31,scanmove,11.0157,S,10,70.1205,43.36
D,869010,31,scanmove,11.0155,U,10,70.1205,43.36
D,869202,31,scanmove,11.0068,U,10,70.1205,43.36
P,872258,31,q2,10.9971,S,70.1205,43.36
Q,31,2,2,35,10,20,40.0,43.36,70.1205,11.0158,10.9971,-0.0187,S
D,872356,31,scanmove,10.9970,U,10,70.1761,63.41
D,872547,31,scanmove,10.9969,U,10,70.1761,63.41
D,872738,31,scanmove,10.9968,U,10,70.1761,63.41
D,872929,31,scanmove,10.9906,U,10,70.1761,63.41
P,876948,31,q3,10.9718,S,70.1761,63.41
Q,31,2,3,35,10,20,60.0,63.41,70.1761,10.9971,10.9718,-0.0253,S
D,877046,31,scanmove,10.9717,U,10,70.2318,83.45
D,877237,31,scanmove,10.9717,S,10,70.2318,83.45
D,877429,31,scanmove,10.9717,S,10,70.2318,83.45
D,877620,31,scanmove,10.9800,U,10,70.2318,83.45
P,878765,31,q4,11.0132,S,70.2318,83.45
Q,31,2,4,35,10,20,80.0,83.45,70.2318,10.9718,11.0132,0.0414,S
D,878863,31,scanmove,11.0131,U,10,70.2875,103.50
D,879055,31,scanmove,11.0130,U,10,70.2875,103.50
D,879247,31,scanmove,11.0127,U,10,70.2875,103.50
D,879439,31,scanmove,11.0024,U,10,70.2875,103.50
P,882491,31,q5,10.9839,S,70.2875,103.50
Q,31,2,5,35,10,20,100.0,103.50,70.2875,11.0132,10.9839,-0.0293,S
D,882589,31,scanmove,10.9839,S,10,70.3432,123.55
D,882781,31,scanmove,10.9838,S,10,70.3432,123.55
D,882973,31,scanmove,10.9838,S,10,70.3432,123.55
D,883165,31,scanmove,10.9956,U,10,70.3432,123.55
P,884882,31,q6,10.9973,S,70.3432,123.55
Q,31,2,6,35,10,20,120.0,123.55,70.3432,10.9839,10.9973,0.0134,S
D,884980,31,scanmove,10.9972,S,10,70.3989,143.59
D,885171,31,scanmove,10.9972,S,10,70.3989,143.59
D,885362,31,scanmove,10.9973,S,10,70.3989,143.59
D,885553,31,scanmove,11.0023,U,10,70.3989,143.59
P,888230,31,q7,10.9830,S,70.3989,143.59
Q,31,2,7,35,10,20,140.0,143.59,70.3989,10.9973,10.9830,-0.0143,S
D,888328,31,scanmove,10.9830,S,10,70.4545,163.64
D,888520,31,scanmove,10.9829,S,10,70.4545,163.64
D,888711,31,scanmove,10.9829,S,10,70.4545,163.64
D,888902,31,scanmove,10.9830,S,10,70.4545,163.64
P,891583,31,q8,11.0217,S,70.4545,163.64
Q,31,2,8,35,10,20,160.0,163.64,70.4545,10.9830,11.0217,0.0387,S
D,891681,31,scanmove,11.0216,U,10,70.5102,183.68
D,891872,31,scanmove,11.0216,S,10,70.5102,183.68
D,892063,31,scanmove,11.0214,U,10,70.5102,183.68
D,892255,31,scanmove,11.0093,U,10,70.5102,183.68
P,894734,31,q9,11.0418,S,70.5102,183.68
Q,31,2,9,35,10,20,180.0,183.68,70.5102,11.0217,11.0418,0.0201,S
D,894832,31,scanmove,11.0418,S,10,70.5659,203.73
D,895023,31,scanmove,11.0418,S,10,70.5659,203.73
D,895215,31,scanmove,11.0415,U,10,70.5659,203.73
D,895407,31,scanmove,11.0269,U,10,70.5659,203.73
P,897888,31,q10,11.0127,S,70.5659,203.73
Q,31,2,10,35,10,20,200.0,203.73,70.5659,11.0418,11.0127,-0.0291,S
D,897987,31,scanmove,11.0127,S,10,70.6216,223.77
D,898179,31,scanmove,11.0126,S,10,70.6216,223.77
D,898370,31,scanmove,11.0125,U,10,70.6216,223.77
D,898561,31,scanmove,11.0123,U,10,70.6216,223.77
P,901043,31,q11,11.0273,S,70.6216,223.77
Q,31,2,11,35,10,20,220.0,223.77,70.6216,11.0127,11.0273,0.0146,S
D,901142,31,scanmove,11.0272,U,10,70.6773,243.82
D,901333,31,scanmove,11.0272,S,10,70.6773,243.82
D,901524,31,scanmove,11.0271,U,10,70.6773,243.82
D,901715,31,scanmove,11.0271,S,10,70.6773,243.82
P,905932,31,q12,11.0299,S,70.6773,243.82
Q,31,2,12,35,10,20,240.0,243.82,70.6773,11.0273,11.0299,0.0026,S
D,906017,31,scanmove,11.0299,S,10,70.7330,263.86
D,906209,31,scanmove,11.0298,S,10,70.7330,263.86
D,906400,31,scanmove,11.0298,S,10,70.7330,263.86
D,906592,31,scanmove,11.0358,U,10,70.7330,263.86
P,908503,31,q13,11.0244,S,70.7330,263.86
Q,31,2,13,35,10,20,260.0,263.86,70.7330,11.0299,11.0244,-0.0055,S
D,908602,31,scanmove,11.0244,S,10,70.7886,283.91
D,908793,31,scanmove,11.0244,S,10,70.7886,283.91
D,908984,31,scanmove,11.0243,S,10,70.7886,283.91
D,909175,31,scanmove,11.0244,S,10,70.7886,283.91
P,911085,31,q14,11.0864,S,70.7886,283.91
Q,31,2,14,35,10,20,280.0,283.91,70.7886,11.0244,11.0864,0.0620,S
D,911183,31,scanmove,11.0864,S,10,70.8443,303.95
D,911375,31,scanmove,11.0863,S,10,70.8443,303.95
D,911566,31,scanmove,11.0862,U,10,70.8443,303.95
D,911757,31,scanmove,11.0770,U,10,70.8443,303.95
P,914431,31,q15,11.0994,S,70.8443,303.95
Q,31,2,15,35,10,20,300.0,303.95,70.8443,11.0864,11.0994,0.0130,S
D,914530,31,scanmove,11.0993,U,10,70.9000,324.00
D,914722,31,scanmove,11.0993,S,10,70.9000,324.00
D,914914,31,scanmove,11.0990,U,10,70.9000,324.00
D,915106,31,scanmove,11.0850,U,10,70.9000,324.00
P,917397,31,q16,11.0726,S,70.9000,324.00
Q,31,2,16,35,10,20,320.0,324.00,70.9000,11.0994,11.0726,-0.0268,S
D,917495,31,scanmove,11.0725,U,10,70.9557,344.05
D,917687,31,scanmove,11.0725,S,10,70.9557,344.05
D,917878,31,scanmove,11.0724,U,10,70.9557,344.05
D,918069,31,scanmove,11.0721,U,10,70.9557,344.05
P,920170,31,q17,11.1068,S,70.9557,344.05
Q,31,2,17,35,10,20,340.0,344.05,70.9557,11.0726,11.1068,0.0342,S
D,920268,31,scanmove,11.1067,U,10,71.0114,4.09
D,920460,31,scanmove,11.1067,S,10,71.0114,4.09
D,920652,31,scanmove,11.1064,U,10,71.0114,4.09
D,920844,31,scanmove,11.0946,U,10,71.0114,4.09
P,922752,31,q18,11.0704,S,71.0114,4.09
Q,31,2,18,35,10,20,360.0,4.09,71.0114,11.1068,11.0704,-0.0364,S
E,922760,=== Q scan 2 trial 32 : tilt 15 rpm 10 incr 20 deg x 18 (abs 11.07) ===
P,925430,32,q0,11.0646,S,71.0114,4.09
D,925525,32,scanmove,11.0646,S,10,71.0670,24.14
D,925716,32,scanmove,11.0646,S,10,71.0670,24.14
D,925907,32,scanmove,11.0646,S,10,71.0670,24.14
D,926099,32,scanmove,11.0647,S,10,71.0670,24.14
P,927820,32,q1,11.0927,S,71.0670,24.14
Q,32,2,1,15,10,20,20.0,24.14,71.0670,11.0646,11.0927,0.0281,S
D,927918,32,scanmove,11.0927,S,10,71.1227,44.18
D,928110,32,scanmove,11.0928,S,10,71.1227,44.18
D,928301,32,scanmove,11.0927,S,10,71.1227,44.18
D,928492,32,scanmove,11.0923,U,10,71.1227,44.18
P,930402,32,q2,11.1412,S,71.1227,44.18
Q,32,2,2,15,10,20,40.0,44.18,71.1227,11.0927,11.1412,0.0485,S
D,930500,32,scanmove,11.1412,S,10,71.1784,64.23
D,930691,32,scanmove,11.1411,S,10,71.1784,64.23
D,930883,32,scanmove,11.1407,U,10,71.1784,64.23
D,931075,32,scanmove,11.1181,U,10,71.1784,64.23
P,933748,32,q3,11.0778,S,71.1784,64.23
Q,32,2,3,15,10,20,60.0,64.23,71.1784,11.1412,11.0778,-0.0634,S
D,933846,32,scanmove,11.0777,U,10,71.2341,84.27
D,934037,32,scanmove,11.0777,S,10,71.2341,84.27
D,934228,32,scanmove,11.0776,U,10,71.2341,84.27
D,934420,32,scanmove,11.0778,U,10,71.2341,84.27
P,936905,32,q4,11.1269,S,71.2341,84.27
Q,32,2,4,15,10,20,80.0,84.27,71.2341,11.0778,11.1269,0.0491,S
D,937003,32,scanmove,11.1269,S,10,71.2898,104.32
D,937194,32,scanmove,11.1268,S,10,71.2898,104.32
D,937385,32,scanmove,11.1265,U,10,71.2898,104.32
D,937576,32,scanmove,11.1064,U,10,71.2898,104.32
P,940066,32,q5,11.0459,S,71.2898,104.32
Q,32,2,5,15,10,20,100.0,104.32,71.2898,11.1269,11.0459,-0.0810,S
D,940164,32,scanmove,11.0459,S,10,71.3455,124.36
D,940356,32,scanmove,11.0458,S,10,71.3455,124.36
D,940548,32,scanmove,11.0459,S,10,71.3455,124.36
D,940739,32,scanmove,11.0631,U,10,71.3455,124.36
P,943026,32,q6,11.0847,S,71.3455,124.36
Q,32,2,6,15,10,20,120.0,124.36,71.3455,11.0459,11.0847,0.0388,S
D,943124,32,scanmove,11.0846,U,10,71.4011,144.41
D,943316,32,scanmove,11.0846,S,10,71.4011,144.41
D,943507,32,scanmove,11.0846,S,10,71.4011,144.41
D,943698,32,scanmove,11.0846,S,10,71.4011,144.41
P,945607,32,q7,11.1005,S,71.4011,144.41
Q,32,2,7,15,10,20,140.0,144.41,71.4011,11.0847,11.1005,0.0158,S
D,945705,32,scanmove,11.1004,S,10,71.4568,164.45
D,945897,32,scanmove,11.1004,S,10,71.4568,164.45
D,946088,32,scanmove,11.1003,U,10,71.4568,164.45
D,946279,32,scanmove,11.0917,U,10,71.4568,164.45
P,948764,32,q8,11.1015,S,71.4568,164.45
Q,32,2,8,15,10,20,160.0,164.45,71.4568,11.1005,11.1015,0.0010,S
D,948863,32,scanmove,11.1014,U,10,71.5125,184.50
D,949055,32,scanmove,11.1014,S,10,71.5125,184.50
D,949247,32,scanmove,11.1012,U,10,71.5125,184.50
D,949439,32,scanmove,11.0929,U,10,71.5125,184.50
P,952111,32,q9,11.1368,S,71.5125,184.50
Q,32,2,9,15,10,20,180.0,184.50,71.5125,11.1015,11.1368,0.0353,S
D,952209,32,scanmove,11.1367,U,10,71.5682,204.55
D,952401,32,scanmove,11.1367,S,10,71.5682,204.55
D,952592,32,scanmove,11.1365,U,10,71.5682,204.55
D,952783,32,scanmove,11.1268,U,10,71.5682,204.55
P,955084,32,q10,11.1247,S,71.5682,204.55
Q,32,2,10,15,10,20,200.0,204.55,71.5682,11.1368,11.1247,-0.0121,S
D,955182,32,scanmove,11.1246,U,10,71.6239,224.59
D,955362,32,scanmove,11.1246,S,10,71.6239,224.59
D,955553,32,scanmove,11.1244,U,10,71.6239,224.59
D,955745,32,scanmove,11.1240,U,10,71.6239,224.59
P,957466,32,q11,11.0883,S,71.6239,224.59
Q,32,2,11,15,10,20,220.0,224.59,71.6239,11.1247,11.0883,-0.0364,S
D,957565,32,scanmove,11.0883,S,10,71.6795,244.64
D,957756,32,scanmove,11.0883,S,10,71.6795,244.64
D,957948,32,scanmove,11.0884,S,10,71.6795,244.64
D,958140,32,scanmove,11.0978,U,10,71.6795,244.64
P,962807,32,q12,11.1535,U,71.6795,244.64
Q,32,2,12,15,10,20,240.0,244.64,71.6795,11.0883,11.1535,0.0652,U
D,962926,32,scanmove,11.1534,U,10,71.7352,264.68
D,963117,32,scanmove,11.1532,U,10,71.7352,264.68
D,963308,32,scanmove,11.1530,U,10,71.7352,264.68
D,963499,32,scanmove,11.1361,U,10,71.7352,264.68
P,968162,32,q13,11.1099,U,71.7352,264.68
Q,32,2,13,15,10,20,260.0,264.68,71.7352,11.1535,11.1099,-0.0436,U
D,968281,32,scanmove,11.1098,U,10,71.7909,284.73
D,968473,32,scanmove,11.1097,U,10,71.7909,284.73
D,968664,32,scanmove,11.1095,U,10,71.7909,284.73
D,968855,32,scanmove,11.1092,U,10,71.7909,284.73
P,970758,32,q14,11.1042,S,71.7909,284.73
Q,32,2,14,15,10,20,280.0,284.73,71.7909,11.1099,11.1042,-0.0057,S
D,970856,32,scanmove,11.1042,S,10,71.8466,304.77
D,971048,32,scanmove,11.1041,S,10,71.8466,304.77
D,971240,32,scanmove,11.1040,U,10,71.8466,304.77
D,971432,32,scanmove,11.1039,U,10,71.8466,304.77
P,973915,32,q15,11.1611,S,71.8466,304.77
Q,32,2,15,15,10,20,300.0,304.77,71.8466,11.1042,11.1611,0.0569,S
D,974014,32,scanmove,11.1610,U,10,71.9023,324.82
D,974205,32,scanmove,11.1610,S,10,71.9023,324.82
D,974396,32,scanmove,11.1607,U,10,71.9023,324.82
D,974587,32,scanmove,11.1458,U,10,71.9023,324.82
P,979255,32,q16,11.1636,U,71.9023,324.82
Q,32,2,16,15,10,20,320.0,324.82,71.9023,11.1611,11.1636,0.0025,U
D,979374,32,scanmove,11.1635,U,10,71.9580,344.86
D,979565,32,scanmove,11.1633,U,10,71.9580,344.86
D,979756,32,scanmove,11.1631,U,10,71.9580,344.86
D,979947,32,scanmove,11.1575,U,10,71.9580,344.86
P,981663,32,q17,11.1271,S,71.9580,344.86
Q,32,2,17,15,10,20,340.0,344.86,71.9580,11.1636,11.1271,-0.0365,S
D,981761,32,scanmove,11.1271,S,10,72.0136,4.91
D,981952,32,scanmove,11.1270,S,10,72.0136,4.91
D,982144,32,scanmove,11.1270,S,10,72.0136,4.91
D,982336,32,scanmove,11.1269,U,10,72.0136,4.91
P,984625,32,q18,11.1623,S,72.0136,4.91
Q,32,2,18,15,10,20,360.0,4.91,72.0136,11.1271,11.1623,0.0352,S
E,984632,Test Q done (abs 11.16 g)
E,984635,--- flow check D2_pre (block 90): 1 rev @ 30 rpm, tilt 55 ---
P,987974,33,flow_before,11.1406,S,72.0136,4.91
D,988069,33,flowmove,11.1405,U,30,73.0136,4.91
D,988260,33,flowmove,11.1405,S,30,73.0136,4.91
D,988452,33,flowmove,11.1404,U,30,73.0136,4.91
D,988643,33,flowmove,11.1401,U,30,73.0136,4.91
D,988835,33,flowmove,11.1402,U,30,73.0136,4.91
D,989026,33,flowmove,11.1555,U,30,73.0136,4.91
D,989218,33,flowmove,11.1554,U,30,73.0136,4.91
D,989410,33,flowmove,11.1527,U,30,73.0136,4.91
D,989601,33,flowmove,11.1500,U,30,73.0136,4.91
D,989793,33,flowmove,11.1533,U,30,73.0136,4.91
D,989985,33,flowmove,11.1617,U,30,73.0136,4.91
D,990177,33,flowmove,11.1724,U,30,73.0136,4.91
D,990369,33,flowmove,11.1768,U,30,73.0136,4.91
P,992278,33,flow_after,11.1734,S,73.0136,4.91
F,90,D2_pre,55,30,1,11.1406,11.1734,0.0328
E,992285,=== D2 trial 34 : tilt 25 rep 1 rpm 5 cruise 3 rev -> halt phase 0 (abs 11.17) ===
P,995240,34,base,11.1667,S,73.0136,4.91
D,995335,34,preroll,11.1667,S,0,73.0136,4.91
D,995527,34,preroll,11.1666,S,0,73.0136,4.91
D,995719,34,preroll,11.1666,S,0,73.0136,4.91
D,995911,34,preroll,11.1666,S,0,73.0136,4.91
D,996103,34,preroll,11.1665,S,0,73.0136,4.91
D,996295,34,preroll,11.1665,S,0,73.0136,4.91
D,996489,34,move,11.1665,S,5,77.0000,0.00
D,996681,34,move,11.1665,S,5,77.0000,0.00
D,996873,34,move,11.1664,S,5,77.0000,0.00
D,997065,34,move,11.1563,U,5,77.0000,0.00
D,997257,34,move,11.1350,U,5,77.0000,0.00
D,997449,34,move,11.1062,U,5,77.0000,0.00
D,997641,34,move,11.1028,U,5,77.0000,0.00
D,997833,34,move,11.1202,U,5,77.0000,0.00
D,998012,34,move,11.1270,U,5,77.0000,0.00
D,998204,34,move,11.1044,U,5,77.0000,0.00
D,998396,34,move,11.0491,U,5,77.0000,0.00
D,998588,34,move,11.0246,U,5,77.0000,0.00
D,998780,34,move,11.0477,U,5,77.0000,0.00
D,998972,34,move,11.0732,U,5,77.0000,0.00
D,999164,34,move,11.0836,U,5,77.0000,0.00
D,999356,34,move,11.0544,U,5,77.0000,0.00
D,999548,34,move,11.0035,U,5,77.0000,0.00
D,999740,34,move,10.9756,U,5,77.0000,0.00
D,999932,34,move,10.9457,U,5,77.0000,0.00
D,1000124,34,move,10.9413,U,5,77.0000,0.00
D,1000316,34,move,10.9654,U,5,77.0000,0.00
D,1000508,34,move,10.9824,U,5,77.0000,0.00
D,1000700,34,move,10.9955,U,5,77.0000,0.00
D,1000892,34,move,10.9991,U,5,77.0000,0.00
D,1001084,34,move,10.9890,U,5,77.0000,0.00
D,1001276,34,move,10.9756,U,5,77.0000,0.00
D,1001455,34,move,10.9751,U,5,77.0000,0.00
D,1001647,34,move,10.9948,U,5,77.0000,0.00
D,1001839,34,move,11.0133,U,5,77.0000,0.00
D,1002031,34,move,11.0192,U,5,77.0000,0.00
D,1002223,34,move,11.0097,U,5,77.0000,0.00
D,1002415,34,move,10.9964,U,5,77.0000,0.00
D,1002607,34,move,11.0022,U,5,77.0000,0.00
D,1002799,34,move,11.0170,U,5,77.0000,0.00
D,1002991,34,move,11.0290,U,5,77.0000,0.00
D,1003183,34,move,11.0412,U,5,77.0000,0.00
D,1003375,34,move,11.0452,U,5,77.0000,0.00
D,1003567,34,move,11.0387,U,5,77.0000,0.00
D,1003759,34,move,11.0356,U,5,77.0000,0.00
D,1003943,34,move,11.0418,U,5,77.0000,0.00
D,1004135,34,move,11.0566,U,5,77.0000,0.00
D,1004327,34,move,11.0722,U,5,77.0000,0.00
D,1004519,34,move,11.0735,U,5,77.0000,0.00
D,1004711,34,move,11.0770,U,5,77.0000,0.00
D,1004903,34,move,11.0865,U,5,77.0000,0.00
D,1005095,34,move,11.0830,U,5,77.0000,0.00
D,1005287,34,move,11.0826,U,5,77.0000,0.00
D,1005479,34,move,11.0945,U,5,77.0000,0.00
D,1005671,34,move,11.0989,U,5,77.0000,0.00
D,1005863,34,move,11.1052,U,5,77.0000,0.00
D,1006055,34,move,11.1133,U,5,77.0000,0.00
D,1006247,34,move,11.1134,U,5,77.0000,0.00
D,1006439,34,move,11.1127,U,5,77.0000,0.00
D,1006631,34,move,11.1124,U,5,77.0000,0.00
D,1006810,34,move,11.1080,U,5,77.0000,0.00
D,1007002,34,move,11.1109,U,5,77.0000,0.00
D,1007194,34,move,11.1234,U,5,77.0000,0.00
D,1007386,34,move,11.1294,U,5,77.0000,0.00
D,1007578,34,move,11.1241,U,5,77.0000,0.00
D,1007770,34,move,11.1150,U,5,77.0000,0.00
D,1007962,34,move,11.1051,U,5,77.0000,0.00
D,1008154,34,move,11.1020,U,5,77.0000,0.00
D,1008346,34,move,11.1059,U,5,77.0000,0.00
D,1008538,34,move,11.1099,U,5,77.0000,0.00
D,1008730,34,move,11.1112,U,5,77.0000,0.00
D,1008922,34,move,11.1108,U,5,77.0000,0.00
D,1009114,34,move,11.1097,U,5,77.0000,0.00
D,1009306,34,move,11.1108,U,5,77.0000,0.00
D,1009498,34,move,11.1176,U,5,77.0000,0.00
D,1009690,34,move,11.1178,U,5,77.0000,0.00
D,1009882,34,move,11.1222,U,5,77.0000,0.00
D,1010074,34,move,11.1294,U,5,77.0000,0.00
D,1010266,34,move,11.1304,U,5,77.0000,0.00
D,1010444,34,move,11.1252,U,5,77.0000,0.00
D,1010636,34,move,11.1220,U,5,77.0000,0.00
D,1010828,34,move,11.1196,U,5,77.0000,0.00
D,1011020,34,move,11.1163,U,5,77.0000,0.00
D,1011212,34,move,11.1201,U,5,77.0000,0.00
D,1011404,34,move,11.1283,U,5,77.0000,0.00
D,1011596,34,move,11.1391,U,5,77.0000,0.00
D,1011788,34,move,11.1506,U,5,77.0000,0.00
D,1011980,34,move,11.1607,U,5,77.0000,0.00
D,1012172,34,move,11.1665,U,5,77.0000,0.00
D,1012364,34,move,11.1704,U,5,77.0000,0.00
D,1012556,34,move,11.1709,U,5,77.0000,0.00
D,1012748,34,move,11.1677,U,5,77.0000,0.00
D,1012940,34,move,11.1655,U,5,77.0000,0.00
D,1013132,34,move,11.1715,U,5,77.0000,0.00
D,1013324,34,move,11.1728,U,5,77.0000,0.00
D,1013516,34,move,11.1738,U,5,77.0000,0.00
D,1013708,34,move,11.1768,U,5,77.0000,0.00
D,1013900,34,move,11.1834,U,5,77.0000,0.00
D,1014078,34,move,11.2010,U,5,77.0000,0.00
D,1014270,34,move,11.2077,U,5,77.0000,0.00
D,1014462,34,move,11.2085,U,5,77.0000,0.00
D,1014654,34,move,11.2103,U,5,77.0000,0.00
D,1014846,34,move,11.2154,U,5,77.0000,0.00
D,1015038,34,move,11.2193,U,5,77.0000,0.00
D,1015230,34,move,11.2149,U,5,77.0000,0.00
D,1015422,34,move,11.2162,U,5,77.0000,0.00
D,1015614,34,move,11.2298,U,5,77.0000,0.00
D,1015806,34,move,11.2391,U,5,77.0000,0.00
D,1015998,34,move,11.2469,U,5,77.0000,0.00
D,1016190,34,move,11.2478,U,5,77.0000,0.00
D,1016382,34,move,11.2468,U,5,77.0000,0.00
D,1016574,34,move,11.2530,U,5,77.0000,0.00
D,1016766,34,move,11.2557,U,5,77.0000,0.00
D,1016958,34,move,11.2558,U,5,77.0000,0.00
D,1017150,34,move,11.2601,U,5,77.0000,0.00
D,1017342,34,move,11.2656,U,5,77.0000,0.00
D,1017521,34,move,11.2654,U,5,77.0000,0.00
D,1017713,34,move,11.2673,U,5,77.0000,0.00
D,1017905,34,move,11.2791,U,5,77.0000,0.00
D,1018097,34,move,11.2902,U,5,77.0000,0.00
D,1018289,34,move,11.2926,U,5,77.0000,0.00
D,1018481,34,move,11.2899,U,5,77.0000,0.00
D,1018673,34,move,11.2886,U,5,77.0000,0.00
D,1018865,34,move,11.2883,U,5,77.0000,0.00
D,1019057,34,move,11.2871,U,5,77.0000,0.00
D,1019249,34,move,11.2863,U,5,77.0000,0.00
D,1019441,34,move,11.2827,U,5,77.0000,0.00
D,1019633,34,move,11.2862,U,5,77.0000,0.00
D,1019825,34,move,11.2862,U,5,77.0000,0.00
D,1020017,34,move,11.2850,U,5,77.0000,0.00
D,1020209,34,move,11.2825,U,5,77.0000,0.00
D,1020401,34,move,11.2864,U,5,77.0000,0.00
D,1020583,34,move,11.2928,U,5,77.0000,0.00
D,1020775,34,move,11.2979,U,5,77.0000,0.00
D,1020967,34,move,11.3104,U,5,77.0000,0.00
D,1021159,34,move,11.3157,U,5,77.0000,0.00
D,1021351,34,move,11.3131,U,5,77.0000,0.00
D,1021543,34,move,11.3133,U,5,77.0000,0.00
D,1021735,34,move,11.3137,U,5,77.0000,0.00
D,1021927,34,move,11.3125,U,5,77.0000,0.00
D,1022119,34,move,11.3091,U,5,77.0000,0.00
D,1022311,34,move,11.3068,U,5,77.0000,0.00
D,1022503,34,move,11.3030,U,5,77.0000,0.00
D,1022695,34,move,11.3010,U,5,77.0000,0.00
D,1022887,34,move,11.3014,U,5,77.0000,0.00
D,1023079,34,move,11.3008,U,5,77.0000,0.00
D,1023271,34,move,11.2999,U,5,77.0000,0.00
D,1023463,34,move,11.2999,U,5,77.0000,0.00
D,1023655,34,move,11.3131,U,5,77.0000,0.00
D,1023833,34,move,11.3272,U,5,77.0000,0.00
D,1024025,34,move,11.3357,U,5,77.0000,0.00
D,1024217,34,move,11.3424,U,5,77.0000,0.00
D,1024409,34,move,11.3458,U,5,77.0000,0.00
D,1024601,34,move,11.3412,U,5,77.0000,0.00
D,1024793,34,move,11.3327,U,5,77.0000,0.00
D,1024985,34,move,11.3323,U,5,77.0000,0.00
D,1025177,34,move,11.3366,U,5,77.0000,0.00
D,1025369,34,move,11.3388,U,5,77.0000,0.00
D,1025561,34,move,11.3481,U,5,77.0000,0.00
D,1025753,34,move,11.3610,U,5,77.0000,0.00
D,1025945,34,move,11.3699,U,5,77.0000,0.00
D,1026137,34,move,11.3699,U,5,77.0000,0.00
D,1026329,34,move,11.3666,U,5,77.0000,0.00
D,1026521,34,move,11.3721,U,5,77.0000,0.00
D,1026713,34,move,11.3901,U,5,77.0000,0.00
D,1026905,34,move,11.4008,U,5,77.0000,0.00
D,1027097,34,move,11.4142,U,5,77.0000,0.00
D,1027275,34,move,11.4294,U,5,77.0000,0.00
D,1027467,34,move,11.4382,U,5,77.0000,0.00
D,1027659,34,move,11.4383,U,5,77.0000,0.00
D,1027851,34,move,11.4319,U,5,77.0000,0.00
D,1028043,34,move,11.4293,U,5,77.0000,0.00
D,1028235,34,move,11.4340,U,5,77.0000,0.00
D,1028427,34,move,11.4415,U,5,77.0000,0.00
D,1028619,34,move,11.4492,U,5,77.0000,0.00
D,1028811,34,move,11.4572,U,5,77.0000,0.00
D,1029003,34,move,11.4602,U,5,77.0000,0.00
D,1029195,34,move,11.4561,U,5,77.0000,0.00
D,1029387,34,move,11.4520,U,5,77.0000,0.00
D,1029579,34,move,11.4539,U,5,77.0000,0.00
D,1029771,34,move,11.4570,U,5,77.0000,0.00
D,1029963,34,move,11.4593,U,5,77.0000,0.00
D,1030155,34,move,11.4666,U,5,77.0000,0.00
D,1030347,34,move,11.4749,U,5,77.0000,0.00
D,1030539,34,move,11.4770,U,5,77.0000,0.00
D,1030731,34,move,11.4759,U,5,77.0000,0.00
D,1030909,34,move,11.4823,U,5,77.0000,0.00
D,1031101,34,move,11.4922,U,5,77.0000,0.00
D,1031293,34,move,11.4969,U,5,77.0000,0.00
D,1031485,34,move,11.4954,U,5,77.0000,0.00
D,1031677,34,move,11.4975,U,5,77.0000,0.00
D,1031869,34,move,11.5045,U,5,77.0000,0.00
D,1032061,34,move,11.5107,U,5,77.0000,0.00
D,1032253,34,move,11.5072,U,5,77.0000,0.00
D,1032445,34,move,11.4982,U,5,77.0000,0.00
D,1032637,34,move,11.4957,U,5,77.0000,0.00
D,1032829,34,move,11.4950,U,5,77.0000,0.00
D,1033021,34,move,11.4857,U,5,77.0000,0.00
D,1033213,34,move,11.4790,U,5,77.0000,0.00
D,1033405,34,move,11.4858,U,5,77.0000,0.00
D,1033597,34,move,11.4981,U,5,77.0000,0.00
D,1033789,34,move,11.5026,U,5,77.0000,0.00
D,1033981,34,move,11.5020,U,5,77.0000,0.00
D,1034173,34,move,11.5053,U,5,77.0000,0.00
D,1034365,34,move,11.5076,U,5,77.0000,0.00
D,1034543,34,move,11.5043,U,5,77.0000,0.00
D,1034735,34,move,11.4984,U,5,77.0000,0.00
D,1034927,34,move,11.4953,U,5,77.0000,0.00
D,1035119,34,move,11.4915,U,5,77.0000,0.00
D,1035311,34,move,11.4852,U,5,77.0000,0.00
D,1035503,34,move,11.4868,U,5,77.0000,0.00
D,1035695,34,move,11.4938,U,5,77.0000,0.00
D,1035887,34,move,11.5063,U,5,77.0000,0.00
D,1036079,34,move,11.5146,U,5,77.0000,0.00
D,1036271,34,move,11.5106,U,5,77.0000,0.00
D,1036463,34,move,11.5030,U,5,77.0000,0.00
D,1036655,34,move,11.4961,U,5,77.0000,0.00
D,1036847,34,move,11.4920,U,5,77.0000,0.00
D,1037039,34,move,11.4976,U,5,77.0000,0.00
D,1037221,34,move,11.5221,U,5,77.0000,0.00
D,1037413,34,move,11.5400,U,5,77.0000,0.00
D,1037605,34,move,11.5336,U,5,77.0000,0.00
D,1037797,34,move,11.5356,U,5,77.0000,0.00
D,1037989,34,move,11.5598,U,5,77.0000,0.00
D,1038181,34,move,11.5802,U,5,77.0000,0.00
D,1038373,34,move,11.5889,U,5,77.0000,0.00
D,1038565,34,move,11.5953,U,5,77.0000,0.00
D,1038757,34,move,11.6034,U,5,77.0000,0.00
D,1038949,34,move,11.6124,U,5,77.0000,0.00
D,1039141,34,move,11.6144,U,5,77.0000,0.00
D,1039333,34,move,11.6159,U,5,77.0000,0.00
D,1039525,34,move,11.6222,U,5,77.0000,0.00
D,1039717,34,move,11.6261,U,5,77.0000,0.00
D,1039909,34,move,11.6349,U,5,77.0000,0.00
D,1040101,34,move,11.6474,U,5,77.0000,0.00
D,1040293,34,move,11.6566,U,5,77.0000,0.00
D,1040485,34,move,11.6599,U,5,77.0000,0.00
D,1040664,34,move,11.6591,U,5,77.0000,0.00
D,1040856,34,move,11.6566,U,5,77.0000,0.00
D,1041048,34,move,11.6541,U,5,77.0000,0.00
D,1041240,34,move,11.6528,U,5,77.0000,0.00
D,1041432,34,move,11.6468,U,5,77.0000,0.00
D,1041624,34,move,11.6331,U,5,77.0000,0.00
D,1041816,34,move,11.6368,U,5,77.0000,0.00
D,1042008,34,move,11.6591,U,5,77.0000,0.00
D,1042200,34,move,11.6666,U,5,77.0000,0.00
D,1042392,34,move,11.6626,U,5,77.0000,0.00
D,1042584,34,move,11.6662,U,5,77.0000,0.00
D,1042776,34,move,11.6728,U,5,77.0000,0.00
D,1042968,34,move,11.6601,U,5,77.0000,0.00
D,1043160,34,move,11.6394,U,5,77.0000,0.00
D,1043352,34,move,11.6389,U,5,77.0000,0.00
D,1043544,34,move,11.6580,U,5,77.0000,0.00
D,1043736,34,move,11.6757,U,5,77.0000,0.00
D,1043928,34,move,11.6825,U,5,77.0000,0.00
D,1044120,34,move,11.6851,U,5,77.0000,0.00
D,1044298,34,move,11.6861,U,5,77.0000,0.00
D,1044490,34,move,11.6860,U,5,77.0000,0.00
D,1044682,34,move,11.6851,U,5,77.0000,0.00
D,1044874,34,settle,11.6813,U,0,77.0000,0.00
D,1045066,34,settle,11.6834,U,0,77.0000,0.00
D,1045258,34,settle,11.6850,U,0,77.0000,0.00
D,1045450,34,settle,11.6871,U,0,77.0000,0.00
D,1045642,34,settle,11.6888,U,0,77.0000,0.00
D,1045834,34,settle,11.6901,U,0,77.0000,0.00
D,1046026,34,settle,11.6902,U,0,77.0000,0.00
D,1046218,34,settle,11.6902,U,0,77.0000,0.00
D,1046410,34,settle,11.6901,U,0,77.0000,0.00
D,1046602,34,settle,11.6900,U,0,77.0000,0.00
D,1046792,34,settle,11.6899,U,0,77.0000,0.00
D,1046984,34,settle,11.6898,U,0,77.0000,0.00
D,1047176,34,settle,11.6897,U,0,77.0000,0.00
D,1047368,34,settle,11.6896,U,0,77.0000,0.00
D,1047560,34,settle,11.6895,U,0,77.0000,0.00
D,1047752,34,settle,11.6894,U,0,77.0000,0.00
D,1047944,34,settle,11.6892,U,0,77.0000,0.00
D,1048136,34,settle,11.6891,U,0,77.0000,0.00
D,1048316,34,settle,11.6889,U,0,77.0000,0.00
D,1048508,34,settle,11.6888,U,0,77.0000,0.00
D,1048700,34,settle,11.6887,U,0,77.0000,0.00
D,1048892,34,settle,11.6886,U,0,77.0000,0.00
D,1049084,34,settle,11.6885,U,0,77.0000,0.00
D,1049276,34,settle,11.6885,S,0,77.0000,0.00
D,1049468,34,settle,11.6884,S,0,77.0000,0.00
D,1049660,34,settle,11.6883,U,0,77.0000,0.00
D,1049852,34,settle,11.6882,U,0,77.0000,0.00
D,1050044,34,settle,11.6882,S,0,77.0000,0.00
D,1050236,34,settle,11.6881,U,0,77.0000,0.00
D,1050428,34,settle,11.6880,U,0,77.0000,0.00
D,1050620,34,settle,11.6879,U,0,77.0000,0.00
D,1050812,34,settle,11.6878,U,0,77.0000,0.00
D,1051004,34,settle,11.6877,U,0,77.0000,0.00
D,1051196,34,settle,11.6876,U,0,77.0000,0.00
D,1051375,34,settle,11.6876,U,0,77.0000,0.00
D,1051567,34,settle,11.6876,S,0,77.0000,0.00
D,1051759,34,settle,11.6875,S,0,77.0000,0.00
D,1051951,34,settle,11.6875,S,0,77.0000,0.00
D,1052143,34,settle,11.6875,S,0,77.0000,0.00
D,1052335,34,settle,11.6875,S,0,77.0000,0.00
D,1052527,34,settle,11.6875,S,0,77.0000,0.00
D,1052719,34,settle,11.6875,S,0,77.0000,0.00
P,1052912,34,settled,11.6875,S,77.0000,0.00
S,34,D2,1,25,1,5,3,0.0,77.0000,11.1667,11.6851,48.21,11.6875,0.0024,0.5208,11.6875,ok
E,1052920,=== D2 trial 35 : tilt 25 rep 1 rpm 10 cruise 3 rev -> halt phase 0 (abs 11.69) ===
P,1054341,35,base,11.6876,S,77.0000,0.00
D,1054436,35,preroll,11.6876,S,0,77.0000,0.00
D,1054628,35,preroll,11.6879,U,0,77.0000,0.00
D,1054820,35,preroll,11.6880,U,0,77.0000,0.00
D,1055024,35,preroll,11.6881,U,0,77.0000,0.00
D,1055201,35,preroll,11.6882,U,0,77.0000,0.00
D,1055393,35,preroll,11.6882,S,0,77.0000,0.00
D,1055587,35,move,11.6883,S,10,80.0000,0.00
D,1055779,35,move,11.6883,S,10,80.0000,0.00
D,1055971,35,move,11.6883,S,10,80.0000,0.00
D,1056163,35,move,11.6880,U,10,80.0000,0.00
D,1056355,35,move,11.6783,U,10,80.0000,0.00
D,1056547,35,move,11.6741,U,10,80.0000,0.00
D,1056739,35,move,11.6746,U,10,80.0000,0.00
D,1056931,35,move,11.6758,U,10,80.0000,0.00
D,1057123,35,move,11.6759,U,10,80.0000,0.00
D,1057315,35,move,11.6754,U,10,80.0000,0.00
D,1057507,35,move,11.6749,U,10,80.0000,0.00
D,1057686,35,move,11.6749,U,10,80.0000,0.00
D,1057878,35,move,11.6809,U,10,80.0000,0.00
D,1058070,35,move,11.6828,U,10,80.0000,0.00
D,1058262,35,move,11.6844,U,10,80.0000,0.00
D,1058454,35,move,11.6868,U,10,80.0000,0.00
D,1058646,35,move,11.6898,U,10,80.0000,0.00
D,1058838,35,move,11.6944,U,10,80.0000,0.00
D,1059030,35,move,11.7009,U,10,80.0000,0.00
D,1059222,35,move,11.7071,U,10,80.0000,0.00
D,1059414,35,move,11.7109,U,10,80.0000,0.00
D,1059606,35,move,11.7146,U,10,80.0000,0.00
D,1059798,35,move,11.7188,U,10,80.0000,0.00
D,1059990,35,move,11.7228,U,10,80.0000,0.00
D,1060182,35,move,11.7263,U,10,80.0000,0.00
D,1060374,35,move,11.7286,U,10,80.0000,0.00
D,1060566,35,move,11.7331,U,10,80.0000,0.00
D,1060758,35,move,11.7391,U,10,80.0000,0.00
D,1060950,35,move,11.7440,U,10,80.0000,0.00
D,1061129,35,move,11.7471,U,10,80.0000,0.00
D,1061321,35,move,11.7477,U,10,80.0000,0.00
D,1061513,35,move,11.7478,U,10,80.0000,0.00
D,1061705,35,move,11.7482,U,10,80.0000,0.00
D,1061897,35,move,11.7489,U,10,80.0000,0.00
D,1062089,35,move,11.7530,U,10,80.0000,0.00
D,1062281,35,move,11.7545,U,10,80.0000,0.00
D,1062473,35,move,11.7523,U,10,80.0000,0.00
D,1062665,35,move,11.7517,U,10,80.0000,0.00
D,1062857,35,move,11.7524,U,10,80.0000,0.00
D,1063049,35,move,11.7573,U,10,80.0000,0.00
D,1063241,35,move,11.7600,U,10,80.0000,0.00
D,1063433,35,move,11.7612,U,10,80.0000,0.00
D,1063625,35,move,11.7628,U,10,80.0000,0.00
D,1063817,35,move,11.7639,U,10,80.0000,0.00
D,1064009,35,move,11.7659,U,10,80.0000,0.00
D,1064201,35,move,11.7709,U,10,80.0000,0.00
D,1064393,35,move,11.7737,U,10,80.0000,0.00
D,1064585,35,move,11.7739,U,10,80.0000,0.00
D,1064763,35,move,11.7770,U,10,80.0000,0.00
D,1064955,35,move,11.7815,U,10,80.0000,0.00
D,1065147,35,move,11.7860,U,10,80.0000,0.00
D,1065339,35,move,11.7914,U,10,80.0000,0.00
D,1065531,35,move,11.7955,U,10,80.0000,0.00
D,1065723,35,move,11.8032,U,10,80.0000,0.00
D,1065915,35,move,11.8099,U,10,80.0000,0.00
D,1066107,35,move,11.8091,U,10,80.0000,0.00
D,1066299,35,move,11.8097,U,10,80.0000,0.00
D,1066491,35,move,11.8125,U,10,80.0000,0.00
D,1066683,35,move,11.8209,U,10,80.0000,0.00
D,1066875,35,move,11.8266,U,10,80.0000,0.00
D,1067067,35,move,11.8308,U,10,80.0000,0.00
D,1067259,35,move,11.8341,U,10,80.0000,0.00
D,1067451,35,move,11.8358,U,10,80.0000,0.00
D,1067643,35,move,11.8344,U,10,80.0000,0.00
D,1067835,35,move,11.8303,U,10,80.0000,0.00
D,1068027,35,move,11.8277,U,10,80.0000,0.00
D,1068219,35,move,11.8282,U,10,80.0000,0.00
D,1068397,35,move,11.8300,U,10,80.0000,0.00
D,1068589,35,move,11.8322,U,10,80.0000,0.00
D,1068781,35,move,11.8337,U,10,80.0000,0.00
D,1068973,35,move,11.8350,U,10,80.0000,0.00
D,1069165,35,move,11.8363,U,10,80.0000,0.00
D,1069357,35,move,11.8366,U,10,80.0000,0.00
D,1069549,35,move,11.8369,U,10,80.0000,0.00
D,1069741,35,move,11.8407,U,10,80.0000,0.00
D,1069933,35,move,11.8423,U,10,80.0000,0.00
D,1070125,35,move,11.8432,U,10,80.0000,0.00
D,1070317,35,move,11.8457,U,10,80.0000,0.00
D,1070509,35,move,11.8491,U,10,80.0000,0.00
D,1070701,35,move,11.8516,U,10,80.0000,0.00
D,1070893,35,move,11.8537,U,10,80.0000,0.00
D,1071085,35,move,11.8585,U,10,80.0000,0.00
D,1071277,35,move,11.8662,U,10,80.0000,0.00
D,1071469,35,move,11.8712,U,10,80.0000,0.00
D,1071652,35,move,11.8740,U,10,80.0000,0.00
D,1071843,35,move,11.8763,U,10,80.0000,0.00
D,1072035,35,move,11.8806,U,10,80.0000,0.00
D,1072227,35,move,11.8850,U,10,80.0000,0.00
D,1072419,35,move,11.8900,U,10,80.0000,0.00
D,1072611,35,move,11.8977,U,10,80.0000,0.00
D,1072803,35,move,11.9052,U,10,80.0000,0.00
D,1072995,35,move,11.9072,U,10,80.0000,0.00
D,1073187,35,move,11.9094,U,10,80.0000,0.00
D,1073379,35,move,11.9142,U,10,80.0000,0.00
D,1073571,35,move,11.9156,U,10,80.0000,0.00
D,1073763,35,move,11.9165,U,10,80.0000,0.00
D,1073955,35,move,11.9149,U,10,80.0000,0.00
D,1074136,35,settle,11.9140,U,0,80.0000,0.00
D,1074328,35,settle,11.9144,U,0,80.0000,0.00
D,1074520,35,settle,11.9149,U,0,80.0000,0.00
D,1074712,35,settle,11.9150,U,0,80.0000,0.00
D,1074904,35,settle,11.9153,U,0,80.0000,0.00
D,1075096,35,settle,11.9196,U,0,80.0000,0.00
D,1075288,35,settle,11.9199,U,0,80.0000,0.00
D,1075480,35,settle,11.9199,U,0,80.0000,0.00
D,1075672,35,settle,11.9199,S,0,80.0000,0.00
D,1075864,35,settle,11.9198,S,0,80.0000,0.00
D,1076056,35,settle,11.9197,U,0,80.0000,0.00
D,1076248,35,settle,11.9194,U,0,80.0000,0.00
D,1076440,35,settle,11.9190,U,0,80.0000,0.00
D,1076632,35,settle,11.9188,U,0,80.0000,0.00
D,1076824,35,settle,11.9186,U,0,80.0000,0.00
D,1077016,35,settle,11.9184,U,0,80.0000,0.00
D,1077195,35,settle,11.9183,U,0,80.0000,0.00
D,1077387,35,settle,11.9180,U,0,80.0000,0.00
D,1077579,35,settle,11.9177,U,0,80.0000,0.00
D,1077771,35,settle,11.9174,U,0,80.0000,0.00
D,1077963,35,settle,11.9172,U,0,80.0000,0.00
D,1078155,35,settle,11.9170,U,0,80.0000,0.00
D,1078347,35,settle,11.9171,U,0,80.0000,0.00
D,1078539,35,settle,11.9172,U,0,80.0000,0.00
D,1078731,35,settle,11.9173,U,0,80.0000,0.00
D,1078923,35,settle,11.9175,U,0,80.0000,0.00
D,1079115,35,settle,11.9177,U,0,80.0000,0.00
D,1079307,35,settle,11.9178,U,0,80.0000,0.00
D,1079499,35,settle,11.9180,U,0,80.0000,0.00
D,1079691,35,settle,11.9182,U,0,80.0000,0.00
D,1079883,35,settle,11.9184,U,0,80.0000,0.00
D,1080075,35,settle,11.9186,U,0,80.0000,0.00
D,1080267,35,settle,11.9186,U,0,80.0000,0.00
D,1080459,35,settle,11.9186,S,0,80.0000,0.00
D,1080651,35,settle,11.9185,S,0,80.0000,0.00
D,1080829,35,settle,11.9184,U,0,80.0000,0.00
D,1081021,35,settle,11.9183,U,0,80.0000,0.00
D,1081213,35,settle,11.9182,U,0,80.0000,0.00
D,1081405,35,settle,11.9181,U,0,80.0000,0.00
D,1081597,35,settle,11.9181,S,0,80.0000,0.00
D,1081789,35,settle,11.9179,U,0,80.0000,0.00
D,1081981,35,settle,11.9179,U,0,80.0000,0.00
P,1082174,35,settled,11.9180,S,80.0000,0.00
S,35,D2,1,25,1,10,3,0.0,80.0000,11.6876,11.9149,18.39,11.9180,0.0031,0.2304,11.9180,ok
E,1082182,=== D2 trial 36 : tilt 25 rep 1 rpm 15 cruise 3 rev -> halt phase 0 (abs 11.92) ===
P,1083604,36,base,11.9181,S,80.0000,0.00
D,1083699,36,preroll,11.9182,S,0,80.0000,0.00
D,1083891,36,preroll,11.9182,S,0,80.0000,0.00
D,1084083,36,preroll,11.9182,S,0,80.0000,0.00
D,1084275,36,preroll,11.9182,S,0,80.0000,0.00
D,1084467,36,preroll,11.9182,S,0,80.0000,0.00
D,1084659,36,preroll,11.9182,S,0,80.0000,0.00
D,1084853,36,move,11.9182,S,15,83.0000,0.00
D,1085045,36,move,11.9182,S,15,83.0000,0.00
D,1085237,36,move,11.9182,S,15,83.0000,0.00
D,1085429,36,move,11.9182,S,15,83.0000,0.00
D,1085621,36,move,11.9182,S,15,83.0000,0.00
D,1085813,36,move,11.9182,S,15,83.0000,0.00
D,1086005,36,move,11.9239,U,15,83.0000,0.00
D,1086184,36,move,11.9248,U,15,83.0000,0.00
D,1086376,36,move,11.9233,U,15,83.0000,0.00
D,1086568,36,move,11.9236,U,15,83.0000,0.00
D,1086760,36,move,11.9245,U,15,83.0000,0.00
D,1086952,36,move,11.9280,U,15,83.0000,0.00
D,1087144,36,move,11.9304,U,15,83.0000,0.00
D,1087336,36,move,11.9352,U,15,83.0000,0.00
D,1087528,36,move,11.9394,U,15,83.0000,0.00
D,1087720,36,move,11.9431,U,15,83.0000,0.00
D,1087912,36,move,11.9488,U,15,83.0000,0.00
D,1088104,36,move,11.9521,U,15,83.0000,0.00
D,1088296,36,move,11.9547,U,15,83.0000,0.00
D,1088488,36,move,11.9596,U,15,83.0000,0.00
D,1088680,36,move,11.9644,U,15,83.0000,0.00
D,1088872,36,move,11.9682,U,15,83.0000,0.00
D,1089064,36,move,11.9680,U,15,83.0000,0.00
D,1089256,36,move,11.9672,U,15,83.0000,0.00
D,1089460,36,move,11.9688,U,15,83.0000,0.00
D,1089629,36,move,11.9743,U,15,83.0000,0.00
D,1089821,36,move,11.9765,U,15,83.0000,0.00
D,1090013,36,move,11.9785,U,15,83.0000,0.00
D,1090205,36,move,11.9797,U,15,83.0000,0.00
D,1090397,36,move,11.9820,U,15,83.0000,0.00
D,1090589,36,move,11.9838,U,15,83.0000,0.00
D,1090781,36,move,11.9819,U,15,83.0000,0.00
D,1090973,36,move,11.9813,U,15,83.0000,0.00
D,1091165,36,move,11.9821,U,15,83.0000,0.00
D,1091357,36,move,11.9899,U,15,83.0000,0.00
D,1091549,36,move,11.9959,U,15,83.0000,0.00
D,1091741,36,move,12.0021,U,15,83.0000,0.00
D,1091933,36,move,12.0061,U,15,83.0000,0.00
D,1092125,36,move,12.0070,U,15,83.0000,0.00
D,1092317,36,move,12.0081,U,15,83.0000,0.00
D,1092496,36,move,12.0101,U,15,83.0000,0.00
D,1092688,36,move,12.0138,U,15,83.0000,0.00
D,1092880,36,move,12.0193,U,15,83.0000,0.00
D,1093072,36,move,12.0244,U,15,83.0000,0.00
D,1093264,36,move,12.0272,U,15,83.0000,0.00
D,1093456,36,move,12.0283,U,15,83.0000,0.00
D,1093648,36,move,12.0292,U,15,83.0000,0.00
D,1093840,36,move,12.0290,U,15,83.0000,0.00
D,1094032,36,move,12.0287,U,15,83.0000,0.00
D,1094224,36,move,12.0287,U,15,83.0000,0.00
D,1094416,36,move,12.0290,U,15,83.0000,0.00
D,1094608,36,move,12.0295,U,15,83.0000,0.00
D,1094800,36,move,12.0332,U,15,83.0000,0.00
D,1094992,36,move,12.0366,U,15,83.0000,0.00
D,1095184,36,move,12.0401,U,15,83.0000,0.00
D,1095376,36,move,12.0448,U,15,83.0000,0.00
D,1095568,36,move,12.0506,U,15,83.0000,0.00
D,1095760,36,move,12.0547,U,15,83.0000,0.00
D,1095938,36,move,12.0555,U,15,83.0000,0.00
D,1096130,36,move,12.0549,U,15,83.0000,0.00
D,1096322,36,move,12.0561,U,15,83.0000,0.00
D,1096514,36,move,12.0621,U,15,83.0000,0.00
D,1096706,36,move,12.0684,U,15,83.0000,0.00
D,1096898,36,move,12.0729,U,15,83.0000,0.00
D,1097090,36,move,12.0753,U,15,83.0000,0.00
D,1097283,36,settle,12.0769,U,0,83.0000,0.00
D,1097475,36,settle,12.0811,U,0,83.0000,0.00
D,1097667,36,settle,12.0909,U,0,83.0000,0.00
D,1097859,36,settle,12.0984,U,0,83.0000,0.00
D,1098051,36,settle,12.1015,U,0,83.0000,0.00
D,1098243,36,settle,12.1025,U,0,83.0000,0.00
D,1098435,36,settle,12.1026,U,0,83.0000,0.00
D,1098627,36,settle,12.1025,U,0,83.0000,0.00
D,1098819,36,settle,12.1025,S,0,83.0000,0.00
D,1099011,36,settle,12.1024,S,0,83.0000,0.00
D,1099203,36,settle,12.1024,S,0,83.0000,0.00
D,1099395,36,settle,12.1023,S,0,83.0000,0.00
D,1099573,36,settle,12.1023,S,0,83.0000,0.00
D,1099765,36,settle,12.1023,S,0,83.0000,0.00
D,1099957,36,settle,12.1022,S,0,83.0000,0.00
D,1100149,36,settle,12.1022,S,0,83.0000,0.00
D,1100341,36,settle,12.1022,S,0,83.0000,0.00
D,1100533,36,settle,12.1022,S,0,83.0000,0.00
D,1100725,36,settle,12.1021,S,0,83.0000,0.00
D,1100917,36,settle,12.1021,S,0,83.0000,0.00
D,1101109,36,settle,12.1021,S,0,83.0000,0.00
D,1101301,36,settle,12.1021,S,0,83.0000,0.00
D,1101493,36,settle,12.1021,S,0,83.0000,0.00
D,1101685,36,settle,12.1021,S,0,83.0000,0.00
D,1101877,36,settle,12.1021,S,0,83.0000,0.00
D,1102069,36,settle,12.1020,S,0,83.0000,0.00
D,1102261,36,settle,12.1020,S,0,83.0000,0.00
D,1102453,36,settle,12.1020,S,0,83.0000,0.00
D,1102645,36,settle,12.1020,S,0,83.0000,0.00
D,1102837,36,settle,12.1020,S,0,83.0000,0.00
D,1103016,36,settle,12.1020,S,0,83.0000,0.00
D,1103208,36,settle,12.1020,S,0,83.0000,0.00
D,1103400,36,settle,12.1020,S,0,83.0000,0.00
D,1103592,36,settle,12.1020,S,0,83.0000,0.00
D,1103784,36,settle,12.1020,S,0,83.0000,0.00
D,1103976,36,settle,12.1020,S,0,83.0000,0.00
D,1104168,36,settle,12.1020,S,0,83.0000,0.00
D,1104360,36,settle,12.1020,S,0,83.0000,0.00
D,1104552,36,settle,12.1019,S,0,83.0000,0.00
D,1104744,36,settle,12.1019,S,0,83.0000,0.00
D,1104936,36,settle,12.1019,S,0,83.0000,0.00
D,1105128,36,settle,12.1019,S,0,83.0000,0.00
P,1105321,36,settled,12.1019,S,83.0000,0.00
S,36,D2,1,25,1,15,3,0.0,83.0000,11.9181,12.0753,12.41,12.1019,0.0266,0.1838,12.1019,ok
E,1105328,=== D2 trial 37 : tilt 25 rep 1 rpm 25 cruise 3 rev -> halt phase 0 (abs 12.10) ===
P,1106747,37,base,12.1017,S,83.0000,0.00
D,1106842,37,preroll,12.1017,S,0,83.0000,0.00
D,1107034,37,preroll,12.1017,S,0,83.0000,0.00
D,1107226,37,preroll,12.1016,S,0,83.0000,0.00
D,1107429,37,preroll,12.1016,S,0,83.0000,0.00
D,1107607,37,preroll,12.1016,S,0,83.0000,0.00
D,1107799,37,preroll,12.1015,S,0,83.0000,0.00
D,1107993,37,move,12.1015,S,25,86.0000,0.00
D,1108185,37,move,12.1015,S,25,86.0000,0.00
D,1108377,37,move,12.1014,S,25,86.0000,0.00
D,1108569,37,move,12.1007,U,25,86.0000,0.00
D,1108761,37,move,12.1006,U,25,86.0000,0.00
D,1108953,37,move,12.1067,U,25,86.0000,0.00
D,1109145,37,move,12.1108,U,25,86.0000,0.00
D,1109337,37,move,12.1144,U,25,86.0000,0.00
D,1109529,37,move,12.1199,U,25,86.0000,0.00
D,1109721,37,move,12.1245,U,25,86.0000,0.00
D,1109913,37,move,12.1284,U,25,86.0000,0.00
D,1110105,37,move,12.1312,U,25,86.0000,0.00
D,1110283,37,move,12.1296,U,25,86.0000,0.00
D,1110475,37,move,12.1299,U,25,86.0000,0.00
D,1110667,37,move,12.1427,U,25,86.0000,0.00
D,1110859,37,move,12.1540,U,25,86.0000,0.00
D,1111051,37,move,12.1539,U,25,86.0000,0.00
D,1111243,37,move,12.1524,U,25,86.0000,0.00
D,1111435,37,move,12.1556,U,25,86.0000,0.00
D,1111627,37,move,12.1626,U,25,86.0000,0.00
D,1111819,37,move,12.1644,U,25,86.0000,0.00
D,1112011,37,move,12.1625,U,25,86.0000,0.00
D,1112203,37,move,12.1606,U,25,86.0000,0.00
D,1112395,37,move,12.1621,U,25,86.0000,0.00
D,1112587,37,move,12.1713,U,25,86.0000,0.00
D,1112779,37,move,12.1764,U,25,86.0000,0.00
D,1112971,37,move,12.1842,U,25,86.0000,0.00
D,1113163,37,move,12.1897,U,25,86.0000,0.00
D,1113355,37,move,12.1924,U,25,86.0000,0.00
D,1113547,37,move,12.1971,U,25,86.0000,0.00
D,1113726,37,move,12.2035,U,25,86.0000,0.00
D,1113918,37,move,12.2101,U,25,86.0000,0.00
D,1114110,37,move,12.2105,U,25,86.0000,0.00
D,1114302,37,move,12.2093,U,25,86.0000,0.00
D,1114494,37,move,12.2112,U,25,86.0000,0.00
D,1114686,37,move,12.2118,U,25,86.0000,0.00
D,1114878,37,move,12.2136,U,25,86.0000,0.00
D,1115070,37,move,12.2170,U,25,86.0000,0.00
D,1115262,37,move,12.2268,U,25,86.0000,0.00
D,1115454,37,move,12.2368,U,25,86.0000,0.00
D,1115646,37,move,12.2387,U,25,86.0000,0.00
D,1115840,37,settle,12.2404,U,0,86.0000,0.00
D,1116032,37,settle,12.2411,U,0,86.0000,0.00
D,1116224,37,settle,12.2403,U,0,86.0000,0.00
D,1116404,37,settle,12.2403,U,0,86.0000,0.00
D,1116596,37,settle,12.2408,U,0,86.0000,0.00
D,1116788,37,settle,12.2437,U,0,86.0000,0.00
D,1116980,37,settle,12.2439,U,0,86.0000,0.00
D,1117172,37,settle,12.2439,U,0,86.0000,0.00
D,1117364,37,settle,12.2439,S,0,86.0000,0.00
D,1117556,37,settle,12.2439,S,0,86.0000,0.00
D,1117748,37,settle,12.2439,S,0,86.0000,0.00
D,1117940,37,settle,12.2439,S,0,86.0000,0.00
D,1118132,37,settle,12.2439,S,0,86.0000,0.00
D,1118324,37,settle,12.2439,S,0,86.0000,0.00
D,1118516,37,settle,12.2439,S,0,86.0000,0.00
D,1118708,37,settle,12.2439,S,0,86.0000,0.00
D,1118900,37,settle,12.2438,S,0,86.0000,0.00
D,1119092,37,settle,12.2438,S,0,86.0000,0.00
D,1119284,37,settle,12.2438,S,0,86.0000,0.00
D,1119476,37,settle,12.2438,S,0,86.0000,0.00
D,1119668,37,settle,12.2438,S,0,86.0000,0.00
D,1119860,37,settle,12.2438,S,0,86.0000,0.00
D,1120038,37,settle,12.2438,S,0,86.0000,0.00
D,1120230,37,settle,12.2438,S,0,86.0000,0.00
D,1120422,37,settle,12.2438,S,0,86.0000,0.00
D,1120614,37,settle,12.2438,S,0,86.0000,0.00
D,1120806,37,settle,12.2438,S,0,86.0000,0.00
D,1120998,37,settle,12.2438,S,0,86.0000,0.00
D,1121190,37,settle,12.2438,S,0,86.0000,0.00
D,1121382,37,settle,12.2438,S,0,86.0000,0.00
D,1121574,37,settle,12.2438,S,0,86.0000,0.00
D,1121766,37,settle,12.2438,S,0,86.0000,0.00
D,1121958,37,settle,12.2438,S,0,86.0000,0.00
D,1122150,37,settle,12.2438,S,0,86.0000,0.00
D,1122342,37,settle,12.2438,S,0,86.0000,0.00
D,1122534,37,settle,12.2438,S,0,86.0000,0.00
D,1122726,37,settle,12.2438,S,0,86.0000,0.00
D,1122918,37,settle,12.2438,S,0,86.0000,0.00
D,1123110,37,settle,12.2439,S,0,86.0000,0.00
D,1123302,37,settle,12.2439,S,0,86.0000,0.00
D,1123494,37,settle,12.2439,S,0,86.0000,0.00
D,1123673,37,settle,12.2439,S,0,86.0000,0.00
P,1123866,37,settled,12.2439,S,86.0000,0.00
S,37,D2,1,25,1,25,3,0.0,86.0000,12.1017,12.2387,7.65,12.2439,0.0052,0.1422,12.2439,ok
E,1123874,=== D2 trial 38 : tilt 25 rep 2 rpm 5 cruise 3 rev -> halt phase 0 (abs 12.24) ===
P,1125206,38,base,12.2440,S,86.0000,0.00
D,1125309,38,preroll,12.2440,S,0,86.0000,0.00
D,1125501,38,preroll,12.2440,S,0,86.0000,0.00
D,1125693,38,preroll,12.2440,S,0,86.0000,0.00
D,1125885,38,preroll,12.2440,S,0,86.0000,0.00
D,1126077,38,preroll,12.2440,S,0,86.0000,0.00
D,1126255,38,preroll,12.2440,S,0,86.0000,0.00
D,1126449,38,move,12.2440,S,5,89.0000,0.00
D,1126641,38,move,12.2440,S,5,89.0000,0.00
D,1126833,38,move,12.2440,S,5,89.0000,0.00
D,1127025,38,move,12.2379,U,5,89.0000,0.00
D,1127217,38,move,12.2271,U,5,89.0000,0.00
D,1127409,38,move,12.2181,U,5,89.0000,0.00
D,1127601,38,move,12.2151,U,5,89.0000,0.00
D,1127793,38,move,12.2159,U,5,89.0000,0.00
D,1127985,38,move,12.2185,U,5,89.0000,0.00
D,1128177,38,move,12.2214,U,5,89.0000,0.00
D,1128369,38,move,12.2187,U,5,89.0000,0.00
D,1128561,38,move,12.2170,U,5,89.0000,0.00
D,1128753,38,move,12.2177,U,5,89.0000,0.00
D,1128931,38,move,12.2197,U,5,89.0000,0.00
D,1129123,38,move,12.2252,U,5,89.0000,0.00
D,1129315,38,move,12.2295,U,5,89.0000,0.00
D,1129507,38,move,12.2309,U,5,89.0000,0.00
D,1129699,38,move,12.2299,U,5,89.0000,0.00
D,1129891,38,move,12.2312,U,5,89.0000,0.00
D,1130083,38,move,12.2393,U,5,89.0000,0.00
D,1130275,38,move,12.2423,U,5,89.0000,0.00
D,1130467,38,move,12.2429,U,5,89.0000,0.00
D,1130659,38,move,12.2458,U,5,89.0000,0.00
D,1130851,38,move,12.2510,U,5,89.0000,0.00
D,1131043,38,move,12.2554,U,5,89.0000,0.00
D,1131235,38,move,12.2578,U,5,89.0000,0.00
D,1131427,38,move,12.2612,U,5,89.0000,0.00
D,1131619,38,move,12.2654,U,5,89.0000,0.00
D,1131811,38,move,12.2691,U,5,89.0000,0.00
D,1132003,38,move,12.2745,U,5,89.0000,0.00
D,1132195,38,move,12.2813,U,5,89.0000,0.00
D,1132387,38,move,12.2873,U,5,89.0000,0.00
D,1132566,38,move,12.2930,U,5,89.0000,0.00
D,1132758,38,move,12.2996,U,5,89.0000,0.00
D,1132950,38,move,12.3044,U,5,89.0000,0.00
D,1133142,38,move,12.3083,U,5,89.0000,0.00
D,1133334,38,move,12.3139,U,5,89.0000,0.00
D,1133526,38,move,12.3208,U,5,89.0000,0.00
D,1133718,38,move,12.3299,U,5,89.0000,0.00
D,1133910,38,move,12.3377,U,5,89.0000,0.00
D,1134102,38,move,12.3440,U,5,89.0000,0.00
D,1134294,38,move,12.3502,U,5,89.0000,0.00
D,1134486,38,move,12.3545,U,5,89.0000,0.00
D,1134678,38,move,12.3601,U,5,89.0000,0.00
D,1134870,38,move,12.3651,U,5,89.0000,0.00
D,1135062,38,move,12.3699,U,5,89.0000,0.00
D,1135254,38,move,12.3770,U,5,89.0000,0.00
D,1135446,38,move,12.3852,U,5,89.0000,0.00
D,1135638,38,move,12.3899,U,5,89.0000,0.00
D,1135830,38,move,12.3881,U,5,89.0000,0.00
D,1136008,38,move,12.3872,U,5,89.0000,0.00
D,1136200,38,move,12.3878,U,5,89.0000,0.00
D,1136392,38,move,12.3880,U,5,89.0000,0.00
D,1136584,38,move,12.3884,U,5,89.0000,0.00
D,1136776,38,move,12.3966,U,5,89.0000,0.00
D,1136968,38,move,12.4025,U,5,89.0000,0.00
D,1137160,38,move,12.4006,U,5,89.0000,0.00
D,1137352,38,move,12.3966,U,5,89.0000,0.00
D,1137544,38,move,12.3924,U,5,89.0000,0.00
D,1137736,38,move,12.3857,U,5,89.0000,0.00
D,1137928,38,move,12.3821,U,5,89.0000,0.00
D,1138120,38,move,12.3832,U,5,89.0000,0.00
D,1138312,38,move,12.3853,U,5,89.0000,0.00
D,1138504,38,move,12.3873,U,5,89.0000,0.00
D,1138696,38,move,12.3891,U,5,89.0000,0.00
D,1138888,38,move,12.3909,U,5,89.0000,0.00
D,1139080,38,move,12.3912,U,5,89.0000,0.00
D,1139272,38,move,12.3918,U,5,89.0000,0.00
D,1139464,38,move,12.3962,U,5,89.0000,0.00
D,1139642,38,move,12.3979,U,5,89.0000,0.00
D,1139834,38,move,12.3982,U,5,89.0000,0.00
D,1140026,38,move,12.4004,U,5,89.0000,0.00
D,1140218,38,move,12.4020,U,5,89.0000,0.00
D,1140410,38,move,12.4015,U,5,89.0000,0.00
D,1140602,38,move,12.4002,U,5,89.0000,0.00
D,1140794,38,move,12.3964,U,5,89.0000,0.00
D,1140986,38,move,12.3982,U,5,89.0000,0.00
D,1141178,38,move,12.4021,U,5,89.0000,0.00
D,1141370,38,move,12.4047,U,5,89.0000,0.00
D,1141562,38,move,12.4072,U,5,89.0000,0.00
D,1141754,38,move,12.4120,U,5,89.0000,0.00
D,1141938,38,move,12.4174,U,5,89.0000,0.00
D,1142130,38,move,12.4238,U,5,89.0000,0.00
D,1142322,38,move,12.4335,U,5,89.0000,0.00
D,1142514,38,move,12.4404,U,5,89.0000,0.00
D,1142706,38,move,12.4443,U,5,89.0000,0.00
D,1142898,38,move,12.4473,U,5,89.0000,0.00
D,1143090,38,move,12.4501,U,5,89.0000,0.00
D,1143282,38,move,12.4538,U,5,89.0000,0.00
D,1143474,38,move,12.4589,U,5,89.0000,0.00
D,1143666,38,move,12.4640,U,5,89.0000,0.00
D,1143858,38,move,12.4697,U,5,89.0000,0.00
D,1144050,38,move,12.4752,U,5,89.0000,0.00
D,1144242,38,move,12.4802,U,5,89.0000,0.00
D,1144434,38,move,12.4862,U,5,89.0000,0.00
D,1144626,38,move,12.4945,U,5,89.0000,0.00
D,1144818,38,move,12.5009,U,5,89.0000,0.00
D,1144997,38,move,12.5011,U,5,89.0000,0.00
D,1145189,38,move,12.5023,U,5,89.0000,0.00
D,1145381,38,move,12.5071,U,5,89.0000,0.00
D,1145573,38,move,12.5156,U,5,89.0000,0.00
D,1145765,38,move,12.5273,U,5,89.0000,0.00
D,1145957,38,move,12.5369,U,5,89.0000,0.00
D,1146149,38,move,12.5399,U,5,89.0000,0.00
D,1146341,38,move,12.5372,U,5,89.0000,0.00
D,1146533,38,move,12.5379,U,5,89.0000,0.00
D,1146725,38,move,12.5491,U,5,89.0000,0.00
D,1146917,38,move,12.5592,U,5,89.0000,0.00
D,1147109,38,move,12.5637,U,5,89.0000,0.00
D,1147301,38,move,12.5656,U,5,89.0000,0.00
D,1147493,38,move,12.5722,U,5,89.0000,0.00
D,1147685,38,move,12.5806,U,5,89.0000,0.00
D,1147877,38,move,12.5872,U,5,89.0000,0.00
D,1148069,38,move,12.5903,U,5,89.0000,0.00
D,1148261,38,move,12.5916,U,5,89.0000,0.00
D,1148440,38,move,12.5930,U,5,89.0000,0.00
D,1148632,38,move,12.5949,U,5,89.0000,0.00
D,1148824,38,move,12.5975,U,5,89.0000,0.00
D,1149016,38,move,12.5981,U,5,89.0000,0.00
D,1149208,38,move,12.5955,U,5,89.0000,0.00
D,1149400,38,move,12.5932,U,5,89.0000,0.00
D,1149592,38,move,12.5987,U,5,89.0000,0.00
D,1149784,38,move,12.6030,U,5,89.0000,0.00
D,1149976,38,move,12.6035,U,5,89.0000,0.00
D,1150168,38,move,12.6015,U,5,89.0000,0.00
D,1150360,38,move,12.5980,U,5,89.0000,0.00
D,1150552,38,move,12.5970,U,5,89.0000,0.00
D,1150744,38,move,12.5974,U,5,89.0000,0.00
D,1150936,38,move,12.5961,U,5,89.0000,0.00
D,1151128,38,move,12.5928,U,5,89.0000,0.00
D,1151320,38,move,12.5902,U,5,89.0000,0.00
D,1151512,38,move,12.5869,U,5,89.0000,0.00
D,1151704,38,move,12.5886,U,5,89.0000,0.00
D,1151896,38,move,12.5944,U,5,89.0000,0.00
D,1152074,38,move,12.5961,U,5,89.0000,0.00
D,1152266,38,move,12.5956,U,5,89.0000,0.00
D,1152458,38,move,12.5968,U,5,89.0000,0.00
D,1152650,38,move,12.6009,U,5,89.0000,0.00
D,1152842,38,move,12.6053,U,5,89.0000,0.00
D,1153034,38,move,12.6068,U,5,89.0000,0.00
D,1153226,38,move,12.6088,U,5,89.0000,0.00
D,1153418,38,move,12.6121,U,5,89.0000,0.00
D,1153610,38,move,12.6162,U,5,89.0000,0.00
D,1153802,38,move,12.6222,U,5,89.0000,0.00
D,1153994,38,move,12.6239,U,5,89.0000,0.00
D,1154186,38,move,12.6250,U,5,89.0000,0.00
D,1154378,38,move,12.6302,U,5,89.0000,0.00
D,1154570,38,move,12.6370,U,5,89.0000,0.00
D,1154762,38,move,12.6438,U,5,89.0000,0.00
D,1154954,38,move,12.6498,U,5,89.0000,0.00
D,1155146,38,move,12.6574,U,5,89.0000,0.00
D,1155338,38,move,12.6661,U,5,89.0000,0.00
D,1155530,38,move,12.6696,U,5,89.0000,0.00
D,1155708,38,move,12.6694,U,5,89.0000,0.00
D,1155900,38,move,12.6717,U,5,89.0000,0.00
D,1156092,38,move,12.6744,U,5,89.0000,0.00
D,1156284,38,move,12.6775,U,5,89.0000,0.00
D,1156476,38,move,12.6834,U,5,89.0000,0.00
D,1156668,38,move,12.6909,U,5,89.0000,0.00
D,1156860,38,move,12.6966,U,5,89.0000,0.00
D,1157052,38,move,12.6999,U,5,89.0000,0.00
D,1157244,38,move,12.7027,U,5,89.0000,0.00
D,1157436,38,move,12.7032,U,5,89.0000,0.00
D,1157628,38,move,12.7083,U,5,89.0000,0.00
D,1157820,38,move,12.7231,U,5,89.0000,0.00
D,1158012,38,move,12.7392,U,5,89.0000,0.00
D,1158204,38,move,12.7487,U,5,89.0000,0.00
D,1158408,38,move,12.7501,U,5,89.0000,0.00
D,1158577,38,move,12.7507,U,5,89.0000,0.00
D,1158769,38,move,12.7564,U,5,89.0000,0.00
D,1158961,38,move,12.7639,U,5,89.0000,0.00
D,1159153,38,move,12.7705,U,5,89.0000,0.00
D,1159345,38,move,12.7761,U,5,89.0000,0.00
D,1159537,38,move,12.7840,U,5,89.0000,0.00
D,1159729,38,move,12.7895,U,5,89.0000,0.00
D,1159921,38,move,12.7874,U,5,89.0000,0.00
D,1160113,38,move,12.7840,U,5,89.0000,0.00
D,1160305,38,move,12.7880,U,5,89.0000,0.00
D,1160497,38,move,12.7948,U,5,89.0000,0.00
D,1160689,38,move,12.7989,U,5,89.0000,0.00
D,1160881,38,move,12.8010,U,5,89.0000,0.00
D,1161073,38,move,12.8026,U,5,89.0000,0.00
D,1161265,38,move,12.7993,U,5,89.0000,0.00
D,1161457,38,move,12.7939,U,5,89.0000,0.00
D,1161649,38,move,12.7942,U,5,89.0000,0.00
D,1161828,38,move,12.7944,U,5,89.0000,0.00
D,1162020,38,move,12.7920,U,5,89.0000,0.00
D,1162212,38,move,12.7871,U,5,89.0000,0.00
D,1162404,38,move,12.7838,U,5,89.0000,0.00
D,1162596,38,move,12.7797,U,5,89.0000,0.00
D,1162788,38,move,12.7771,U,5,89.0000,0.00
D,1162981,38,settle,12.7819,U,0,89.0000,0.00
D,1163173,38,settle,12.7965,U,0,89.0000,0.00
D,1163365,38,settle,12.8115,U,0,89.0000,0.00
D,1163557,38,settle,12.8150,U,0,89.0000,0.00
D,1163749,38,settle,12.8132,U,0,89.0000,0.00
D,1163941,38,settle,12.8118,U,0,89.0000,0.00
D,1164133,38,settle,12.8116,U,0,89.0000,0.00
D,1164325,38,settle,12.8114,U,0,89.0000,0.00
D,1164517,38,settle,12.8113,U,0,89.0000,0.00
D,1164709,38,settle,12.8113,U,0,89.0000,0.00
D,1164901,38,settle,12.8112,U,0,89.0000,0.00
D,1165093,38,settle,12.8111,U,0,89.0000,0.00
D,1165285,38,settle,12.8111,S,0,89.0000,0.00
D,1165463,38,settle,12.8110,U,0,89.0000,0.00
D,1165655,38,settle,12.8110,S,0,89.0000,0.00
D,1165847,38,settle,12.8109,U,0,89.0000,0.00
D,1166039,38,settle,12.8108,U,0,89.0000,0.00
D,1166231,38,settle,12.8108,U,0,89.0000,0.00
D,1166423,38,settle,12.8109,S,0,89.0000,0.00
D,1166615,38,settle,12.8110,U,0,89.0000,0.00
D,1166807,38,settle,12.8111,U,0,89.0000,0.00
D,1166999,38,settle,12.8112,U,0,89.0000,0.00
D,1167191,38,settle,12.8115,U,0,89.0000,0.00
D,1167383,38,settle,12.8117,U,0,89.0000,0.00
D,1167575,38,settle,12.8118,U,0,89.0000,0.00
D,1167767,38,settle,12.8120,U,0,89.0000,0.00
D,1167959,38,settle,12.8122,U,0,89.0000,0.00
D,1168151,38,settle,12.8123,U,0,89.0000,0.00
D,1168343,38,settle,12.8123,U,0,89.0000,0.00
D,1168535,38,settle,12.8123,S,0,89.0000,0.00
D,1168727,38,settle,12.8123,S,0,89.0000,0.00
D,1168919,38,settle,12.8123,S,0,89.0000,0.00
D,1169097,38,settle,12.8123,S,0,89.0000,0.00
D,1169289,38,settle,12.8124,S,0,89.0000,0.00
D,1169481,38,settle,12.8124,S,0,89.0000,0.00
D,1169673,38,settle,12.8125,S,0,89.0000,0.00
D,1169865,38,settle,12.8125,S,0,89.0000,0.00
D,1170057,38,settle,12.8125,S,0,89.0000,0.00
D,1170249,38,settle,12.8125,S,0,89.0000,0.00
D,1170441,38,settle,12.8126,S,0,89.0000,0.00
D,1170633,38,settle,12.8126,S,0,89.0000,0.00
D,1170825,38,settle,12.8126,S,0,89.0000,0.00
P,1171018,38,settled,12.8126,S,89.0000,0.00
S,38,D2,2,25,2,5,3,0.0,89.0000,12.2440,12.7771,36.37,12.8126,0.0355,0.5686,12.8126,ok
E,1171025,=== D2 trial 39 : tilt 25 rep 2 rpm 25 cruise 3 rev -> halt phase 0 (abs 12.81) ===
P,1172447,39,base,12.8127,S,89.0000,0.00
D,1172540,39,preroll,12.8127,S,0,89.0000,0.00
D,1172732,39,preroll,12.8127,S,0,89.0000,0.00
D,1172924,39,preroll,12.8127,S,0,89.0000,0.00
D,1173116,39,preroll,12.8126,S,0,89.0000,0.00
D,1173308,39,preroll,12.8126,S,0,89.0000,0.00
D,1173500,39,preroll,12.8126,S,0,89.0000,0.00
D,1173694,39,move,12.8126,S,25,92.0000,0.00
D,1173886,39,move,12.8126,S,25,92.0000,0.00
D,1174078,39,move,12.8126,S,25,92.0000,0.00
D,1174270,39,move,12.8126,S,25,92.0000,0.00
D,1174462,39,move,12.8126,S,25,92.0000,0.00
D,1174654,39,move,12.8202,U,25,92.0000,0.00
D,1174846,39,move,12.8282,U,25,92.0000,0.00
D,1175038,39,move,12.8317,U,25,92.0000,0.00
D,1175217,39,move,12.8356,U,25,92.0000,0.00
D,1175409,39,move,12.8380,U,25,92.0000,0.00
D,1175601,39,move,12.8349,U,25,92.0000,0.00
D,1175793,39,move,12.8356,U,25,92.0000,0.00
D,1175985,39,move,12.8426,U,25,92.0000,0.00
D,1176177,39,move,12.8518,U,25,92.0000,0.00
D,1176365,39,move,12.8615,U,25,92.0000,0.00
D,1176557,39,move,12.8647,U,25,92.0000,0.00
D,1176749,39,move,12.8645,U,25,92.0000,0.00
D,1176941,39,move,12.8665,U,25,92.0000,0.00
D,1177133,39,move,12.8700,U,25,92.0000,0.00
D,1177325,39,move,12.8724,U,25,92.0000,0.00
D,1177517,39,move,12.8754,U,25,92.0000,0.00
D,1177709,39,move,12.8757,U,25,92.0000,0.00
D,1177901,39,move,12.8740,U,25,92.0000,0.00
D,1178093,39,move,12.8745,U,25,92.0000,0.00
D,1178285,39,move,12.8806,U,25,92.0000,0.00
D,1178477,39,move,12.8886,U,25,92.0000,0.00
D,1178669,39,move,12.8980,U,25,92.0000,0.00
D,1178861,39,move,12.9036,U,25,92.0000,0.00
D,1179053,39,move,12.9074,U,25,92.0000,0.00
D,1179245,39,move,12.9103,U,25,92.0000,0.00
D,1179437,39,move,12.9129,U,25,92.0000,0.00
D,1179629,39,move,12.9127,U,25,92.0000,0.00
D,1179807,39,move,12.9110,U,25,92.0000,0.00
D,1179999,39,move,12.9114,U,25,92.0000,0.00
D,1180191,39,move,12.9233,U,25,92.0000,0.00
D,1180383,39,move,12.9312,U,25,92.0000,0.00
D,1180575,39,move,12.9316,U,25,92.0000,0.00
D,1180767,39,move,12.9302,U,25,92.0000,0.00
D,1180959,39,move,12.9345,U,25,92.0000,0.00
D,1181151,39,move,12.9439,U,25,92.0000,0.00
D,1181343,39,move,12.9485,U,25,92.0000,0.00
D,1181536,39,settle,12.9538,U,0,92.0000,0.00
D,1181728,39,settle,12.9533,U,0,92.0000,0.00
D,1181920,39,settle,12.9502,U,0,92.0000,0.00
D,1182112,39,settle,12.9483,U,0,92.0000,0.00
D,1182304,39,settle,12.9467,U,0,92.0000,0.00
D,1182496,39,settle,12.9454,U,0,92.0000,0.00
D,1182688,39,settle,12.9449,U,0,92.0000,0.00
D,1182880,39,settle,12.9449,U,0,92.0000,0.00
D,1183072,39,settle,12.9449,S,0,92.0000,0.00
D,1183250,39,settle,12.9448,S,0,92.0000,0.00
D,1183442,39,settle,12.9448,S,0,92.0000,0.00
D,1183634,39,settle,12.9448,S,0,92.0000,0.00
D,1183826,39,settle,12.9449,S,0,92.0000,0.00
D,1184018,39,settle,12.9450,U,0,92.0000,0.00
D,1184210,39,settle,12.9451,U,0,92.0000,0.00
D,1184402,39,settle,12.9451,U,0,92.0000,0.00
D,1184594,39,settle,12.9452,U,0,92.0000,0.00
D,1184786,39,settle,12.9452,S,0,92.0000,0.00
D,1184978,39,settle,12.9453,U,0,92.0000,0.00
D,1185170,39,settle,12.9454,U,0,92.0000,0.00
D,1185362,39,settle,12.9454,U,0,92.0000,0.00
D,1185554,39,settle,12.9455,U,0,92.0000,0.00
D,1185746,39,settle,12.9455,S,0,92.0000,0.00
D,1185938,39,settle,12.9455,S,0,92.0000,0.00
D,1186130,39,settle,12.9455,S,0,92.0000,0.00
D,1186322,39,settle,12.9455,S,0,92.0000,0.00
D,1186514,39,settle,12.9455,S,0,92.0000,0.00
D,1186706,39,settle,12.9455,S,0,92.0000,0.00
D,1186884,39,settle,12.9455,S,0,92.0000,0.00
D,1187076,39,settle,12.9455,S,0,92.0000,0.00
D,1187268,39,settle,12.9455,S,0,92.0000,0.00
D,1187460,39,settle,12.9455,S,0,92.0000,0.00
D,1187652,39,settle,12.9455,S,0,92.0000,0.00
D,1187844,39,settle,12.9455,S,0,92.0000,0.00
D,1188036,39,settle,12.9455,S,0,92.0000,0.00
D,1188228,39,settle,12.9455,S,0,92.0000,0.00
D,1188420,39,settle,12.9455,S,0,92.0000,0.00
D,1188612,39,settle,12.9455,S,0,92.0000,0.00
D,1188804,39,settle,12.9455,S,0,92.0000,0.00
D,1188996,39,settle,12.9455,S,0,92.0000,0.00
D,1189188,39,settle,12.9454,S,0,92.0000,0.00
D,1189380,39,settle,12.9454,S,0,92.0000,0.00
P,1189573,39,settled,12.9454,S,92.0000,0.00
S,39,D2,2,25,2,25,3,0.0,92.0000,12.8127,12.9485,7.65,12.9454,-0.0031,0.1327,12.9454,ok
E,1189581,=== D2 trial 40 : tilt 25 rep 2 rpm 15 cruise 3 rev -> halt phase 0 (abs 12.95) ===
P,1191000,40,base,12.9455,S,92.0000,0.00
D,1191095,40,preroll,12.9455,S,0,92.0000,0.00
D,1191287,40,preroll,12.9455,S,0,92.0000,0.00
D,1191479,40,preroll,12.9455,S,0,92.0000,0.00
D,1191671,40,preroll,12.9455,S,0,92.0000,0.00
D,1191863,40,preroll,12.9455,S,0,92.0000,0.00
D,1192055,40,preroll,12.9455,S,0,92.0000,0.00
D,1192249,40,move,12.9455,S,15,95.0000,0.00
D,1192441,40,move,12.9454,S,15,95.0000,0.00
D,1192633,40,move,12.9454,S,15,95.0000,0.00
D,1192825,40,move,12.9454,S,15,95.0000,0.00
D,1193017,40,move,12.9454,S,15,95.0000,0.00
D,1193196,40,move,12.9507,U,15,95.0000,0.00
D,1193388,40,move,12.9508,U,15,95.0000,0.00
D,1193580,40,move,12.9512,U,15,95.0000,0.00
D,1193772,40,move,12.9522,U,15,95.0000,0.00
D,1193964,40,move,12.9541,U,15,95.0000,0.00
D,1194168,40,move,12.9554,U,15,95.0000,0.00
D,1194344,40,move,12.9586,U,15,95.0000,0.00
D,1194536,40,move,12.9621,U,15,95.0000,0.00
D,1194728,40,move,12.9662,U,15,95.0000,0.00
D,1194920,40,move,12.9710,U,15,95.0000,0.00
D,1195112,40,move,12.9757,U,15,95.0000,0.00
D,1195304,40,move,12.9792,U,15,95.0000,0.00
D,1195496,40,move,12.9812,U,15,95.0000,0.00
D,1195688,40,move,12.9835,U,15,95.0000,0.00
D,1195880,40,move,12.9894,U,15,95.0000,0.00
D,1196072,40,move,12.9965,U,15,95.0000,0.00
D,1196264,40,move,13.0011,U,15,95.0000,0.00
D,1196456,40,move,13.0073,U,15,95.0000,0.00
D,1196648,40,move,13.0126,U,15,95.0000,0.00
D,1196840,40,move,13.0122,U,15,95.0000,0.00
D,1197032,40,move,13.0091,U,15,95.0000,0.00
D,1197224,40,move,13.0068,U,15,95.0000,0.00
D,1197416,40,move,13.0073,U,15,95.0000,0.00
D,1197595,40,move,13.0084,U,15,95.0000,0.00
D,1197787,40,move,13.0105,U,15,95.0000,0.00
D,1197979,40,move,13.0119,U,15,95.0000,0.00
D,1198171,40,move,13.0133,U,15,95.0000,0.00
D,1198363,40,move,13.0161,U,15,95.0000,0.00
D,1198555,40,move,13.0197,U,15,95.0000,0.00
D,1198747,40,move,13.0238,U,15,95.0000,0.00
D,1198939,40,move,13.0278,U,15,95.0000,0.00
D,1199131,40,move,13.0306,U,15,95.0000,0.00
D,1199323,40,move,13.0335,U,15,95.0000,0.00
D,1199515,40,move,13.0378,U,15,95.0000,0.00
D,1199707,40,move,13.0451,U,15,95.0000,0.00
D,1199899,40,move,13.0532,U,15,95.0000,0.00
D,1200091,40,move,13.0583,U,15,95.0000,0.00
D,1200283,40,move,13.0609,U,15,95.0000,0.00
D,1200475,40,move,13.0655,U,15,95.0000,0.00
D,1200667,40,move,13.0697,U,15,95.0000,0.00
D,1200859,40,move,13.0688,U,15,95.0000,0.00
D,1201037,40,move,13.0681,U,15,95.0000,0.00
D,1201229,40,move,13.0684,U,15,95.0000,0.00
D,1201421,40,move,13.0691,U,15,95.0000,0.00
D,1201613,40,move,13.0693,U,15,95.0000,0.00
D,1201805,40,move,13.0691,U,15,95.0000,0.00
D,1201997,40,move,13.0690,U,15,95.0000,0.00
D,1202189,40,move,13.0735,U,15,95.0000,0.00
D,1202381,40,move,13.0792,U,15,95.0000,0.00
D,1202573,40,move,13.0829,U,15,95.0000,0.00
D,1202765,40,move,13.0852,U,15,95.0000,0.00
D,1202957,40,move,13.0870,U,15,95.0000,0.00
D,1203149,40,move,13.0914,U,15,95.0000,0.00
D,1203341,40,move,13.0982,U,15,95.0000,0.00
D,1203533,40,move,13.1052,U,15,95.0000,0.00
D,1203725,40,move,13.1098,U,15,95.0000,0.00
D,1203917,40,move,13.1139,U,15,95.0000,0.00
D,1204109,40,move,13.1199,U,15,95.0000,0.00
D,1204301,40,move,13.1254,U,15,95.0000,0.00
D,1204493,40,move,13.1269,U,15,95.0000,0.00
D,1204671,40,settle,13.1269,U,0,95.0000,0.00
D,1204863,40,settle,13.1276,U,0,95.0000,0.00
D,1205055,40,settle,13.1279,U,0,95.0000,0.00
D,1205247,40,settle,13.1277,U,0,95.0000,0.00
D,1205439,40,settle,13.1271,U,0,95.0000,0.00
D,1205631,40,settle,13.1230,U,0,95.0000,0.00
D,1205823,40,settle,13.1226,U,0,95.0000,0.00
D,1206015,40,settle,13.1226,U,0,95.0000,0.00
D,1206207,40,settle,13.1226,S,0,95.0000,0.00
D,1206399,40,settle,13.1226,S,0,95.0000,0.00
D,1206591,40,settle,13.1227,S,0,95.0000,0.00
D,1206783,40,settle,13.1227,S,0,95.0000,0.00
D,1206975,40,settle,13.1228,U,0,95.0000,0.00
D,1207167,40,settle,13.1228,S,0,95.0000,0.00
D,1207359,40,settle,13.1229,U,0,95.0000,0.00
D,1207551,40,settle,13.1230,U,0,95.0000,0.00
D,1207743,40,settle,13.1230,U,0,95.0000,0.00
D,1207935,40,settle,13.1231,U,0,95.0000,0.00
D,1208127,40,settle,13.1232,U,0,95.0000,0.00
D,1208306,40,settle,13.1233,U,0,95.0000,0.00
D,1208498,40,settle,13.1235,U,0,95.0000,0.00
D,1208690,40,settle,13.1236,U,0,95.0000,0.00
D,1208882,40,settle,13.1236,U,0,95.0000,0.00
D,1209074,40,settle,13.1237,U,0,95.0000,0.00
D,1209266,40,settle,13.1238,U,0,95.0000,0.00
D,1209458,40,settle,13.1240,U,0,95.0000,0.00
D,1209650,40,settle,13.1241,U,0,95.0000,0.00
D,1209842,40,settle,13.1243,U,0,95.0000,0.00
D,1210034,40,settle,13.1245,U,0,95.0000,0.00
D,1210226,40,settle,13.1248,U,0,95.0000,0.00
D,1210418,40,settle,13.1250,U,0,95.0000,0.00
D,1210610,40,settle,13.1253,U,0,95.0000,0.00
D,1210802,40,settle,13.1256,U,0,95.0000,0.00
D,1211006,40,settle,13.1259,U,0,95.0000,0.00
D,1211176,40,settle,13.1261,U,0,95.0000,0.00
D,1211368,40,settle,13.1263,U,0,95.0000,0.00
D,1211560,40,settle,13.1265,U,0,95.0000,0.00
D,1211752,40,settle,13.1266,U,0,95.0000,0.00
D,1211944,40,settle,13.1267,U,0,95.0000,0.00
D,1212136,40,settle,13.1267,S,0,95.0000,0.00
D,1212328,40,settle,13.1267,S,0,95.0000,0.00
D,1212520,40,settle,13.1267,S,0,95.0000,0.00
P,1212713,40,settled,13.1267,S,95.0000,0.00
S,40,D2,2,25,2,15,3,0.0,95.0000,12.9455,13.1269,12.41,13.1267,-0.0002,0.1812,13.1267,ok
E,1212720,=== D2 trial 41 : tilt 25 rep 2 rpm 10 cruise 3 rev -> halt phase 0 (abs 13.13) ===
P,1214142,41,base,13.1265,S,95.0000,0.00
D,1214236,41,preroll,13.1264,S,0,95.0000,0.00
D,1214428,41,preroll,13.1264,S,0,95.0000,0.00
D,1214620,41,preroll,13.1264,S,0,95.0000,0.00
D,1214812,41,preroll,13.1264,S,0,95.0000,0.00
D,1215004,41,preroll,13.1264,S,0,95.0000,0.00
D,1215196,41,preroll,13.1264,S,0,95.0000,0.00
D,1215390,41,move,13.1264,S,10,98.0000,0.00
D,1215582,41,move,13.1264,S,10,98.0000,0.00
D,1215774,41,move,13.1263,S,10,98.0000,0.00
D,1215966,41,move,13.1263,S,10,98.0000,0.00
D,1216158,41,move,13.1258,U,10,98.0000,0.00
D,1216350,41,move,13.1257,U,10,98.0000,0.00
D,1216542,41,move,13.1285,U,10,98.0000,0.00
D,1216722,41,move,13.1291,U,10,98.0000,0.00
D,1216914,41,move,13.1279,U,10,98.0000,0.00
D,1217106,41,move,13.1276,U,10,98.0000,0.00
D,1217298,41,move,13.1273,U,10,98.0000,0.00
D,1217490,41,move,13.1269,U,10,98.0000,0.00
D,1217682,41,move,13.1266,U,10,98.0000,0.00
D,1217874,41,move,13.1266,U,10,98.0000,0.00
D,1218066,41,move,13.1300,U,10,98.0000,0.00
D,1218258,41,move,13.1333,U,10,98.0000,0.00
D,1218450,41,move,13.1373,U,10,98.0000,0.00
D,1218642,41,move,13.1423,U,10,98.0000,0.00
D,1218834,41,move,13.1483,U,10,98.0000,0.00
D,1219026,41,move,13.1523,U,10,98.0000,0.00
D,1219218,41,move,13.1538,U,10,98.0000,0.00
D,1219410,41,move,13.1555,U,10,98.0000,0.00
D,1219602,41,move,13.1594,U,10,98.0000,0.00
D,1219781,41,move,13.1645,U,10,98.0000,0.00
D,1219973,41,move,13.1688,U,10,98.0000,0.00
D,1220165,41,move,13.1741,U,10,98.0000,0.00
D,1220357,41,move,13.1799,U,10,98.0000,0.00
D,1220549,41,move,13.1848,U,10,98.0000,0.00
D,1220741,41,move,13.1898,U,10,98.0000,0.00
D,1220933,41,move,13.1946,U,10,98.0000,0.00
D,1221125,41,move,13.1971,U,10,98.0000,0.00
D,1221317,41,move,13.1944,U,10,98.0000,0.00
D,1221509,41,move,13.1935,U,10,98.0000,0.00
D,1221701,41,move,13.1955,U,10,98.0000,0.00
D,1221893,41,move,13.2045,U,10,98.0000,0.00
D,1222085,41,move,13.2063,U,10,98.0000,0.00
D,1222277,41,move,13.2054,U,10,98.0000,0.00
D,1222469,41,move,13.2056,U,10,98.0000,0.00
D,1222661,41,move,13.2061,U,10,98.0000,0.00
D,1222853,41,move,13.2062,U,10,98.0000,0.00
D,1223045,41,move,13.2060,U,10,98.0000,0.00
D,1223237,41,move,13.2055,U,10,98.0000,0.00
D,1223415,41,move,13.2052,U,10,98.0000,0.00
D,1223607,41,move,13.2053,U,10,98.0000,0.00
D,1223799,41,move,13.2088,U,10,98.0000,0.00
D,1223991,41,move,13.2122,U,10,98.0000,0.00
D,1224183,41,move,13.2149,U,10,98.0000,0.00
D,1224375,41,move,13.2191,U,10,98.0000,0.00
D,1224567,41,move,13.2241,U,10,98.0000,0.00
D,1224759,41,move,13.2267,U,10,98.0000,0.00
D,1224951,41,move,13.2295,U,10,98.0000,0.00
D,1225143,41,move,13.2341,U,10,98.0000,0.00
D,1225335,41,move,13.2389,U,10,98.0000,0.00
D,1225527,41,move,13.2438,U,10,98.0000,0.00
D,1225719,41,move,13.2495,U,10,98.0000,0.00
D,1225911,41,move,13.2551,U,10,98.0000,0.00
D,1226103,41,move,13.2594,U,10,98.0000,0.00
D,1226295,41,move,13.2628,U,10,98.0000,0.00
D,1226487,41,move,13.2677,U,10,98.0000,0.00
D,1226679,41,move,13.2733,U,10,98.0000,0.00
D,1226857,41,move,13.2780,U,10,98.0000,0.00
D,1227049,41,move,13.2801,U,10,98.0000,0.00
D,1227241,41,move,13.2792,U,10,98.0000,0.00
D,1227433,41,move,13.2805,U,10,98.0000,0.00
D,1227625,41,move,13.2891,U,10,98.0000,0.00
D,1227817,41,move,13.2935,U,10,98.0000,0.00
D,1228009,41,move,13.2923,U,10,98.0000,0.00
D,1228201,41,move,13.2899,U,10,98.0000,0.00
D,1228393,41,move,13.2896,U,10,98.0000,0.00
D,1228597,41,move,13.2899,U,10,98.0000,0.00
D,1228770,41,move,13.2893,U,10,98.0000,0.00
D,1228962,41,move,13.2884,U,10,98.0000,0.00
D,1229154,41,move,13.2851,U,10,98.0000,0.00
D,1229346,41,move,13.2865,U,10,98.0000,0.00
D,1229538,41,move,13.2917,U,10,98.0000,0.00
D,1229730,41,move,13.2962,U,10,98.0000,0.00
D,1229922,41,move,13.2969,U,10,98.0000,0.00
D,1230114,41,move,13.2969,U,10,98.0000,0.00
D,1230306,41,move,13.2990,U,10,98.0000,0.00
D,1230498,41,move,13.3030,U,10,98.0000,0.00
D,1230690,41,move,13.3052,U,10,98.0000,0.00
D,1230882,41,move,13.3101,U,10,98.0000,0.00
D,1231074,41,move,13.3146,U,10,98.0000,0.00
D,1231266,41,move,13.3172,U,10,98.0000,0.00
D,1231458,41,move,13.3204,U,10,98.0000,0.00
D,1231650,41,move,13.3247,U,10,98.0000,0.00
D,1231842,41,move,13.3287,U,10,98.0000,0.00
D,1232034,41,move,13.3332,U,10,98.0000,0.00
D,1232213,41,move,13.3373,U,10,98.0000,0.00
D,1232405,41,move,13.3422,U,10,98.0000,0.00
D,1232597,41,move,13.3478,U,10,98.0000,0.00
D,1232789,41,move,13.3514,U,10,98.0000,0.00
D,1232981,41,move,13.3540,U,10,98.0000,0.00
D,1233173,41,move,13.3574,U,10,98.0000,0.00
D,1233365,41,move,13.3596,U,10,98.0000,0.00
D,1233557,41,move,13.3603,U,10,98.0000,0.00
D,1233749,41,move,13.3628,U,10,98.0000,0.00
D,1233942,41,settle,13.3644,U,0,98.0000,0.00
D,1234134,41,settle,13.3675,U,0,98.0000,0.00
D,1234326,41,settle,13.3714,U,0,98.0000,0.00
D,1234518,41,settle,13.3708,U,0,98.0000,0.00
D,1234710,41,settle,13.3674,U,0,98.0000,0.00
D,1234902,41,settle,13.3643,U,0,98.0000,0.00
D,1235094,41,settle,13.3632,U,0,98.0000,0.00
D,1235286,41,settle,13.3630,U,0,98.0000,0.00
D,1235466,41,settle,13.3630,U,0,98.0000,0.00
D,1235658,41,settle,13.3630,S,0,98.0000,0.00
D,1235850,41,settle,13.3630,S,0,98.0000,0.00
D,1236042,41,settle,13.3630,S,0,98.0000,0.00
D,1236234,41,settle,13.3630,S,0,98.0000,0.00
D,1236426,41,settle,13.3630,S,0,98.0000,0.00
D,1236618,41,settle,13.3630,S,0,98.0000,0.00
D,1236810,41,settle,13.3630,S,0,98.0000,0.00
D,1237002,41,settle,13.3630,S,0,98.0000,0.00
D,1237194,41,settle,13.3631,S,0,98.0000,0.00
D,1237386,41,settle,13.3631,S,0,98.0000,0.00
D,1237578,41,settle,13.3630,S,0,98.0000,0.00
D,1237770,41,settle,13.3630,S,0,98.0000,0.00
D,1237962,41,settle,13.3630,S,0,98.0000,0.00
D,1238154,41,settle,13.3630,S,0,98.0000,0.00
D,1238346,41,settle,13.3630,S,0,98.0000,0.00
D,1238525,41,settle,13.3630,S,0,98.0000,0.00
D,1238717,41,settle,13.3630,S,0,98.0000,0.00
D,1238909,41,settle,13.3630,S,0,98.0000,0.00
D,1239101,41,settle,13.3630,S,0,98.0000,0.00
D,1239293,41,settle,13.3629,S,0,98.0000,0.00
D,1239485,41,settle,13.3629,S,0,98.0000,0.00
D,1239677,41,settle,13.3629,S,0,98.0000,0.00
D,1239869,41,settle,13.3629,S,0,98.0000,0.00
D,1240061,41,settle,13.3629,S,0,98.0000,0.00
D,1240253,41,settle,13.3629,S,0,98.0000,0.00
D,1240445,41,settle,13.3629,S,0,98.0000,0.00
D,1240637,41,settle,13.3629,S,0,98.0000,0.00
D,1240829,41,settle,13.3629,S,0,98.0000,0.00
D,1241021,41,settle,13.3634,U,0,98.0000,0.00
D,1241213,41,settle,13.3635,U,0,98.0000,0.00
D,1241405,41,settle,13.3636,U,0,98.0000,0.00
D,1241597,41,settle,13.3637,U,0,98.0000,0.00
D,1241789,41,settle,13.3638,U,0,98.0000,0.00
P,1241982,41,settled,13.3638,S,98.0000,0.00
S,41,D2,2,25,2,10,3,0.0,98.0000,13.1265,13.3628,18.39,13.3638,0.0010,0.2373,13.3638,ok
E,1241988,Test D2 done (abs 13.36 g)
E,1241990,battery complete
SUMMARY,trials=41,abs_g=13.364
