M,experiment,afterflow-battery-C6-C8-B4
M,powder_id,salt
M,cap_g,46.0
M,hard_g,48.0
M,fast_rpm,55.0
M,tap_every_polls,3
M,tap_on_ms,60
M,cont_s,6.0
M,prime_revs,3.0
M,taponly_n,15
M,settle_stream_s,8.0
M,auger_tare_g,56.716
M,total_loaded_g,127.98
M,planned_trials,55
E,1229,noise baseline: tare, 20 s static raw stream
P,1779,0,0.0,0,tare0,0.0000
D,1872,0,noise,0.0000,S,0,0
D,1968,0,noise,0.0000,S,0,0
D,2064,0,noise,0.0000,S,0,0
D,2157,0,noise,0.0000,S,0,0
D,2253,0,noise,0.0000,S,0,0
D,2349,0,noise,0.0000,S,0,0
D,2445,0,noise,0.0000,S,0,0
D,2541,0,noise,0.0000,S,0,0
D,2636,0,noise,0.0000,S,0,0
D,2732,0,noise,0.0000,S,0,0
D,2828,0,noise,0.0000,S,0,0
D,2924,0,noise,0.0000,S,0,0
D,3018,0,noise,0.0000,S,0,0
D,3114,0,noise,0.0000,S,0,0
D,3209,0,noise,0.0000,S,0,0
D,3305,0,noise,0.0000,S,0,0
D,3401,0,noise,0.0000,S,0,0
D,3497,0,noise,0.0000,S,0,0
D,3593,0,noise,0.0000,S,0,0
D,3689,0,noise,0.0000,S,0,0
D,3785,0,noise,0.0000,S,0,0
D,3878,0,noise,0.0000,S,0,0
D,3974,0,noise,0.0000,S,0,0
D,4070,0,noise,0.0000,S,0,0
D,4166,0,noise,0.0000,S,0,0
D,4262,0,noise,0.0000,S,0,0
D,4358,0,noise,0.0000,S,0,0
D,4454,0,noise,0.0000,S,0,0
D,4549,0,noise,0.0000,S,0,0
D,4645,0,noise,0.0000,S,0,0
D,4741,0,noise,0.0000,S,0,0
D,4835,0,noise,0.0000,S,0,0
D,4931,0,noise,0.0000,S,0,0
D,5027,0,noise,0.0000,S,0,0
D,5123,0,noise,0.0000,S,0,0
D,5218,0,noise,0.0000,S,0,0
D,5314,0,noise,0.0000,S,0,0
D,5410,0,noise,0.0000,S,0,0
D,5506,0,noise,0.0000,S,0,0
D,5602,0,noise,0.0000,S,0,0
D,5695,0,noise,0.0000,S,0,0
D,5791,0,noise,0.0000,S,0,0
D,5887,0,noise,0.0000,S,0,0
D,5983,0,noise,0.0001,S,0,0
D,6079,0,noise,0.0000,S,0,0
D,6175,0,noise,0.0000,S,0,0
D,6271,0,noise,0.0000,S,0,0
D,6366,0,noise,0.0000,S,0,0
D,6462,0,noise,0.0000,S,0,0
D,6556,0,noise,0.0000,S,0,0
D,6652,0,noise,0.0000,S,0,0
D,6748,0,noise,0.0000,S,0,0
D,6844,0,noise,0.0000,S,0,0
D,6939,0,noise,0.0000,S,0,0
D,7035,0,noise,0.0000,S,0,0
D,7131,0,noise,0.0000,S,0,0
D,7227,0,noise,0.0000,S,0,0
D,7323,0,noise,0.0000,S,0,0
D,7419,0,noise,0.0000,S,0,0
D,7513,0,noise,0.0000,S,0,0
D,7609,0,noise,0.0000,S,0,0
D,7704,0,noise,0.0000,S,0,0
D,7800,0,noise,0.0000,S,0,0
D,7896,0,noise,0.0000,S,0,0
D,7992,0,noise,0.0000,S,0,0
D,8088,0,noise,0.0000,S,0,0
D,8184,0,noise,0.0000,S,0,0
D,8279,0,noise,0.0000,S,0,0
D,8373,0,noise,0.0000,S,0,0
D,8469,0,noise,0.0000,S,0,0
D,8565,0,noise,0.0000,S,0,0
D,8661,0,noise,0.0000,S,0,0
D,8757,0,noise,0.0000,S,0,0
D,8853,0,noise,0.0000,S,0,0
D,8948,0,noise,0.0000,S,0,0
D,9044,0,noise,0.0000,S,0,0
D,9140,0,noise,0.0000,S,0,0
D,9234,0,noise,0.0000,S,0,0
D,9330,0,noise,0.0000,S,0,0
D,9426,0,noise,0.0000,S,0,0
D,9521,0,noise,0.0000,S,0,0
D,9617,0,noise,0.0000,S,0,0
D,9713,0,noise,0.0000,S,0,0
D,9809,0,noise,0.0000,S,0,0
D,9905,0,noise,0.0000,S,0,0
D,10001,0,noise,0.0000,S,0,0
D,10097,0,noise,0.0000,S,0,0
D,10190,0,noise,0.0000,S,0,0
D,10286,0,noise,0.0000,S,0,0
D,10381,0,noise,-0.0003,U,0,0
D,10477,0,noise,-0.0003,U,0,0
D,10573,0,noise,-0.0003,U,0,0
D,10669,0,noise,-0.0003,U,0,0
D,10764,0,noise,-0.0003,U,0,0
D,10860,0,noise,-0.0003,S,0,0
D,10956,0,noise,-0.0003,S,0,0
D,11050,0,noise,-0.0003,S,0,0
D,11146,0,noise,-0.0003,S,0,0
D,11242,0,noise,-0.0003,S,0,0
D,11338,0,noise,-0.0003,S,0,0
D,11433,0,noise,-0.0003,S,0,0
D,11529,0,noise,-0.0003,S,0,0
D,11625,0,noise,-0.0003,S,0,0
D,11721,0,noise,-0.0003,S,0,0
D,11822,0,noise,-0.0003,S,0,0
D,11913,0,noise,-0.0003,S,0,0
D,12007,0,noise,-0.0003,S,0,0
D,12103,0,noise,-0.0003,S,0,0
D,12198,0,noise,-0.0003,S,0,0
D,12294,0,noise,-0.0003,S,0,0
D,12390,0,noise,-0.0003,S,0,0
D,12486,0,noise,-0.0003,S,0,0
D,12582,0,noise,-0.0003,S,0,0
D,12678,0,noise,-0.0003,S,0,0
D,12773,0,noise,-0.0003,S,0,0
D,12867,0,noise,-0.0003,S,0,0
D,12963,0,noise,-0.0003,S,0,0
D,13059,0,noise,-0.0003,S,0,0
D,13155,0,noise,-0.0003,S,0,0
D,13251,0,noise,-0.0003,S,0,0
D,13347,0,noise,-0.0003,S,0,0
D,13443,0,noise,-0.0003,S,0,0
D,13539,0,noise,-0.0003,S,0,0
D,13634,0,noise,-0.0003,S,0,0
D,13728,0,noise,-0.0003,S,0,0
D,13824,0,noise,-0.0003,S,0,0
D,13920,0,noise,-0.0003,S,0,0
D,14016,0,noise,-0.0003,S,0,0
D,14112,0,noise,-0.0003,S,0,0
D,14207,0,noise,-0.0003,S,0,0
D,14304,0,noise,-0.0003,S,0,0
D,14399,0,noise,-0.0003,S,0,0
D,14495,0,noise,-0.0003,S,0,0
D,14591,0,noise,-0.0003,S,0,0
D,14685,0,noise,-0.0003,S,0,0
D,14781,0,noise,-0.0003,S,0,0
D,14876,0,noise,-0.0003,S,0,0
D,14973,0,noise,-0.0003,S,0,0
D,15068,0,noise,-0.0003,S,0,0
D,15164,0,noise,-0.0003,S,0,0
D,15260,0,noise,-0.0003,S,0,0
D,15356,0,noise,-0.0003,S,0,0
D,15452,0,noise,-0.0003,S,0,0
D,15546,0,noise,-0.0003,S,0,0
D,15641,0,noise,-0.0003,S,0,0
D,15737,0,noise,-0.0003,S,0,0
D,15833,0,noise,-0.0003,S,0,0
D,15929,0,noise,-0.0003,S,0,0
D,16025,0,noise,-0.0003,S,0,0
D,16121,0,noise,-0.0003,S,0,0
D,16217,0,noise,-0.0003,S,0,0
D,16312,0,noise,-0.0003,S,0,0
D,16406,0,noise,-0.0003,S,0,0
D,16502,0,noise,-0.0003,S,0,0
D,16598,0,noise,-0.0003,S,0,0
D,16694,0,noise,-0.0003,S,0,0
D,16790,0,noise,-0.0003,S,0,0
D,16885,0,noise,-0.0003,S,0,0
D,16981,0,noise,-0.0003,S,0,0
D,17077,0,noise,-0.0003,S,0,0
D,17173,0,noise,-0.0003,S,0,0
D,17269,0,noise,-0.0003,S,0,0
D,17363,0,noise,-0.0003,S,0,0
D,17459,0,noise,-0.0003,S,0,0
D,17555,0,noise,-0.0003,S,0,0
D,17650,0,noise,-0.0003,S,0,0
D,17746,0,noise,-0.0003,S,0,0
D,17842,0,noise,-0.0003,S,0,0
D,17938,0,noise,-0.0003,S,0,0
D,18034,0,noise,-0.0003,S,0,0
D,18129,0,noise,-0.0003,S,0,0
D,18223,0,noise,-0.0003,S,0,0
D,18319,0,noise,-0.0003,S,0,0
D,18415,0,noise,-0.0003,S,0,0
D,18511,0,noise,-0.0003,S,0,0
D,18607,0,noise,-0.0003,S,0,0
D,18702,0,noise,-0.0003,S,0,0
D,18799,0,noise,-0.0003,S,0,0
D,18894,0,noise,-0.0003,S,0,0
D,18990,0,noise,-0.0003,S,0,0
D,19086,0,noise,-0.0003,S,0,0
D,19180,0,noise,-0.0003,S,0,0
D,19276,0,noise,-0.0003,S,0,0
D,19371,0,noise,-0.0003,S,0,0
D,19467,0,noise,-0.0003,S,0,0
D,19563,0,noise,-0.0003,S,0,0
D,19659,0,noise,-0.0003,S,0,0
D,19755,0,noise,-0.0003,S,0,0
D,19851,0,noise,-0.0003,S,0,0
D,19947,0,noise,-0.0003,S,0,0
D,20040,0,noise,-0.0003,S,0,0
D,20136,0,noise,-0.0003,S,0,0
D,20232,0,noise,-0.0003,S,0,0
D,20328,0,noise,-0.0003,S,0,0
D,20424,0,noise,-0.0003,S,0,0
D,20520,0,noise,-0.0002,S,0,0
D,20615,0,noise,-0.0002,S,0,0
D,20711,0,noise,-0.0002,S,0,0
D,20807,0,noise,-0.0002,S,0,0
D,20901,0,noise,-0.0002,S,0,0
D,20997,0,noise,-0.0002,S,0,0
D,21093,0,noise,-0.0002,S,0,0
D,21188,0,noise,-0.0002,S,0,0
D,21285,0,noise,-0.0002,S,0,0
D,21380,0,noise,-0.0002,S,0,0
D,21476,0,noise,-0.0003,S,0,0
D,21572,0,noise,-0.0003,S,0,0
D,21668,0,noise,-0.0003,S,0,0
D,21764,0,noise,-0.0003,S,0,0
P,21859,0,0.0,0,settled,-0.0003
P,22252,0,0.0,0,settled,-0.0003
P,22625,0,0.0,0,settled,-0.0003
P,23018,0,0.0,0,settled,-0.0002
P,23390,0,0.0,0,settled,-0.0002
E,23692,noise baseline done
E,23694,=== trial 1 : C6 tilt 40.0 rep 1 rpm 55 halt 0.30 mode rot (cum 0.00 g) ===
P,26842,1,40.0,1,tare0,0.0000
D,26934,1,preroll,0.0000,S,0,0
D,27023,1,preroll,0.0000,S,0,0
D,27119,1,preroll,0.0000,S,0,0
D,27213,1,preroll,0.0000,S,0,0
D,27309,1,preroll,0.0000,S,0,0
D,27405,1,preroll,0.0000,S,0,0
D,27500,1,preroll,0.0000,S,0,0
D,27596,1,preroll,0.0000,S,0,0
D,27704,1,preroll,0.0000,S,0,0
D,27884,1,preroll,0.0000,S,0,0
D,27980,1,preroll,0.0000,S,0,0
D,28073,1,preroll,0.0000,S,0,0
D,28169,1,preroll,0.0000,S,0,0
D,28265,1,preroll,0.0000,S,0,0
D,28361,1,preroll,0.0000,S,0,0
E,28425,dispense start: mode rot rpm 55
D,28457,1,dispense,0.0000,S,55,0
D,28553,1,dispense,0.0000,S,55,0
D,28648,1,dispense,0.0000,S,55,0
D,28744,1,dispense,0.0000,S,55,1
D,28840,1,dispense,0.0000,S,55,1
D,28936,1,dispense,0.0000,S,55,1
D,29030,1,dispense,0.0000,S,55,2
D,29126,1,dispense,0.0000,S,55,2
D,29221,1,dispense,0.0047,U,55,2
D,29316,1,dispense,0.0100,U,55,3
D,29413,1,dispense,0.0187,U,55,3
D,29508,1,dispense,0.0320,U,55,3
D,29605,1,dispense,0.0506,U,55,4
D,29699,1,dispense,0.0716,U,55,4
D,29796,1,dispense,0.0895,U,55,4
D,29889,1,dispense,0.1003,U,55,5
D,29985,1,dispense,0.1042,U,55,5
D,30081,1,dispense,0.1055,U,55,5
D,30177,1,dispense,0.1090,U,55,6
D,30272,1,dispense,0.1183,U,55,6
D,30368,1,dispense,0.1349,U,55,6
D,30464,1,dispense,0.1593,U,55,7
D,30560,1,dispense,0.1906,U,55,7
D,30656,1,dispense,0.2261,U,55,7
D,30750,1,dispense,0.2605,U,55,8
D,30846,1,dispense,0.2878,U,55,8
D,30941,1,dispense,0.3041,U,55,8
E,30945,TRIGGER 0.3041 g at t=2.43 s -- ALL STOP
D,31038,1,settle,0.3103,U,0,8
D,31133,1,settle,0.3113,U,0,8
D,31229,1,settle,0.3134,U,0,8
D,31325,1,settle,0.3211,U,0,8
D,31421,1,settle,0.3362,U,0,8
D,31516,1,settle,0.3587,U,0,8
D,31612,1,settle,0.3873,U,0,8
D,31706,1,settle,0.4191,U,0,8
D,31802,1,settle,0.4497,U,0,8
D,31898,1,settle,0.4733,U,0,8
D,31994,1,settle,0.4864,U,0,8
D,32090,1,settle,0.4900,U,0,8
D,32185,1,settle,0.4882,U,0,8
D,32281,1,settle,0.4852,U,0,8
D,32377,1,settle,0.4830,U,0,8
D,32473,1,settle,0.4819,U,0,8
D,32567,1,settle,0.4815,U,0,8
D,32663,1,settle,0.4813,U,0,8
D,32758,1,settle,0.4813,U,0,8
D,32854,1,settle,0.4814,U,0,8
D,32950,1,settle,0.4814,U,0,8
D,33046,1,settle,0.4815,U,0,8
D,33142,1,settle,0.4815,U,0,8
D,33238,1,settle,0.4815,U,0,8
D,33334,1,settle,0.4815,S,0,8
D,33428,1,settle,0.4815,S,0,8
D,33524,1,settle,0.4815,S,0,8
D,33619,1,settle,0.4814,S,0,8
D,33715,1,settle,0.4814,S,0,8
D,33811,1,settle,0.4814,S,0,8
D,33907,1,settle,0.4814,S,0,8
D,34003,1,settle,0.4813,U,0,8
D,34099,1,settle,0.4813,S,0,8
D,34194,1,settle,0.4813,S,0,8
D,34290,1,settle,0.4813,S,0,8
D,34384,1,settle,0.4813,S,0,8
D,34480,1,settle,0.4813,S,0,8
D,34576,1,settle,0.4813,S,0,8
D,34672,1,settle,0.4813,S,0,8
D,34768,1,settle,0.4813,S,0,8
D,34864,1,settle,0.4813,S,0,8
D,34960,1,settle,0.4813,S,0,8
D,35055,1,settle,0.4813,S,0,8
D,35151,1,settle,0.4813,S,0,8
D,35245,1,settle,0.4813,S,0,8
D,35341,1,settle,0.4813,S,0,8
D,35437,1,settle,0.4813,S,0,8
D,35533,1,settle,0.4813,S,0,8
D,35628,1,settle,0.4813,S,0,8
D,35724,1,settle,0.4813,S,0,8
D,35820,1,settle,0.4813,S,0,8
D,35916,1,settle,0.4813,S,0,8
D,36012,1,settle,0.4814,S,0,8
D,36108,1,settle,0.4814,S,0,8
D,36202,1,settle,0.4814,S,0,8
D,36298,1,settle,0.4814,S,0,8
D,36393,1,settle,0.4814,S,0,8
D,36489,1,settle,0.4814,S,0,8
D,36585,1,settle,0.4814,S,0,8
D,36681,1,settle,0.4814,S,0,8
D,36777,1,settle,0.4814,S,0,8
D,36873,1,settle,0.4814,S,0,8
D,36969,1,settle,0.4814,S,0,8
D,37062,1,settle,0.4814,S,0,8
D,37158,1,settle,0.4814,S,0,8
D,37254,1,settle,0.4814,S,0,8
D,37350,1,settle,0.4814,S,0,8
D,37446,1,settle,0.4814,S,0,8
D,37542,1,settle,0.4814,S,0,8
D,37638,1,settle,0.4814,S,0,8
D,37733,1,settle,0.4814,S,0,8
D,37829,1,settle,0.4814,S,0,8
D,37923,1,settle,0.4814,S,0,8
D,38019,1,settle,0.4814,S,0,8
D,38115,1,settle,0.4814,S,0,8
D,38211,1,settle,0.4814,S,0,8
D,38307,1,settle,0.4814,S,0,8
D,38403,1,settle,0.4814,S,0,8
D,38498,1,settle,0.4814,S,0,8
D,38594,1,settle,0.4814,S,0,8
D,38690,1,settle,0.4814,S,0,8
D,38786,1,settle,0.4814,S,0,8
D,38880,1,settle,0.4814,S,0,8
D,38976,1,settle,0.4814,S,0,8
P,39073,1,40.0,1,settled,0.4814
D,39167,1,settle,0.4814,S,0,8
D,39268,1,settle,0.4814,S,0,8
D,39359,1,settle,0.4814,S,0,8
D,39455,1,settle,0.4814,S,0,8
D,39551,1,settle,0.4814,S,0,8
D,39647,1,settle,0.4814,S,0,8
D,39740,1,settle,0.4814,S,0,8
D,39836,1,settle,0.4814,S,0,8
D,39932,1,settle,0.4814,S,0,8
D,40028,1,settle,0.4814,S,0,8
D,40124,1,settle,0.4814,S,0,8
D,40220,1,settle,0.4814,S,0,8
D,40316,1,settle,0.4814,S,0,8
D,40411,1,settle,0.4814,S,0,8
D,40507,1,settle,0.4814,S,0,8
D,40601,1,settle,0.4814,S,0,8
D,40697,1,settle,0.4814,S,0,8
D,40793,1,settle,0.4814,S,0,8
D,40889,1,settle,0.4814,S,0,8
D,40985,1,settle,0.4814,S,0,8
D,41081,1,settle,0.4814,S,0,8
D,41176,1,settle,0.4814,S,0,8
D,41272,1,settle,0.4814,S,0,8
D,41368,1,settle,0.4814,S,0,8
D,41464,1,settle,0.4814,S,0,8
D,41558,1,settle,0.4814,S,0,8
D,41653,1,settle,0.4814,S,0,8
D,41749,1,settle,0.4814,S,0,8
D,41845,1,settle,0.4814,S,0,8
D,41941,1,settle,0.4814,S,0,8
D,42037,1,settle,0.4814,S,0,8
P,42134,1,40.0,1,settled2,0.4814
R,1,C6,40.0,1,55,0.30,rot,0.3041,2.53,0.4814,0.4814,0.4814,0.4814,8,ok
E,42141,=== trial 2 : C6 tilt 40.0 rep 1 rpm 55 halt 0.60 mode rot (cum 0.48 g) ===
P,43954,2,40.0,1,tare0,0.0000
D,44046,2,preroll,0.0000,S,0,8
D,44141,2,preroll,0.0000,S,0,8
D,44235,2,preroll,0.0000,S,0,8
D,44331,2,preroll,0.0000,S,0,8
D,44427,2,preroll,0.0000,S,0,8
D,44523,2,preroll,0.0000,S,0,8
D,44619,2,preroll,0.0000,S,0,8
D,44715,2,preroll,0.0000,S,0,8
D,44810,2,preroll,0.0000,S,0,8
D,44906,2,preroll,0.0000,S,0,8
D,45002,2,preroll,0.0000,S,0,8
D,45096,2,preroll,0.0000,S,0,8
D,45192,2,preroll,0.0000,S,0,8
D,45288,2,preroll,0.0000,S,0,8
D,45383,2,preroll,0.0000,S,0,8
D,45479,2,preroll,0.0000,S,0,8
E,45543,dispense start: mode rot rpm 55
D,45575,2,dispense,0.0000,S,55,8
D,45671,2,dispense,0.0000,S,55,8
D,45767,2,dispense,0.0000,S,55,8
D,45863,2,dispense,0.0000,S,55,9
D,45959,2,dispense,0.0000,S,55,9
D,46052,2,dispense,0.0000,S,55,9
D,46148,2,dispense,0.0000,S,55,10
D,46244,2,dispense,0.0000,S,55,10
D,46340,2,dispense,0.0000,S,55,10
D,46434,2,dispense,0.0103,U,55,11
D,46530,2,dispense,0.0188,U,55,11
D,46626,2,dispense,0.0281,U,55,11
D,46722,2,dispense,0.0365,U,55,12
D,46818,2,dispense,0.0425,U,55,12
D,46912,2,dispense,0.0466,U,55,12
D,47007,2,dispense,0.0503,U,55,13
D,47103,2,dispense,0.0562,U,55,13
D,47199,2,dispense,0.0672,U,55,13
D,47295,2,dispense,0.0852,U,55,14
D,47391,2,dispense,0.1110,U,55,14
D,47487,2,dispense,0.1429,U,55,14
D,47583,2,dispense,0.1772,U,55,15
D,47678,2,dispense,0.2084,U,55,15
D,47772,2,dispense,0.2315,U,55,15
D,47868,2,dispense,0.2443,U,55,16
D,47964,2,dispense,0.2490,U,55,16
D,48060,2,dispense,0.2507,U,55,16
D,48156,2,dispense,0.2548,U,55,17
D,48251,2,dispense,0.2646,U,55,17
D,48347,2,dispense,0.2819,U,55,17
D,48443,2,dispense,0.3069,U,55,18
D,48539,2,dispense,0.3387,U,55,18
D,48635,2,dispense,0.3747,U,55,18
D,48729,2,dispense,0.4094,U,55,19
D,48825,2,dispense,0.4368,U,55,19
D,48920,2,dispense,0.4532,U,55,19
D,49016,2,dispense,0.4593,U,55,20
D,49112,2,dispense,0.4604,U,55,20
D,49208,2,dispense,0.4622,U,55,20
D,49304,2,dispense,0.4685,U,55,21
D,49400,2,dispense,0.4807,U,55,21
D,49495,2,dispense,0.4985,U,55,21
D,49589,2,dispense,0.5225,U,55,22
D,49685,2,dispense,0.5527,U,55,22
D,49781,2,dispense,0.5866,U,55,22
D,49877,2,dispense,0.6182,U,55,23
E,49881,TRIGGER 0.6182 g at t=4.30 s -- ALL STOP
D,49974,2,settle,0.6406,U,0,23
D,50069,2,settle,0.6514,U,0,23
D,50164,2,settle,0.6535,U,0,23
D,50260,2,settle,0.6531,U,0,23
D,50356,2,settle,0.6557,U,0,23
D,50450,2,settle,0.6643,U,0,23
D,50546,2,settle,0.6795,U,0,23
D,50642,2,settle,0.7005,U,0,23
D,50737,2,settle,0.7256,U,0,23
D,50833,2,settle,0.7518,U,0,23
D,50929,2,settle,0.7762,U,0,23
D,51025,2,settle,0.7963,U,0,23
D,51126,2,settle,0.8105,U,0,23
D,51217,2,settle,0.8183,U,0,23
D,51312,2,settle,0.8204,U,0,23
D,51407,2,settle,0.8192,U,0,23
D,51502,2,settle,0.8172,U,0,23
D,51598,2,settle,0.8158,U,0,23
D,51694,2,settle,0.8151,U,0,23
D,51790,2,settle,0.8149,U,0,23
D,51886,2,settle,0.8149,U,0,23
D,51981,2,settle,0.8150,U,0,23
D,52077,2,settle,0.8150,U,0,23
D,52173,2,settle,0.8151,U,0,23
D,52267,2,settle,0.8151,U,0,23
D,52363,2,settle,0.8152,U,0,23
D,52459,2,settle,0.8152,U,0,23
D,52555,2,settle,0.8152,U,0,23
D,52651,2,settle,0.8153,U,0,23
D,52746,2,settle,0.8153,U,0,23
D,52842,2,settle,0.8154,U,0,23
D,52938,2,settle,0.8154,U,0,23
D,53034,2,settle,0.8154,U,0,23
D,53130,2,settle,0.8153,S,0,23
D,53224,2,settle,0.8153,S,0,23
D,53320,2,settle,0.8153,S,0,23
D,53415,2,settle,0.8153,S,0,23
D,53511,2,settle,0.8153,S,0,23
D,53607,2,settle,0.8153,S,0,23
D,53703,2,settle,0.8153,S,0,23
D,53799,2,settle,0.8153,S,0,23
D,53895,2,settle,0.8152,S,0,23
D,53991,2,settle,0.8153,S,0,23
D,54085,2,settle,0.8153,S,0,23
D,54180,2,settle,0.8153,S,0,23
D,54276,2,settle,0.8153,S,0,23
D,54372,2,settle,0.8152,S,0,23
D,54468,2,settle,0.8152,S,0,23
D,54564,2,settle,0.8152,S,0,23
D,54660,2,settle,0.8152,S,0,23
D,54756,2,settle,0.8152,S,0,23
D,54851,2,settle,0.8152,S,0,23
D,54945,2,settle,0.8152,S,0,23
D,55041,2,settle,0.8152,S,0,23
D,55137,2,settle,0.8152,S,0,23
D,55233,2,settle,0.8152,S,0,23
D,55329,2,settle,0.8152,S,0,23
D,55425,2,settle,0.8152,S,0,23
D,55520,2,settle,0.8152,S,0,23
D,55616,2,settle,0.8152,S,0,23
D,55712,2,settle,0.8152,S,0,23
D,55808,2,settle,0.8152,S,0,23
D,55902,2,settle,0.8152,S,0,23
D,55998,2,settle,0.8152,S,0,23
D,56094,2,settle,0.8152,S,0,23
D,56190,2,settle,0.8152,S,0,23
D,56285,2,settle,0.8152,S,0,23
D,56381,2,settle,0.8152,S,0,23
D,56477,2,settle,0.8152,S,0,23
D,56573,2,settle,0.8152,S,0,23
D,56669,2,settle,0.8152,S,0,23
D,56763,2,settle,0.8152,S,0,23
D,56859,2,settle,0.8152,S,0,23
D,56955,2,settle,0.8152,S,0,23
D,57050,2,settle,0.8152,S,0,23
D,57146,2,settle,0.8152,S,0,23
D,57242,2,settle,0.8152,S,0,23
D,57338,2,settle,0.8152,S,0,23
D,57434,2,settle,0.8152,S,0,23
D,57530,2,settle,0.8152,S,0,23
D,57624,2,settle,0.8152,S,0,23
D,57719,2,settle,0.8152,S,0,23
D,57815,2,settle,0.8152,S,0,23
D,57911,2,settle,0.8152,S,0,23
P,58008,2,40.0,1,settled,0.8152
D,58103,2,settle,0.8152,S,0,23
D,58199,2,settle,0.8152,S,0,23
D,58295,2,settle,0.8152,S,0,23
D,58390,2,settle,0.8152,S,0,23
D,58486,2,settle,0.8152,S,0,23
D,58580,2,settle,0.8152,S,0,23
D,58676,2,settle,0.8152,S,0,23
D,58772,2,settle,0.8152,S,0,23
D,58868,2,settle,0.8152,S,0,23
D,58964,2,settle,0.8152,S,0,23
D,59059,2,settle,0.8152,S,0,23
D,59155,2,settle,0.8152,S,0,23
D,59251,2,settle,0.8152,S,0,23
D,59347,2,settle,0.8152,S,0,23
D,59441,2,settle,0.8152,S,0,23
D,59537,2,settle,0.8152,S,0,23
D,59633,2,settle,0.8152,S,0,23
D,59728,2,settle,0.8152,S,0,23
D,59824,2,settle,0.8152,S,0,23
D,59920,2,settle,0.8152,S,0,23
D,60016,2,settle,0.8152,S,0,23
D,60112,2,settle,0.8152,S,0,23
D,60208,2,settle,0.8152,S,0,23
D,60303,2,settle,0.8152,S,0,23
D,60397,2,settle,0.8151,S,0,23
D,60493,2,settle,0.8151,S,0,23
D,60589,2,settle,0.8151,S,0,23
D,60685,2,settle,0.8151,S,0,23
D,60781,2,settle,0.8151,S,0,23
D,60877,2,settle,0.8151,S,0,23
D,60972,2,settle,0.8151,S,0,23
P,61069,2,40.0,1,settled2,0.8151
R,2,C6,40.0,1,55,0.60,rot,0.6182,4.34,0.8152,0.8151,0.8152,1.2966,15,ok
E,61076,=== trial 3 : C6 tilt 55.0 rep 1 rpm 55 halt 0.60 mode rot (cum 1.30 g) ===
P,63362,3,55.0,1,tare0,0.0000
D,63458,3,preroll,0.0000,S,0,23
D,63554,3,preroll,0.0000,S,0,23
D,63650,3,preroll,0.0000,S,0,23
D,63746,3,preroll,0.0000,S,0,23
D,63842,3,preroll,0.0000,S,0,23
D,63935,3,preroll,0.0000,S,0,23
D,64031,3,preroll,0.0000,S,0,23
D,64127,3,preroll,0.0000,S,0,23
D,64223,3,preroll,0.0000,S,0,23
D,64319,3,preroll,0.0000,S,0,23
D,64415,3,preroll,0.0000,S,0,23
D,64511,3,preroll,0.0000,S,0,23
D,64606,3,preroll,0.0000,S,0,23
D,64702,3,preroll,0.0000,S,0,23
D,64796,3,preroll,0.0000,S,0,23
D,64892,3,preroll,0.0000,S,0,23
E,64957,dispense start: mode rot rpm 55
D,64988,3,dispense,0.0000,S,55,23
D,65084,3,dispense,0.0000,S,55,23
D,65180,3,dispense,0.0000,S,55,23
D,65281,3,dispense,0.0000,S,55,24
D,65374,3,dispense,0.0000,S,55,24
D,65467,3,dispense,0.0000,S,55,24
D,65563,3,dispense,0.0000,S,55,25
D,65657,3,dispense,0.0051,U,55,25
D,65751,3,dispense,0.0138,U,55,25
D,65847,3,dispense,0.0286,U,55,26
D,65943,3,dispense,0.0478,U,55,26
D,66040,3,dispense,0.0664,U,55,26
D,66135,3,dispense,0.0802,U,55,27
D,66230,3,dispense,0.0879,U,55,27
D,66326,3,dispense,0.0915,U,55,27
D,66422,3,dispense,0.0943,U,55,28
D,66518,3,dispense,0.0995,U,55,28
D,66612,3,dispense,0.1097,U,55,28
D,66708,3,dispense,0.1264,U,55,29
D,66804,3,dispense,0.1502,U,55,29
D,66899,3,dispense,0.1811,U,55,29
D,66995,3,dispense,0.2175,U,55,30
D,67091,3,dispense,0.2557,U,55,30
D,67187,3,dispense,0.2899,U,55,30
D,67283,3,dispense,0.3142,U,55,31
D,67379,3,dispense,0.3266,U,55,31
D,67472,3,dispense,0.3303,U,55,31
D,67568,3,dispense,0.3320,U,55,32
D,67664,3,dispense,0.3378,U,55,32
D,67760,3,dispense,0.3512,U,55,32
D,67856,3,dispense,0.3729,U,55,33
D,67952,3,dispense,0.4018,U,55,33
D,68047,3,dispense,0.4362,U,55,33
D,68144,3,dispense,0.4731,U,55,34
D,68239,3,dispense,0.5079,U,55,34
D,68335,3,dispense,0.5355,U,55,34
D,68429,3,dispense,0.5526,U,55,35
D,68525,3,dispense,0.5599,U,55,35
D,68621,3,dispense,0.5622,U,55,35
D,68716,3,dispense,0.5659,U,55,36
D,68812,3,dispense,0.5758,U,55,36
D,68908,3,dispense,0.5940,U,55,36
D,69004,3,dispense,0.6200,U,55,37
E,69008,TRIGGER 0.6200 g at t=4.02 s -- ALL STOP
D,69100,3,settle,0.6519,U,0,37
D,69196,3,settle,0.6866,U,0,37
D,69289,3,settle,0.7200,U,0,37
D,69385,3,settle,0.7475,U,0,37
D,69481,3,settle,0.7655,U,0,37
D,69577,3,settle,0.7742,U,0,37
D,69673,3,settle,0.7770,U,0,37
D,69769,3,settle,0.7783,U,0,37
D,69865,3,settle,0.7802,U,0,37
D,69960,3,settle,0.7823,U,0,37
D,70056,3,settle,0.7837,U,0,37
D,70152,3,settle,0.7838,U,0,37
D,70246,3,settle,0.7833,U,0,37
D,70342,3,settle,0.7827,U,0,37
D,70438,3,settle,0.7824,U,0,37
D,70534,3,settle,0.7824,U,0,37
D,70629,3,settle,0.7824,U,0,37
D,70725,3,settle,0.7824,U,0,37
D,70821,3,settle,0.7824,U,0,37
D,70917,3,settle,0.7825,S,0,37
D,71013,3,settle,0.7825,S,0,37
D,71107,3,settle,0.7826,U,0,37
D,71203,3,settle,0.7826,U,0,37
D,71298,3,settle,0.7826,U,0,37
D,71394,3,settle,0.7827,U,0,37
D,71490,3,settle,0.7827,U,0,37
D,71586,3,settle,0.7827,S,0,37
D,71682,3,settle,0.7827,S,0,37
D,71778,3,settle,0.7827,S,0,37
D,71874,3,settle,0.7827,S,0,37
D,71968,3,settle,0.7826,S,0,37
D,72064,3,settle,0.7826,S,0,37
D,72159,3,settle,0.7826,S,0,37
D,72255,3,settle,0.7826,S,0,37
D,72351,3,settle,0.7826,S,0,37
D,72447,3,settle,0.7826,S,0,37
D,72543,3,settle,0.7826,S,0,37
D,72639,3,settle,0.7826,S,0,37
D,72734,3,settle,0.7826,S,0,37
D,72830,3,settle,0.7826,S,0,37
D,72924,3,settle,0.7826,S,0,37
D,73020,3,settle,0.7826,S,0,37
D,73116,3,settle,0.7826,S,0,37
D,73212,3,settle,0.7826,S,0,37
D,73308,3,settle,0.7826,S,0,37
D,73403,3,settle,0.7826,S,0,37
D,73500,3,settle,0.7826,S,0,37
D,73595,3,settle,0.7825,S,0,37
D,73691,3,settle,0.7825,S,0,37
D,73785,3,settle,0.7825,S,0,37
D,73881,3,settle,0.7825,S,0,37
D,73977,3,settle,0.7825,S,0,37
D,74073,3,settle,0.7825,S,0,37
D,74168,3,settle,0.7825,S,0,37
D,74264,3,settle,0.7825,S,0,37
D,74360,3,settle,0.7825,S,0,37
D,74456,3,settle,0.7825,S,0,37
D,74552,3,settle,0.7825,S,0,37
D,74646,3,settle,0.7825,S,0,37
D,74742,3,settle,0.7825,S,0,37
D,74837,3,settle,0.7825,S,0,37
D,74933,3,settle,0.7825,S,0,37
D,75029,3,settle,0.7826,S,0,37
D,75125,3,settle,0.7826,S,0,37
D,75221,3,settle,0.7826,S,0,37
D,75317,3,settle,0.7826,S,0,37
D,75413,3,settle,0.7826,S,0,37
D,75509,3,settle,0.7826,S,0,37
D,75602,3,settle,0.7826,S,0,37
D,75698,3,settle,0.7826,S,0,37
D,75794,3,settle,0.7826,S,0,37
D,75894,3,settle,0.7826,S,0,37
D,75986,3,settle,0.7826,S,0,37
D,76082,3,settle,0.7826,S,0,37
D,76178,3,settle,0.7826,S,0,37
D,76273,3,settle,0.7826,S,0,37
D,76369,3,settle,0.7826,S,0,37
D,76463,3,settle,0.7826,S,0,37
D,76559,3,settle,0.7826,S,0,37
D,76655,3,settle,0.7826,S,0,37
D,76751,3,settle,0.7826,S,0,37
D,76847,3,settle,0.7826,S,0,37
D,76943,3,settle,0.7826,S,0,37
D,77038,3,settle,0.7826,S,0,37
P,77135,3,55.0,1,settled,0.7826
D,77230,3,settle,0.7826,S,0,37
D,77326,3,settle,0.7826,S,0,37
D,77420,3,settle,0.7826,S,0,37
D,77516,3,settle,0.7826,S,0,37
D,77611,3,settle,0.7826,S,0,37
D,77707,3,settle,0.7826,S,0,37
D,77803,3,settle,0.7826,S,0,37
D,77899,3,settle,0.7826,S,0,37
D,77995,3,settle,0.7826,S,0,37
D,78091,3,settle,0.7826,S,0,37
D,78187,3,settle,0.7826,S,0,37
D,78280,3,settle,0.7826,S,0,37
D,78376,3,settle,0.7826,S,0,37
D,78472,3,settle,0.7826,S,0,37
D,78568,3,settle,0.7827,S,0,37
D,78664,3,settle,0.7827,S,0,37
D,78760,3,settle,0.7827,S,0,37
D,78855,3,settle,0.7827,S,0,37
D,78951,3,settle,0.7827,S,0,37
D,79047,3,settle,0.7827,S,0,37
D,79141,3,settle,0.7827,S,0,37
D,79237,3,settle,0.7827,S,0,37
D,79333,3,settle,0.7827,S,0,37
D,79429,3,settle,0.7827,S,0,37
D,79524,3,settle,0.7827,S,0,37
D,79620,3,settle,0.7827,S,0,37
D,79716,3,settle,0.7827,S,0,37
D,79812,3,settle,0.7827,S,0,37
D,79908,3,settle,0.7827,S,0,37
D,80004,3,settle,0.7827,S,0,37
D,80097,3,settle,0.7827,S,0,37
P,80194,3,55.0,1,settled2,0.7827
R,3,C6,55.0,1,55,0.60,rot,0.6200,4.06,0.7826,0.7827,0.7826,2.0792,14,ok
E,80201,=== trial 4 : C6 tilt 55.0 rep 1 rpm 55 halt 0.30 mode rot (cum 2.08 g) ===
P,82014,4,55.0,1,tare0,0.0000
D,82106,4,preroll,0.0000,S,0,37
D,82202,4,preroll,0.0000,S,0,37
D,82298,4,preroll,0.0000,S,0,37
D,82394,4,preroll,0.0000,S,0,37
D,82490,4,preroll,0.0000,S,0,37
D,82585,4,preroll,0.0000,S,0,37
D,82681,4,preroll,0.0000,S,0,37
D,82775,4,preroll,0.0000,S,0,37
D,82871,4,preroll,0.0000,S,0,37
D,82967,4,preroll,0.0000,S,0,37
D,83063,4,preroll,0.0000,S,0,37
D,83159,4,preroll,0.0000,S,0,37
D,83254,4,preroll,0.0000,S,0,37
D,83350,4,preroll,0.0000,S,0,37
D,83446,4,preroll,0.0000,S,0,37
D,83542,4,preroll,0.0000,S,0,37
E,83607,dispense start: mode rot rpm 55
D,83636,4,dispense,0.0000,S,55,37
D,83732,4,dispense,0.0000,S,55,37
D,83827,4,dispense,0.0000,S,55,37
D,83923,4,dispense,0.0000,S,55,38
D,84019,4,dispense,0.0000,S,55,38
D,84115,4,dispense,0.0000,S,55,38
D,84211,4,dispense,0.0000,S,55,39
D,84307,4,dispense,0.0000,S,55,39
D,84402,4,dispense,0.0000,S,55,39
D,84495,4,dispense,0.0073,U,55,40
D,84591,4,dispense,0.0142,U,55,40
D,84687,4,dispense,0.0251,U,55,40
D,84782,4,dispense,0.0406,U,55,41
D,84878,4,dispense,0.0601,U,55,41
D,84974,4,dispense,0.0814,U,55,41
D,85070,4,dispense,0.1027,U,55,42
D,85166,4,dispense,0.1224,U,55,42
D,85262,4,dispense,0.1390,U,55,42
D,85358,4,dispense,0.1511,U,55,43
D,85451,4,dispense,0.1586,U,55,43
D,85547,4,dispense,0.1638,U,55,43
D,85643,4,dispense,0.1696,U,55,44
D,85739,4,dispense,0.1788,U,55,44
D,85835,4,dispense,0.1924,U,55,44
D,85931,4,dispense,0.2097,U,55,45
D,86026,4,dispense,0.2291,U,55,45
D,86122,4,dispense,0.2490,U,55,45
D,86218,4,dispense,0.2683,U,55,46
D,86312,4,dispense,0.2860,U,55,46
D,86408,4,dispense,0.3009,U,55,46
E,86413,TRIGGER 0.3009 g at t=2.71 s -- ALL STOP
D,86505,4,settle,0.3122,U,0,46
D,86600,4,settle,0.3198,U,0,46
D,86695,4,settle,0.3254,U,0,46
D,86791,4,settle,0.3316,U,0,46
D,86887,4,settle,0.3400,U,0,46
D,86983,4,settle,0.3501,U,0,46
D,87079,4,settle,0.3604,U,0,46
D,87175,4,settle,0.3695,U,0,46
D,87268,4,settle,0.3765,U,0,46
D,87364,4,settle,0.3810,U,0,46
D,87460,4,settle,0.3826,U,0,46
D,87556,4,settle,0.3823,U,0,46
D,87652,4,settle,0.3813,U,0,46
D,87748,4,settle,0.3805,U,0,46
D,87844,4,settle,0.3801,U,0,46
D,87939,4,settle,0.3801,U,0,46
D,88035,4,settle,0.3801,U,0,46
D,88129,4,settle,0.3801,U,0,46
D,88225,4,settle,0.3801,U,0,46
D,88321,4,settle,0.3801,S,0,46
D,88421,4,settle,0.3802,S,0,46
D,88513,4,settle,0.3802,S,0,46
D,88609,4,settle,0.3802,S,0,46
D,88704,4,settle,0.3802,S,0,46
D,88800,4,settle,0.3802,S,0,46
D,88896,4,settle,0.3802,S,0,46
D,88990,4,settle,0.3802,S,0,46
D,89086,4,settle,0.3802,S,0,46
D,89182,4,settle,0.3802,S,0,46
D,89278,4,settle,0.3802,S,0,46
D,89373,4,settle,0.3802,S,0,46
D,89469,4,settle,0.3802,S,0,46
D,89565,4,settle,0.3802,S,0,46
D,89661,4,settle,0.3802,S,0,46
D,89757,4,settle,0.3802,S,0,46
D,89853,4,settle,0.3801,S,0,46
D,89947,4,settle,0.3801,S,0,46
D,90043,4,settle,0.3801,S,0,46
D,90138,4,settle,0.3801,S,0,46
D,90234,4,settle,0.3801,S,0,46
D,90330,4,settle,0.3801,S,0,46
D,90426,4,settle,0.3801,S,0,46
D,90522,4,settle,0.3801,S,0,46
D,90618,4,settle,0.3801,S,0,46
D,90714,4,settle,0.3801,S,0,46
D,90807,4,settle,0.3801,S,0,46
D,90903,4,settle,0.3801,S,0,46
D,90999,4,settle,0.3801,S,0,46
D,91095,4,settle,0.3801,S,0,46
D,91191,4,settle,0.3801,S,0,46
D,91287,4,settle,0.3801,S,0,46
D,91383,4,settle,0.3801,S,0,46
D,91479,4,settle,0.3801,S,0,46
D,91574,4,settle,0.3801,S,0,46
D,91668,4,settle,0.3801,S,0,46
D,91764,4,settle,0.3801,S,0,46
D,91860,4,settle,0.3801,S,0,46
D,91956,4,settle,0.3801,S,0,46
D,92052,4,settle,0.3801,S,0,46
D,92147,4,settle,0.3801,S,0,46
D,92244,4,settle,0.3802,S,0,46
D,92339,4,settle,0.3802,S,0,46
D,92435,4,settle,0.3802,S,0,46
D,92531,4,settle,0.3802,S,0,46
D,92625,4,settle,0.3802,S,0,46
D,92721,4,settle,0.3802,S,0,46
D,92817,4,settle,0.3802,S,0,46
D,92912,4,settle,0.3802,S,0,46
D,93009,4,settle,0.3802,S,0,46
D,93104,4,settle,0.3802,S,0,46
D,93200,4,settle,0.3802,S,0,46
D,93296,4,settle,0.3802,S,0,46
D,93392,4,settle,0.3802,S,0,46
D,93486,4,settle,0.3802,S,0,46
D,93582,4,settle,0.3802,S,0,46
D,93677,4,settle,0.3802,S,0,46
D,93773,4,settle,0.3802,S,0,46
D,93869,4,settle,0.3802,S,0,46
D,93965,4,settle,0.3803,S,0,46
D,94061,4,settle,0.3803,S,0,46
D,94157,4,settle,0.3803,S,0,46
D,94253,4,settle,0.3803,S,0,46
D,94346,4,settle,0.3803,S,0,46
D,94442,4,settle,0.3803,S,0,46
P,94539,4,55.0,1,settled,0.3803
D,94634,4,settle,0.3803,S,0,46
D,94730,4,settle,0.3803,S,0,46
D,94826,4,settle,0.3803,S,0,46
D,94922,4,settle,0.3803,S,0,46
D,95017,4,settle,0.3804,S,0,46
D,95113,4,settle,0.3804,S,0,46
D,95209,4,settle,0.3804,S,0,46
D,95303,4,settle,0.3804,S,0,46
D,95399,4,settle,0.3804,S,0,46
D,95495,4,settle,0.3804,S,0,46
D,95590,4,settle,0.3804,S,0,46
D,95686,4,settle,0.3804,S,0,46
D,95782,4,settle,0.3804,S,0,46
D,95878,4,settle,0.3804,S,0,46
D,95974,4,settle,0.3804,S,0,46
D,96070,4,settle,0.3804,S,0,46
D,96164,4,settle,0.3804,S,0,46
D,96259,4,settle,0.3804,S,0,46
D,96355,4,settle,0.3804,S,0,46
D,96451,4,settle,0.3804,S,0,46
D,96546,4,settle,0.3802,U,0,46
D,96642,4,settle,0.3802,U,0,46
D,96738,4,settle,0.3802,U,0,46
D,96833,4,settle,0.3802,U,0,46
D,96929,4,settle,0.3802,U,0,46
D,97025,4,settle,0.3802,S,0,46
D,97119,4,settle,0.3802,S,0,46
D,97215,4,settle,0.3802,S,0,46
D,97311,4,settle,0.3802,S,0,46
D,97407,4,settle,0.3803,S,0,46
D,97502,4,settle,0.3803,S,0,46
P,97599,4,55.0,1,settled2,0.3803
R,4,C6,55.0,1,55,0.30,rot,0.3009,2.81,0.3803,0.3803,0.3803,2.4595,9,ok
E,97606,=== trial 5 : C6 tilt 70.0 rep 1 rpm 55 halt 0.30 mode rot (cum 2.46 g) ===
P,102295,5,70.0,1,tare0,0.0000
D,102387,5,preroll,0.0000,S,0,46
D,102581,5,preroll,0.0000,S,0,46
D,102774,5,preroll,0.0000,S,0,46
D,102954,5,preroll,0.0000,S,0,46
D,103050,5,preroll,0.0000,S,0,46
D,103146,5,preroll,0.0000,S,0,46
D,103241,5,preroll,0.0000,S,0,46
D,103335,5,preroll,0.0000,S,0,46
D,103431,5,preroll,0.0000,S,0,46
D,103527,5,preroll,0.0000,S,0,46
D,103623,5,preroll,0.0000,S,0,46
D,103719,5,preroll,0.0000,S,0,46
D,103815,5,preroll,0.0000,S,0,46
E,103880,dispense start: mode rot rpm 55
D,103911,5,dispense,0.0000,S,55,46
D,104006,5,dispense,0.0000,S,55,46
D,104102,5,dispense,0.0000,S,55,46
D,104198,5,dispense,0.0000,S,55,47
D,104292,5,dispense,0.0000,S,55,47
D,104388,5,dispense,0.0000,S,55,47
D,104484,5,dispense,0.0000,S,55,48
D,104580,5,dispense,0.0000,S,55,48
D,104676,5,dispense,0.0000,S,55,48
D,104770,5,dispense,0.0083,U,55,49
D,104866,5,dispense,0.0138,U,55,49
D,104962,5,dispense,0.0199,U,55,49
D,105058,5,dispense,0.0266,U,55,50
D,105152,5,dispense,0.0342,U,55,50
D,105247,5,dispense,0.0434,U,55,50
D,105343,5,dispense,0.0543,U,55,51
D,105439,5,dispense,0.0669,U,55,51
D,105535,5,dispense,0.0806,U,55,51
D,105632,5,dispense,0.0949,U,55,52
D,105727,5,dispense,0.1090,U,55,52
D,105823,5,dispense,0.1223,U,55,52
D,105918,5,dispense,0.1344,U,55,53
D,106012,5,dispense,0.1453,U,55,53
D,106108,5,dispense,0.1545,U,55,53
D,106204,5,dispense,0.1608,U,55,54
D,106300,5,dispense,0.1639,U,55,54
D,106396,5,dispense,0.1647,U,55,54
D,106491,5,dispense,0.1654,U,55,55
D,106587,5,dispense,0.1684,U,55,55
D,106683,5,dispense,0.1753,U,55,55
D,106779,5,dispense,0.1862,U,55,56
D,106875,5,dispense,0.1997,U,55,56
D,106969,5,dispense,0.2140,U,55,56
D,107065,5,dispense,0.2272,U,55,57
D,107161,5,dispense,0.2384,U,55,57
D,107256,5,dispense,0.2473,U,55,57
D,107352,5,dispense,0.2549,U,55,58
D,107448,5,dispense,0.2627,U,55,58
D,107544,5,dispense,0.2724,U,55,58
D,107640,5,dispense,0.2845,U,55,59
D,107735,5,dispense,0.2984,U,55,59
D,107829,5,dispense,0.3126,U,55,59
E,107833,TRIGGER 0.3126 g at t=3.86 s -- ALL STOP
D,107926,5,settle,0.3253,U,0,59
D,108021,5,settle,0.3356,U,0,59
D,108117,5,settle,0.3440,U,0,59
D,108213,5,settle,0.3513,U,0,59
D,108309,5,settle,0.3578,U,0,59
D,108404,5,settle,0.3639,U,0,59
D,108500,5,settle,0.3701,U,0,59
D,108596,5,settle,0.3768,U,0,59
D,108690,5,settle,0.3829,U,0,59
D,108786,5,settle,0.3870,U,0,59
D,108882,5,settle,0.3884,U,0,59
D,108978,5,settle,0.3881,U,0,59
D,109073,5,settle,0.3872,U,0,59
D,109169,5,settle,0.3866,U,0,59
D,109265,5,settle,0.3863,U,0,59
D,109361,5,settle,0.3863,U,0,59
D,109457,5,settle,0.3863,U,0,59
D,109553,5,settle,0.3863,U,0,59
D,109646,5,settle,0.3863,U,0,59
D,109742,5,settle,0.3863,S,0,59
D,109838,5,settle,0.3863,S,0,59
D,109934,5,settle,0.3862,S,0,59
D,110030,5,settle,0.3862,S,0,59
D,110126,5,settle,0.3862,S,0,59
D,110222,5,settle,0.3862,S,0,59
D,110317,5,settle,0.3862,S,0,59
D,110414,5,settle,0.3862,S,0,59
D,110507,5,settle,0.3862,S,0,59
D,110603,5,settle,0.3862,S,0,59
D,110699,5,settle,0.3862,S,0,59
D,110795,5,settle,0.3861,S,0,59
D,110891,5,settle,0.3861,S,0,59
D,110987,5,settle,0.3861,S,0,59
D,111082,5,settle,0.3861,S,0,59
D,111178,5,settle,0.3861,S,0,59
D,111274,5,settle,0.3861,S,0,59
D,111370,5,settle,0.3861,S,0,59
D,111464,5,settle,0.3861,S,0,59
D,111560,5,settle,0.3861,S,0,59
D,111656,5,settle,0.3861,S,0,59
D,111752,5,settle,0.3861,S,0,59
D,111848,5,settle,0.3861,S,0,59
D,111943,5,settle,0.3861,S,0,59
D,112039,5,settle,0.3861,S,0,59
D,112135,5,settle,0.3860,S,0,59
D,112231,5,settle,0.3860,S,0,59
D,112325,5,settle,0.3860,S,0,59
D,112421,5,settle,0.3860,S,0,59
D,112516,5,settle,0.3860,S,0,59
D,112612,5,settle,0.3860,S,0,59
D,112708,5,settle,0.3860,S,0,59
D,112804,5,settle,0.3860,S,0,59
D,112900,5,settle,0.3860,S,0,59
D,112996,5,settle,0.3860,S,0,59
D,113092,5,settle,0.3860,S,0,59
D,113197,5,settle,0.3860,S,0,59
D,113377,5,settle,0.3860,S,0,59
D,113473,5,settle,0.3860,S,0,59
D,113569,5,settle,0.3860,S,0,59
D,113665,5,settle,0.3860,S,0,59
D,113761,5,settle,0.3860,S,0,59
D,113857,5,settle,0.3860,S,0,59
D,113952,5,settle,0.3860,S,0,59
D,114048,5,settle,0.3861,S,0,59
D,114142,5,settle,0.3861,S,0,59
D,114238,5,settle,0.3861,S,0,59
D,114334,5,settle,0.3861,S,0,59
D,114430,5,settle,0.3861,S,0,59
D,114526,5,settle,0.3861,S,0,59
D,114621,5,settle,0.3861,S,0,59
D,114718,5,settle,0.3861,S,0,59
D,114813,5,settle,0.3861,S,0,59
D,114909,5,settle,0.3861,S,0,59
D,115003,5,settle,0.3861,S,0,59
D,115099,5,settle,0.3861,S,0,59
D,115195,5,settle,0.3861,S,0,59
D,115291,5,settle,0.3861,S,0,59
D,115386,5,settle,0.3861,S,0,59
D,115482,5,settle,0.3861,S,0,59
D,115578,5,settle,0.3861,S,0,59
D,115674,5,settle,0.3861,S,0,59
D,115770,5,settle,0.3861,S,0,59
D,115864,5,settle,0.3861,S,0,59
P,115960,5,70.0,1,settled,0.3861
D,116056,5,settle,0.3861,S,0,59
D,116151,5,settle,0.3861,S,0,59
D,116247,5,settle,0.3861,S,0,59
D,116343,5,settle,0.3861,S,0,59
D,116439,5,settle,0.3861,S,0,59
D,116535,5,settle,0.3861,S,0,59
D,116630,5,settle,0.3861,S,0,59
D,116727,5,settle,0.3861,S,0,59
D,116820,5,settle,0.3861,S,0,59
D,116916,5,settle,0.3861,S,0,59
D,117012,5,settle,0.3861,S,0,59
D,117108,5,settle,0.3861,S,0,59
D,117204,5,settle,0.3861,S,0,59
D,117300,5,settle,0.3861,S,0,59
D,117395,5,settle,0.3861,S,0,59
D,117491,5,settle,0.3861,S,0,59
D,117587,5,settle,0.3861,S,0,59
D,117681,5,settle,0.3861,S,0,59
D,117777,5,settle,0.3861,S,0,59
D,117872,5,settle,0.3861,S,0,59
D,117968,5,settle,0.3861,S,0,59
D,118064,5,settle,0.3861,S,0,59
D,118160,5,settle,0.3862,S,0,59
D,118256,5,settle,0.3862,S,0,59
D,118352,5,settle,0.3862,S,0,59
D,118448,5,settle,0.3862,S,0,59
D,118541,5,settle,0.3862,S,0,59
D,118637,5,settle,0.3862,S,0,59
D,118733,5,settle,0.3862,S,0,59
D,118829,5,settle,0.3862,S,0,59
D,118925,5,settle,0.3862,S,0,59
P,119022,5,70.0,1,settled2,0.3862
R,5,C6,70.0,1,55,0.30,rot,0.3126,3.96,0.3861,0.3862,0.3861,2.8456,13,ok
E,119029,=== trial 6 : C6 tilt 70.0 rep 1 rpm 55 halt 0.60 mode rot (cum 2.85 g) ===
P,120842,6,70.0,1,tare0,0.0000
D,120934,6,preroll,0.0000,S,0,59
D,121029,6,preroll,0.0000,S,0,59
D,121125,6,preroll,0.0000,S,0,59
D,121221,6,preroll,0.0000,S,0,59
D,121315,6,preroll,0.0000,S,0,59
D,121411,6,preroll,0.0000,S,0,59
D,121507,6,preroll,0.0000,S,0,59
D,121603,6,preroll,0.0000,S,0,59
D,121698,6,preroll,0.0000,S,0,59
D,121794,6,preroll,0.0000,S,0,59
D,121890,6,preroll,0.0000,S,0,59
D,121986,6,preroll,0.0000,S,0,59
D,122082,6,preroll,0.0000,S,0,59
D,122175,6,preroll,0.0000,S,0,59
D,122271,6,preroll,0.0000,S,0,59
D,122367,6,preroll,0.0000,S,0,59
E,122432,dispense start: mode rot rpm 55
D,122463,6,dispense,0.0000,S,55,59
D,122559,6,dispense,0.0000,S,55,59
D,122655,6,dispense,0.0000,S,55,59
D,122751,6,dispense,0.0000,S,55,60
D,122846,6,dispense,0.0000,S,55,60
D,122942,6,dispense,0.0000,S,55,60
D,123036,6,dispense,0.0000,S,55,61
D,123132,6,dispense,0.0000,S,55,61
D,123227,6,dispense,0.0065,U,55,61
D,123322,6,dispense,0.0146,U,55,62
D,123418,6,dispense,0.0265,U,55,62
D,123514,6,dispense,0.0404,U,55,62
D,123610,6,dispense,0.0540,U,55,63
D,123706,6,dispense,0.0653,U,55,63
D,123802,6,dispense,0.0738,U,55,63
D,123898,6,dispense,0.0794,U,55,64
D,123991,6,dispense,0.0826,U,55,64
D,124087,6,dispense,0.0842,U,55,64
D,124183,6,dispense,0.0861,U,55,65
D,124279,6,dispense,0.0904,U,55,65
D,124375,6,dispense,0.0981,U,55,65
D,124471,6,dispense,0.1086,U,55,66
D,124566,6,dispense,0.1202,U,55,66
D,124662,6,dispense,0.1313,U,55,66
D,124758,6,dispense,0.1413,U,55,67
D,124852,6,dispense,0.1500,U,55,67
D,124948,6,dispense,0.1573,U,55,67
D,125044,6,dispense,0.1631,U,55,68
D,125139,6,dispense,0.1673,U,55,68
D,125235,6,dispense,0.1706,U,55,68
D,125331,6,dispense,0.1749,U,55,69
D,125427,6,dispense,0.1816,U,55,69
D,125523,6,dispense,0.1912,U,55,69
D,125619,6,dispense,0.2031,U,55,70
D,125724,6,dispense,0.2165,U,55,70
D,125816,6,dispense,0.2302,U,55,70
D,126012,6,dispense,0.2524,U,55,71
D,126105,6,dispense,0.2581,U,55,71
D,126198,6,dispense,0.2603,U,55,71
D,126289,6,dispense,0.2612,U,55,72
D,126383,6,dispense,0.2635,U,55,72
D,126479,6,dispense,0.2693,U,55,72
D,126575,6,dispense,0.2789,U,55,73
D,126669,6,dispense,0.2907,U,55,73
D,126765,6,dispense,0.3032,U,55,73
D,126861,6,dispense,0.3149,U,55,74
D,126956,6,dispense,0.3251,U,55,74
D,127052,6,dispense,0.3335,U,55,74
D,127148,6,dispense,0.3393,U,55,75
D,127244,6,dispense,0.3426,U,55,75
D,127340,6,dispense,0.3445,U,55,75
D,127436,6,dispense,0.3468,U,55,76
D,127530,6,dispense,0.3515,U,55,76
D,127625,6,dispense,0.3591,U,55,76
D,127721,6,dispense,0.3691,U,55,77
D,127817,6,dispense,0.3803,U,55,77
D,127913,6,dispense,0.3918,U,55,77
D,128009,6,dispense,0.4023,U,55,78
D,128105,6,dispense,0.4108,U,55,78
D,128200,6,dispense,0.4166,U,55,78
D,128296,6,dispense,0.4196,U,55,79
D,128390,6,dispense,0.4207,U,55,79
D,128486,6,dispense,0.4220,U,55,79
D,128582,6,dispense,0.4256,U,55,80
D,128678,6,dispense,0.4327,U,55,80
D,128773,6,dispense,0.4427,U,55,80
D,128869,6,dispense,0.4546,U,55,81
D,128965,6,dispense,0.4669,U,55,81
D,129061,6,dispense,0.4786,U,55,81
D,129157,6,dispense,0.4886,U,55,82
D,129253,6,dispense,0.4959,U,55,82
D,129347,6,dispense,0.5003,U,55,82
D,129442,6,dispense,0.5023,U,55,83
D,129538,6,dispense,0.5034,U,55,83
D,129634,6,dispense,0.5058,U,55,83
D,129730,6,dispense,0.5113,U,55,84
D,129826,6,dispense,0.5202,U,55,84
D,129922,6,dispense,0.5314,U,55,84
D,130018,6,dispense,0.5436,U,55,85
D,130113,6,dispense,0.5553,U,55,85
D,130207,6,dispense,0.5654,U,55,85
D,130303,6,dispense,0.5727,U,55,86
D,130399,6,dispense,0.5765,U,55,86
D,130495,6,dispense,0.5776,U,55,86
D,130591,6,dispense,0.5778,U,55,87
D,130686,6,dispense,0.5795,U,55,87
D,130782,6,dispense,0.5842,U,55,87
D,130878,6,dispense,0.5921,U,55,88
D,130974,6,dispense,0.6023,U,55,88
E,130979,TRIGGER 0.6023 g at t=8.45 s -- ALL STOP
D,131071,6,settle,0.6136,U,0,88
D,131164,6,settle,0.6244,U,0,88
D,131259,6,settle,0.6335,U,0,88
D,131355,6,settle,0.6398,U,0,88
D,131451,6,settle,0.6430,U,0,88
D,131547,6,settle,0.6436,U,0,88
D,131643,6,settle,0.6430,U,0,88
D,131739,6,settle,0.6426,U,0,88
D,131835,6,settle,0.6433,U,0,88
D,131930,6,settle,0.6448,U,0,88
D,132024,6,settle,0.6455,U,0,88
D,132120,6,settle,0.6469,U,0,88
D,132216,6,settle,0.6469,U,0,88
D,132312,6,settle,0.6467,U,0,88
D,132408,6,settle,0.6464,U,0,88
D,132503,6,settle,0.6463,U,0,88
D,132599,6,settle,0.6463,U,0,88
D,132695,6,settle,0.6463,U,0,88
D,132791,6,settle,0.6462,U,0,88
D,132885,6,settle,0.6462,U,0,88
D,132981,6,settle,0.6463,S,0,88
D,133077,6,settle,0.6463,S,0,88
D,133173,6,settle,0.6463,S,0,88
D,133269,6,settle,0.6463,S,0,88
D,133364,6,settle,0.6463,S,0,88
D,133460,6,settle,0.6463,S,0,88
D,133556,6,settle,0.6463,S,0,88
D,133652,6,settle,0.6463,S,0,88
D,133748,6,settle,0.6463,S,0,88
D,133842,6,settle,0.6463,S,0,88
D,133938,6,settle,0.6463,S,0,88
D,134033,6,settle,0.6463,S,0,88
D,134129,6,settle,0.6463,S,0,88
D,134225,6,settle,0.6463,S,0,88
D,134321,6,settle,0.6463,S,0,88
D,134417,6,settle,0.6463,S,0,88
D,134513,6,settle,0.6463,S,0,88
D,134609,6,settle,0.6463,S,0,88
D,134702,6,settle,0.6463,S,0,88
D,134798,6,settle,0.6464,S,0,88
D,134894,6,settle,0.6464,S,0,88
D,134990,6,settle,0.6464,S,0,88
D,135086,6,settle,0.6464,S,0,88
D,135182,6,settle,0.6464,S,0,88
D,135278,6,settle,0.6464,S,0,88
D,135373,6,settle,0.6464,S,0,88
D,135474,6,settle,0.6464,S,0,88
D,135563,6,settle,0.6464,S,0,88
D,135659,6,settle,0.6464,S,0,88
D,135755,6,settle,0.6464,S,0,88
D,135851,6,settle,0.6464,S,0,88
D,135947,6,settle,0.6464,S,0,88
D,136043,6,settle,0.6464,S,0,88
D,136139,6,settle,0.6464,S,0,88
D,136234,6,settle,0.6464,S,0,88
D,136330,6,settle,0.6464,S,0,88
D,136426,6,settle,0.6464,S,0,88
D,136520,6,settle,0.6464,S,0,88
D,136616,6,settle,0.6463,S,0,88
D,136712,6,settle,0.6463,S,0,88
D,136807,6,settle,0.6463,S,0,88
D,136903,6,settle,0.6463,S,0,88
D,136999,6,settle,0.6463,S,0,88
D,137095,6,settle,0.6463,S,0,88
D,137191,6,settle,0.6463,S,0,88
D,137287,6,settle,0.6463,S,0,88
D,137381,6,settle,0.6463,S,0,88
D,137477,6,settle,0.6463,S,0,88
D,137572,6,settle,0.6463,S,0,88
D,137668,6,settle,0.6463,S,0,88
D,137764,6,settle,0.6463,S,0,88
D,137860,6,settle,0.6463,S,0,88
D,137956,6,settle,0.6463,S,0,88
D,138052,6,settle,0.6463,S,0,88
D,138148,6,settle,0.6463,S,0,88
D,138244,6,settle,0.6463,S,0,88
D,138337,6,settle,0.6463,S,0,88
D,138433,6,settle,0.6463,S,0,88
D,138529,6,settle,0.6463,S,0,88
D,138625,6,settle,0.6463,S,0,88
D,138721,6,settle,0.6463,S,0,88
D,138817,6,settle,0.6463,S,0,88
D,138913,6,settle,0.6463,S,0,88
D,139008,6,settle,0.6463,S,0,88
P,139105,6,70.0,1,settled,0.6463
D,139198,6,settle,0.6463,S,0,88
D,139294,6,settle,0.6463,S,0,88
D,139390,6,settle,0.6463,S,0,88
D,139486,6,settle,0.6463,S,0,88
D,139581,6,settle,0.6463,S,0,88
D,139677,6,settle,0.6462,S,0,88
D,139773,6,settle,0.6462,S,0,88
D,139869,6,settle,0.6462,S,0,88
D,139965,6,settle,0.6462,S,0,88
D,140059,6,settle,0.6462,S,0,88
D,140154,6,settle,0.6462,S,0,88
D,140250,6,settle,0.6462,S,0,88
D,140346,6,settle,0.6462,S,0,88
D,140442,6,settle,0.6462,S,0,88
D,140538,6,settle,0.6462,S,0,88
D,140634,6,settle,0.6462,S,0,88
D,140730,6,settle,0.6462,S,0,88
D,140825,6,settle,0.6462,S,0,88
D,140921,6,settle,0.6462,S,0,88
D,141015,6,settle,0.6462,S,0,88
D,141111,6,settle,0.6462,S,0,88
D,141207,6,settle,0.6462,S,0,88
D,141303,6,settle,0.6462,S,0,88
D,141399,6,settle,0.6462,S,0,88
D,141494,6,settle,0.6462,S,0,88
D,141590,6,settle,0.6461,S,0,88
D,141686,6,settle,0.6461,S,0,88
D,141782,6,settle,0.6461,S,0,88
D,141876,6,settle,0.6461,S,0,88
D,141972,6,settle,0.6461,S,0,88
D,142067,6,settle,0.6461,S,0,88
P,142164,6,70.0,1,settled2,0.6461
R,6,C6,70.0,1,55,0.60,rot,0.6023,8.55,0.6463,0.6461,0.6463,3.4919,29,ok
E,142171,=== trial 7 : C6 tilt 70.0 rep 2 rpm 55 halt 0.60 mode rot (cum 3.49 g) ===
P,143984,7,70.0,2,tare0,0.0000
D,144076,7,preroll,0.0000,S,0,88
D,144172,7,preroll,0.0000,S,0,88
D,144268,7,preroll,0.0000,S,0,88
D,144364,7,preroll,0.0000,S,0,88
D,144460,7,preroll,0.0000,S,0,88
D,144553,7,preroll,0.0000,S,0,88
D,144649,7,preroll,0.0000,S,0,88
D,144745,7,preroll,0.0000,S,0,88
D,144841,7,preroll,0.0000,S,0,88
D,144937,7,preroll,0.0000,S,0,88
D,145033,7,preroll,0.0000,S,0,88
D,145128,7,preroll,0.0000,S,0,88
D,145224,7,preroll,0.0000,S,0,88
D,145320,7,preroll,0.0000,S,0,88
D,145416,7,preroll,0.0000,S,0,88
D,145510,7,preroll,0.0000,S,0,88
E,145575,dispense start: mode rot rpm 55
D,145606,7,dispense,0.0000,S,55,88
D,145702,7,dispense,0.0000,S,55,88
D,145797,7,dispense,0.0000,S,55,88
D,145893,7,dispense,0.0000,S,55,89
D,145989,7,dispense,0.0000,S,55,89
D,146085,7,dispense,0.0000,S,55,89
D,146181,7,dispense,0.0000,S,55,90
D,146277,7,dispense,0.0000,S,55,90
D,146370,7,dispense,0.0000,S,55,90
D,146465,7,dispense,0.0042,U,55,91
D,146561,7,dispense,0.0080,U,55,91
D,146657,7,dispense,0.0136,U,55,91
D,146752,7,dispense,0.0213,U,55,92
D,146848,7,dispense,0.0304,U,55,92
D,146944,7,dispense,0.0398,U,55,92
D,147040,7,dispense,0.0486,U,55,93
D,147136,7,dispense,0.0562,U,55,93
D,147230,7,dispense,0.0619,U,55,93
D,147326,7,dispense,0.0650,U,55,94
D,147421,7,dispense,0.0659,U,55,94
D,147517,7,dispense,0.0663,U,55,94
D,147613,7,dispense,0.0682,U,55,95
D,147709,7,dispense,0.0730,U,55,95
D,147805,7,dispense,0.0809,U,55,95
D,147901,7,dispense,0.0909,U,55,96
D,147996,7,dispense,0.1016,U,55,96
D,148092,7,dispense,0.1120,U,55,96
D,148198,7,dispense,0.1207,U,55,97
D,148290,7,dispense,0.1270,U,55,97
D,148383,7,dispense,0.1305,U,55,97
D,148474,7,dispense,0.1318,U,55,98
D,148570,7,dispense,0.1322,U,55,98
D,148665,7,dispense,0.1333,U,55,98
D,148761,7,dispense,0.1365,U,55,99
D,148857,7,dispense,0.1421,U,55,99
D,148953,7,dispense,0.1495,U,55,99
D,149047,7,dispense,0.1575,U,55,100
D,149143,7,dispense,0.1658,U,55,100
D,149238,7,dispense,0.1740,U,55,100
D,149334,7,dispense,0.1814,U,55,101
D,149430,7,dispense,0.1866,U,55,101
D,149526,7,dispense,0.1893,U,55,101
D,149622,7,dispense,0.1901,U,55,102
D,149718,7,dispense,0.1908,U,55,102
D,149813,7,dispense,0.1933,U,55,102
D,149908,7,dispense,0.1986,U,55,103
D,150003,7,dispense,0.2066,U,55,103
D,150099,7,dispense,0.2159,U,55,103
D,150195,7,dispense,0.2250,U,55,104
D,150291,7,dispense,0.2332,U,55,104
D,150387,7,dispense,0.2400,U,55,104
D,150482,7,dispense,0.2449,U,55,105
D,150578,7,dispense,0.2475,U,55,105
D,150674,7,dispense,0.2480,U,55,105
D,150770,7,dispense,0.2476,U,55,106
D,150864,7,dispense,0.2482,U,55,106
D,150960,7,dispense,0.2509,U,55,106
D,151055,7,dispense,0.2562,U,55,107
D,151151,7,dispense,0.2637,U,55,107
D,151247,7,dispense,0.2726,U,55,107
D,151343,7,dispense,0.2815,U,55,108
D,151439,7,dispense,0.2890,U,55,108
D,151535,7,dispense,0.2941,U,55,108
D,151631,7,dispense,0.2965,U,55,109
D,151724,7,dispense,0.2969,U,55,109
D,151820,7,dispense,0.2968,U,55,109
D,151916,7,dispense,0.2975,U,55,110
D,152012,7,dispense,0.3003,U,55,110
D,152108,7,dispense,0.3057,U,55,110
D,152204,7,dispense,0.3136,U,55,111
D,152299,7,dispense,0.3230,U,55,111
D,152396,7,dispense,0.3330,U,55,111
D,152491,7,dispense,0.3424,U,55,112
D,152585,7,dispense,0.3498,U,55,112
D,152681,7,dispense,0.3541,U,55,112
D,152777,7,dispense,0.3557,U,55,113
D,152873,7,dispense,0.3558,U,55,113
D,152968,7,dispense,0.3564,U,55,113
D,153064,7,dispense,0.3588,U,55,114
D,153160,7,dispense,0.3640,U,55,114
D,153256,7,dispense,0.3717,U,55,114
D,153352,7,dispense,0.3808,U,55,115
D,153448,7,dispense,0.3900,U,55,115
D,153542,7,dispense,0.3985,U,55,115
D,153637,7,dispense,0.4060,U,55,116
D,153733,7,dispense,0.4121,U,55,116
D,153829,7,dispense,0.4163,U,55,116
D,153925,7,dispense,0.4183,U,55,117
D,154021,7,dispense,0.4190,U,55,117
D,154117,7,dispense,0.4202,U,55,117
D,154212,7,dispense,0.4233,U,55,118
D,154308,7,dispense,0.4288,U,55,118
D,154402,7,dispense,0.4361,U,55,118
D,154498,7,dispense,0.4446,U,55,119
D,154594,7,dispense,0.4532,U,55,119
D,154690,7,dispense,0.4607,U,55,119
D,154785,7,dispense,0.4662,U,55,120
D,154882,7,dispense,0.4692,U,55,120
D,154977,7,dispense,0.4702,U,55,120
D,155073,7,dispense,0.4703,U,55,121
D,155169,7,dispense,0.4707,U,55,121
D,155265,7,dispense,0.4728,U,55,121
D,155359,7,dispense,0.4776,U,55,122
D,155455,7,dispense,0.4850,U,55,122
D,155550,7,dispense,0.4942,U,55,122
D,155646,7,dispense,0.5036,U,55,123
D,155742,7,dispense,0.5123,U,55,123
D,155838,7,dispense,0.5192,U,55,123
D,155934,7,dispense,0.5237,U,55,124
D,156029,7,dispense,0.5256,U,55,124
D,156125,7,dispense,0.5258,U,55,124
D,156219,7,dispense,0.5257,U,55,125
D,156315,7,dispense,0.5270,U,55,125
D,156420,7,dispense,0.5310,U,55,125
D,156603,7,dispense,0.5469,U,55,126
D,156698,7,dispense,0.5568,U,55,126
D,156794,7,dispense,0.5664,U,55,126
D,156890,7,dispense,0.5743,U,55,127
D,156986,7,dispense,0.5795,U,55,127
D,157080,7,dispense,0.5816,U,55,127
D,157176,7,dispense,0.5815,U,55,128
D,157272,7,dispense,0.5807,U,55,128
D,157367,7,dispense,0.5812,U,55,128
D,157463,7,dispense,0.5843,U,55,129
D,157559,7,dispense,0.5904,U,55,129
D,157655,7,dispense,0.5988,U,55,129
D,157751,7,dispense,0.6080,U,55,130
E,157756,TRIGGER 0.6080 g at t=12.15 s -- ALL STOP
D,157848,7,settle,0.6166,U,0,130
D,157942,7,settle,0.6233,U,0,130
D,158036,7,settle,0.6276,U,0,130
D,158132,7,settle,0.6295,U,0,130
D,158228,7,settle,0.6298,U,0,130
D,158324,7,settle,0.6295,U,0,130
D,158420,7,settle,0.6295,U,0,130
D,158516,7,settle,0.6306,U,0,130
D,158611,7,settle,0.6328,U,0,130
D,158707,7,settle,0.6355,U,0,130
D,158803,7,settle,0.6378,U,0,130
D,158897,7,settle,0.6389,U,0,130
D,158993,7,settle,0.6390,U,0,130
D,159089,7,settle,0.6386,U,0,130
D,159184,7,settle,0.6382,U,0,130
D,159280,7,settle,0.6380,U,0,130
D,159376,7,settle,0.6379,U,0,130
D,159472,7,settle,0.6379,U,0,130
D,159568,7,settle,0.6378,U,0,130
D,159664,7,settle,0.6378,U,0,130
D,159758,7,settle,0.6378,U,0,130
D,159853,7,settle,0.6378,S,0,130
D,159949,7,settle,0.6378,S,0,130
D,160045,7,settle,0.6378,S,0,130
D,160141,7,settle,0.6378,S,0,130
D,160237,7,settle,0.6378,S,0,130
D,160333,7,settle,0.6378,S,0,130
D,160429,7,settle,0.6378,S,0,130
D,160525,7,settle,0.6378,S,0,130
D,160620,7,settle,0.6379,S,0,130
D,160714,7,settle,0.6379,S,0,130
D,160810,7,settle,0.6379,S,0,130
D,160906,7,settle,0.6379,S,0,130
D,161002,7,settle,0.6379,S,0,130
D,161098,7,settle,0.6379,S,0,130
D,161194,7,settle,0.6379,S,0,130
D,161289,7,settle,0.6379,S,0,130
D,161385,7,settle,0.6379,S,0,130
D,161481,7,settle,0.6379,S,0,130
D,161575,7,settle,0.6379,S,0,130
D,161671,7,settle,0.6379,S,0,130
D,161767,7,settle,0.6379,S,0,130
D,161863,7,settle,0.6379,S,0,130
D,161959,7,settle,0.6379,S,0,130
D,162054,7,settle,0.6379,S,0,130
D,162150,7,settle,0.6379,S,0,130
D,162246,7,settle,0.6379,S,0,130
D,162342,7,settle,0.6379,S,0,130
D,162436,7,settle,0.6379,S,0,130
D,162532,7,settle,0.6379,S,0,130
D,162628,7,settle,0.6379,S,0,130
D,162723,7,settle,0.6379,S,0,130
D,162819,7,settle,0.6379,S,0,130
D,162915,7,settle,0.6379,S,0,130
D,163011,7,settle,0.6379,S,0,130
D,163107,7,settle,0.6379,S,0,130
D,163203,7,settle,0.6379,S,0,130
D,163299,7,settle,0.6379,S,0,130
D,163392,7,settle,0.6379,S,0,130
D,163488,7,settle,0.6379,S,0,130
D,163584,7,settle,0.6379,S,0,130
D,163680,7,settle,0.6379,S,0,130
D,163776,7,settle,0.6379,S,0,130
D,163872,7,settle,0.6379,S,0,130
D,163968,7,settle,0.6379,S,0,130
D,164064,7,settle,0.6379,S,0,130
D,164159,7,settle,0.6379,S,0,130
D,164253,7,settle,0.6379,S,0,130
D,164349,7,settle,0.6379,S,0,130
D,164445,7,settle,0.6379,S,0,130
D,164541,7,settle,0.6379,S,0,130
D,164637,7,settle,0.6380,S,0,130
D,164733,7,settle,0.6380,S,0,130
D,164828,7,settle,0.6380,S,0,130
D,164924,7,settle,0.6380,S,0,130
D,165020,7,settle,0.6380,S,0,130
D,165116,7,settle,0.6380,S,0,130
D,165210,7,settle,0.6380,S,0,130
D,165306,7,settle,0.6380,S,0,130
D,165402,7,settle,0.6380,S,0,130
D,165498,7,settle,0.6380,S,0,130
D,165593,7,settle,0.6379,S,0,130
D,165689,7,settle,0.6379,S,0,130
D,165785,7,settle,0.6379,S,0,130
P,165882,7,70.0,2,settled,0.6379
D,165977,7,settle,0.6379,S,0,130
D,166071,7,settle,0.6379,S,0,130
D,166167,7,settle,0.6379,S,0,130
D,166262,7,settle,0.6379,S,0,130
D,166358,7,settle,0.6379,S,0,130
D,166454,7,settle,0.6379,S,0,130
D,166550,7,settle,0.6379,S,0,130
D,166646,7,settle,0.6379,S,0,130
D,166742,7,settle,0.6380,S,0,130
D,166837,7,settle,0.6380,S,0,130
D,166931,7,settle,0.6380,S,0,130
D,167027,7,settle,0.6380,S,0,130
D,167123,7,settle,0.6380,S,0,130
D,167219,7,settle,0.6380,S,0,130
D,167315,7,settle,0.6380,S,0,130
D,167410,7,settle,0.6380,S,0,130
D,167507,7,settle,0.6380,S,0,130
D,167602,7,settle,0.6380,S,0,130
D,167698,7,settle,0.6380,S,0,130
D,167794,7,settle,0.6380,S,0,130
D,167888,7,settle,0.6380,S,0,130
D,167984,7,settle,0.6380,S,0,130
D,168079,7,settle,0.6380,S,0,130
D,168175,7,settle,0.6380,S,0,130
D,168283,7,settle,0.6380,S,0,130
D,168463,7,settle,0.6380,S,0,130
D,168559,7,settle,0.6380,S,0,130
D,168654,7,settle,0.6380,S,0,130
D,168748,7,settle,0.6380,S,0,130
D,168844,7,settle,0.6380,S,0,130
P,168941,7,70.0,2,settled2,0.6380
R,7,C6,70.0,2,55,0.60,rot,0.6080,12.19,0.6379,0.6380,0.6379,4.1298,42,ok
E,168948,=== trial 8 : C6 tilt 70.0 rep 2 rpm 55 halt 0.30 mode rot (cum 4.13 g) ===
P,171911,8,70.0,2,tare0,-0.0001
D,172003,8,preroll,-0.0001,S,0,130
D,172096,8,preroll,-0.0003,U,0,130
D,172192,8,preroll,-0.0002,U,0,130
D,172288,8,preroll,-0.0002,S,0,130
D,172382,8,preroll,-0.0002,S,0,130
D,172477,8,preroll,-0.0002,S,0,130
D,172573,8,preroll,-0.0002,S,0,130
D,172669,8,preroll,-0.0002,S,0,130
D,172765,8,preroll,-0.0002,S,0,130
D,172861,8,preroll,-0.0002,S,0,130
D,172957,8,preroll,-0.0002,S,0,130
D,173053,8,preroll,-0.0002,S,0,130
D,173148,8,preroll,-0.0002,S,0,130
D,173242,8,preroll,-0.0002,S,0,130
D,173338,8,preroll,-0.0001,S,0,130
D,173434,8,preroll,-0.0001,S,0,130
E,173499,dispense start: mode rot rpm 55
D,173530,8,dispense,-0.0001,S,55,130
D,173626,8,dispense,-0.0001,S,55,130
D,173721,8,dispense,-0.0001,S,55,130
D,173817,8,dispense,0.0000,S,55,131
D,173913,8,dispense,0.0000,S,55,131
D,174009,8,dispense,0.0000,S,55,131
D,174103,8,dispense,0.0000,S,55,132
D,174199,8,dispense,0.0000,S,55,132
D,174295,8,dispense,0.0000,S,55,132
D,174391,8,dispense,0.0000,S,55,133
D,174486,8,dispense,0.0056,U,55,133
D,174582,8,dispense,0.0101,U,55,133
D,174678,8,dispense,0.0164,U,55,134
D,174773,8,dispense,0.0239,U,55,134
D,174869,8,dispense,0.0310,U,55,134
D,174965,8,dispense,0.0363,U,55,135
D,175059,8,dispense,0.0392,U,55,135
D,175155,8,dispense,0.0400,U,55,135
D,175251,8,dispense,0.0401,U,55,136
D,175346,8,dispense,0.0406,U,55,136
D,175442,8,dispense,0.0425,U,55,136
D,175538,8,dispense,0.0466,U,55,137
D,175634,8,dispense,0.0535,U,55,137
D,175730,8,dispense,0.0625,U,55,137
D,175826,8,dispense,0.0726,U,55,138
D,175919,8,dispense,0.0821,U,55,138
D,176015,8,dispense,0.0897,U,55,138
D,176111,8,dispense,0.0945,U,55,139
D,176207,8,dispense,0.0966,U,55,139
D,176303,8,dispense,0.0969,U,55,139
D,176399,8,dispense,0.0966,U,55,140
D,176494,8,dispense,0.0971,U,55,140
D,176590,8,dispense,0.0996,U,55,140
D,176686,8,dispense,0.1049,U,55,141
D,176780,8,dispense,0.1123,U,55,141
D,176876,8,dispense,0.1209,U,55,141
D,176972,8,dispense,0.1295,U,55,142
D,177068,8,dispense,0.1375,U,55,142
D,177163,8,dispense,0.1444,U,55,142
D,177259,8,dispense,0.1497,U,55,143
D,177355,8,dispense,0.1530,U,55,143
D,177451,8,dispense,0.1542,U,55,143
D,177547,8,dispense,0.1544,U,55,144
D,177643,8,dispense,0.1554,U,55,144
D,177737,8,dispense,0.1586,U,55,144
D,177832,8,dispense,0.1647,U,55,145
D,177928,8,dispense,0.1732,U,55,145
D,178024,8,dispense,0.1829,U,55,145
D,178120,8,dispense,0.1920,U,55,146
D,178216,8,dispense,0.1991,U,55,146
D,178312,8,dispense,0.2033,U,55,146
D,178407,8,dispense,0.2048,U,55,147
D,178503,8,dispense,0.2049,U,55,147
D,178597,8,dispense,0.2050,U,55,147
D,178693,8,dispense,0.2064,U,55,148
D,178789,8,dispense,0.2102,U,55,148
D,178885,8,dispense,0.2167,U,55,148
D,178980,8,dispense,0.2257,U,55,149
D,179076,8,dispense,0.2361,U,55,149
D,179172,8,dispense,0.2462,U,55,149
D,179268,8,dispense,0.2544,U,55,150
D,179373,8,dispense,0.2593,U,55,150
D,179465,8,dispense,0.2612,U,55,150
D,179661,8,dispense,0.2611,U,55,151
D,179754,8,dispense,0.2622,U,55,151
D,179847,8,dispense,0.2652,U,55,151
D,179938,8,dispense,0.2706,U,55,152
D,180033,8,dispense,0.2781,U,55,152
D,180129,8,dispense,0.2865,U,55,152
D,180224,8,dispense,0.2947,U,55,153
D,180320,8,dispense,0.3016,U,55,153
E,180325,TRIGGER 0.3016 g at t=6.73 s -- ALL STOP
D,180417,8,settle,0.3068,U,0,153
D,180510,8,settle,0.3101,U,0,153
D,180606,8,settle,0.3117,U,0,153
D,180702,8,settle,0.3119,U,0,153
D,180798,8,settle,0.3119,U,0,153
D,180893,8,settle,0.3132,U,0,153
D,180989,8,settle,0.3168,U,0,153
D,181085,8,settle,0.3227,U,0,153
D,181181,8,settle,0.3301,U,0,153
D,181275,8,settle,0.3375,U,0,153
D,181371,8,settle,0.3444,U,0,153
D,181466,8,settle,0.3507,U,0,153
D,181562,8,settle,0.3562,U,0,153
D,181658,8,settle,0.3609,U,0,153
D,181754,8,settle,0.3643,U,0,153
D,181850,8,settle,0.3661,U,0,153
D,181946,8,settle,0.3667,U,0,153
D,182042,8,settle,0.3665,U,0,153
D,182137,8,settle,0.3663,U,0,153
D,182231,8,settle,0.3663,U,0,153
D,182327,8,settle,0.3667,U,0,153
D,182423,8,settle,0.3669,U,0,153
D,182519,8,settle,0.3671,U,0,153
D,182615,8,settle,0.3672,U,0,153
D,182710,8,settle,0.3673,U,0,153
D,182807,8,settle,0.3673,U,0,153
D,182902,8,settle,0.3675,U,0,153
D,182998,8,settle,0.3816,U,0,153
D,183092,8,settle,0.4756,U,0,153
D,183188,8,settle,0.8592,U,0,153
D,183283,8,settle,1.8752,U,0,153
D,183379,8,settle,3.6461,U,0,153
D,183475,8,settle,5.5431,U,0,153
D,183571,8,settle,6.4275,U,0,153
D,183667,8,settle,5.8018,U,0,153
D,183763,8,settle,4.4279,U,0,153
D,183859,8,settle,3.3879,U,0,153
D,183953,8,settle,2.9732,U,0,153
D,184048,8,settle,2.7975,U,0,153
D,184144,8,settle,2.6046,U,0,153
D,184240,8,settle,2.4798,U,0,153
D,184336,8,settle,2.4866,U,0,153
D,184432,8,settle,2.4968,U,0,153
D,184527,8,settle,2.4468,U,0,153
D,184623,8,settle,2.4461,U,0,153
D,184719,8,settle,2.4933,U,0,153
D,184815,8,settle,2.3643,U,0,153
D,184909,8,settle,1.9299,U,0,153
D,185005,8,settle,1.3578,U,0,153
D,185101,8,settle,0.9068,U,0,153
D,185196,8,settle,0.6772,U,0,153
D,185292,8,settle,0.6144,U,0,153
D,185388,8,settle,0.6172,U,0,153
D,185484,8,settle,0.6183,U,0,153
D,185580,8,settle,0.5856,U,0,153
D,185676,8,settle,0.5211,U,0,153
D,185771,8,settle,0.4489,U,0,153
D,185865,8,settle,0.3981,U,0,153
D,185961,8,settle,0.3749,U,0,153
D,186057,8,settle,0.3680,U,0,153
D,186153,8,settle,0.3667,U,0,153
D,186249,8,settle,0.3664,U,0,153
D,186345,8,settle,0.3663,U,0,153
D,186440,8,settle,0.3663,U,0,153
D,186536,8,settle,0.3662,U,0,153
D,186630,8,settle,0.3660,U,0,153
D,186726,8,settle,0.3660,U,0,153
D,186822,8,settle,0.3659,U,0,153
D,186918,8,settle,0.3659,U,0,153
D,187014,8,settle,0.3658,U,0,153
D,187110,8,settle,0.3658,U,0,153
D,187205,8,settle,0.3658,U,0,153
D,187301,8,settle,0.3659,S,0,153
D,187397,8,settle,0.3659,S,0,153
D,187493,8,settle,0.3659,S,0,153
D,187587,8,settle,0.3659,S,0,153
D,187683,8,settle,0.3660,U,0,153
D,187778,8,settle,0.3660,S,0,153
D,187874,8,settle,0.3660,S,0,153
D,187970,8,settle,0.3660,S,0,153
D,188066,8,settle,0.3660,S,0,153
D,188162,8,settle,0.3660,S,0,153
D,188258,8,settle,0.3661,S,0,153
D,188354,8,settle,0.3661,S,0,153
P,188449,8,70.0,2,settled,0.3661
D,188544,8,settle,0.3661,S,0,153
D,188639,8,settle,0.3661,S,0,153
D,188735,8,settle,0.3661,S,0,153
D,188831,8,settle,0.3661,S,0,153
D,188927,8,settle,0.3661,S,0,153
D,189023,8,settle,0.3663,U,0,153
D,189119,8,settle,0.3665,U,0,153
D,189214,8,settle,0.3666,U,0,153
D,189310,8,settle,0.3668,U,0,153
D,189404,8,settle,0.3670,U,0,153
D,189500,8,settle,0.3671,U,0,153
D,189596,8,settle,0.3671,U,0,153
D,189691,8,settle,0.3632,U,0,153
D,189787,8,settle,0.3611,U,0,153
D,189883,8,settle,0.3606,U,0,153
D,189979,8,settle,0.3618,U,0,153
D,190075,8,settle,0.3641,U,0,153
D,190170,8,settle,0.3668,U,0,153
D,190264,8,settle,0.3692,U,0,153
D,190360,8,settle,0.3709,U,0,153
D,190456,8,settle,0.3713,U,0,153
D,190552,8,settle,0.3705,U,0,153
D,190648,8,settle,0.3691,U,0,153
D,190744,8,settle,0.3678,U,0,153
D,190839,8,settle,0.3674,U,0,153
D,190935,8,settle,0.3667,U,0,153
D,191031,8,settle,0.3667,U,0,153
D,191125,8,settle,0.3668,U,0,153
D,191221,8,settle,0.3668,U,0,153
D,191322,8,settle,0.3668,U,0,153
D,191412,8,settle,0.3668,S,0,153
P,191510,8,70.0,2,settled2,0.3668
R,8,C6,70.0,2,55,0.30,rot,0.3016,6.83,0.3661,0.3668,0.3661,4.4959,23,ok
E,191517,=== trial 9 : C6 tilt 55.0 rep 2 rpm 55 halt 0.30 mode rot (cum 4.50 g) ===
P,194951,9,55.0,2,tare0,0.0000
D,195047,9,preroll,0.0000,S,0,153
D,195143,9,preroll,0.0000,S,0,153
D,195239,9,preroll,0.0000,S,0,153
D,195335,9,preroll,0.0000,S,0,153
D,195431,9,preroll,0.0000,S,0,153
D,195526,9,preroll,0.0000,S,0,153
D,195620,9,preroll,0.0000,S,0,153
D,195716,9,preroll,0.0000,S,0,153
D,195812,9,preroll,0.0000,S,0,153
D,195908,9,preroll,0.0000,S,0,153
D,196004,9,preroll,0.0000,S,0,153
D,196100,9,preroll,0.0000,S,0,153
D,196195,9,preroll,0.0000,S,0,153
D,196291,9,preroll,0.0000,S,0,153
D,196387,9,preroll,0.0000,S,0,153
D,196483,9,preroll,0.0000,S,0,153
E,196548,dispense start: mode rot rpm 55
D,196577,9,dispense,0.0000,S,55,153
D,196673,9,dispense,0.0000,S,55,153
D,196769,9,dispense,0.0000,S,55,153
D,196865,9,dispense,0.0000,S,55,154
D,196960,9,dispense,0.0000,S,55,154
D,197056,9,dispense,0.0000,S,55,154
D,197152,9,dispense,0.0000,S,55,155
D,197248,9,dispense,0.0000,S,55,155
D,197344,9,dispense,0.0000,S,55,155
D,197438,9,dispense,0.0000,S,55,156
D,197532,9,dispense,0.0056,U,55,156
D,197629,9,dispense,0.0109,U,55,156
D,197724,9,dispense,0.0180,U,55,157
D,197820,9,dispense,0.0257,U,55,157
D,197916,9,dispense,0.0322,U,55,157
D,198012,9,dispense,0.0366,U,55,158
D,198108,9,dispense,0.0393,U,55,158
D,198203,9,dispense,0.0414,U,55,158
D,198297,9,dispense,0.0436,U,55,159
D,198393,9,dispense,0.0462,U,55,159
D,198489,9,dispense,0.0498,U,55,159
D,198585,9,dispense,0.0549,U,55,160
D,198681,9,dispense,0.0622,U,55,160
D,198776,9,dispense,0.0726,U,55,160
D,198872,9,dispense,0.0859,U,55,161
D,198968,9,dispense,0.1015,U,55,161
D,199064,9,dispense,0.1179,U,55,161
D,199160,9,dispense,0.1339,U,55,162
D,199254,9,dispense,0.1482,U,55,162
D,199350,9,dispense,0.1599,U,55,162
D,199445,9,dispense,0.1683,U,55,163
D,199541,9,dispense,0.1740,U,55,163
D,199637,9,dispense,0.1783,U,55,163
D,199733,9,dispense,0.1830,U,55,164
D,199829,9,dispense,0.1898,U,55,164
D,199925,9,dispense,0.2001,U,55,164
D,200020,9,dispense,0.2138,U,55,165
D,200114,9,dispense,0.2296,U,55,165
D,200210,9,dispense,0.2455,U,55,165
D,200306,9,dispense,0.2596,U,55,166
D,200402,9,dispense,0.2708,U,55,166
D,200498,9,dispense,0.2787,U,55,166
D,200594,9,dispense,0.2836,U,55,167
D,200689,9,dispense,0.2868,U,55,167
D,200785,9,dispense,0.2902,U,55,167
D,200881,9,dispense,0.2961,U,55,168
D,200975,9,dispense,0.3055,U,55,168
E,200980,TRIGGER 0.3055 g at t=4.34 s -- ALL STOP
D,201072,9,settle,0.3184,U,0,168
D,201167,9,settle,0.3336,U,0,168
D,201262,9,settle,0.3494,U,0,168
D,201358,9,settle,0.3642,U,0,168
D,201454,9,settle,0.3771,U,0,168
D,201550,9,settle,0.3874,U,0,168
D,201646,9,settle,0.3954,U,0,168
D,201742,9,settle,0.4014,U,0,168
D,201838,9,settle,0.4054,U,0,168
D,201932,9,settle,0.4075,U,0,168
D,202027,9,settle,0.4079,U,0,168
D,202123,9,settle,0.4074,U,0,168
D,202219,9,settle,0.4068,U,0,168
D,202315,9,settle,0.4064,U,0,168
D,202411,9,settle,0.4062,U,0,168
D,202507,9,settle,0.4062,U,0,168
D,202602,9,settle,0.4062,U,0,168
D,202698,9,settle,0.4062,U,0,168
D,202792,9,settle,0.4062,U,0,168
D,202888,9,settle,0.4062,S,0,168
D,202989,9,settle,0.4062,S,0,168
D,203080,9,settle,0.4062,S,0,168
D,203176,9,settle,0.4062,S,0,168
D,203271,9,settle,0.4062,S,0,168
D,203367,9,settle,0.4062,S,0,168
D,203463,9,settle,0.4062,S,0,168
D,203559,9,settle,0.4062,S,0,168
D,203653,9,settle,0.4061,S,0,168
D,203749,9,settle,0.4061,S,0,168
D,203845,9,settle,0.4061,S,0,168
D,203940,9,settle,0.4061,S,0,168
D,204037,9,settle,0.4061,S,0,168
D,204132,9,settle,0.4061,S,0,168
D,204228,9,settle,0.4061,S,0,168
D,204324,9,settle,0.4061,S,0,168
D,204420,9,settle,0.4061,S,0,168
D,204516,9,settle,0.4061,S,0,168
D,204610,9,settle,0.4061,S,0,168
D,204705,9,settle,0.4061,S,0,168
D,204801,9,settle,0.4061,S,0,168
D,204897,9,settle,0.4061,S,0,168
D,204993,9,settle,0.4061,S,0,168
D,205089,9,settle,0.4061,S,0,168
D,205185,9,settle,0.4061,S,0,168
D,205281,9,settle,0.4061,S,0,168
D,205377,9,settle,0.4061,S,0,168
D,205470,9,settle,0.4061,S,0,168
D,205566,9,settle,0.4061,S,0,168
D,205662,9,settle,0.4061,S,0,168
D,205758,9,settle,0.4061,S,0,168
D,205854,9,settle,0.4061,S,0,168
D,205950,9,settle,0.4061,S,0,168
D,206046,9,settle,0.4061,S,0,168
D,206141,9,settle,0.4061,S,0,168
D,206237,9,settle,0.4061,S,0,168
D,206333,9,settle,0.4061,S,0,168
D,206427,9,settle,0.4061,S,0,168
D,206523,9,settle,0.4061,S,0,168
D,206619,9,settle,0.4061,S,0,168
D,206715,9,settle,0.4061,S,0,168
D,206811,9,settle,0.4061,S,0,168
D,206906,9,settle,0.4061,S,0,168
D,207002,9,settle,0.4061,S,0,168
D,207098,9,settle,0.4061,S,0,168
D,207194,9,settle,0.4061,S,0,168
D,207288,9,settle,0.4061,S,0,168
D,207384,9,settle,0.4061,S,0,168
D,207480,9,settle,0.4061,S,0,168
D,207575,9,settle,0.4061,S,0,168
D,207671,9,settle,0.4061,S,0,168
D,207767,9,settle,0.4061,S,0,168
D,207863,9,settle,0.4061,S,0,168
D,207959,9,settle,0.4062,S,0,168
D,208055,9,settle,0.4062,S,0,168
D,208149,9,settle,0.4062,S,0,168
D,208245,9,settle,0.4062,S,0,168
D,208340,9,settle,0.4062,S,0,168
D,208436,9,settle,0.4062,S,0,168
D,208532,9,settle,0.4062,S,0,168
D,208628,9,settle,0.4062,S,0,168
D,208724,9,settle,0.4062,S,0,168
D,208820,9,settle,0.4062,S,0,168
D,208916,9,settle,0.4062,S,0,168
D,209011,9,settle,0.4062,S,0,168
P,209106,9,55.0,2,settled,0.4062
D,209201,9,settle,0.4062,S,0,168
D,209297,9,settle,0.4062,S,0,168
D,209393,9,settle,0.4062,S,0,168
D,209489,9,settle,0.4062,S,0,168
D,209584,9,settle,0.4062,S,0,168
D,209680,9,settle,0.4062,S,0,168
D,209776,9,settle,0.4062,S,0,168
D,209872,9,settle,0.4062,S,0,168
D,209966,9,settle,0.4062,S,0,168
D,210062,9,settle,0.4062,S,0,168
D,210158,9,settle,0.4062,S,0,168
D,210253,9,settle,0.4061,S,0,168
D,210349,9,settle,0.4061,S,0,168
D,210445,9,settle,0.4061,S,0,168
D,210541,9,settle,0.4061,S,0,168
D,210637,9,settle,0.4061,S,0,168
D,210733,9,settle,0.4061,S,0,168
D,210826,9,settle,0.4061,S,0,168
D,210922,9,settle,0.4061,S,0,168
D,211018,9,settle,0.4061,S,0,168
D,211114,9,settle,0.4061,S,0,168
D,211210,9,settle,0.4061,S,0,168
D,211306,9,settle,0.4061,S,0,168
D,211401,9,settle,0.4061,S,0,168
D,211498,9,settle,0.4061,S,0,168
D,211593,9,settle,0.4061,S,0,168
D,211689,9,settle,0.4061,S,0,168
D,211783,9,settle,0.4061,S,0,168
D,211879,9,settle,0.4061,S,0,168
D,211975,9,settle,0.4060,S,0,168
D,212070,9,settle,0.4060,S,0,168
P,212167,9,55.0,2,settled2,0.4060
R,9,C6,55.0,2,55,0.30,rot,0.3055,4.44,0.4062,0.4060,0.4062,4.9021,15,ok
E,212174,=== trial 10 : C6 tilt 55.0 rep 2 rpm 55 halt 0.60 mode rot (cum 4.90 g) ===
P,213988,10,55.0,2,tare0,0.0000
D,214080,10,preroll,0.0000,S,0,168
D,214175,10,preroll,0.0000,S,0,168
D,214271,10,preroll,0.0000,S,0,168
D,214367,10,preroll,0.0000,S,0,168
D,214461,10,preroll,0.0000,S,0,168
D,214557,10,preroll,0.0000,S,0,168
D,214653,10,preroll,0.0000,S,0,168
D,214748,10,preroll,0.0000,S,0,168
D,214844,10,preroll,0.0000,S,0,168
D,214940,10,preroll,0.0000,S,0,168
D,215036,10,preroll,0.0000,S,0,168
D,215131,10,preroll,0.0000,S,0,168
D,215228,10,preroll,0.0000,S,0,168
D,215321,10,preroll,0.0000,S,0,168
D,215417,10,preroll,0.0000,S,0,168
D,215513,10,preroll,0.0000,S,0,168
E,215578,dispense start: mode rot rpm 55
D,215609,10,dispense,0.0000,S,55,168
D,215705,10,dispense,0.0000,S,55,168
D,215800,10,dispense,0.0000,S,55,168
D,215896,10,dispense,0.0000,S,55,169
D,215992,10,dispense,0.0000,S,55,169
D,216088,10,dispense,0.0000,S,55,169
D,216184,10,dispense,0.0000,S,55,170
D,216278,10,dispense,0.0000,S,55,170
D,216373,10,dispense,0.0000,S,55,170
D,216469,10,dispense,0.0000,S,55,171
D,216573,10,dispense,0.0050,U,55,171
D,216666,10,dispense,0.0103,U,55,171
D,216757,10,dispense,0.0194,U,55,172
D,216851,10,dispense,0.0324,U,55,172
D,216947,10,dispense,0.0485,U,55,172
D,217043,10,dispense,0.0655,U,55,173
D,217137,10,dispense,0.0818,U,55,173
D,217233,10,dispense,0.0958,U,55,173
D,217330,10,dispense,0.1065,U,55,174
D,217424,10,dispense,0.1139,U,55,174
D,217520,10,dispense,0.1190,U,55,174
D,217616,10,dispense,0.1233,U,55,175
D,217712,10,dispense,0.1282,U,55,175
D,217808,10,dispense,0.1345,U,55,175
D,217904,10,dispense,0.1419,U,55,176
D,217997,10,dispense,0.1504,U,55,176
D,218093,10,dispense,0.1604,U,55,176
D,218189,10,dispense,0.1720,U,55,177
D,218285,10,dispense,0.1844,U,55,177
D,218381,10,dispense,0.1955,U,55,177
D,218477,10,dispense,0.2041,U,55,178
D,218573,10,dispense,0.2099,U,55,178
D,218669,10,dispense,0.2142,U,55,178
D,218764,10,dispense,0.2187,U,55,179
D,218860,10,dispense,0.2250,U,55,179
D,218954,10,dispense,0.2345,U,55,179
D,219050,10,dispense,0.2476,U,55,180
D,219146,10,dispense,0.2635,U,55,180
D,219241,10,dispense,0.2802,U,55,180
D,219337,10,dispense,0.2959,U,55,181
D,219433,10,dispense,0.3087,U,55,181
D,219529,10,dispense,0.3183,U,55,181
D,219625,10,dispense,0.3250,U,55,182
D,219721,10,dispense,0.3300,U,55,182
D,219815,10,dispense,0.3342,U,55,182
D,219910,10,dispense,0.3389,U,55,183
D,220006,10,dispense,0.3456,U,55,183
D,220102,10,dispense,0.3550,U,55,183
D,220198,10,dispense,0.3662,U,55,184
D,220294,10,dispense,0.3778,U,55,184
D,220390,10,dispense,0.3889,U,55,184
D,220485,10,dispense,0.3995,U,55,185
D,220581,10,dispense,0.4093,U,55,185
D,220675,10,dispense,0.4174,U,55,185
D,220771,10,dispense,0.4231,U,55,186
D,220867,10,dispense,0.4266,U,55,186
D,220963,10,dispense,0.4294,U,55,186
D,221059,10,dispense,0.4334,U,55,187
D,221155,10,dispense,0.4409,U,55,187
D,221250,10,dispense,0.4528,U,55,187
D,221346,10,dispense,0.4683,U,55,188
D,221442,10,dispense,0.4850,U,55,188
D,221538,10,dispense,0.5005,U,55,188
D,221632,10,dispense,0.5134,U,55,189
D,221728,10,dispense,0.5230,U,55,189
D,221823,10,dispense,0.5298,U,55,189
D,221919,10,dispense,0.5349,U,55,190
D,222015,10,dispense,0.5398,U,55,190
D,222111,10,dispense,0.5462,U,55,190
D,222207,10,dispense,0.5555,U,55,191
D,222303,10,dispense,0.5681,U,55,191
D,222398,10,dispense,0.5832,U,55,191
D,222492,10,dispense,0.5996,U,55,192
D,222588,10,dispense,0.6157,U,55,192
E,222593,TRIGGER 0.6157 g at t=6.92 s -- ALL STOP
D,222685,10,settle,0.6301,U,0,192
D,222780,10,settle,0.6413,U,0,192
D,222876,10,settle,0.6489,U,0,192
D,222972,10,settle,0.6536,U,0,192
D,223067,10,settle,0.6570,U,0,192
D,223163,10,settle,0.6617,U,0,192
D,223259,10,settle,0.6691,U,0,192
D,223355,10,settle,0.6794,U,0,192
D,223449,10,settle,0.6909,U,0,192
D,223545,10,settle,0.7005,U,0,192
D,223640,10,settle,0.7061,U,0,192
D,223736,10,settle,0.7076,U,0,192
D,223832,10,settle,0.7066,U,0,192
D,223928,10,settle,0.7051,U,0,192
D,224024,10,settle,0.7041,U,0,192
D,224120,10,settle,0.7037,U,0,192
D,224216,10,settle,0.7036,U,0,192
D,224309,10,settle,0.7034,U,0,192
D,224405,10,settle,0.7034,U,0,192
D,224501,10,settle,0.7034,U,0,192
D,224597,10,settle,0.7035,U,0,192
D,224693,10,settle,0.7035,S,0,192
D,224789,10,settle,0.7035,S,0,192
D,224885,10,settle,0.7035,S,0,192
D,224980,10,settle,0.7035,S,0,192
D,225076,10,settle,0.7035,S,0,192
D,225170,10,settle,0.7036,S,0,192
D,225266,10,settle,0.7036,S,0,192
D,225362,10,settle,0.7036,S,0,192
D,225458,10,settle,0.7036,S,0,192
D,225558,10,settle,0.7036,S,0,192
D,225649,10,settle,0.7036,S,0,192
D,225745,10,settle,0.7036,S,0,192
D,225841,10,settle,0.7037,S,0,192
D,225937,10,settle,0.7037,S,0,192
D,226033,10,settle,0.7037,S,0,192
D,226127,10,settle,0.7037,S,0,192
D,226223,10,settle,0.7037,S,0,192
D,226318,10,settle,0.7037,S,0,192
D,226414,10,settle,0.7037,S,0,192
D,226510,10,settle,0.7037,S,0,192
D,226606,10,settle,0.7037,S,0,192
D,226702,10,settle,0.7037,S,0,192
D,226798,10,settle,0.7037,S,0,192
D,226894,10,settle,0.7037,S,0,192
D,226988,10,settle,0.7037,S,0,192
D,227084,10,settle,0.7038,S,0,192
D,227179,10,settle,0.7038,S,0,192
D,227275,10,settle,0.7038,S,0,192
D,227371,10,settle,0.7038,S,0,192
D,227467,10,settle,0.7038,S,0,192
D,227563,10,settle,0.7038,S,0,192
D,227659,10,settle,0.7038,S,0,192
D,227754,10,settle,0.7038,S,0,192
D,227848,10,settle,0.7038,S,0,192
D,227944,10,settle,0.7038,S,0,192
D,228040,10,settle,0.7038,S,0,192
D,228136,10,settle,0.7038,S,0,192
D,228232,10,settle,0.7039,S,0,192
D,228328,10,settle,0.7039,S,0,192
D,228424,10,settle,0.7039,S,0,192
D,228520,10,settle,0.7039,S,0,192
D,228615,10,settle,0.7039,S,0,192
D,228711,10,settle,0.7039,S,0,192
D,228805,10,settle,0.7039,S,0,192
D,228901,10,settle,0.7039,S,0,192
D,228997,10,settle,0.7039,S,0,192
D,229093,10,settle,0.7039,S,0,192
D,229189,10,settle,0.7039,S,0,192
D,229284,10,settle,0.7039,S,0,192
D,229380,10,settle,0.7039,S,0,192
D,229476,10,settle,0.7039,S,0,192
D,229572,10,settle,0.7039,S,0,192
D,229666,10,settle,0.7040,S,0,192
D,229762,10,settle,0.7040,S,0,192
D,229858,10,settle,0.7040,S,0,192
D,229953,10,settle,0.7040,S,0,192
D,230049,10,settle,0.7040,S,0,192
D,230145,10,settle,0.7040,S,0,192
D,230241,10,settle,0.7040,S,0,192
D,230337,10,settle,0.7040,S,0,192
D,230433,10,settle,0.7040,S,0,192
D,230529,10,settle,0.7040,S,0,192
D,230622,10,settle,0.7040,S,0,192
P,230719,10,55.0,2,settled,0.7040
D,230814,10,settle,0.7040,S,0,192
D,230910,10,settle,0.7040,S,0,192
D,231006,10,settle,0.7040,S,0,192
D,231102,10,settle,0.7040,S,0,192
D,231198,10,settle,0.7040,S,0,192
D,231294,10,settle,0.7040,S,0,192
D,231389,10,settle,0.7040,S,0,192
D,231483,10,settle,0.7040,S,0,192
D,231579,10,settle,0.7040,S,0,192
D,231675,10,settle,0.7040,S,0,192
D,231771,10,settle,0.7041,S,0,192
D,231867,10,settle,0.7041,S,0,192
D,231963,10,settle,0.7041,S,0,192
D,232058,10,settle,0.7041,S,0,192
D,232154,10,settle,0.7041,S,0,192
D,232250,10,settle,0.7041,S,0,192
D,232344,10,settle,0.7041,S,0,192
D,232440,10,settle,0.7041,S,0,192
D,232535,10,settle,0.7041,S,0,192
D,232631,10,settle,0.7041,S,0,192
D,232727,10,settle,0.7041,S,0,192
D,232823,10,settle,0.7041,S,0,192
D,232919,10,settle,0.7041,S,0,192
D,233015,10,settle,0.7041,S,0,192
D,233110,10,settle,0.7038,U,0,192
D,233205,10,settle,0.7038,U,0,192
D,233299,10,settle,0.7038,U,0,192
D,233395,10,settle,0.7038,U,0,192
D,233491,10,settle,0.7038,U,0,192
D,233587,10,settle,0.7038,S,0,192
D,233683,10,settle,0.7038,S,0,192
P,233780,10,55.0,2,settled2,0.7038
R,10,C6,55.0,2,55,0.60,rot,0.6157,7.02,0.7040,0.7038,0.7040,5.6061,24,ok
E,233788,=== trial 11 : C6 tilt 40.0 rep 2 rpm 55 halt 0.60 mode rot (cum 5.61 g) ===
P,237223,11,40.0,2,tare0,0.0000
D,237317,11,preroll,0.0000,S,0,192
D,237413,11,preroll,0.0000,S,0,192
D,237509,11,preroll,0.0000,S,0,192
D,237605,11,preroll,0.0000,S,0,192
D,237699,11,preroll,0.0000,S,0,192
D,237794,11,preroll,0.0000,S,0,192
D,237890,11,preroll,0.0000,S,0,192
D,237986,11,preroll,0.0000,S,0,192
D,238082,11,preroll,0.0000,S,0,192
D,238178,11,preroll,0.0000,S,0,192
D,238274,11,preroll,0.0000,S,0,192
D,238369,11,preroll,0.0000,S,0,192
D,238465,11,preroll,0.0000,S,0,192
D,238561,11,preroll,0.0000,S,0,192
D,238655,11,preroll,0.0000,S,0,192
D,238751,11,preroll,0.0000,S,0,192
E,238816,dispense start: mode rot rpm 55
D,238847,11,dispense,0.0000,S,55,192
D,238943,11,dispense,0.0000,S,55,192
D,239039,11,dispense,0.0000,S,55,192
D,239134,11,dispense,0.0000,S,55,193
D,239238,11,dispense,0.0000,S,55,193
D,239331,11,dispense,0.0000,S,55,193
D,239422,11,dispense,0.0000,S,55,194
D,239516,11,dispense,0.0000,S,55,194
D,239612,11,dispense,0.0000,S,55,194
D,239707,11,dispense,0.0098,U,55,195
D,239802,11,dispense,0.0194,U,55,195
D,239898,11,dispense,0.0322,U,55,195
D,239995,11,dispense,0.0468,U,55,196
D,240090,11,dispense,0.0613,U,55,196
D,240186,11,dispense,0.0740,U,55,196
D,240282,11,dispense,0.0838,U,55,197
D,240377,11,dispense,0.0910,U,55,197
D,240471,11,dispense,0.0966,U,55,197
D,240567,11,dispense,0.1019,U,55,198
D,240663,11,dispense,0.1085,U,55,198
D,240759,11,dispense,0.1172,U,55,198
D,240855,11,dispense,0.1284,U,55,199
D,240951,11,dispense,0.1414,U,55,199
D,241046,11,dispense,0.1555,U,55,199
D,241142,11,dispense,0.1694,U,55,200
D,241238,11,dispense,0.1820,U,55,200
D,241332,11,dispense,0.1924,U,55,200
D,241428,11,dispense,0.2007,U,55,201
D,241524,11,dispense,0.2070,U,55,201
D,241619,11,dispense,0.2119,U,55,201
D,241715,11,dispense,0.2165,U,55,202
D,241811,11,dispense,0.2225,U,55,202
D,241907,11,dispense,0.2316,U,55,202
D,242003,11,dispense,0.2443,U,55,203
D,242099,11,dispense,0.2593,U,55,203
D,242192,11,dispense,0.2745,U,55,203
D,242288,11,dispense,0.2879,U,55,204
D,242384,11,dispense,0.2983,U,55,204
D,242480,11,dispense,0.3059,U,55,204
D,242576,11,dispense,0.3116,U,55,205
D,242672,11,dispense,0.3163,U,55,205
D,242768,11,dispense,0.3214,U,55,205
D,242863,11,dispense,0.3281,U,55,206
D,242959,11,dispense,0.3380,U,55,206
D,243055,11,dispense,0.3516,U,55,206
D,243149,11,dispense,0.3676,U,55,207
D,243245,11,dispense,0.3838,U,55,207
D,243341,11,dispense,0.3982,U,55,207
D,243436,11,dispense,0.4100,U,55,208
D,243532,11,dispense,0.4189,U,55,208
D,243628,11,dispense,0.4253,U,55,208
D,243724,11,dispense,0.4298,U,55,209
D,243820,11,dispense,0.4337,U,55,209
D,243916,11,dispense,0.4387,U,55,209
D,244010,11,dispense,0.4466,U,55,210
D,244105,11,dispense,0.4578,U,55,210
D,244201,11,dispense,0.4710,U,55,210
D,244297,11,dispense,0.4846,U,55,211
D,244393,11,dispense,0.4974,U,55,211
D,244489,11,dispense,0.5087,U,55,211
D,244585,11,dispense,0.5182,U,55,212
D,244680,11,dispense,0.5256,U,55,212
D,244776,11,dispense,0.5312,U,55,212
D,244870,11,dispense,0.5354,U,55,213
D,244966,11,dispense,0.5391,U,55,213
D,245062,11,dispense,0.5444,U,55,213
D,245158,11,dispense,0.5529,U,55,214
D,245253,11,dispense,0.5651,U,55,214
D,245350,11,dispense,0.5796,U,55,214
D,245445,11,dispense,0.5946,U,55,215
D,245541,11,dispense,0.6084,U,55,215
E,245546,TRIGGER 0.6084 g at t=6.64 s -- ALL STOP
D,245638,11,settle,0.6202,U,0,215
D,245733,11,settle,0.6293,U,0,215
D,245827,11,settle,0.6360,U,0,215
D,245922,11,settle,0.6409,U,0,215
D,246018,11,settle,0.6456,U,0,215
D,246114,11,settle,0.6517,U,0,215
D,246210,11,settle,0.6606,U,0,215
D,246306,11,settle,0.6720,U,0,215
D,246402,11,settle,0.6846,U,0,215
D,246497,11,settle,0.6961,U,0,215
D,246593,11,settle,0.7041,U,0,215
D,246687,11,settle,0.7076,U,0,215
D,246783,11,settle,0.7077,U,0,215
D,246879,11,settle,0.7063,U,0,215
D,246975,11,settle,0.7052,U,0,215
D,247071,11,settle,0.7046,U,0,215
D,247166,11,settle,0.7043,U,0,215
D,247262,11,settle,0.7042,U,0,215
D,247358,11,settle,0.7042,U,0,215
D,247454,11,settle,0.7043,U,0,215
D,247548,11,settle,0.7044,U,0,215
D,247644,11,settle,0.7044,U,0,215
D,247740,11,settle,0.7044,U,0,215
D,247836,11,settle,0.7044,U,0,215
D,247931,11,settle,0.7044,S,0,215
D,248039,11,settle,0.7044,S,0,215
D,248219,11,settle,0.7044,S,0,215
D,248315,11,settle,0.7044,S,0,215
D,248411,11,settle,0.7045,S,0,215
D,248505,11,settle,0.7045,S,0,215
D,248600,11,settle,0.7045,S,0,215
D,248696,11,settle,0.7045,S,0,215
D,248792,11,settle,0.7045,S,0,215
D,248888,11,settle,0.7045,S,0,215
D,248984,11,settle,0.7045,S,0,215
D,249080,11,settle,0.7045,S,0,215
D,249176,11,settle,0.7044,S,0,215
D,249272,11,settle,0.7044,S,0,215
D,249365,11,settle,0.7044,S,0,215
D,249461,11,settle,0.7044,S,0,215
D,249557,11,settle,0.7044,S,0,215
D,249653,11,settle,0.7044,S,0,215
D,249749,11,settle,0.7044,S,0,215
D,249845,11,settle,0.7044,S,0,215
D,249941,11,settle,0.7044,S,0,215
D,250036,11,settle,0.7043,S,0,215
D,250132,11,settle,0.7043,S,0,215
D,250228,11,settle,0.7043,S,0,215
D,250322,11,settle,0.7043,S,0,215
D,250418,11,settle,0.7040,U,0,215
D,250514,11,settle,0.7040,U,0,215
D,250609,11,settle,0.7039,U,0,215
D,250705,11,settle,0.7039,U,0,215
D,250801,11,settle,0.7039,U,0,215
D,250897,11,settle,0.7039,S,0,215
D,250993,11,settle,0.7040,S,0,215
D,251089,11,settle,0.7040,S,0,215
D,251182,11,settle,0.7040,S,0,215
D,251278,11,settle,0.7041,U,0,215
D,251374,11,settle,0.7041,U,0,215
D,251470,11,settle,0.7041,S,0,215
D,251566,11,settle,0.7041,S,0,215
D,251662,11,settle,0.7041,S,0,215
D,251758,11,settle,0.7042,S,0,215
D,251853,11,settle,0.7042,S,0,215
D,251949,11,settle,0.7042,S,0,215
D,252043,11,settle,0.7043,U,0,215
D,252139,11,settle,0.7045,U,0,215
D,252235,11,settle,0.7046,U,0,215
D,252331,11,settle,0.7046,U,0,215
D,252426,11,settle,0.7046,U,0,215
D,252522,11,settle,0.7047,U,0,215
D,252618,11,settle,0.7047,U,0,215
D,252714,11,settle,0.7047,S,0,215
D,252810,11,settle,0.7047,S,0,215
D,252906,11,settle,0.7047,S,0,215
D,252999,11,settle,0.7047,S,0,215
D,253095,11,settle,0.7046,S,0,215
D,253191,11,settle,0.7046,S,0,215
D,253287,11,settle,0.7046,S,0,215
D,253383,11,settle,0.7045,U,0,215
D,253479,11,settle,0.7045,U,0,215
D,253575,11,settle,0.7045,S,0,215
P,253861,11,40.0,2,settled,0.7044
D,253956,11,settle,0.7043,U,0,215
D,254052,11,settle,0.7043,U,0,215
D,254148,11,settle,0.7043,S,0,215
D,254243,11,settle,0.7042,U,0,215
D,254339,11,settle,0.7042,U,0,215
D,254435,11,settle,0.7042,S,0,215
D,254531,11,settle,0.7042,S,0,215
D,254627,11,settle,0.7042,S,0,215
D,254721,11,settle,0.7042,S,0,215
D,254817,11,settle,0.7042,S,0,215
D,254912,11,settle,0.7042,S,0,215
D,255008,11,settle,0.7042,S,0,215
D,255104,11,settle,0.7042,S,0,215
D,255200,11,settle,0.7042,S,0,215
D,255296,11,settle,0.7042,S,0,215
D,255392,11,settle,0.7042,S,0,215
D,255487,11,settle,0.7042,S,0,215
D,255583,11,settle,0.7042,S,0,215
D,255677,11,settle,0.7042,S,0,215
D,255773,11,settle,0.7042,S,0,215
D,255869,11,settle,0.7042,S,0,215
D,255965,11,settle,0.7042,S,0,215
D,256061,11,settle,0.7042,S,0,215
D,256157,11,settle,0.7042,S,0,215
D,256253,11,settle,0.7042,S,0,215
D,256348,11,settle,0.7042,S,0,215
D,256444,11,settle,0.7042,S,0,215
D,256538,11,settle,0.7042,S,0,215
D,256634,11,settle,0.7042,S,0,215
D,256730,11,settle,0.7042,S,0,215
D,256826,11,settle,0.7042,S,0,215
P,256922,11,40.0,2,settled2,0.7042
R,11,C6,40.0,2,55,0.60,rot,0.6084,6.74,0.7044,0.7042,0.7044,6.3105,23,ok
E,256930,=== trial 12 : C6 tilt 40.0 rep 2 rpm 55 halt 0.30 mode rot (cum 6.31 g) ===
P,258743,12,40.0,2,tare0,0.0000
D,258835,12,preroll,0.0000,S,0,215
D,258931,12,preroll,0.0000,S,0,215
D,259027,12,preroll,0.0000,S,0,215
D,259122,12,preroll,0.0000,S,0,215
D,259216,12,preroll,0.0000,S,0,215
D,259312,12,preroll,0.0000,S,0,215
D,259408,12,preroll,0.0000,S,0,215
D,259504,12,preroll,0.0000,S,0,215
D,259600,12,preroll,0.0000,S,0,215
D,259696,12,preroll,0.0000,S,0,215
D,259791,12,preroll,0.0000,S,0,215
D,259887,12,preroll,0.0000,S,0,215
D,259983,12,preroll,0.0000,S,0,215
D,260079,12,preroll,0.0000,S,0,215
D,260173,12,preroll,0.0000,S,0,215
D,260269,12,preroll,0.0000,S,0,215
E,260334,dispense start: mode rot rpm 55
D,260364,12,dispense,0.0000,S,55,215
D,260460,12,dispense,0.0000,S,55,215
D,260556,12,dispense,0.0000,S,55,215
D,260652,12,dispense,0.0000,S,55,216
D,260748,12,dispense,0.0000,S,55,216
D,260844,12,dispense,0.0000,S,55,216
D,260940,12,dispense,0.0000,S,55,217
D,261033,12,dispense,0.0000,S,55,217
D,261128,12,dispense,0.0079,U,55,217
D,261224,12,dispense,0.0176,U,55,218
D,261329,12,dispense,0.0316,U,55,218
D,261421,12,dispense,0.0479,U,55,218
D,261512,12,dispense,0.0639,U,55,219
D,261607,12,dispense,0.0775,U,55,219
D,261703,12,dispense,0.0876,U,55,219
D,261799,12,dispense,0.0946,U,55,220
D,261893,12,dispense,0.0995,U,55,220
D,261988,12,dispense,0.1037,U,55,220
D,262085,12,dispense,0.1093,U,55,221
D,262180,12,dispense,0.1178,U,55,221
D,262276,12,dispense,0.1303,U,55,221
D,262372,12,dispense,0.1463,U,55,222
D,262468,12,dispense,0.1641,U,55,222
D,262564,12,dispense,0.1814,U,55,222
D,262659,12,dispense,0.1961,U,55,223
D,262755,12,dispense,0.2074,U,55,223
D,262849,12,dispense,0.2156,U,55,223
D,262945,12,dispense,0.2217,U,55,224
D,263041,12,dispense,0.2267,U,55,224
D,263137,12,dispense,0.2320,U,55,224
D,263232,12,dispense,0.2392,U,55,225
D,263328,12,dispense,0.2493,U,55,225
D,263424,12,dispense,0.2628,U,55,225
D,263520,12,dispense,0.2785,U,55,226
D,263616,12,dispense,0.2948,U,55,226
D,263710,12,dispense,0.3098,U,55,226
E,263715,TRIGGER 0.3098 g at t=3.29 s -- ALL STOP
D,263807,12,settle,0.3223,U,0,226
D,263901,12,settle,0.3319,U,0,226
D,263997,12,settle,0.3389,U,0,226
D,264093,12,settle,0.3440,U,0,226
D,264189,12,settle,0.3484,U,0,226
D,264285,12,settle,0.3539,U,0,226
D,264381,12,settle,0.3617,U,0,226
D,264476,12,settle,0.3721,U,0,226
D,264570,12,settle,0.3843,U,0,226
D,264666,12,settle,0.3967,U,0,226
D,264762,12,settle,0.4079,U,0,226
D,264858,12,settle,0.4159,U,0,226
D,264954,12,settle,0.4200,U,0,226
D,265050,12,settle,0.4206,U,0,226
D,265145,12,settle,0.4196,U,0,226
D,265241,12,settle,0.4185,U,0,226
D,265337,12,settle,0.4178,U,0,226
D,265433,12,settle,0.4175,U,0,226
D,265527,12,settle,0.4175,U,0,226
D,265623,12,settle,0.4174,U,0,226
D,265719,12,settle,0.4174,U,0,226
D,265815,12,settle,0.4174,U,0,226
D,265910,12,settle,0.4174,S,0,226
D,266006,12,settle,0.4174,S,0,226
D,266102,12,settle,0.4174,S,0,226
D,266198,12,settle,0.4174,S,0,226
D,266294,12,settle,0.4174,S,0,226
D,266388,12,settle,0.4173,S,0,226
D,266483,12,settle,0.4174,S,0,226
D,266580,12,settle,0.4174,S,0,226
D,266675,12,settle,0.4174,S,0,226
D,266771,12,settle,0.4174,S,0,226
D,266867,12,settle,0.4174,S,0,226
D,266963,12,settle,0.4174,S,0,226
D,267059,12,settle,0.4174,S,0,226
D,267155,12,settle,0.4174,S,0,226
D,267250,12,settle,0.4174,S,0,226
D,267344,12,settle,0.4174,S,0,226
D,267440,12,settle,0.4174,S,0,226
D,267536,12,settle,0.4174,S,0,226
D,267632,12,settle,0.4174,S,0,226
D,267728,12,settle,0.4174,S,0,226
D,267824,12,settle,0.4174,S,0,226
D,267920,12,settle,0.4174,S,0,226
D,268015,12,settle,0.4174,S,0,226
D,268111,12,settle,0.4174,S,0,226
D,268205,12,settle,0.4175,S,0,226
D,268301,12,settle,0.4175,S,0,226
D,268397,12,settle,0.4175,S,0,226
D,268493,12,settle,0.4175,S,0,226
D,268589,12,settle,0.4175,S,0,226
D,268684,12,settle,0.4175,S,0,226
D,268780,12,settle,0.4175,S,0,226
D,268876,12,settle,0.4175,S,0,226
D,268972,12,settle,0.4175,S,0,226
D,269066,12,settle,0.4175,S,0,226
D,269162,12,settle,0.4175,S,0,226
D,269258,12,settle,0.4175,S,0,226
D,269353,12,settle,0.4175,S,0,226
D,269449,12,settle,0.4175,S,0,226
D,269545,12,settle,0.4175,S,0,226
D,269641,12,settle,0.4175,S,0,226
D,269737,12,settle,0.4175,S,0,226
D,269833,12,settle,0.4175,S,0,226
D,269929,12,settle,0.4175,S,0,226
D,270022,12,settle,0.4176,S,0,226
D,270118,12,settle,0.4176,S,0,226
D,270214,12,settle,0.4176,S,0,226
D,270310,12,settle,0.4176,S,0,226
D,270406,12,settle,0.4176,S,0,226
D,270502,12,settle,0.4176,S,0,226
D,270598,12,settle,0.4176,S,0,226
D,270694,12,settle,0.4176,S,0,226
D,270789,12,settle,0.4176,S,0,226
D,270883,12,settle,0.4176,S,0,226
D,270979,12,settle,0.4176,S,0,226
D,271075,12,settle,0.4176,S,0,226
D,271171,12,settle,0.4176,S,0,226
D,271267,12,settle,0.4176,S,0,226
D,271363,12,settle,0.4176,S,0,226
D,271458,12,settle,0.4176,S,0,226
D,271554,12,settle,0.4176,S,0,226
D,271650,12,settle,0.4176,S,0,226
D,271744,12,settle,0.4176,S,0,226
P,271841,12,40.0,2,settled,0.4176
D,271936,12,settle,0.4176,S,0,226
D,272032,12,settle,0.4176,S,0,226
D,272128,12,settle,0.4176,S,0,226
D,272235,12,settle,0.4176,S,0,226
D,272415,12,settle,0.4176,S,0,226
D,272511,12,settle,0.4176,S,0,226
D,272607,12,settle,0.4176,S,0,226
D,272701,12,settle,0.4177,S,0,226
D,272796,12,settle,0.4177,S,0,226
D,272892,12,settle,0.4177,S,0,226
D,272988,12,settle,0.4177,S,0,226
D,273084,12,settle,0.4177,S,0,226
D,273180,12,settle,0.4177,S,0,226
D,273276,12,settle,0.4177,S,0,226
D,273371,12,settle,0.4177,S,0,226
D,273467,12,settle,0.4177,S,0,226
D,273561,12,settle,0.4177,S,0,226
D,273657,12,settle,0.4177,S,0,226
D,273753,12,settle,0.4177,S,0,226
D,273849,12,settle,0.4177,S,0,226
D,273945,12,settle,0.4177,S,0,226
D,274040,12,settle,0.4177,S,0,226
D,274136,12,settle,0.4177,S,0,226
D,274232,12,settle,0.4177,S,0,226
D,274328,12,settle,0.4177,S,0,226
D,274424,12,settle,0.4177,S,0,226
D,274518,12,settle,0.4177,S,0,226
D,274614,12,settle,0.4177,S,0,226
D,274709,12,settle,0.4177,S,0,226
D,274805,12,settle,0.4177,S,0,226
P,274902,12,40.0,2,settled2,0.4177
R,12,C6,40.0,2,55,0.30,rot,0.3098,3.39,0.4176,0.4177,0.4176,6.7281,11,ok
E,274909,=== trial 13 : C6 tilt 40.0 rep 3 rpm 55 halt 0.30 mode rot (cum 6.73 g) ===
P,276723,13,40.0,3,tare0,0.0000
D,276815,13,preroll,0.0000,S,0,226
D,276909,13,preroll,0.0002,U,0,226
D,277005,13,preroll,0.0002,U,0,226
D,277101,13,preroll,0.0002,U,0,226
D,277194,13,preroll,0.0001,S,0,226
D,277290,13,preroll,0.0001,S,0,226
D,277386,13,preroll,0.0001,S,0,226
D,277482,13,preroll,0.0001,S,0,226
D,277578,13,preroll,0.0001,S,0,226
D,277674,13,preroll,0.0000,S,0,226
D,277769,13,preroll,0.0000,S,0,226
D,277865,13,preroll,0.0000,S,0,226
D,277961,13,preroll,0.0000,S,0,226
D,278055,13,preroll,-0.0001,U,0,226
D,278151,13,preroll,-0.0001,S,0,226
D,278247,13,preroll,-0.0001,S,0,226
E,278312,dispense start: mode rot rpm 55
D,278343,13,dispense,-0.0001,S,55,226
D,278439,13,dispense,-0.0001,S,55,226
D,278534,13,dispense,-0.0001,S,55,226
D,278630,13,dispense,0.0000,S,55,227
D,278726,13,dispense,0.0000,S,55,227
D,278822,13,dispense,0.0000,S,55,227
D,278916,13,dispense,0.0000,S,55,228
D,279012,13,dispense,0.0000,S,55,228
D,279107,13,dispense,0.0061,U,55,228
D,279203,13,dispense,0.0129,U,55,229
D,279299,13,dispense,0.0227,U,55,229
D,279394,13,dispense,0.0348,U,55,229
D,279490,13,dispense,0.0477,U,55,230
D,279586,13,dispense,0.0596,U,55,230
D,279682,13,dispense,0.0691,U,55,230
D,279778,13,dispense,0.0761,U,55,231
D,279872,13,dispense,0.0809,U,55,231
D,279967,13,dispense,0.0848,U,55,231
D,280063,13,dispense,0.0899,U,55,232
D,280159,13,dispense,0.0983,U,55,232
D,280255,13,dispense,0.1110,U,55,232
D,280351,13,dispense,0.1270,U,55,233
D,280447,13,dispense,0.1443,U,55,233
D,280543,13,dispense,0.1610,U,55,233
D,280639,13,dispense,0.1758,U,55,234
D,280732,13,dispense,0.1877,U,55,234
D,280828,13,dispense,0.1962,U,55,234
D,280924,13,dispense,0.2014,U,55,235
D,281020,13,dispense,0.2046,U,55,235
D,281116,13,dispense,0.2075,U,55,235
D,281211,13,dispense,0.2129,U,55,236
D,281307,13,dispense,0.2225,U,55,236
D,281403,13,dispense,0.2365,U,55,236
D,281499,13,dispense,0.2528,U,55,237
D,281595,13,dispense,0.2691,U,55,237
D,281689,13,dispense,0.2833,U,55,237
D,281784,13,dispense,0.2949,U,55,238
D,281881,13,dispense,0.3039,U,55,238
E,281886,TRIGGER 0.3039 g at t=3.48 s -- ALL STOP
D,281978,13,settle,0.3103,U,0,238
D,282072,13,settle,0.3146,U,0,238
D,282168,13,settle,0.3179,U,0,238
D,282264,13,settle,0.3218,U,0,238
D,282360,13,settle,0.3278,U,0,238
D,282455,13,settle,0.3371,U,0,238
D,282549,13,settle,0.3502,U,0,238
D,282645,13,settle,0.3667,U,0,238
D,282741,13,settle,0.3857,U,0,238
D,282837,13,settle,0.4055,U,0,238
D,282933,13,settle,0.4247,U,0,238
D,283029,13,settle,0.4416,U,0,238
D,283124,13,settle,0.4549,U,0,238
D,283220,13,settle,0.4631,U,0,238
D,283316,13,settle,0.4664,U,0,238
D,283410,13,settle,0.4662,U,0,238
D,283506,13,settle,0.4648,U,0,238
D,283602,13,settle,0.4636,U,0,238
D,283698,13,settle,0.4629,U,0,238
D,283793,13,settle,0.4626,U,0,238
D,283889,13,settle,0.4626,U,0,238
D,283985,13,settle,0.4625,U,0,238
D,284086,13,settle,0.4625,U,0,238
D,284177,13,settle,0.4625,U,0,238
D,284273,13,settle,0.4625,S,0,238
D,284367,13,settle,0.4626,S,0,238
D,284462,13,settle,0.4626,S,0,238
D,284558,13,settle,0.4627,U,0,238
D,284654,13,settle,0.4627,U,0,238
D,284750,13,settle,0.4627,U,0,238
D,284846,13,settle,0.4627,S,0,238
D,284942,13,settle,0.4627,S,0,238
D,285038,13,settle,0.4627,S,0,238
D,285134,13,settle,0.4627,S,0,238
D,285227,13,settle,0.4627,S,0,238
D,285323,13,settle,0.4627,S,0,238
D,285419,13,settle,0.4627,S,0,238
D,285515,13,settle,0.4627,S,0,238
D,285611,13,settle,0.4627,S,0,238
D,285707,13,settle,0.4627,S,0,238
D,285803,13,settle,0.4627,S,0,238
D,285898,13,settle,0.4627,S,0,238
D,285994,13,settle,0.4627,S,0,238
D,286088,13,settle,0.4627,S,0,238
D,286184,13,settle,0.4627,S,0,238
D,286280,13,settle,0.4627,S,0,238
D,286376,13,settle,0.4627,S,0,238
D,286472,13,settle,0.4627,S,0,238
D,286567,13,settle,0.4627,S,0,238
D,286663,13,settle,0.4627,S,0,238
D,286759,13,settle,0.4627,S,0,238
D,286855,13,settle,0.4627,S,0,238
D,286951,13,settle,0.4626,S,0,238
D,287045,13,settle,0.4626,S,0,238
D,287141,13,settle,0.4626,S,0,238
D,287236,13,settle,0.4626,S,0,238
D,287332,13,settle,0.4626,S,0,238
D,287428,13,settle,0.4626,S,0,238
D,287524,13,settle,0.4626,S,0,238
D,287620,13,settle,0.4626,S,0,238
D,287716,13,settle,0.4626,S,0,238
D,287812,13,settle,0.4626,S,0,238
D,287905,13,settle,0.4626,S,0,238
D,288001,13,settle,0.4625,S,0,238
D,288097,13,settle,0.4625,S,0,238
D,288193,13,settle,0.4625,S,0,238
D,288289,13,settle,0.4625,S,0,238
D,288385,13,settle,0.4625,S,0,238
D,288481,13,settle,0.4625,S,0,238
D,288576,13,settle,0.4625,S,0,238
D,288672,13,settle,0.4625,S,0,238
D,288766,13,settle,0.4625,S,0,238
D,288862,13,settle,0.4625,S,0,238
D,288958,13,settle,0.4625,S,0,238
D,289054,13,settle,0.4625,S,0,238
D,289150,13,settle,0.4625,S,0,238
D,289246,13,settle,0.4624,S,0,238
D,289341,13,settle,0.4624,S,0,238
D,289437,13,settle,0.4624,S,0,238
D,289533,13,settle,0.4624,S,0,238
D,289629,13,settle,0.4624,S,0,238
D,289723,13,settle,0.4624,S,0,238
D,289819,13,settle,0.4624,S,0,238
D,289915,13,settle,0.4624,S,0,238
P,290012,13,40.0,3,settled,0.4625
D,290107,13,settle,0.4625,S,0,238
D,290202,13,settle,0.4625,S,0,238
D,290298,13,settle,0.4625,S,0,238
D,290394,13,settle,0.4625,S,0,238
D,290490,13,settle,0.4625,S,0,238
D,290584,13,settle,0.4625,S,0,238
D,290680,13,settle,0.4625,S,0,238
D,290775,13,settle,0.4625,S,0,238
D,290871,13,settle,0.4625,S,0,238
D,290967,13,settle,0.4625,S,0,238
D,291063,13,settle,0.4625,S,0,238
D,291159,13,settle,0.4625,S,0,238
D,291255,13,settle,0.4625,S,0,238
D,291350,13,settle,0.4625,S,0,238
D,291446,13,settle,0.4624,S,0,238
D,291540,13,settle,0.4624,S,0,238
D,291636,13,settle,0.4624,S,0,238
D,291732,13,settle,0.4624,S,0,238
D,291828,13,settle,0.4624,S,0,238
D,291924,13,settle,0.4624,S,0,238
D,292019,13,settle,0.4624,S,0,238
D,292115,13,settle,0.4625,S,0,238
D,292211,13,settle,0.4625,S,0,238
D,292307,13,settle,0.4625,S,0,238
D,292401,13,settle,0.4625,S,0,238
D,292497,13,settle,0.4625,S,0,238
D,292592,13,settle,0.4625,S,0,238
D,292688,13,settle,0.4625,S,0,238
D,292784,13,settle,0.4625,S,0,238
D,292880,13,settle,0.4625,S,0,238
D,292976,13,settle,0.4625,S,0,238
P,293073,13,40.0,3,settled2,0.4625
R,13,C6,40.0,3,55,0.30,rot,0.3039,3.58,0.4625,0.4625,0.4625,7.1906,12,ok
E,293081,=== trial 14 : C6 tilt 40.0 rep 3 rpm 55 halt 0.60 mode rot (cum 7.19 g) ===
P,294894,14,40.0,3,tare0,0.0000
D,294986,14,preroll,0.0000,S,0,238
D,295078,14,preroll,0.0000,S,0,238
D,295174,14,preroll,0.0000,S,0,238
D,295270,14,preroll,0.0000,S,0,238
D,295366,14,preroll,0.0000,S,0,238
D,295462,14,preroll,0.0000,S,0,238
D,295558,14,preroll,0.0000,S,0,238
D,295654,14,preroll,0.0000,S,0,238
D,295749,14,preroll,0.0000,S,0,238
D,295845,14,preroll,0.0000,S,0,238
D,295939,14,preroll,0.0000,S,0,238
D,296035,14,preroll,0.0000,S,0,238
D,296131,14,preroll,0.0000,S,0,238
D,296227,14,preroll,0.0000,S,0,238
D,296322,14,preroll,0.0000,S,0,238
D,296418,14,preroll,0.0000,S,0,238
E,296483,dispense start: mode rot rpm 55
D,296514,14,dispense,0.0000,S,55,238
D,296610,14,dispense,0.0000,S,55,238
D,296706,14,dispense,0.0000,S,55,238
D,296802,14,dispense,0.0000,S,55,239
D,296895,14,dispense,0.0000,S,55,239
D,296991,14,dispense,0.0000,S,55,239
D,297087,14,dispense,0.0000,S,55,240
D,297183,14,dispense,0.0000,S,55,240
D,297279,14,dispense,0.0000,S,55,240
D,297381,14,dispense,0.0066,U,55,241
D,297473,14,dispense,0.0126,U,55,241
D,297566,14,dispense,0.0201,U,55,241
D,297661,14,dispense,0.0281,U,55,242
D,297755,14,dispense,0.0354,U,55,242
D,297851,14,dispense,0.0414,U,55,242
D,297946,14,dispense,0.0465,U,55,243
D,298042,14,dispense,0.0523,U,55,243
D,298138,14,dispense,0.0602,U,55,243
D,298234,14,dispense,0.0716,U,55,244
D,298330,14,dispense,0.0862,U,55,244
D,298426,14,dispense,0.1026,U,55,244
D,298522,14,dispense,0.1187,U,55,245
D,298617,14,dispense,0.1325,U,55,245
D,298711,14,dispense,0.1431,U,55,245
D,298807,14,dispense,0.1506,U,55,246
D,298903,14,dispense,0.1557,U,55,246
D,298999,14,dispense,0.1600,U,55,246
D,299095,14,dispense,0.1649,U,55,247
D,299190,14,dispense,0.1727,U,55,247
D,299286,14,dispense,0.1845,U,55,247
D,299382,14,dispense,0.1999,U,55,248
D,299478,14,dispense,0.2172,U,55,248
D,299572,14,dispense,0.2343,U,55,248
D,299668,14,dispense,0.2500,U,55,249
D,299764,14,dispense,0.2630,U,55,249
D,299859,14,dispense,0.2727,U,55,249
D,299955,14,dispense,0.2791,U,55,250
D,300051,14,dispense,0.2835,U,55,250
D,300147,14,dispense,0.2873,U,55,250
D,300243,14,dispense,0.2921,U,55,251
D,300339,14,dispense,0.2985,U,55,251
D,300432,14,dispense,0.3071,U,55,251
D,300528,14,dispense,0.3176,U,55,252
D,300624,14,dispense,0.3297,U,55,252
D,300720,14,dispense,0.3426,U,55,252
D,300816,14,dispense,0.3550,U,55,253
D,300912,14,dispense,0.3656,U,55,253
D,301007,14,dispense,0.3735,U,55,253
D,301103,14,dispense,0.3792,U,55,254
D,301199,14,dispense,0.3837,U,55,254
D,301295,14,dispense,0.3885,U,55,254
D,301389,14,dispense,0.3950,U,55,255
D,301485,14,dispense,0.4044,U,55,255
D,301581,14,dispense,0.4172,U,55,255
D,301676,14,dispense,0.4321,U,55,256
D,301772,14,dispense,0.4476,U,55,256
D,301868,14,dispense,0.4617,U,55,256
D,301964,14,dispense,0.4733,U,55,257
D,302060,14,dispense,0.4822,U,55,257
D,302156,14,dispense,0.4886,U,55,257
D,302249,14,dispense,0.4931,U,55,258
D,302346,14,dispense,0.4968,U,55,258
D,302441,14,dispense,0.5013,U,55,258
D,302537,14,dispense,0.5089,U,55,259
D,302633,14,dispense,0.5207,U,55,259
D,302729,14,dispense,0.5365,U,55,259
D,302825,14,dispense,0.5541,U,55,260
D,302920,14,dispense,0.5707,U,55,260
D,303016,14,dispense,0.5842,U,55,260
D,303110,14,dispense,0.5941,U,55,261
D,303206,14,dispense,0.6010,U,55,261
E,303211,TRIGGER 0.6010 g at t=6.63 s -- ALL STOP
D,303304,14,settle,0.6058,U,0,261
D,303398,14,settle,0.6098,U,0,261
D,303493,14,settle,0.6146,U,0,261
D,303589,14,settle,0.6221,U,0,261
D,303685,14,settle,0.6336,U,0,261
D,303781,14,settle,0.6488,U,0,261
D,303877,14,settle,0.6664,U,0,261
D,303973,14,settle,0.6849,U,0,261
D,304067,14,settle,0.7031,U,0,261
D,304162,14,settle,0.7199,U,0,261
D,304258,14,settle,0.7341,U,0,261
D,304354,14,settle,0.7447,U,0,261
D,304450,14,settle,0.7508,U,0,261
D,304546,14,settle,0.7526,U,0,261
D,304642,14,settle,0.7519,U,0,261
D,304738,14,settle,0.7505,U,0,261
D,304833,14,settle,0.7493,U,0,261
D,304927,14,settle,0.7488,U,0,261
D,305023,14,settle,0.7487,U,0,261
D,305119,14,settle,0.7485,U,0,261
D,305215,14,settle,0.7485,U,0,261
D,305311,14,settle,0.7485,U,0,261
D,305407,14,settle,0.7485,U,0,261
D,305502,14,settle,0.7486,S,0,261
D,305598,14,settle,0.7486,S,0,261
D,305694,14,settle,0.7487,U,0,261
D,305788,14,settle,0.7487,U,0,261
D,305884,14,settle,0.7487,U,0,261
D,305980,14,settle,0.7487,S,0,261
D,306076,14,settle,0.7487,S,0,261
D,306172,14,settle,0.7487,S,0,261
D,306267,14,settle,0.7487,S,0,261
D,306363,14,settle,0.7487,S,0,261
D,306459,14,settle,0.7487,S,0,261
D,306561,14,settle,0.7487,S,0,261
D,306651,14,settle,0.7487,S,0,261
D,306745,14,settle,0.7487,S,0,261
D,306840,14,settle,0.7487,S,0,261
D,306937,14,settle,0.7487,S,0,261
D,307032,14,settle,0.7487,S,0,261
D,307128,14,settle,0.7488,S,0,261
D,307224,14,settle,0.7488,S,0,261
D,307320,14,settle,0.7488,S,0,261
D,307416,14,settle,0.7488,S,0,261
D,307512,14,settle,0.7488,S,0,261
D,307606,14,settle,0.7488,S,0,261
D,307701,14,settle,0.7488,S,0,261
D,307797,14,settle,0.7488,S,0,261
D,307893,14,settle,0.7488,S,0,261
D,307989,14,settle,0.7488,S,0,261
D,308085,14,settle,0.7488,S,0,261
D,308181,14,settle,0.7488,S,0,261
D,308276,14,settle,0.7488,S,0,261
D,308372,14,settle,0.7488,S,0,261
D,308468,14,settle,0.7488,S,0,261
D,308562,14,settle,0.7488,S,0,261
D,308658,14,settle,0.7488,S,0,261
D,308754,14,settle,0.7488,S,0,261
D,308850,14,settle,0.7488,S,0,261
D,308945,14,settle,0.7488,S,0,261
D,309042,14,settle,0.7488,S,0,261
D,309137,14,settle,0.7488,S,0,261
D,309233,14,settle,0.7488,S,0,261
D,309329,14,settle,0.7488,S,0,261
D,309423,14,settle,0.7488,S,0,261
D,309519,14,settle,0.7488,S,0,261
D,309615,14,settle,0.7489,S,0,261
D,309710,14,settle,0.7489,S,0,261
D,309806,14,settle,0.7489,S,0,261
D,309902,14,settle,0.7489,S,0,261
D,309998,14,settle,0.7489,S,0,261
D,310094,14,settle,0.7489,S,0,261
D,310190,14,settle,0.7489,S,0,261
D,310284,14,settle,0.7489,S,0,261
D,310379,14,settle,0.7489,S,0,261
D,310476,14,settle,0.7489,S,0,261
D,310571,14,settle,0.7489,S,0,261
D,310667,14,settle,0.7489,S,0,261
D,310763,14,settle,0.7489,S,0,261
D,310859,14,settle,0.7489,S,0,261
D,310955,14,settle,0.7489,S,0,261
D,311051,14,settle,0.7489,S,0,261
D,311146,14,settle,0.7489,S,0,261
D,311240,14,settle,0.7489,S,0,261
P,311337,14,40.0,3,settled,0.7489
D,311432,14,settle,0.7489,S,0,261
D,311528,14,settle,0.7489,S,0,261
D,311624,14,settle,0.7489,S,0,261
D,311720,14,settle,0.7489,S,0,261
D,311815,14,settle,0.7489,S,0,261
D,311911,14,settle,0.7490,S,0,261
D,312007,14,settle,0.7490,S,0,261
D,312101,14,settle,0.7490,S,0,261
D,312197,14,settle,0.7490,S,0,261
D,312293,14,settle,0.7490,S,0,261
D,312389,14,settle,0.7490,S,0,261
D,312483,14,settle,0.7495,U,0,261
D,312579,14,settle,0.7495,U,0,261
D,312675,14,settle,0.7495,U,0,261
D,312771,14,settle,0.7495,U,0,261
D,312867,14,settle,0.7495,U,0,261
D,312961,14,settle,0.7494,S,0,261
D,313057,14,settle,0.7494,S,0,261
D,313153,14,settle,0.7494,S,0,261
D,313248,14,settle,0.7494,S,0,261
D,313344,14,settle,0.7494,S,0,261
D,313440,14,settle,0.7494,S,0,261
D,313536,14,settle,0.7494,S,0,261
D,313632,14,settle,0.7494,S,0,261
D,313728,14,settle,0.7493,S,0,261
D,313823,14,settle,0.7493,S,0,261
D,313917,14,settle,0.7493,S,0,261
D,314013,14,settle,0.7490,U,0,261
D,314109,14,settle,0.7490,U,0,261
D,314205,14,settle,0.7489,U,0,261
D,314301,14,settle,0.7489,U,0,261
P,314588,14,40.0,3,settled2,0.7489
R,14,C6,40.0,3,55,0.60,rot,0.6010,6.73,0.7489,0.7489,0.7489,7.9395,23,ok
E,314597,=== trial 15 : C6 tilt 55.0 rep 3 rpm 55 halt 0.60 mode rot (cum 7.94 g) ===
P,316883,15,55.0,3,tare0,0.0000
D,316978,15,preroll,0.0000,S,0,261
D,317074,15,preroll,0.0000,S,0,261
D,317170,15,preroll,0.0000,S,0,261
D,317266,15,preroll,0.0000,S,0,261
D,317362,15,preroll,0.0000,S,0,261
D,317456,15,preroll,0.0000,S,0,261
D,317552,15,preroll,0.0000,S,0,261
D,317647,15,preroll,0.0000,S,0,261
D,317743,15,preroll,0.0000,S,0,261
D,317839,15,preroll,0.0000,S,0,261
D,317935,15,preroll,0.0000,S,0,261
D,318031,15,preroll,0.0000,S,0,261
D,318127,15,preroll,0.0000,S,0,261
D,318223,15,preroll,0.0000,S,0,261
D,318319,15,preroll,0.0000,S,0,261
D,318413,15,preroll,0.0000,S,0,261
E,318478,dispense start: mode rot rpm 55
D,318508,15,dispense,0.0000,S,55,261
D,318604,15,dispense,0.0000,S,55,261
D,318700,15,dispense,0.0000,S,55,261
D,318796,15,dispense,0.0000,S,55,262
D,318892,15,dispense,0.0000,S,55,262
D,318988,15,dispense,0.0000,S,55,262
D,319083,15,dispense,0.0000,S,55,263
D,319179,15,dispense,0.0000,S,55,263
D,319273,15,dispense,0.0005,U,55,263
D,319368,15,dispense,0.0084,U,55,264
D,319464,15,dispense,0.0149,U,55,264
D,319560,15,dispense,0.0225,U,55,264
D,319655,15,dispense,0.0304,U,55,265
D,319760,15,dispense,0.0378,U,55,265
D,319852,15,dispense,0.0442,U,55,265
D,319944,15,dispense,0.0508,U,55,266
D,320039,15,dispense,0.0591,U,55,266
D,320133,15,dispense,0.0705,U,55,266
D,320228,15,dispense,0.0847,U,55,267
D,320324,15,dispense,0.1005,U,55,267
D,320420,15,dispense,0.1164,U,55,267
D,320516,15,dispense,0.1310,U,55,268
D,320612,15,dispense,0.1431,U,55,268
D,320708,15,dispense,0.1524,U,55,268
D,320804,15,dispense,0.1593,U,55,269
D,320899,15,dispense,0.1651,U,55,269
D,320995,15,dispense,0.1710,U,55,269
D,321089,15,dispense,0.1779,U,55,270
D,321185,15,dispense,0.1861,U,55,270
D,321281,15,dispense,0.1949,U,55,270
D,321377,15,dispense,0.2031,U,55,271
D,321472,15,dispense,0.2108,U,55,271
D,321568,15,dispense,0.2191,U,55,271
D,321664,15,dispense,0.2283,U,55,272
D,321760,15,dispense,0.2370,U,55,272
D,321856,15,dispense,0.2438,U,55,272
D,321950,15,dispense,0.2485,U,55,273
D,322046,15,dispense,0.2525,U,55,273
D,322141,15,dispense,0.2579,U,55,273
D,322237,15,dispense,0.2663,U,55,274
D,322333,15,dispense,0.2787,U,55,274
D,322429,15,dispense,0.2940,U,55,274
D,322525,15,dispense,0.3105,U,55,275
D,322621,15,dispense,0.3267,U,55,275
D,322716,15,dispense,0.3411,U,55,275
D,322812,15,dispense,0.3528,U,55,276
D,322906,15,dispense,0.3610,U,55,276
D,323002,15,dispense,0.3663,U,55,276
D,323098,15,dispense,0.3701,U,55,277
D,323194,15,dispense,0.3748,U,55,277
D,323290,15,dispense,0.3822,U,55,277
D,323385,15,dispense,0.3933,U,55,278
D,323481,15,dispense,0.4075,U,55,278
D,323577,15,dispense,0.4233,U,55,278
D,323673,15,dispense,0.4386,U,55,279
D,323767,15,dispense,0.4519,U,55,279
D,323863,15,dispense,0.4624,U,55,279
D,323959,15,dispense,0.4704,U,55,280
D,324054,15,dispense,0.4769,U,55,280
D,324150,15,dispense,0.4827,U,55,280
D,324246,15,dispense,0.4886,U,55,281
D,324342,15,dispense,0.4962,U,55,281
D,324438,15,dispense,0.5066,U,55,281
D,324534,15,dispense,0.5204,U,55,282
D,324627,15,dispense,0.5367,U,55,282
D,324723,15,dispense,0.5538,U,55,282
D,324819,15,dispense,0.5699,U,55,283
D,324915,15,dispense,0.5835,U,55,283
D,325011,15,dispense,0.5939,U,55,283
D,325107,15,dispense,0.6015,U,55,284
E,325112,TRIGGER 0.6015 g at t=6.60 s -- ALL STOP
D,325204,15,settle,0.6070,U,0,284
D,325299,15,settle,0.6118,U,0,284
D,325394,15,settle,0.6177,U,0,284
D,325490,15,settle,0.6261,U,0,284
D,325584,15,settle,0.6379,U,0,284
D,325680,15,settle,0.6523,U,0,284
D,325776,15,settle,0.6679,U,0,284
D,325871,15,settle,0.6836,U,0,284
D,325967,15,settle,0.6987,U,0,284
D,326063,15,settle,0.7136,U,0,284
D,326159,15,settle,0.7283,U,0,284
D,326255,15,settle,0.7425,U,0,284
D,326351,15,settle,0.7547,U,0,284
D,326444,15,settle,0.7632,U,0,284
D,326540,15,settle,0.7669,U,0,284
D,326636,15,settle,0.7671,U,0,284
D,326732,15,settle,0.7658,U,0,284
D,326828,15,settle,0.7645,U,0,284
D,326924,15,settle,0.7638,U,0,284
D,327020,15,settle,0.7635,U,0,284
D,327115,15,settle,0.7635,U,0,284
D,327211,15,settle,0.7635,U,0,284
D,327305,15,settle,0.7636,U,0,284
D,327401,15,settle,0.7636,U,0,284
D,327497,15,settle,0.7636,S,0,284
D,327593,15,settle,0.7636,S,0,284
D,327689,15,settle,0.7636,S,0,284
D,327785,15,settle,0.7637,S,0,284
D,327880,15,settle,0.7637,S,0,284
D,327976,15,settle,0.7637,S,0,284
D,328072,15,settle,0.7637,S,0,284
D,328168,15,settle,0.7637,S,0,284
D,328262,15,settle,0.7637,S,0,284
D,328358,15,settle,0.7637,S,0,284
D,328454,15,settle,0.7637,S,0,284
D,328549,15,settle,0.7637,S,0,284
D,328645,15,settle,0.7637,S,0,284
D,328741,15,settle,0.7637,S,0,284
D,328837,15,settle,0.7637,S,0,284
D,328933,15,settle,0.7637,S,0,284
D,329029,15,settle,0.7637,S,0,284
D,329130,15,settle,0.7637,S,0,284
D,329219,15,settle,0.7637,S,0,284
D,329314,15,settle,0.7637,S,0,284
D,329410,15,settle,0.7637,S,0,284
D,329506,15,settle,0.7637,S,0,284
D,329602,15,settle,0.7637,S,0,284
D,329698,15,settle,0.7636,S,0,284
D,329794,15,settle,0.7636,S,0,284
D,329890,15,settle,0.7636,S,0,284
D,329984,15,settle,0.7636,S,0,284
D,330079,15,settle,0.7636,S,0,284
D,330175,15,settle,0.7636,S,0,284
D,330271,15,settle,0.7636,S,0,284
D,330367,15,settle,0.7636,S,0,284
D,330463,15,settle,0.7636,S,0,284
D,330559,15,settle,0.7636,S,0,284
D,330655,15,settle,0.7635,S,0,284
D,330750,15,settle,0.7635,S,0,284
D,330846,15,settle,0.7635,S,0,284
D,330940,15,settle,0.7635,S,0,284
D,331036,15,settle,0.7635,S,0,284
D,331132,15,settle,0.7635,S,0,284
D,331228,15,settle,0.7635,S,0,284
D,331323,15,settle,0.7635,S,0,284
D,331419,15,settle,0.7635,S,0,284
D,331515,15,settle,0.7635,S,0,284
D,331611,15,settle,0.7635,S,0,284
D,331707,15,settle,0.7635,S,0,284
D,331801,15,settle,0.7635,S,0,284
D,331897,15,settle,0.7635,S,0,284
D,331992,15,settle,0.7635,S,0,284
D,332089,15,settle,0.7635,S,0,284
D,332184,15,settle,0.7635,S,0,284
D,332280,15,settle,0.7635,S,0,284
D,332376,15,settle,0.7635,S,0,284
D,332472,15,settle,0.7635,S,0,284
D,332568,15,settle,0.7635,S,0,284
D,332664,15,settle,0.7635,S,0,284
D,332757,15,settle,0.7635,S,0,284
D,332854,15,settle,0.7635,S,0,284
D,332949,15,settle,0.7635,S,0,284
D,333045,15,settle,0.7635,S,0,284
D,333141,15,settle,0.7635,S,0,284
P,333238,15,55.0,3,settled,0.7635
D,333333,15,settle,0.7635,S,0,284
D,333428,15,settle,0.7635,S,0,284
D,333525,15,settle,0.7635,S,0,284
D,333618,15,settle,0.7635,S,0,284
D,333714,15,settle,0.7635,S,0,284
D,333810,15,settle,0.7635,S,0,284
D,333906,15,settle,0.7635,S,0,284
D,334002,15,settle,0.7635,S,0,284
D,334097,15,settle,0.7634,S,0,284
D,334193,15,settle,0.7634,S,0,284
D,334289,15,settle,0.7634,S,0,284
D,334385,15,settle,0.7634,S,0,284
D,334479,15,settle,0.7634,S,0,284
D,334575,15,settle,0.7634,S,0,284
D,334671,15,settle,0.7634,S,0,284
D,334767,15,settle,0.7634,S,0,284
D,334862,15,settle,0.7634,S,0,284
D,334958,15,settle,0.7635,S,0,284
D,335053,15,settle,0.7638,U,0,284
D,335149,15,settle,0.7639,U,0,284
D,335245,15,settle,0.7639,U,0,284
D,335341,15,settle,0.7639,U,0,284
D,335434,15,settle,0.7639,U,0,284
D,335530,15,settle,0.7639,S,0,284
D,335626,15,settle,0.7639,S,0,284
D,335722,15,settle,0.7640,S,0,284
D,335818,15,settle,0.7640,S,0,284
D,335914,15,settle,0.7640,S,0,284
D,336009,15,settle,0.7640,S,0,284
D,336105,15,settle,0.7639,S,0,284
D,336201,15,settle,0.7639,S,0,284
P,336296,15,55.0,3,settled2,0.7640
R,15,C6,55.0,3,55,0.60,rot,0.6015,6.64,0.7635,0.7640,0.7635,8.7030,23,ok
E,336304,=== trial 16 : C6 tilt 55.0 rep 3 rpm 55 halt 0.30 mode rot (cum 8.70 g) ===
P,338116,16,55.0,3,tare0,0.0000
D,338208,16,preroll,0.0000,S,0,284
D,338304,16,preroll,0.0000,S,0,284
D,338400,16,preroll,0.0000,S,0,284
D,338496,16,preroll,0.0000,S,0,284
D,338592,16,preroll,0.0000,S,0,284
D,338688,16,preroll,0.0000,S,0,284
D,338783,16,preroll,0.0000,S,0,284
D,338879,16,preroll,0.0000,S,0,284
D,338973,16,preroll,0.0000,S,0,284
D,339069,16,preroll,0.0000,S,0,284
D,339165,16,preroll,0.0000,S,0,284
D,339261,16,preroll,0.0000,S,0,284
D,339357,16,preroll,0.0000,S,0,284
D,339453,16,preroll,0.0000,S,0,284
D,339548,16,preroll,0.0000,S,0,284
D,339644,16,preroll,0.0000,S,0,284
E,339709,dispense start: mode rot rpm 55
D,339740,16,dispense,0.0000,S,55,284
D,339836,16,dispense,0.0000,S,55,284
D,339930,16,dispense,0.0000,S,55,284
D,340026,16,dispense,0.0000,S,55,285
D,340122,16,dispense,0.0000,S,55,285
D,340218,16,dispense,0.0000,S,55,285
D,340313,16,dispense,0.0000,S,55,286
D,340409,16,dispense,0.0000,S,55,286
D,340504,16,dispense,0.0064,U,55,286
D,340600,16,dispense,0.0132,U,55,287
D,340695,16,dispense,0.0220,U,55,287
D,340789,16,dispense,0.0308,U,55,287
D,340885,16,dispense,0.0384,U,55,288
D,340981,16,dispense,0.0449,U,55,288
D,341077,16,dispense,0.0512,U,55,288
D,341173,16,dispense,0.0585,U,55,289
D,341269,16,dispense,0.0677,U,55,289
D,341364,16,dispense,0.0797,U,55,289
D,341460,16,dispense,0.0943,U,55,290
D,341556,16,dispense,0.1105,U,55,290
D,341650,16,dispense,0.1269,U,55,290
D,341746,16,dispense,0.1416,U,55,291
D,341850,16,dispense,0.1535,U,55,291
D,341943,16,dispense,0.1622,U,55,291
D,342034,16,dispense,0.1684,U,55,292
D,342129,16,dispense,0.1732,U,55,292
D,342225,16,dispense,0.1777,U,55,292
D,342321,16,dispense,0.1836,U,55,293
D,342417,16,dispense,0.1925,U,55,293
D,342513,16,dispense,0.2053,U,55,293
D,342606,16,dispense,0.2208,U,55,294
D,342702,16,dispense,0.2370,U,55,294
D,342798,16,dispense,0.2519,U,55,294
D,342894,16,dispense,0.2641,U,55,295
D,342990,16,dispense,0.2730,U,55,295
D,343086,16,dispense,0.2788,U,55,295
D,343181,16,dispense,0.2822,U,55,296
D,343277,16,dispense,0.2847,U,55,296
D,343373,16,dispense,0.2885,U,55,296
D,343467,16,dispense,0.2952,U,55,297
D,343563,16,dispense,0.3054,U,55,297
E,343568,TRIGGER 0.3054 g at t=3.76 s -- ALL STOP
D,343660,16,settle,0.3187,U,0,297
D,343755,16,settle,0.3335,U,0,297
D,343851,16,settle,0.3483,U,0,297
D,343946,16,settle,0.3615,U,0,297
D,344042,16,settle,0.3718,U,0,297
D,344138,16,settle,0.3789,U,0,297
D,344234,16,settle,0.3830,U,0,297
D,344328,16,settle,0.3851,U,0,297
D,344423,16,settle,0.3857,U,0,297
D,344519,16,settle,0.3857,U,0,297
D,344615,16,settle,0.3853,U,0,297
D,344711,16,settle,0.3849,U,0,297
D,344807,16,settle,0.3846,U,0,297
D,344903,16,settle,0.3846,U,0,297
D,344999,16,settle,0.3845,U,0,297
D,345095,16,settle,0.3845,U,0,297
D,345190,16,settle,0.3845,U,0,297
D,345284,16,settle,0.3845,S,0,297
D,345380,16,settle,0.3846,S,0,297
D,345476,16,settle,0.3846,S,0,297
D,345572,16,settle,0.3846,S,0,297
D,345668,16,settle,0.3846,S,0,297
D,345764,16,settle,0.3846,S,0,297
D,345859,16,settle,0.3846,S,0,297
D,345955,16,settle,0.3845,S,0,297
D,346051,16,settle,0.3845,S,0,297
D,346145,16,settle,0.3845,S,0,297
D,346241,16,settle,0.3845,S,0,297
D,346337,16,settle,0.3845,S,0,297
D,346433,16,settle,0.3844,S,0,297
D,346528,16,settle,0.3844,S,0,297
D,346624,16,settle,0.3844,S,0,297
D,346720,16,settle,0.3844,S,0,297
D,346816,16,settle,0.3844,S,0,297
D,346912,16,settle,0.3844,S,0,297
D,347008,16,settle,0.3844,S,0,297
D,347102,16,settle,0.3844,S,0,297
D,347198,16,settle,0.3844,S,0,297
D,347293,16,settle,0.3844,S,0,297
D,347389,16,settle,0.3844,S,0,297
D,347485,16,settle,0.3844,S,0,297
D,347581,16,settle,0.3844,S,0,297
D,347677,16,settle,0.3843,S,0,297
D,347773,16,settle,0.3843,S,0,297
D,347869,16,settle,0.3843,S,0,297
D,347962,16,settle,0.3843,S,0,297
D,348058,16,settle,0.3843,S,0,297
D,348154,16,settle,0.3843,S,0,297
D,348250,16,settle,0.3843,S,0,297
D,348346,16,settle,0.3843,S,0,297
D,348442,16,settle,0.3843,S,0,297
D,348538,16,settle,0.3843,S,0,297
D,348634,16,settle,0.3843,S,0,297
D,348729,16,settle,0.3843,S,0,297
D,348823,16,settle,0.3843,S,0,297
D,348919,16,settle,0.3843,S,0,297
D,349015,16,settle,0.3843,S,0,297
D,349111,16,settle,0.3843,S,0,297
D,349207,16,settle,0.3842,S,0,297
D,349302,16,settle,0.3842,S,0,297
D,349398,16,settle,0.3842,S,0,297
D,349494,16,settle,0.3842,S,0,297
D,349590,16,settle,0.3842,S,0,297
D,349686,16,settle,0.3842,S,0,297
D,349780,16,settle,0.3842,S,0,297
D,349876,16,settle,0.3842,S,0,297
D,349972,16,settle,0.3842,S,0,297
D,350068,16,settle,0.3842,S,0,297
D,350163,16,settle,0.3841,S,0,297
D,350259,16,settle,0.3841,S,0,297
D,350355,16,settle,0.3841,S,0,297
D,350451,16,settle,0.3841,S,0,297
D,350547,16,settle,0.3841,S,0,297
D,350641,16,settle,0.3841,S,0,297
D,350736,16,settle,0.3841,S,0,297
D,350832,16,settle,0.3841,S,0,297
D,350928,16,settle,0.3841,S,0,297
D,351024,16,settle,0.3841,S,0,297
D,351120,16,settle,0.3841,S,0,297
D,351216,16,settle,0.3841,S,0,297
D,351312,16,settle,0.3841,S,0,297
D,351408,16,settle,0.3841,S,0,297
D,351501,16,settle,0.3841,S,0,297
D,351597,16,settle,0.3841,S,0,297
P,351694,16,55.0,3,settled,0.3841
D,351789,16,settle,0.3841,S,0,297
D,351885,16,settle,0.3841,S,0,297
D,351981,16,settle,0.3841,S,0,297
D,352077,16,settle,0.3840,S,0,297
D,352172,16,settle,0.3840,S,0,297
D,352268,16,settle,0.3840,S,0,297
D,352364,16,settle,0.3840,S,0,297
D,352458,16,settle,0.3840,S,0,297
D,352554,16,settle,0.3840,S,0,297
D,352650,16,settle,0.3840,S,0,297
D,352745,16,settle,0.3840,S,0,297
D,352841,16,settle,0.3840,S,0,297
D,352937,16,settle,0.3840,S,0,297
D,353045,16,settle,0.3840,S,0,297
D,353225,16,settle,0.3840,S,0,297
D,353318,16,settle,0.3840,S,0,297
D,353414,16,settle,0.3840,S,0,297
D,353510,16,settle,0.3840,S,0,297
D,353606,16,settle,0.3840,S,0,297
D,353702,16,settle,0.3840,S,0,297
D,353798,16,settle,0.3840,S,0,297
D,353894,16,settle,0.3840,S,0,297
D,353989,16,settle,0.3840,S,0,297
D,354085,16,settle,0.3840,S,0,297
D,354179,16,settle,0.3840,S,0,297
D,354275,16,settle,0.3840,S,0,297
D,354371,16,settle,0.3840,S,0,297
D,354467,16,settle,0.3840,S,0,297
D,354562,16,settle,0.3840,S,0,297
D,354659,16,settle,0.3840,S,0,297
P,354755,16,55.0,3,settled2,0.3840
R,16,C6,55.0,3,55,0.30,rot,0.3054,3.86,0.3841,0.3840,0.3841,9.0871,13,ok
E,354762,=== trial 17 : C6 tilt 70.0 rep 3 rpm 55 halt 0.30 mode rot (cum 9.09 g) ===
P,361734,17,70.0,3,tare0,0.0000
D,361830,17,preroll,0.0000,S,0,297
D,361926,17,preroll,0.0000,S,0,297
D,362022,17,preroll,0.0000,S,0,297
D,362117,17,preroll,0.0000,S,0,297
D,362213,17,preroll,0.0000,S,0,297
D,362307,17,preroll,0.0000,S,0,297
D,362403,17,preroll,0.0000,S,0,297
D,362499,17,preroll,0.0000,S,0,297
D,362595,17,preroll,0.0000,S,0,297
D,362691,17,preroll,0.0000,S,0,297
D,362786,17,preroll,0.0000,S,0,297
D,362883,17,preroll,0.0000,S,0,297
D,362978,17,preroll,0.0000,S,0,297
D,363074,17,preroll,0.0000,S,0,297
D,363168,17,preroll,0.0000,S,0,297
D,363263,17,preroll,-0.0003,U,0,297
E,363329,dispense start: mode rot rpm 55
D,363359,17,dispense,-0.0002,U,55,297
D,363455,17,dispense,-0.0002,U,55,297
D,363551,17,dispense,-0.0002,U,55,297
D,363647,17,dispense,-0.0002,U,55,298
D,363743,17,dispense,-0.0001,U,55,298
D,363839,17,dispense,-0.0001,S,55,298
D,363934,17,dispense,-0.0001,S,55,299
D,364030,17,dispense,-0.0001,S,55,299
D,364124,17,dispense,-0.0001,S,55,299
D,364220,17,dispense,0.0000,S,55,300
D,364316,17,dispense,0.0000,S,55,300
D,364412,17,dispense,0.0000,S,55,300
D,364508,17,dispense,0.0000,S,55,301
D,364603,17,dispense,0.0000,S,55,301
D,364699,17,dispense,0.0056,U,55,301
D,364795,17,dispense,0.0084,U,55,302
D,364890,17,dispense,0.0111,U,55,302
D,364984,17,dispense,0.0133,U,55,302
D,365080,17,dispense,0.0148,U,55,303
D,365176,17,dispense,0.0158,U,55,303
D,365272,17,dispense,0.0166,U,55,303
D,365368,17,dispense,0.0175,U,55,304
D,365463,17,dispense,0.0187,U,55,304
D,365559,17,dispense,0.0207,U,55,304
D,365655,17,dispense,0.0235,U,55,305
D,365751,17,dispense,0.0267,U,55,305
D,365845,17,dispense,0.0296,U,55,305
D,365947,17,dispense,0.0317,U,55,306
D,366040,17,dispense,0.0331,U,55,306
D,366133,17,dispense,0.0340,U,55,306
D,366228,17,dispense,0.0349,U,55,307
D,366324,17,dispense,0.0359,U,55,307
D,366420,17,dispense,0.0369,U,55,307
D,366516,17,dispense,0.0379,U,55,308
D,366612,17,dispense,0.0390,U,55,308
D,366707,17,dispense,0.0405,U,55,308
D,366801,17,dispense,0.0423,U,55,309
D,366897,17,dispense,0.0442,U,55,309
D,366993,17,dispense,0.0458,U,55,309
D,367089,17,dispense,0.0469,U,55,310
D,367185,17,dispense,0.0477,U,55,310
D,367281,17,dispense,0.0481,U,55,310
D,367376,17,dispense,0.0485,U,55,311
D,367472,17,dispense,0.0489,U,55,311
D,367568,17,dispense,0.0495,U,55,311
D,367662,17,dispense,0.0500,U,55,312
D,367758,17,dispense,0.0505,U,55,312
D,367854,17,dispense,0.0529,U,55,312
D,367950,17,dispense,0.0543,U,55,313
D,368045,17,dispense,0.0555,U,55,313
D,368141,17,dispense,0.0563,U,55,313
D,368237,17,dispense,0.0567,U,55,314
D,368333,17,dispense,0.0570,U,55,314
D,368429,17,dispense,0.0574,U,55,314
D,368523,17,dispense,0.0579,U,55,315
D,368619,17,dispense,0.0583,U,55,315
D,368714,17,dispense,0.0587,U,55,315
D,368810,17,dispense,0.0591,U,55,316
D,368906,17,dispense,0.0620,U,55,316
D,369002,17,dispense,0.0641,U,55,316
D,369098,17,dispense,0.0663,U,55,317
D,369193,17,dispense,0.0682,U,55,317
D,369289,17,dispense,0.0696,U,55,317
D,369385,17,dispense,0.0702,U,55,318
D,369479,17,dispense,0.0705,U,55,318
D,369575,17,dispense,0.0707,U,55,318
D,369671,17,dispense,0.0710,U,55,319
D,369767,17,dispense,0.0715,U,55,319
D,369862,17,dispense,0.0717,U,55,319
D,369958,17,dispense,0.0719,U,55,320
D,370054,17,dispense,0.0720,U,55,320
D,370150,17,dispense,0.0721,U,55,320
D,370246,17,dispense,0.0722,U,55,321
D,370340,17,dispense,0.0724,U,55,321
D,370436,17,dispense,0.0726,U,55,321
D,370531,17,dispense,0.0728,U,55,322
D,370627,17,dispense,0.0730,U,55,322
D,370723,17,dispense,0.0733,U,55,322
D,370819,17,dispense,0.0767,U,55,323
D,370915,17,dispense,0.0772,U,55,323
D,371011,17,dispense,0.0776,U,55,323
D,371106,17,dispense,0.0778,U,55,324
D,371200,17,dispense,0.0780,U,55,324
D,371296,17,dispense,0.0783,U,55,324
D,371392,17,dispense,0.0787,U,55,325
D,371488,17,dispense,0.0791,U,55,325
D,371584,17,dispense,0.0827,U,55,325
D,371680,17,dispense,0.0855,U,55,326
D,371775,17,dispense,0.0894,U,55,326
D,371871,17,dispense,0.0933,U,55,326
D,371967,17,dispense,0.0962,U,55,327
D,372063,17,dispense,0.0981,U,55,327
D,372157,17,dispense,0.0999,U,55,327
D,372253,17,dispense,0.1030,U,55,328
D,372348,17,dispense,0.1075,U,55,328
D,372444,17,dispense,0.1132,U,55,328
D,372540,17,dispense,0.1193,U,55,329
D,372636,17,dispense,0.1252,U,55,329
D,372732,17,dispense,0.1302,U,55,329
D,372828,17,dispense,0.1339,U,55,330
D,372923,17,dispense,0.1362,U,55,330
D,373017,17,dispense,0.1372,U,55,330
D,373113,17,dispense,0.1377,U,55,331
D,373209,17,dispense,0.1386,U,55,331
D,373305,17,dispense,0.1407,U,55,331
D,373401,17,dispense,0.1446,U,55,332
D,373497,17,dispense,0.1498,U,55,332
D,373592,17,dispense,0.1557,U,55,332
D,373688,17,dispense,0.1614,U,55,333
D,373784,17,dispense,0.1666,U,55,333
D,373880,17,dispense,0.1709,U,55,333
D,373986,17,dispense,0.1741,U,55,334
D,374078,17,dispense,0.1760,U,55,334
D,374171,17,dispense,0.1769,U,55,334
D,374262,17,dispense,0.1777,U,55,335
D,374357,17,dispense,0.1792,U,55,335
D,374453,17,dispense,0.1818,U,55,335
D,374549,17,dispense,0.1852,U,55,336
D,374645,17,dispense,0.1891,U,55,336
D,374741,17,dispense,0.1932,U,55,336
D,374834,17,dispense,0.1970,U,55,337
D,374930,17,dispense,0.2001,U,55,337
D,375026,17,dispense,0.2025,U,55,337
D,375122,17,dispense,0.2040,U,55,338
D,375218,17,dispense,0.2048,U,55,338
D,375314,17,dispense,0.2055,U,55,338
D,375409,17,dispense,0.2068,U,55,339
D,375505,17,dispense,0.2094,U,55,339
D,375601,17,dispense,0.2133,U,55,339
D,375695,17,dispense,0.2182,U,55,340
D,375791,17,dispense,0.2235,U,55,340
D,375887,17,dispense,0.2287,U,55,340
D,375982,17,dispense,0.2335,U,55,341
D,376078,17,dispense,0.2375,U,55,341
D,376174,17,dispense,0.2404,U,55,341
D,376270,17,dispense,0.2422,U,55,342
D,376366,17,dispense,0.2434,U,55,342
D,376462,17,dispense,0.2449,U,55,342
D,376558,17,dispense,0.2474,U,55,343
D,376651,17,dispense,0.2511,U,55,343
D,376747,17,dispense,0.2559,U,55,343
D,376843,17,dispense,0.2609,U,55,344
D,376939,17,dispense,0.2657,U,55,344
D,377035,17,dispense,0.2700,U,55,344
D,377131,17,dispense,0.2736,U,55,345
D,377226,17,dispense,0.2765,U,55,345
D,377322,17,dispense,0.2786,U,55,345
D,377418,17,dispense,0.2799,U,55,346
D,377512,17,dispense,0.2810,U,55,346
D,377608,17,dispense,0.2826,U,55,346
D,377704,17,dispense,0.2854,U,55,347
D,377800,17,dispense,0.2893,U,55,347
D,377895,17,dispense,0.2938,U,55,347
D,377991,17,dispense,0.2986,U,55,348
D,378087,17,dispense,0.3034,U,55,348
E,378092,TRIGGER 0.3034 g at t=14.67 s -- ALL STOP
D,378184,17,settle,0.3078,U,0,348
D,378279,17,settle,0.3114,U,0,348
D,378373,17,settle,0.3140,U,0,348
D,378468,17,settle,0.3155,U,0,348
D,378564,17,settle,0.3166,U,0,348
D,378660,17,settle,0.3180,U,0,348
D,378756,17,settle,0.3204,U,0,348
D,378852,17,settle,0.3237,U,0,348
D,378948,17,settle,0.3271,U,0,348
D,379044,17,settle,0.3299,U,0,348
D,379139,17,settle,0.3313,U,0,348
D,379235,17,settle,0.3315,U,0,348
D,379329,17,settle,0.3312,U,0,348
D,379425,17,settle,0.3309,U,0,348
D,379521,17,settle,0.3308,U,0,348
D,379617,17,settle,0.3308,U,0,348
D,379713,17,settle,0.3307,U,0,348
D,379809,17,settle,0.3307,U,0,348
D,379904,17,settle,0.3307,U,0,348
D,380000,17,settle,0.3307,S,0,348
D,380096,17,settle,0.3307,S,0,348
D,380190,17,settle,0.3307,S,0,348
D,380286,17,settle,0.3307,S,0,348
D,380382,17,settle,0.3306,S,0,348
D,380477,17,settle,0.3306,S,0,348
D,380574,17,settle,0.3306,S,0,348
D,380669,17,settle,0.3306,S,0,348
D,380765,17,settle,0.3306,S,0,348
D,380861,17,settle,0.3306,S,0,348
D,380957,17,settle,0.3306,S,0,348
D,381053,17,settle,0.3306,S,0,348
D,381146,17,settle,0.3306,S,0,348
D,381243,17,settle,0.3306,S,0,348
D,381338,17,settle,0.3306,S,0,348
D,381434,17,settle,0.3305,S,0,348
D,381530,17,settle,0.3305,S,0,348
D,381626,17,settle,0.3305,S,0,348
D,381722,17,settle,0.3305,S,0,348
D,381818,17,settle,0.3305,S,0,348
D,381913,17,settle,0.3305,S,0,348
D,382007,17,settle,0.3305,S,0,348
D,382103,17,settle,0.3305,S,0,348
D,382199,17,settle,0.3305,S,0,348
D,382295,17,settle,0.3305,S,0,348
D,382391,17,settle,0.3305,S,0,348
D,382487,17,settle,0.3305,S,0,348
D,382583,17,settle,0.3306,S,0,348
D,382678,17,settle,0.3306,S,0,348
D,382774,17,settle,0.3306,S,0,348
D,382868,17,settle,0.3306,S,0,348
D,382964,17,settle,0.3306,S,0,348
D,383060,17,settle,0.3306,S,0,348
D,383156,17,settle,0.3306,S,0,348
D,383252,17,settle,0.3306,S,0,348
D,383347,17,settle,0.3306,S,0,348
D,383443,17,settle,0.3306,S,0,348
D,383539,17,settle,0.3306,S,0,348
D,383635,17,settle,0.3306,S,0,348
D,383731,17,settle,0.3306,S,0,348
D,383825,17,settle,0.3306,S,0,348
D,383921,17,settle,0.3306,S,0,348
D,384016,17,settle,0.3306,S,0,348
D,384116,17,settle,0.3306,S,0,348
D,384208,17,settle,0.3306,S,0,348
D,384304,17,settle,0.3306,S,0,348
D,384400,17,settle,0.3306,S,0,348
D,384496,17,settle,0.3307,S,0,348
D,384592,17,settle,0.3307,S,0,348
D,384686,17,settle,0.3307,S,0,348
D,384781,17,settle,0.3307,S,0,348
D,384877,17,settle,0.3307,S,0,348
D,384972,17,settle,0.3312,U,0,348
D,385068,17,settle,0.3313,U,0,348
D,385164,17,settle,0.3313,U,0,348
D,385260,17,settle,0.3313,U,0,348
D,385356,17,settle,0.3313,U,0,348
D,385452,17,settle,0.3313,S,0,348
D,385546,17,settle,0.3313,S,0,348
D,385641,17,settle,0.3314,S,0,348
D,385737,17,settle,0.3314,S,0,348
D,385833,17,settle,0.3314,S,0,348
D,385929,17,settle,0.3315,U,0,348
D,386025,17,settle,0.3315,U,0,348
D,386121,17,settle,0.3315,S,0,348
P,386217,17,70.0,3,settled,0.3315
D,386312,17,settle,0.3315,S,0,348
D,386408,17,settle,0.3314,S,0,348
D,386502,17,settle,0.3313,U,0,348
D,386598,17,settle,0.3312,U,0,348
D,386694,17,settle,0.3310,U,0,348
D,386790,17,settle,0.3310,U,0,348
D,386885,17,settle,0.3308,U,0,348
D,386981,17,settle,0.3307,U,0,348
D,387077,17,settle,0.3306,U,0,348
D,387173,17,settle,0.3306,U,0,348
D,387269,17,settle,0.3305,U,0,348
D,387363,17,settle,0.3305,U,0,348
D,387458,17,settle,0.3304,U,0,348
D,387554,17,settle,0.3304,U,0,348
D,387650,17,settle,0.3303,U,0,348
D,387746,17,settle,0.3302,U,0,348
D,387842,17,settle,0.3302,U,0,348
D,387938,17,settle,0.3301,U,0,348
D,388033,17,settle,0.3301,U,0,348
D,388129,17,settle,0.3301,U,0,348
D,388225,17,settle,0.3301,S,0,348
D,388319,17,settle,0.3300,U,0,348
D,388415,17,settle,0.3300,S,0,348
D,388511,17,settle,0.3300,S,0,348
D,388607,17,settle,0.3300,S,0,348
D,388702,17,settle,0.3300,S,0,348
D,388798,17,settle,0.3300,S,0,348
D,388894,17,settle,0.3300,S,0,348
D,388990,17,settle,0.3299,S,0,348
D,389086,17,settle,0.3299,S,0,348
D,389180,17,settle,0.3300,S,0,348
P,389275,17,70.0,3,settled2,0.3300
R,17,C6,70.0,3,55,0.30,rot,0.3034,14.77,0.3315,0.3300,0.3315,9.4186,51,ok
E,389283,=== trial 18 : C6 tilt 70.0 rep 3 rpm 55 halt 0.60 mode rot (cum 9.42 g) ===
P,391096,18,70.0,3,tare0,0.0000
D,391189,18,preroll,0.0000,S,0,348
D,391285,18,preroll,0.0000,S,0,348
D,391381,18,preroll,0.0000,S,0,348
D,391476,18,preroll,0.0000,S,0,348
D,391573,18,preroll,0.0000,S,0,348
D,391668,18,preroll,0.0000,S,0,348
D,391764,18,preroll,0.0000,S,0,348
D,391858,18,preroll,0.0000,S,0,348
D,391954,18,preroll,0.0000,S,0,348
D,392050,18,preroll,0.0000,S,0,348
D,392145,18,preroll,0.0000,S,0,348
D,392241,18,preroll,0.0000,S,0,348
D,392337,18,preroll,0.0000,S,0,348
D,392433,18,preroll,0.0000,S,0,348
D,392529,18,preroll,0.0000,S,0,348
D,392625,18,preroll,0.0000,S,0,348
E,392690,dispense start: mode rot rpm 55
D,392719,18,dispense,0.0000,S,55,348
D,392814,18,dispense,0.0000,S,55,348
D,392910,18,dispense,0.0000,S,55,348
D,393006,18,dispense,0.0000,S,55,349
D,393102,18,dispense,0.0000,S,55,349
D,393198,18,dispense,0.0000,S,55,349
D,393294,18,dispense,0.0000,S,55,350
D,393390,18,dispense,0.0000,S,55,350
D,393486,18,dispense,0.0000,S,55,350
D,393581,18,dispense,0.0000,S,55,351
D,393675,18,dispense,0.0000,S,55,351
D,393770,18,dispense,0.0071,U,55,351
D,393866,18,dispense,0.0114,U,55,352
D,393961,18,dispense,0.0161,U,55,352
D,394057,18,dispense,0.0202,U,55,352
D,394153,18,dispense,0.0233,U,55,353
D,394249,18,dispense,0.0251,U,55,353
D,394345,18,dispense,0.0265,U,55,353
D,394441,18,dispense,0.0282,U,55,354
D,394534,18,dispense,0.0313,U,55,354
D,394630,18,dispense,0.0357,U,55,354
D,394726,18,dispense,0.0410,U,55,355
D,394822,18,dispense,0.0467,U,55,355
D,394918,18,dispense,0.0521,U,55,355
D,395014,18,dispense,0.0572,U,55,356
D,395110,18,dispense,0.0615,U,55,356
D,395205,18,dispense,0.0647,U,55,356
D,395301,18,dispense,0.0666,U,55,357
D,395395,18,dispense,0.0677,U,55,357
D,395491,18,dispense,0.0690,U,55,357
D,395587,18,dispense,0.0712,U,55,358
D,395683,18,dispense,0.0747,U,55,358
D,395778,18,dispense,0.0791,U,55,358
D,395875,18,dispense,0.0838,U,55,359
D,395970,18,dispense,0.0887,U,55,359
D,396075,18,dispense,0.0937,U,55,359
D,396258,18,dispense,0.1026,U,55,360
D,396352,18,dispense,0.1053,U,55,360
D,396447,18,dispense,0.1066,U,55,360
D,396543,18,dispense,0.1072,U,55,361
D,396639,18,dispense,0.1083,U,55,361
D,396735,18,dispense,0.1105,U,55,361
D,396831,18,dispense,0.1139,U,55,362
D,396927,18,dispense,0.1181,U,55,362
D,397023,18,dispense,0.1227,U,55,362
D,397118,18,dispense,0.1275,U,55,363
D,397212,18,dispense,0.1323,U,55,363
D,397308,18,dispense,0.1366,U,55,363
D,397404,18,dispense,0.1398,U,55,364
D,397500,18,dispense,0.1417,U,55,364
D,397596,18,dispense,0.1429,U,55,364
D,397691,18,dispense,0.1441,U,55,365
D,397787,18,dispense,0.1461,U,55,365
D,397883,18,dispense,0.1491,U,55,365
D,397979,18,dispense,0.1529,U,55,366
D,398075,18,dispense,0.1572,U,55,366
D,398169,18,dispense,0.1616,U,55,366
D,398264,18,dispense,0.1659,U,55,367
D,398360,18,dispense,0.1699,U,55,367
D,398456,18,dispense,0.1732,U,55,367
D,398552,18,dispense,0.1754,U,55,368
D,398648,18,dispense,0.1766,U,55,368
D,398744,18,dispense,0.1776,U,55,368
D,398840,18,dispense,0.1791,U,55,369
D,398936,18,dispense,0.1815,U,55,369
D,399029,18,dispense,0.1848,U,55,369
D,399125,18,dispense,0.1886,U,55,370
D,399221,18,dispense,0.1925,U,55,370
D,399317,18,dispense,0.1961,U,55,370
D,399413,18,dispense,0.1995,U,55,371
D,399509,18,dispense,0.2024,U,55,371
D,399604,18,dispense,0.2048,U,55,371
D,399700,18,dispense,0.2064,U,55,372
D,399796,18,dispense,0.2075,U,55,372
D,399890,18,dispense,0.2087,U,55,372
D,399986,18,dispense,0.2106,U,55,373
D,400082,18,dispense,0.2135,U,55,373
D,400178,18,dispense,0.2172,U,55,373
D,400273,18,dispense,0.2215,U,55,374
D,400369,18,dispense,0.2260,U,55,374
D,400465,18,dispense,0.2304,U,55,374
D,400561,18,dispense,0.2344,U,55,375
D,400657,18,dispense,0.2375,U,55,375
D,400753,18,dispense,0.2395,U,55,375
D,400846,18,dispense,0.2406,U,55,376
D,400942,18,dispense,0.2416,U,55,376
D,401038,18,dispense,0.2432,U,55,376
D,401134,18,dispense,0.2458,U,55,377
D,401230,18,dispense,0.2490,U,55,377
D,401326,18,dispense,0.2524,U,55,377
D,401422,18,dispense,0.2563,U,55,378
D,401517,18,dispense,0.2609,U,55,378
D,401613,18,dispense,0.2659,U,55,378
D,401707,18,dispense,0.2704,U,55,379
D,401803,18,dispense,0.2736,U,55,379
D,401899,18,dispense,0.2754,U,55,379
D,401995,18,dispense,0.2763,U,55,380
D,402090,18,dispense,0.2775,U,55,380
D,402186,18,dispense,0.2798,U,55,380
D,402282,18,dispense,0.2832,U,55,381
D,402378,18,dispense,0.2875,U,55,381
D,402474,18,dispense,0.2925,U,55,381
D,402568,18,dispense,0.2978,U,55,382
D,402663,18,dispense,0.3030,U,55,382
D,402759,18,dispense,0.3076,U,55,382
D,402855,18,dispense,0.3111,U,55,383
D,402951,18,dispense,0.3131,U,55,383
D,403047,18,dispense,0.3142,U,55,383
D,403143,18,dispense,0.3152,U,55,384
D,403239,18,dispense,0.3170,U,55,384
D,403334,18,dispense,0.3199,U,55,384
D,403430,18,dispense,0.3241,U,55,385
D,403524,18,dispense,0.3292,U,55,385
D,403620,18,dispense,0.3349,U,55,385
D,403716,18,dispense,0.3404,U,55,386
D,403812,18,dispense,0.3453,U,55,386
D,403908,18,dispense,0.3490,U,55,386
D,404003,18,dispense,0.3514,U,55,387
D,404099,18,dispense,0.3528,U,55,387
D,404204,18,dispense,0.3539,U,55,387
D,404385,18,dispense,0.3583,U,55,388
D,404481,18,dispense,0.3621,U,55,388
D,404576,18,dispense,0.3668,U,55,388
D,404672,18,dispense,0.3720,U,55,389
D,404768,18,dispense,0.3773,U,55,389
D,404864,18,dispense,0.3821,U,55,389
D,404960,18,dispense,0.3859,U,55,390
D,405056,18,dispense,0.3885,U,55,390
D,405151,18,dispense,0.3900,U,55,390
D,405247,18,dispense,0.3910,U,55,391
D,405341,18,dispense,0.3926,U,55,391
D,405437,18,dispense,0.3954,U,55,391
D,405533,18,dispense,0.3997,U,55,392
D,405629,18,dispense,0.4049,U,55,392
D,405725,18,dispense,0.4102,U,55,392
D,405820,18,dispense,0.4150,U,55,393
D,405916,18,dispense,0.4193,U,55,393
D,406012,18,dispense,0.4232,U,55,393
D,406108,18,dispense,0.4263,U,55,394
D,406202,18,dispense,0.4282,U,55,394
D,406298,18,dispense,0.4292,U,55,394
D,406393,18,dispense,0.4302,U,55,395
D,406489,18,dispense,0.4318,U,55,395
D,406585,18,dispense,0.4347,U,55,395
D,406681,18,dispense,0.4385,U,55,396
D,406777,18,dispense,0.4430,U,55,396
D,406873,18,dispense,0.4478,U,55,396
D,406969,18,dispense,0.4526,U,55,397
D,407062,18,dispense,0.4570,U,55,397
D,407158,18,dispense,0.4604,U,55,397
D,407254,18,dispense,0.4626,U,55,398
D,407350,18,dispense,0.4638,U,55,398
D,407446,18,dispense,0.4648,U,55,398
D,407542,18,dispense,0.4664,U,55,399
D,407637,18,dispense,0.4691,U,55,399
D,407733,18,dispense,0.4729,U,55,399
D,407829,18,dispense,0.4776,U,55,400
D,407925,18,dispense,0.4828,U,55,400
D,408019,18,dispense,0.4879,U,55,400
D,408115,18,dispense,0.4926,U,55,401
D,408210,18,dispense,0.4966,U,55,401
D,408306,18,dispense,0.4997,U,55,401
D,408402,18,dispense,0.5017,U,55,402
D,408498,18,dispense,0.5029,U,55,402
D,408594,18,dispense,0.5042,U,55,402
D,408690,18,dispense,0.5064,U,55,403
D,408786,18,dispense,0.5099,U,55,403
D,408879,18,dispense,0.5147,U,55,403
D,408975,18,dispense,0.5199,U,55,404
D,409071,18,dispense,0.5250,U,55,404
D,409167,18,dispense,0.5298,U,55,404
D,409263,18,dispense,0.5340,U,55,405
D,409359,18,dispense,0.5375,U,55,405
D,409454,18,dispense,0.5400,U,55,405
D,409550,18,dispense,0.5415,U,55,406
D,409646,18,dispense,0.5427,U,55,406
D,409740,18,dispense,0.5445,U,55,406
D,409836,18,dispense,0.5475,U,55,407
D,409932,18,dispense,0.5518,U,55,407
D,410028,18,dispense,0.5571,U,55,407
D,410123,18,dispense,0.5630,U,55,408
D,410219,18,dispense,0.5689,U,55,408
D,410315,18,dispense,0.5744,U,55,408
D,410411,18,dispense,0.5789,U,55,409
D,410507,18,dispense,0.5817,U,55,409
D,410603,18,dispense,0.5830,U,55,409
D,410696,18,dispense,0.5833,U,55,410
D,410792,18,dispense,0.5838,U,55,410
D,410888,18,dispense,0.5854,U,55,410
D,410984,18,dispense,0.5887,U,55,411
D,411080,18,dispense,0.5932,U,55,411
D,411176,18,dispense,0.5984,U,55,411
D,411271,18,dispense,0.6036,U,55,412
E,411276,TRIGGER 0.6036 g at t=18.55 s -- ALL STOP
D,411368,18,settle,0.6084,U,0,412
D,411463,18,settle,0.6127,U,0,412
D,411557,18,settle,0.6160,U,0,412
D,411653,18,settle,0.6182,U,0,412
D,411749,18,settle,0.6195,U,0,412
D,411845,18,settle,0.6208,U,0,412
D,411940,18,settle,0.6227,U,0,412
D,412036,18,settle,0.6255,U,0,412
D,412132,18,settle,0.6288,U,0,412
D,412228,18,settle,0.6317,U,0,412
D,412324,18,settle,0.6335,U,0,412
D,412420,18,settle,0.6339,U,0,412
D,412513,18,settle,0.6331,U,0,412
D,412609,18,settle,0.6318,U,0,412
D,412717,18,settle,0.6309,U,0,412
D,412897,18,settle,0.6310,U,0,412
D,412993,18,settle,0.6312,U,0,412
D,413089,18,settle,0.6314,U,0,412
D,413185,18,settle,0.6315,U,0,412
D,413280,18,settle,0.6315,U,0,412
D,413374,18,settle,0.6316,U,0,412
D,413470,18,settle,0.6316,U,0,412
D,413566,18,settle,0.6317,U,0,412
D,413662,18,settle,0.6317,U,0,412
D,413758,18,settle,0.6317,U,0,412
D,413854,18,settle,0.6319,U,0,412
D,413949,18,settle,0.6321,U,0,412
D,414045,18,settle,0.6401,U,0,412
D,414141,18,settle,0.6457,U,0,412
D,414235,18,settle,0.6511,U,0,412
D,414331,18,settle,0.6550,U,0,412
D,414427,18,settle,0.6570,U,0,412
D,414522,18,settle,0.6576,U,0,412
D,414618,18,settle,0.6575,U,0,412
D,414714,18,settle,0.6572,U,0,412
D,414810,18,settle,0.6578,U,0,412
D,414906,18,settle,0.6605,U,0,412
D,415001,18,settle,0.6669,U,0,412
D,415097,18,settle,0.6776,U,0,412
D,415191,18,settle,0.6915,U,0,412
D,415287,18,settle,0.7054,U,0,412
D,415383,18,settle,0.7166,U,0,412
D,415479,18,settle,0.7241,U,0,412
D,415575,18,settle,0.7285,U,0,412
D,415670,18,settle,0.7308,U,0,412
D,415766,18,settle,0.7315,U,0,412
D,415862,18,settle,0.7312,U,0,412
D,415958,18,settle,0.7305,U,0,412
D,416052,18,settle,0.7298,U,0,412
D,416148,18,settle,0.7292,U,0,412
D,416244,18,settle,0.7290,U,0,412
D,416340,18,settle,0.7289,U,0,412
D,416435,18,settle,0.7290,U,0,412
D,416531,18,settle,0.7292,U,0,412
D,416627,18,settle,0.7296,U,0,412
D,416723,18,settle,0.7339,U,0,412
D,416819,18,settle,0.7357,U,0,412
D,416913,18,settle,0.7367,U,0,412
D,417008,18,settle,0.7369,U,0,412
D,417104,18,settle,0.7367,U,0,412
D,417200,18,settle,0.7366,U,0,412
D,417296,18,settle,0.7364,U,0,412
D,417392,18,settle,0.7364,U,0,412
D,417488,18,settle,0.7364,U,0,412
D,417583,18,settle,0.7364,U,0,412
D,417679,18,settle,0.7364,U,0,412
D,417775,18,settle,0.7365,S,0,412
D,417869,18,settle,0.7366,U,0,412
D,417965,18,settle,0.7367,U,0,412
D,418061,18,settle,0.7368,U,0,412
D,418157,18,settle,0.7369,U,0,412
D,418253,18,settle,0.7370,U,0,412
D,418349,18,settle,0.7371,U,0,412
D,418444,18,settle,0.7371,U,0,412
D,418540,18,settle,0.7372,U,0,412
D,418636,18,settle,0.7373,U,0,412
D,418730,18,settle,0.7374,U,0,412
D,418826,18,settle,0.7376,U,0,412
D,418921,18,settle,0.7426,U,0,412
D,419017,18,settle,0.7441,U,0,412
D,419113,18,settle,0.7449,U,0,412
D,419209,18,settle,0.7450,U,0,412
D,419305,18,settle,0.7448,U,0,412
Traceback (most recent call last):
  File "/home/vcl/powder-doser-venv/lib/python3.13/site-packages/mpremote/main.py", line 614, in main
    handler_func(state, args)
    ~~~~~~~~~~~~^^^^^^^^^^^^^
  File "/home/vcl/powder-doser-venv/lib/python3.13/site-packages/mpremote/commands.py", line 515, in do_run
    _do_execbuffer(state, buf, args.follow)
    ~~~~~~~~~~~~~~^^^^^^^^^^^^^^^^^^^^^^^^^
  File "/home/vcl/powder-doser-venv/lib/python3.13/site-packages/mpremote/commands.py", line 489, in _do_execbuffer
    ret, ret_err = state.transport.follow(timeout=None, data_consumer=stdout_write_bytes)
                   ~~~~~~~~~~~~~~~~~~~~~~^^^^^^^^^^^^^^^^^^^^^^^^^^^^^^^^^^^^^^^^^^^^^^^^
  File "/home/vcl/powder-doser-venv/lib/python3.13/site-packages/mpremote/transport_serial.py", line 204, in follow
    data = self.read_until(1, b"\x04", timeout=timeout, data_consumer=data_consumer)
  File "/home/vcl/powder-doser-venv/lib/python3.13/site-packages/mpremote/transport_serial.py", line 143, in read_until
    elif self.serial.inWaiting() > 0:
         ~~~~~~~~~~~~~~~~~~~~~^^
  File "/home/vcl/powder-doser-venv/lib/python3.13/site-packages/serial/serialutil.py", line 594, in inWaiting
    return self.in_waiting
           ^^^^^^^^^^^^^^^
  File "/home/vcl/powder-doser-venv/lib/python3.13/site-packages/serial/serialposix.py", line 549, in in_waiting
    s = fcntl.ioctl(self.fd, TIOCINQ, TIOCM_zero_str)
OSError: [Errno 5] Input/output error

During handling of the above exception, another exception occurred:

Traceback (most recent call last):
  File "/home/vcl/powder-doser-venv/bin/mpremote", line 8, in <module>
    sys.exit(main())
             ~~~~^^
  File "/home/vcl/powder-doser-venv/lib/python3.13/site-packages/mpremote/main.py", line 636, in main
    do_disconnect(state)
    ~~~~~~~~~~~~~^^^^^^^
  File "/home/vcl/powder-doser-venv/lib/python3.13/site-packages/mpremote/commands.py", line 89, in do_disconnect
    state.transport.close()
    ~~~~~~~~~~~~~~~~~~~~~^^
  File "/home/vcl/powder-doser-venv/lib/python3.13/site-packages/mpremote/transport_serial.py", line 118, in close
    raise er
  File "/home/vcl/powder-doser-venv/lib/python3.13/site-packages/mpremote/transport_serial.py", line 111, in close
    self.serial.rts = False
    ^^^^^^^^^^^^^^^
  File "/home/vcl/powder-doser-venv/lib/python3.13/site-packages/serial/serialutil.py", line 463, in rts
    self._update_rts_state()
    ~~~~~~~~~~~~~~~~~~~~~~^^
  File "/home/vcl/powder-doser-venv/lib/python3.13/site-packages/serial/serialposix.py", line 708, in _update_rts_state
    fcntl.ioctl(self.fd, TIOCMBIC, TIOCM_RTS_str)
    ~~~~~~~~~~~^^^^^^^^^^^^^^^^^^^^^^^^^^^^^^^^^^
OSError: [Errno 5] Input/output error
MPREMOTE_EXIT=1
