M,experiment,afterflow-battery-C6-C8-B4-B5
M,powder_id,salt
M,cap_g,33.0
M,hard_g,35.0
M,standing_load_g_pretare,63.5
M,scale_max_g,102.0
M,fast_rpm,55.0
M,tap_every_polls,3
M,tap_on_ms,60
M,cont_s,6.0
M,prime_revs,3.0
M,taponly_n,15
M,settle_stream_s,8.0
M,auger_tare_g,56.716
M,total_loaded_g_original,127.98
M,dispensed_prior_attempt_g,10.16
M,total_onboard_est_g,117.82
M,salt_remaining_est_g,61.1
M,restart,attempt-2-after-operator-reset
M,planned_trials,58
E,1233,noise baseline: tare, 20 s static raw stream
P,3217,0,0.0,0,tare0,0.0004
D,3311,0,noise,0.0007,U,0,0
D,3406,0,noise,0.0044,U,0,0
D,3501,0,noise,0.0044,U,0,0
D,3598,0,noise,0.0038,U,0,0
D,3694,0,noise,0.0029,U,0,0
D,3789,0,noise,0.0024,U,0,0
D,3885,0,noise,0.0019,U,0,0
D,3981,0,noise,0.0007,U,0,0
D,4075,0,noise,0.0008,U,0,0
D,4170,0,noise,0.0011,U,0,0
D,4266,0,noise,0.0011,U,0,0
D,4362,0,noise,0.0010,U,0,0
D,4458,0,noise,0.0009,U,0,0
D,4554,0,noise,0.0007,U,0,0
D,4651,0,noise,0.0006,U,0,0
D,4747,0,noise,0.0005,U,0,0
D,4842,0,noise,0.0005,U,0,0
D,4935,0,noise,0.0004,U,0,0
D,5031,0,noise,0.0004,U,0,0
D,5127,0,noise,0.0003,U,0,0
D,5223,0,noise,0.0002,U,0,0
D,5319,0,noise,0.0002,U,0,0
D,5415,0,noise,0.0003,S,0,0
D,5510,0,noise,0.0004,U,0,0
D,5606,0,noise,0.0005,U,0,0
D,5702,0,noise,0.0006,U,0,0
D,5796,0,noise,0.0007,U,0,0
D,5892,0,noise,0.0007,U,0,0
D,5988,0,noise,0.0008,U,0,0
D,6084,0,noise,0.0008,U,0,0
D,6180,0,noise,0.0008,U,0,0
D,6275,0,noise,0.0008,S,0,0
D,6372,0,noise,0.0008,S,0,0
D,6467,0,noise,0.0009,S,0,0
D,6563,0,noise,0.0010,U,0,0
D,6659,0,noise,0.0012,U,0,0
D,6753,0,noise,0.0012,U,0,0
D,6849,0,noise,0.0013,U,0,0
D,6944,0,noise,0.0013,U,0,0
D,7040,0,noise,0.0013,U,0,0
D,7136,0,noise,-0.0013,U,0,0
D,7231,0,noise,-0.0012,U,0,0
D,7327,0,noise,-0.0007,U,0,0
D,7423,0,noise,-0.0003,U,0,0
D,7519,0,noise,0.0002,U,0,0
D,7613,0,noise,0.0007,U,0,0
D,7709,0,noise,0.0032,U,0,0
D,7804,0,noise,0.0031,U,0,0
D,7900,0,noise,0.0023,U,0,0
D,7996,0,noise,0.0018,U,0,0
D,8092,0,noise,0.0013,U,0,0
D,8188,0,noise,0.0010,U,0,0
D,8284,0,noise,0.0008,U,0,0
D,8380,0,noise,0.0005,U,0,0
D,8476,0,noise,0.0003,U,0,0
D,8569,0,noise,0.0001,U,0,0
D,8665,0,noise,-0.0001,U,0,0
D,8761,0,noise,-0.0003,U,0,0
D,8857,0,noise,-0.0003,U,0,0
D,8953,0,noise,-0.0003,U,0,0
D,9049,0,noise,-0.0002,U,0,0
D,9145,0,noise,-0.0001,U,0,0
D,9241,0,noise,-0.0001,U,0,0
D,9336,0,noise,-0.0001,U,0,0
D,9430,0,noise,-0.0001,U,0,0
D,9526,0,noise,-0.0001,S,0,0
D,9622,0,noise,-0.0002,S,0,0
D,9718,0,noise,-0.0002,S,0,0
D,9814,0,noise,-0.0004,U,0,0
D,9910,0,noise,-0.0006,U,0,0
D,10005,0,noise,-0.0007,U,0,0
D,10101,0,noise,-0.0007,U,0,0
D,10197,0,noise,-0.0008,U,0,0
D,10291,0,noise,-0.0009,U,0,0
D,10387,0,noise,-0.0009,U,0,0
D,10483,0,noise,-0.0008,S,0,0
D,10578,0,noise,-0.0008,S,0,0
D,10674,0,noise,-0.0007,U,0,0
D,10770,0,noise,-0.0008,S,0,0
D,10866,0,noise,-0.0008,S,0,0
D,10962,0,noise,-0.0009,U,0,0
D,11058,0,noise,-0.0010,U,0,0
D,11154,0,noise,-0.0011,U,0,0
D,11247,0,noise,-0.0012,U,0,0
D,11343,0,noise,-0.0013,U,0,0
D,11439,0,noise,-0.0013,U,0,0
D,11535,0,noise,-0.0013,U,0,0
D,11643,0,noise,-0.0013,U,0,0
D,11822,0,noise,-0.0013,S,0,0
D,11918,0,noise,-0.0013,S,0,0
D,12014,0,noise,-0.0013,S,0,0
D,12108,0,noise,-0.0013,S,0,0
D,12204,0,noise,-0.0013,S,0,0
D,12300,0,noise,-0.0013,S,0,0
D,12396,0,noise,-0.0013,S,0,0
D,12492,0,noise,-0.0013,S,0,0
D,12587,0,noise,-0.0013,S,0,0
D,12683,0,noise,-0.0012,S,0,0
D,12779,0,noise,-0.0010,U,0,0
D,12875,0,noise,-0.0009,U,0,0
D,12971,0,noise,-0.0009,U,0,0
D,13064,0,noise,-0.0007,U,0,0
D,13160,0,noise,-0.0006,U,0,0
D,13256,0,noise,-0.0006,U,0,0
D,13352,0,noise,-0.0006,U,0,0
D,13448,0,noise,-0.0006,U,0,0
D,13544,0,noise,-0.0007,S,0,0
D,13640,0,noise,-0.0007,S,0,0
D,13735,0,noise,-0.0007,S,0,0
D,13831,0,noise,-0.0007,S,0,0
D,13925,0,noise,-0.0007,S,0,0
D,14021,0,noise,-0.0006,S,0,0
D,14117,0,noise,-0.0005,U,0,0
D,14213,0,noise,-0.0005,U,0,0
D,14308,0,noise,-0.0004,U,0,0
D,14404,0,noise,-0.0003,U,0,0
D,14500,0,noise,-0.0004,U,0,0
D,14596,0,noise,-0.0005,U,0,0
D,14692,0,noise,-0.0006,U,0,0
D,14786,0,noise,-0.0007,U,0,0
D,14882,0,noise,-0.0007,U,0,0
D,14977,0,noise,-0.0007,U,0,0
D,15073,0,noise,-0.0007,U,0,0
D,15169,0,noise,-0.0006,S,0,0
D,15265,0,noise,-0.0006,S,0,0
D,15361,0,noise,-0.0001,U,0,0
D,15457,0,noise,0.0000,U,0,0
D,15552,0,noise,0.0001,U,0,0
D,15648,0,noise,0.0001,U,0,0
D,15742,0,noise,0.0002,U,0,0
D,15838,0,noise,0.0003,U,0,0
D,15934,0,noise,0.0005,U,0,0
D,16030,0,noise,0.0007,U,0,0
D,16125,0,noise,0.0036,U,0,0
D,16221,0,noise,0.0029,U,0,0
D,16317,0,noise,0.0023,U,0,0
D,16413,0,noise,0.0019,U,0,0
D,16509,0,noise,0.0016,U,0,0
D,16602,0,noise,0.0014,U,0,0
D,16698,0,noise,0.0014,U,0,0
D,16794,0,noise,0.0013,U,0,0
D,16890,0,noise,0.0014,U,0,0
D,16986,0,noise,0.0014,U,0,0
D,17082,0,noise,0.0014,S,0,0
D,17178,0,noise,0.0015,U,0,0
D,17274,0,noise,0.0016,U,0,0
D,17369,0,noise,0.0017,U,0,0
D,17465,0,noise,0.0020,U,0,0
D,17559,0,noise,0.0054,U,0,0
D,17655,0,noise,0.0051,U,0,0
D,17750,0,noise,0.0042,U,0,0
D,17846,0,noise,0.0036,U,0,0
D,17942,0,noise,0.0032,U,0,0
D,18038,0,noise,0.0028,U,0,0
D,18134,0,noise,0.0014,U,0,0
D,18230,0,noise,0.0013,U,0,0
D,18325,0,noise,0.0012,U,0,0
D,18419,0,noise,0.0012,U,0,0
D,18515,0,noise,0.0013,U,0,0
D,18611,0,noise,0.0014,U,0,0
D,18707,0,noise,0.0014,U,0,0
D,18803,0,noise,0.0014,U,0,0
D,18899,0,noise,0.0012,U,0,0
D,18995,0,noise,0.0011,U,0,0
D,19090,0,noise,0.0011,U,0,0
D,19186,0,noise,0.0010,U,0,0
D,19280,0,noise,0.0010,U,0,0
D,19376,0,noise,0.0009,U,0,0
D,19472,0,noise,0.0009,U,0,0
D,19568,0,noise,0.0008,U,0,0
D,19664,0,noise,0.0008,U,0,0
D,19759,0,noise,0.0007,U,0,0
D,19856,0,noise,0.0007,U,0,0
D,19951,0,noise,0.0007,U,0,0
D,20047,0,noise,0.0007,S,0,0
D,20143,0,noise,0.0007,S,0,0
D,20237,0,noise,0.0007,S,0,0
D,20333,0,noise,0.0006,S,0,0
D,20428,0,noise,0.0005,U,0,0
D,20524,0,noise,0.0004,U,0,0
D,20620,0,noise,0.0003,U,0,0
D,20716,0,noise,0.0002,U,0,0
D,20812,0,noise,0.0001,U,0,0
D,20908,0,noise,0.0001,U,0,0
D,21004,0,noise,0.0000,U,0,0
D,21097,0,noise,0.0000,U,0,0
D,21193,0,noise,-0.0001,U,0,0
D,21289,0,noise,-0.0001,U,0,0
D,21385,0,noise,-0.0002,U,0,0
D,21481,0,noise,-0.0002,U,0,0
D,21577,0,noise,-0.0002,U,0,0
D,21673,0,noise,-0.0001,S,0,0
D,21769,0,noise,-0.0001,S,0,0
D,21864,0,noise,0.0000,U,0,0
D,21960,0,noise,0.0001,U,0,0
D,22054,0,noise,0.0003,U,0,0
D,22150,0,noise,0.0004,U,0,0
D,22246,0,noise,0.0005,U,0,0
D,22342,0,noise,0.0006,U,0,0
D,22437,0,noise,0.0009,U,0,0
D,22533,0,noise,0.0011,U,0,0
D,22629,0,noise,0.0013,U,0,0
D,22725,0,noise,0.0015,U,0,0
D,22821,0,noise,0.0016,U,0,0
D,22914,0,noise,0.0018,U,0,0
D,23010,0,noise,0.0019,U,0,0
D,23106,0,noise,0.0021,U,0,0
D,23202,0,noise,0.0023,U,0,0
P,25019,0,0.0,0,settled,0.0027
P,26359,0,0.0,0,settled,0.0034
P,26752,0,0.0,0,settled,0.0034
P,27697,0,0.0,0,settled,0.0040
P,29801,0,0.0,0,settled,0.0060
E,30103,noise baseline done
E,30105,=== trial 1 : B5 tilt 55.0 rep 1 rpm 55 halt 0.00 mode cont (cum 0.00 g) ===
P,40320,1,55.0,1,tare0,0.0024
D,40416,1,preroll,0.0024,S,0,0
D,40512,1,preroll,0.0024,S,0,0
D,40608,1,preroll,0.0025,S,0,0
D,40704,1,preroll,0.0026,U,0,0
D,40800,1,preroll,0.0026,U,0,0
D,40894,1,preroll,0.0026,U,0,0
D,40989,1,preroll,0.0026,U,0,0
D,41085,1,preroll,0.0026,S,0,0
D,41181,1,preroll,0.0026,S,0,0
D,41277,1,preroll,0.0025,S,0,0
D,41373,1,preroll,0.0024,U,0,0
D,41469,1,preroll,0.0023,U,0,0
D,41564,1,preroll,0.0021,U,0,0
D,41660,1,preroll,0.0021,U,0,0
D,41754,1,preroll,0.0020,U,0,0
D,41850,1,preroll,0.0019,U,0,0
E,41915,dispense start: mode cont rpm 55
D,41946,1,dispense,0.0018,U,55,0
D,42051,1,dispense,0.0018,U,55,0
D,42143,1,dispense,0.0018,U,55,0
D,42236,1,dispense,0.0017,U,55,0
D,42329,1,dispense,0.0016,U,55,0
D,42425,1,dispense,0.0016,U,55,0
D,42521,1,dispense,0.0014,U,55,0
D,42616,1,dispense,-0.0045,U,55,0
D,42710,1,dispense,-0.0092,U,55,0
D,42806,1,dispense,-0.0129,U,55,0
D,42902,1,dispense,-0.0137,U,55,0
D,42998,1,dispense,-0.0119,U,55,0
D,43095,1,dispense,-0.0097,U,55,0
D,43189,1,dispense,-0.0093,U,55,0
D,43285,1,dispense,-0.0100,U,55,0
D,43381,1,dispense,-0.0106,U,55,0
D,43477,1,dispense,-0.0105,U,55,0
D,43571,1,dispense,-0.0098,U,55,0
D,43667,1,dispense,-0.0020,U,55,0
D,43763,1,dispense,0.0063,U,55,0
D,43858,1,dispense,0.0222,U,55,0
D,43954,1,dispense,0.0485,U,55,0
D,44050,1,dispense,0.0829,U,55,0
D,44146,1,dispense,0.1178,U,55,0
D,44242,1,dispense,0.1455,U,55,0
D,44338,1,dispense,0.1624,U,55,0
D,44433,1,dispense,0.1697,U,55,0
D,44527,1,dispense,0.1715,U,55,0
D,44623,1,dispense,0.1713,U,55,0
D,44719,1,dispense,0.1720,U,55,0
D,44815,1,dispense,0.1760,U,55,0
D,44911,1,dispense,0.1860,U,55,0
D,45006,1,dispense,0.2044,U,55,0
D,45102,1,dispense,0.2314,U,55,0
D,45198,1,dispense,0.2643,U,55,0
D,45294,1,dispense,0.2981,U,55,0
D,45388,1,dispense,0.3265,U,55,0
D,45484,1,dispense,0.3460,U,55,0
D,45580,1,dispense,0.3571,U,55,0
D,45675,1,dispense,0.3637,U,55,0
D,45771,1,dispense,0.3695,U,55,0
D,45867,1,dispense,0.3756,U,55,0
D,45963,1,dispense,0.3828,U,55,0
D,46059,1,dispense,0.3941,U,55,0
D,46155,1,dispense,0.4127,U,55,0
D,46248,1,dispense,0.4386,U,55,0
D,46344,1,dispense,0.4675,U,55,0
D,46440,1,dispense,0.4940,U,55,0
D,46536,1,dispense,0.5143,U,55,0
D,46632,1,dispense,0.5270,U,55,0
D,46728,1,dispense,0.5329,U,55,0
D,46824,1,dispense,0.5347,U,55,0
D,46919,1,dispense,0.5370,U,55,0
D,47015,1,dispense,0.5442,U,55,0
D,47111,1,dispense,0.5587,U,55,0
D,47205,1,dispense,0.5808,U,55,0
D,47301,1,dispense,0.6091,U,55,0
D,47397,1,dispense,0.6410,U,55,0
D,47492,1,dispense,0.6736,U,55,0
D,47588,1,dispense,0.7022,U,55,0
D,47684,1,dispense,0.7220,U,55,0
D,47780,1,dispense,0.7315,U,55,0
D,47876,1,dispense,0.7346,U,55,0
D,47972,1,dispense,0.7371,U,55,0
D,48066,1,dispense,0.7425,U,55,0
E,48070,continuous 6.1 s done
D,48162,1,settle,0.7511,U,0,0
D,48257,1,settle,0.7626,U,0,0
D,48353,1,settle,0.7784,U,0,0
D,48449,1,settle,0.8008,U,0,0
D,48545,1,settle,0.8286,U,0,0
D,48641,1,settle,0.8563,U,0,0
D,48736,1,settle,0.8766,U,0,0
D,48832,1,settle,0.8858,U,0,0
D,48928,1,settle,0.8854,U,0,0
D,49022,1,settle,0.8805,U,0,0
D,49118,1,settle,0.8754,U,0,0
D,49214,1,settle,0.8721,U,0,0
D,49309,1,settle,0.8708,U,0,0
D,49405,1,settle,0.8711,U,0,0
D,49501,1,settle,0.8725,U,0,0
D,49597,1,settle,0.8740,U,0,0
D,49693,1,settle,0.8749,U,0,0
D,49789,1,settle,0.8747,U,0,0
D,49883,1,settle,0.8743,U,0,0
D,49978,1,settle,0.8737,U,0,0
D,50086,1,settle,0.8733,U,0,0
D,50266,1,settle,0.8705,U,0,0
D,50362,1,settle,0.8706,U,0,0
D,50458,1,settle,0.8711,U,0,0
D,50554,1,settle,0.8714,U,0,0
D,50650,1,settle,0.8715,U,0,0
D,50743,1,settle,0.8714,U,0,0
D,50839,1,settle,0.8713,U,0,0
D,50935,1,settle,0.8711,U,0,0
D,51031,1,settle,0.8710,U,0,0
D,51127,1,settle,0.8708,U,0,0
D,51222,1,settle,0.8708,U,0,0
D,51318,1,settle,0.8708,U,0,0
D,51414,1,settle,0.8708,U,0,0
D,51510,1,settle,0.8708,U,0,0
D,51606,1,settle,0.8708,S,0,0
D,51700,1,settle,0.8708,S,0,0
D,51796,1,settle,0.8708,S,0,0
D,51892,1,settle,0.8708,S,0,0
D,51987,1,settle,0.8708,S,0,0
D,52083,1,settle,0.8707,S,0,0
D,52179,1,settle,0.8707,S,0,0
D,52275,1,settle,0.8707,S,0,0
D,52371,1,settle,0.8706,U,0,0
D,52467,1,settle,0.8706,U,0,0
D,52561,1,settle,0.8705,U,0,0
D,52656,1,settle,0.8706,S,0,0
D,52753,1,settle,0.8706,S,0,0
D,52848,1,settle,0.8707,U,0,0
D,52944,1,settle,0.8708,U,0,0
D,53040,1,settle,0.8708,U,0,0
D,53136,1,settle,0.8709,U,0,0
D,53232,1,settle,0.8709,U,0,0
D,53328,1,settle,0.8709,U,0,0
D,53423,1,settle,0.8709,S,0,0
D,53517,1,settle,0.8710,U,0,0
D,53613,1,settle,0.8713,U,0,0
D,53709,1,settle,0.8714,U,0,0
D,53805,1,settle,0.8716,U,0,0
D,53901,1,settle,0.8717,U,0,0
D,53996,1,settle,0.8720,U,0,0
D,54092,1,settle,0.8722,U,0,0
D,54188,1,settle,0.8724,U,0,0
D,54284,1,settle,0.8726,U,0,0
D,54378,1,settle,0.8728,U,0,0
D,54474,1,settle,0.8731,U,0,0
D,54570,1,settle,0.8733,U,0,0
D,54665,1,settle,0.8735,U,0,0
D,54761,1,settle,0.8738,U,0,0
D,54857,1,settle,0.8739,U,0,0
D,54953,1,settle,0.8741,U,0,0
D,55049,1,settle,0.8742,U,0,0
D,55144,1,settle,0.8744,U,0,0
D,55238,1,settle,0.8746,U,0,0
D,55334,1,settle,0.8748,U,0,0
D,55430,1,settle,0.8750,U,0,0
D,55526,1,settle,0.8751,U,0,0
D,55622,1,settle,0.8752,U,0,0
D,55717,1,settle,0.8753,U,0,0
D,55813,1,settle,0.8754,U,0,0
D,55909,1,settle,0.8754,U,0,0
D,56005,1,settle,0.8754,U,0,0
D,56101,1,settle,0.8754,U,0,0
P,56196,1,55.0,1,settled,0.8754
D,56291,1,settle,0.8754,S,0,0
D,56386,1,settle,0.8753,S,0,0
D,56482,1,settle,0.8753,S,0,0
D,56578,1,settle,0.8752,U,0,0
D,56674,1,settle,0.8752,U,0,0
D,56770,1,settle,0.8752,U,0,0
D,56866,1,settle,0.8753,S,0,0
D,56962,1,settle,0.8753,S,0,0
D,57055,1,settle,0.8754,U,0,0
D,57151,1,settle,0.8754,U,0,0
D,57247,1,settle,0.8753,S,0,0
D,57343,1,settle,0.8754,S,0,0
D,57439,1,settle,0.8754,S,0,0
D,57535,1,settle,0.8755,U,0,0
D,57630,1,settle,0.8793,U,0,0
D,57726,1,settle,0.8792,U,0,0
D,57822,1,settle,0.8783,U,0,0
D,57918,1,settle,0.8777,U,0,0
D,58012,1,settle,0.8772,U,0,0
D,58107,1,settle,0.8770,U,0,0
D,58203,1,settle,0.8770,U,0,0
D,58299,1,settle,0.8771,U,0,0
D,58395,1,settle,0.8773,U,0,0
D,58491,1,settle,0.8774,U,0,0
D,58587,1,settle,0.8774,U,0,0
D,58683,1,settle,0.8774,U,0,0
D,58778,1,settle,0.8774,U,0,0
D,58872,1,settle,0.8774,S,0,0
D,58968,1,settle,0.8774,S,0,0
D,59064,1,settle,0.8774,S,0,0
D,59160,1,settle,0.8775,S,0,0
P,62125,1,55.0,1,settled2,0.8787
R,1,B5,55.0,1,55,0.00,cont,0.7425,6.16,0.8754,0.8787,0.8754,0.8754,0,cont_done
E,62133,=== trial 2 : C6 tilt 40.0 rep 1 rpm 55 halt 0.30 mode rot (cum 0.88 g) ===
P,72649,2,40.0,1,tare0,0.0013
D,72741,2,preroll,0.0014,U,0,0
D,72836,2,preroll,0.0014,U,0,0
D,72932,2,preroll,0.0015,U,0,0
D,73028,2,preroll,0.0016,U,0,0
D,73123,2,preroll,0.0017,U,0,0
D,73217,2,preroll,0.0018,U,0,0
D,73314,2,preroll,0.0018,U,0,0
D,73409,2,preroll,0.0019,U,0,0
D,73505,2,preroll,0.0019,U,0,0
D,73601,2,preroll,0.0020,U,0,0
D,73696,2,preroll,0.0021,U,0,0
D,73792,2,preroll,0.0021,U,0,0
D,73888,2,preroll,0.0022,U,0,0
D,73984,2,preroll,0.0023,U,0,0
D,74080,2,preroll,0.0023,U,0,0
D,74174,2,preroll,0.0023,U,0,0
E,74238,dispense start: mode rot rpm 55
D,74270,2,dispense,0.0024,U,55,0
D,74365,2,dispense,0.0024,U,55,0
D,74461,2,dispense,0.0025,U,55,0
D,74557,2,dispense,0.0026,U,55,1
D,74653,2,dispense,0.0027,U,55,1
D,74749,2,dispense,0.0028,U,55,1
D,74845,2,dispense,0.0028,U,55,2
D,74940,2,dispense,0.0030,U,55,2
D,75034,2,dispense,0.0032,U,55,2
D,75130,2,dispense,0.0132,U,55,3
D,75226,2,dispense,0.0223,U,55,3
D,75322,2,dispense,0.0308,U,55,3
D,75417,2,dispense,0.0360,U,55,4
D,75513,2,dispense,0.0393,U,55,4
D,75609,2,dispense,0.0473,U,55,4
D,75706,2,dispense,0.0654,U,55,5
D,75801,2,dispense,0.0930,U,55,5
D,75896,2,dispense,0.1240,U,55,5
D,75990,2,dispense,0.1511,U,55,6
D,76086,2,dispense,0.1689,U,55,6
D,76182,2,dispense,0.1752,U,55,6
D,76278,2,dispense,0.1722,U,55,7
D,76374,2,dispense,0.1661,U,55,7
D,76470,2,dispense,0.1639,U,55,7
D,76565,2,dispense,0.1691,U,55,8
D,76661,2,dispense,0.1810,U,55,8
D,76757,2,dispense,0.1978,U,55,8
D,76851,2,dispense,0.2192,U,55,9
D,76947,2,dispense,0.2448,U,55,9
D,77043,2,dispense,0.2719,U,55,9
D,77139,2,dispense,0.2964,U,55,10
D,77243,2,dispense,0.3146,U,55,10
E,77248,TRIGGER 0.3146 g at t=2.91 s -- ALL STOP
D,77340,2,settle,0.3262,U,0,10
D,77522,2,settle,0.3367,U,0,10
D,77618,2,settle,0.3406,U,0,10
D,77712,2,settle,0.3485,U,0,10
D,77808,2,settle,0.3640,U,0,10
D,77903,2,settle,0.3886,U,0,10
D,77999,2,settle,0.4198,U,0,10
D,78095,2,settle,0.4514,U,0,10
D,78191,2,settle,0.4765,U,0,10
D,78287,2,settle,0.4911,U,0,10
D,78383,2,settle,0.4960,U,0,10
D,78478,2,settle,0.4952,U,0,10
D,78574,2,settle,0.4924,U,0,10
D,78668,2,settle,0.4898,U,0,10
D,78764,2,settle,0.4883,U,0,10
D,78860,2,settle,0.4876,U,0,10
D,78956,2,settle,0.4874,U,0,10
D,79051,2,settle,0.4874,U,0,10
D,79147,2,settle,0.4877,U,0,10
D,79243,2,settle,0.4882,U,0,10
D,79339,2,settle,0.4884,U,0,10
D,79435,2,settle,0.4887,U,0,10
D,79529,2,settle,0.4890,U,0,10
D,79625,2,settle,0.4892,U,0,10
D,79720,2,settle,0.4895,U,0,10
D,79816,2,settle,0.4898,U,0,10
D,79912,2,settle,0.4899,U,0,10
D,80008,2,settle,0.4901,U,0,10
D,80104,2,settle,0.4902,U,0,10
D,80200,2,settle,0.4903,U,0,10
D,80296,2,settle,0.4904,U,0,10
D,80392,2,settle,0.4905,U,0,10
D,80485,2,settle,0.4905,U,0,10
D,80581,2,settle,0.4906,U,0,10
D,80677,2,settle,0.4906,U,0,10
D,80773,2,settle,0.4906,U,0,10
D,80869,2,settle,0.4905,S,0,10
D,80965,2,settle,0.4905,S,0,10
D,81061,2,settle,0.4904,U,0,10
D,81156,2,settle,0.4905,S,0,10
D,81252,2,settle,0.4905,S,0,10
D,81346,2,settle,0.4905,S,0,10
D,81442,2,settle,0.4904,S,0,10
D,81538,2,settle,0.4904,S,0,10
D,81634,2,settle,0.4903,U,0,10
D,81730,2,settle,0.4902,U,0,10
D,81825,2,settle,0.4901,U,0,10
D,81921,2,settle,0.4900,U,0,10
D,82017,2,settle,0.4898,U,0,10
D,82113,2,settle,0.4897,U,0,10
D,82207,2,settle,0.4895,U,0,10
D,82303,2,settle,0.4894,U,0,10
D,82398,2,settle,0.4893,U,0,10
D,82494,2,settle,0.4892,U,0,10
D,82590,2,settle,0.4891,U,0,10
D,82686,2,settle,0.4890,U,0,10
D,82782,2,settle,0.4890,U,0,10
D,82878,2,settle,0.4890,U,0,10
D,82973,2,settle,0.4891,S,0,10
D,83070,2,settle,0.4891,S,0,10
D,83163,2,settle,0.4892,U,0,10
D,83259,2,settle,0.4893,U,0,10
D,83355,2,settle,0.4894,U,0,10
D,83451,2,settle,0.4895,U,0,10
D,83547,2,settle,0.4896,U,0,10
D,83642,2,settle,0.4896,U,0,10
D,83738,2,settle,0.4897,U,0,10
D,83834,2,settle,0.4897,U,0,10
D,83930,2,settle,0.4898,U,0,10
D,84024,2,settle,0.4898,U,0,10
D,84120,2,settle,0.4900,U,0,10
D,84216,2,settle,0.4902,U,0,10
D,84311,2,settle,0.4903,U,0,10
D,84407,2,settle,0.4906,U,0,10
D,84503,2,settle,0.4942,U,0,10
D,84598,2,settle,0.4948,U,0,10
D,84694,2,settle,0.4946,U,0,10
D,84790,2,settle,0.4935,U,0,10
D,84886,2,settle,0.4927,U,0,10
D,84980,2,settle,0.4921,U,0,10
D,85076,2,settle,0.4903,U,0,10
D,85172,2,settle,0.4902,U,0,10
D,85267,2,settle,0.4902,U,0,10
P,86128,2,40.0,1,settled,0.4898
D,86224,2,settle,0.4897,S,0,10
D,86320,2,settle,0.4896,U,0,10
D,86416,2,settle,0.4896,U,0,10
D,86512,2,settle,0.4895,U,0,10
D,86608,2,settle,0.4896,U,0,10
D,86701,2,settle,0.4896,S,0,10
D,86797,2,settle,0.4897,U,0,10
D,86893,2,settle,0.4898,U,0,10
D,86989,2,settle,0.4898,U,0,10
D,87085,2,settle,0.4899,U,0,10
D,87181,2,settle,0.4900,U,0,10
D,87277,2,settle,0.4900,U,0,10
D,87372,2,settle,0.4901,U,0,10
D,87468,2,settle,0.4901,U,0,10
D,87564,2,settle,0.4903,U,0,10
D,87658,2,settle,0.4903,U,0,10
D,87754,2,settle,0.4903,U,0,10
D,87850,2,settle,0.4903,U,0,10
D,87946,2,settle,0.4903,U,0,10
D,88042,2,settle,0.4903,S,0,10
D,88137,2,settle,0.4903,S,0,10
D,88233,2,settle,0.4904,S,0,10
D,88329,2,settle,0.4905,U,0,10
D,88425,2,settle,0.4906,U,0,10
D,88518,2,settle,0.4907,U,0,10
D,88614,2,settle,0.4907,U,0,10
D,88710,2,settle,0.4907,U,0,10
D,88806,2,settle,0.4907,U,0,10
D,88902,2,settle,0.4906,S,0,10
D,88998,2,settle,0.4906,S,0,10
D,89094,2,settle,0.4906,S,0,10
P,89191,2,40.0,1,settled2,0.4906
R,2,C6,40.0,1,55,0.30,rot,0.3146,3.01,0.4898,0.4906,0.4898,1.3652,10,ok
E,89198,=== trial 3 : C6 tilt 40.0 rep 1 rpm 55 halt 0.60 mode rot (cum 1.37 g) ===
P,94747,3,40.0,1,tare0,0.0001
D,94840,3,preroll,0.0001,S,0,10
D,95034,3,preroll,0.0001,S,0,10
D,95214,3,preroll,0.0001,S,0,10
D,95310,3,preroll,0.0005,U,0,10
D,95405,3,preroll,0.0005,U,0,10
D,95501,3,preroll,0.0005,U,0,10
D,95597,3,preroll,0.0005,U,0,10
D,95691,3,preroll,0.0004,U,0,10
D,95787,3,preroll,0.0004,S,0,10
D,95883,3,preroll,0.0003,U,0,10
D,95978,3,preroll,0.0002,U,0,10
D,96074,3,preroll,0.0002,U,0,10
D,96170,3,preroll,0.0002,U,0,10
D,96266,3,preroll,0.0002,U,0,10
E,96331,dispense start: mode rot rpm 55
D,96362,3,dispense,0.0003,S,55,10
D,96458,3,dispense,0.0004,U,55,10
D,96554,3,dispense,0.0005,U,55,10
D,96647,3,dispense,0.0005,U,55,11
D,96743,3,dispense,0.0006,U,55,11
D,96839,3,dispense,0.0006,U,55,11
D,96935,3,dispense,0.0007,U,55,12
D,97031,3,dispense,0.0007,U,55,12
D,97127,3,dispense,0.0007,U,55,12
D,97223,3,dispense,0.0008,U,55,13
D,97318,3,dispense,0.0073,U,55,13
D,97414,3,dispense,0.0173,U,55,13
D,97508,3,dispense,0.0341,U,55,14
D,97604,3,dispense,0.0561,U,55,14
D,97699,3,dispense,0.0789,U,55,14
D,97795,3,dispense,0.0982,U,55,15
D,97891,3,dispense,0.1114,U,55,15
D,97987,3,dispense,0.1195,U,55,15
D,98083,3,dispense,0.1269,U,55,16
D,98179,3,dispense,0.1382,U,55,16
D,98274,3,dispense,0.1563,U,55,16
D,98370,3,dispense,0.1801,U,55,17
D,98464,3,dispense,0.2038,U,55,17
D,98560,3,dispense,0.2204,U,55,17
D,98656,3,dispense,0.2264,U,55,18
D,98752,3,dispense,0.2231,U,55,18
D,98847,3,dispense,0.2159,U,55,18
D,98943,3,dispense,0.2119,U,55,19
D,99039,3,dispense,0.2178,U,55,19
D,99135,3,dispense,0.2365,U,55,19
D,99231,3,dispense,0.2663,U,55,20
D,99325,3,dispense,0.3025,U,55,20
D,99420,3,dispense,0.3407,U,55,20
D,99516,3,dispense,0.3761,U,55,21
D,99612,3,dispense,0.4026,U,55,21
D,99708,3,dispense,0.4161,U,55,21
D,99804,3,dispense,0.4186,U,55,22
D,99900,3,dispense,0.4185,U,55,22
D,99996,3,dispense,0.4240,U,55,22
D,100091,3,dispense,0.4382,U,55,23
D,100185,3,dispense,0.4591,U,55,23
D,100281,3,dispense,0.4833,U,55,23
D,100377,3,dispense,0.5089,U,55,24
D,100473,3,dispense,0.5348,U,55,24
D,100569,3,dispense,0.5600,U,55,24
D,100664,3,dispense,0.5815,U,55,25
D,100760,3,dispense,0.5956,U,55,25
D,100856,3,dispense,0.6018,U,55,25
E,100860,TRIGGER 0.6018 g at t=4.43 s -- ALL STOP
D,100953,3,settle,0.6041,U,0,25
D,101048,3,settle,0.6074,U,0,25
D,101142,3,settle,0.6139,U,0,25
D,101238,3,settle,0.6240,U,0,25
D,101333,3,settle,0.6381,U,0,25
D,101429,3,settle,0.6570,U,0,25
D,101525,3,settle,0.6806,U,0,25
D,101621,3,settle,0.7068,U,0,25
D,101717,3,settle,0.7315,U,0,25
D,101908,3,settle,0.7595,U,0,25
D,102002,3,settle,0.7615,U,0,25
D,102098,3,settle,0.7597,U,0,25
D,102194,3,settle,0.7574,U,0,25
D,102290,3,settle,0.7563,U,0,25
D,102386,3,settle,0.7564,U,0,25
D,102482,3,settle,0.7571,U,0,25
D,102577,3,settle,0.7578,U,0,25
D,102673,3,settle,0.7581,U,0,25
D,102769,3,settle,0.7584,U,0,25
D,102865,3,settle,0.7585,U,0,25
D,102959,3,settle,0.7587,U,0,25
D,103055,3,settle,0.7588,U,0,25
D,103151,3,settle,0.7588,U,0,25
D,103246,3,settle,0.7588,U,0,25
D,103342,3,settle,0.7588,U,0,25
D,103438,3,settle,0.7588,S,0,25
D,103534,3,settle,0.7590,U,0,25
D,103630,3,settle,0.7591,U,0,25
D,103726,3,settle,0.7593,U,0,25
D,103820,3,settle,0.7595,U,0,25
D,103916,3,settle,0.7596,U,0,25
D,104011,3,settle,0.7596,U,0,25
D,104107,3,settle,0.7596,U,0,25
D,104203,3,settle,0.7596,U,0,25
D,104299,3,settle,0.7596,S,0,25
D,104395,3,settle,0.7596,S,0,25
D,104491,3,settle,0.7596,S,0,25
D,104587,3,settle,0.7596,S,0,25
D,104681,3,settle,0.7595,S,0,25
D,104776,3,settle,0.7595,S,0,25
D,104872,3,settle,0.7594,U,0,25
D,104968,3,settle,0.7594,U,0,25
D,105064,3,settle,0.7593,U,0,25
D,105160,3,settle,0.7593,U,0,25
D,105255,3,settle,0.7593,U,0,25
D,105352,3,settle,0.7593,S,0,25
D,105447,3,settle,0.7593,S,0,25
D,105543,3,settle,0.7593,S,0,25
D,105637,3,settle,0.7593,S,0,25
D,105733,3,settle,0.7593,S,0,25
D,105829,3,settle,0.7593,S,0,25
D,105925,3,settle,0.7593,S,0,25
D,106020,3,settle,0.7593,S,0,25
D,106116,3,settle,0.7593,S,0,25
D,106212,3,settle,0.7594,S,0,25
D,106307,3,settle,0.7578,U,0,25
D,106403,3,settle,0.7573,U,0,25
D,106497,3,settle,0.7570,U,0,25
D,106593,3,settle,0.7570,U,0,25
D,106689,3,settle,0.7571,U,0,25
D,106785,3,settle,0.7573,U,0,25
D,106881,3,settle,0.7574,U,0,25
D,106977,3,settle,0.7576,U,0,25
D,107072,3,settle,0.7578,U,0,25
D,107168,3,settle,0.7580,U,0,25
D,107264,3,settle,0.7582,U,0,25
D,107360,3,settle,0.7583,U,0,25
D,107454,3,settle,0.7585,U,0,25
D,107550,3,settle,0.7588,U,0,25
D,107645,3,settle,0.7591,U,0,25
D,107741,3,settle,0.7593,U,0,25
D,107837,3,settle,0.7595,U,0,25
D,107933,3,settle,0.7595,U,0,25
D,108029,3,settle,0.7596,U,0,25
D,108125,3,settle,0.7597,U,0,25
D,108221,3,settle,0.7598,U,0,25
D,108314,3,settle,0.7600,U,0,25
D,108410,3,settle,0.7601,U,0,25
D,108506,3,settle,0.7601,U,0,25
D,108602,3,settle,0.7601,U,0,25
D,108698,3,settle,0.7582,U,0,25
D,108793,3,settle,0.7586,U,0,25
D,108889,3,settle,0.7591,U,0,25
P,111855,3,40.0,1,settled,0.7594
D,111949,3,settle,0.7593,U,0,25
D,112045,3,settle,0.7593,U,0,25
D,112140,3,settle,0.7592,U,0,25
D,112236,3,settle,0.7591,U,0,25
D,112332,3,settle,0.7591,U,0,25
D,112428,3,settle,0.7591,U,0,25
D,112524,3,settle,0.7591,U,0,25
D,112620,3,settle,0.7592,S,0,25
D,112716,3,settle,0.7593,U,0,25
D,112809,3,settle,0.7622,U,0,25
D,112905,3,settle,0.7618,U,0,25
D,113001,3,settle,0.7611,U,0,25
D,113097,3,settle,0.7606,U,0,25
D,113192,3,settle,0.7602,U,0,25
D,113288,3,settle,0.7585,U,0,25
D,113384,3,settle,0.7580,U,0,25
D,113480,3,settle,0.7579,U,0,25
D,113576,3,settle,0.7581,U,0,25
D,113670,3,settle,0.7583,U,0,25
D,113765,3,settle,0.7584,U,0,25
D,113861,3,settle,0.7587,U,0,25
D,113957,3,settle,0.7589,U,0,25
D,114053,3,settle,0.7591,U,0,25
D,114149,3,settle,0.7594,U,0,25
D,114245,3,settle,0.7597,U,0,25
D,114341,3,settle,0.7600,U,0,25
D,114436,3,settle,0.7603,U,0,25
D,114532,3,settle,0.7605,U,0,25
D,114626,3,settle,0.7607,U,0,25
D,114722,3,settle,0.7609,U,0,25
D,114818,3,settle,0.7610,U,0,25
P,115308,3,40.0,1,settled2,0.7611
R,3,C6,40.0,1,55,0.60,rot,0.6018,4.53,0.7594,0.7611,0.7594,2.1246,15,ok
E,115315,=== trial 4 : C6 tilt 55.0 rep 1 rpm 55 halt 0.60 mode rot (cum 2.12 g) ===
P,123139,4,55.0,1,tare0,0.0041
D,123234,4,preroll,0.0042,U,0,25
D,123330,4,preroll,0.0043,U,0,25
D,123426,4,preroll,0.0043,U,0,25
D,123522,4,preroll,0.0043,U,0,25
D,123616,4,preroll,0.0043,U,0,25
D,123712,4,preroll,0.0042,S,0,25
D,123807,4,preroll,0.0041,U,0,25
D,123904,4,preroll,0.0041,U,0,25
D,123999,4,preroll,0.0041,U,0,25
D,124095,4,preroll,0.0042,S,0,25
D,124191,4,preroll,0.0043,U,0,25
D,124287,4,preroll,0.0045,U,0,25
D,124383,4,preroll,0.0046,U,0,25
D,124476,4,preroll,0.0049,U,0,25
D,124572,4,preroll,0.0050,U,0,25
D,124668,4,preroll,0.0051,U,0,25
E,124733,dispense start: mode rot rpm 55
D,124764,4,dispense,0.0052,U,55,25
D,124860,4,dispense,0.0052,U,55,25
D,124956,4,dispense,0.0052,U,55,25
D,125052,4,dispense,0.0052,U,55,26
D,125148,4,dispense,0.0051,S,55,26
D,125243,4,dispense,0.0050,U,55,26
D,125337,4,dispense,0.0051,S,55,27
D,125432,4,dispense,0.0096,U,55,27
D,125528,4,dispense,0.0128,U,55,27
D,125624,4,dispense,0.0160,U,55,28
D,125720,4,dispense,0.0195,U,55,28
D,125816,4,dispense,0.0245,U,55,28
D,125912,4,dispense,0.0312,U,55,29
D,126008,4,dispense,0.0388,U,55,29
D,126103,4,dispense,0.0459,U,55,29
D,126199,4,dispense,0.0507,U,55,30
D,126293,4,dispense,0.0527,U,55,30
D,126389,4,dispense,0.0543,U,55,30
D,126485,4,dispense,0.0609,U,55,31
D,126581,4,dispense,0.0780,U,55,31
D,126677,4,dispense,0.1067,U,55,31
D,126772,4,dispense,0.1428,U,55,32
D,126868,4,dispense,0.1781,U,55,32
D,126964,4,dispense,0.2053,U,55,32
D,127060,4,dispense,0.2222,U,55,33
D,127154,4,dispense,0.2311,U,55,33
D,127250,4,dispense,0.2359,U,55,33
D,127345,4,dispense,0.2394,U,55,34
D,127441,4,dispense,0.2450,U,55,34
D,127537,4,dispense,0.2584,U,55,34
D,127633,4,dispense,0.2830,U,55,35
D,127729,4,dispense,0.3170,U,55,35
D,127825,4,dispense,0.3536,U,55,35
D,127920,4,dispense,0.3857,U,55,36
D,128017,4,dispense,0.4078,U,55,36
D,128110,4,dispense,0.4182,U,55,36
D,128206,4,dispense,0.4204,U,55,37
D,128302,4,dispense,0.4208,U,55,37
D,128407,4,dispense,0.4258,U,55,37
D,128589,4,dispense,0.4625,U,55,38
D,128685,4,dispense,0.4935,U,55,38
D,128781,4,dispense,0.5290,U,55,38
D,128877,4,dispense,0.5657,U,55,39
D,128971,4,dispense,0.6000,U,55,39
E,128975,TRIGGER 0.6000 g at t=4.15 s -- ALL STOP
D,129067,4,settle,0.6276,U,0,39
D,129163,4,settle,0.6449,U,0,39
D,129258,4,settle,0.6523,U,0,39
D,129354,4,settle,0.6541,U,0,39
D,129450,4,settle,0.6555,U,0,39
D,129546,4,settle,0.6611,U,0,39
D,129642,4,settle,0.6728,U,0,39
D,129737,4,settle,0.6895,U,0,39
D,129831,4,settle,0.7086,U,0,39
D,129927,4,settle,0.7276,U,0,39
D,130023,4,settle,0.7453,U,0,39
D,130119,4,settle,0.7614,U,0,39
D,130215,4,settle,0.7756,U,0,39
D,130311,4,settle,0.7870,U,0,39
D,130407,4,settle,0.7946,U,0,39
D,130502,4,settle,0.7981,U,0,39
D,130598,4,settle,0.7984,U,0,39
D,130694,4,settle,0.7972,U,0,39
D,130788,4,settle,0.7961,U,0,39
D,130884,4,settle,0.7958,U,0,39
D,130980,4,settle,0.7961,U,0,39
D,131075,4,settle,0.7963,U,0,39
D,131171,4,settle,0.7964,U,0,39
D,131267,4,settle,0.7963,U,0,39
D,131363,4,settle,0.7962,U,0,39
D,131459,4,settle,0.7961,U,0,39
D,131555,4,settle,0.7961,U,0,39
D,131649,4,settle,0.7963,U,0,39
D,131744,4,settle,0.7964,U,0,39
D,131840,4,settle,0.7966,U,0,39
D,131936,4,settle,0.7968,U,0,39
D,132032,4,settle,0.7969,U,0,39
D,132128,4,settle,0.7971,U,0,39
D,132224,4,settle,0.7972,U,0,39
D,132320,4,settle,0.7974,U,0,39
D,132416,4,settle,0.7975,U,0,39
D,132511,4,settle,0.7975,U,0,39
D,132605,4,settle,0.7976,U,0,39
D,132701,4,settle,0.7976,U,0,39
D,132797,4,settle,0.7975,S,0,39
D,132893,4,settle,0.7976,S,0,39
D,132989,4,settle,0.7976,S,0,39
D,133085,4,settle,0.7977,U,0,39
D,133180,4,settle,0.7979,U,0,39
D,133276,4,settle,0.7980,U,0,39
D,133372,4,settle,0.7982,U,0,39
D,133466,4,settle,0.7983,U,0,39
D,133562,4,settle,0.7984,U,0,39
D,133658,4,settle,0.7984,U,0,39
D,133753,4,settle,0.7985,U,0,39
D,133849,4,settle,0.7985,U,0,39
D,133945,4,settle,0.7986,U,0,39
D,134041,4,settle,0.7986,U,0,39
D,134137,4,settle,0.7986,U,0,39
D,134233,4,settle,0.7986,S,0,39
D,134327,4,settle,0.7986,S,0,39
D,134422,4,settle,0.7985,S,0,39
D,134518,4,settle,0.7986,S,0,39
D,134614,4,settle,0.7986,S,0,39
D,134710,4,settle,0.7986,S,0,39
D,134806,4,settle,0.7986,S,0,39
D,134902,4,settle,0.7986,S,0,39
D,134997,4,settle,0.7986,S,0,39
D,135093,4,settle,0.7986,S,0,39
D,135189,4,settle,0.7986,S,0,39
D,135283,4,settle,0.7985,S,0,39
D,135379,4,settle,0.7985,S,0,39
D,135475,4,settle,0.7985,S,0,39
D,135571,4,settle,0.7985,S,0,39
D,135667,4,settle,0.7985,S,0,39
D,135762,4,settle,0.7985,S,0,39
D,135858,4,settle,0.7985,S,0,39
D,135954,4,settle,0.7985,S,0,39
D,136050,4,settle,0.7985,S,0,39
D,136144,4,settle,0.7985,S,0,39
D,136240,4,settle,0.7985,S,0,39
D,136336,4,settle,0.7985,S,0,39
D,136431,4,settle,0.7985,S,0,39
D,136527,4,settle,0.7985,S,0,39
D,136623,4,settle,0.7985,S,0,39
D,136719,4,settle,0.7986,S,0,39
D,136815,4,settle,0.7992,U,0,39
D,136911,4,settle,0.7993,U,0,39
D,137006,4,settle,0.7995,U,0,39
P,139969,4,55.0,1,settled,0.8022
D,140065,4,settle,0.8023,S,0,39
D,140161,4,settle,0.8023,S,0,39
D,140257,4,settle,0.8025,U,0,39
D,140353,4,settle,0.8027,U,0,39
D,140449,4,settle,0.8028,U,0,39
D,140544,4,settle,0.8030,U,0,39
D,140638,4,settle,0.8032,U,0,39
D,140734,4,settle,0.8034,U,0,39
D,140830,4,settle,0.8036,U,0,39
D,140926,4,settle,0.8037,U,0,39
D,141022,4,settle,0.8038,U,0,39
D,141118,4,settle,0.8038,U,0,39
D,141213,4,settle,0.8038,U,0,39
D,141309,4,settle,0.8039,U,0,39
D,141417,4,settle,0.8039,U,0,39
D,141595,4,settle,0.8041,U,0,39
D,141691,4,settle,0.8042,U,0,39
D,141787,4,settle,0.8043,U,0,39
D,141882,4,settle,0.8044,U,0,39
D,141978,4,settle,0.8044,U,0,39
D,142074,4,settle,0.8044,U,0,39
D,142170,4,settle,0.8044,U,0,39
D,142266,4,settle,0.8043,S,0,39
D,142362,4,settle,0.8043,S,0,39
D,142456,4,settle,0.8043,S,0,39
D,142551,4,settle,0.8042,U,0,39
D,142647,4,settle,0.8041,U,0,39
D,142743,4,settle,0.8040,U,0,39
D,142839,4,settle,0.8040,U,0,39
D,142935,4,settle,0.8040,U,0,39
P,143032,4,55.0,1,settled2,0.8041
R,4,C6,55.0,1,55,0.60,rot,0.6000,4.25,0.8022,0.8041,0.8022,2.9268,14,ok
E,143039,=== trial 5 : C6 tilt 55.0 rep 1 rpm 55 halt 0.30 mode rot (cum 2.93 g) ===
P,149055,5,55.0,1,tare0,0.0024
D,149151,5,preroll,0.0024,S,0,39
D,149246,5,preroll,0.0025,S,0,39
D,149342,5,preroll,0.0025,S,0,39
D,149438,5,preroll,0.0025,S,0,39
D,149534,5,preroll,0.0024,S,0,39
D,149628,5,preroll,0.0024,S,0,39
D,149724,5,preroll,0.0023,U,0,39
D,149820,5,preroll,0.0022,U,0,39
D,149915,5,preroll,0.0020,U,0,39
D,150011,5,preroll,0.0019,U,0,39
D,150107,5,preroll,0.0019,U,0,39
D,150203,5,preroll,0.0019,U,0,39
D,150299,5,preroll,0.0019,U,0,39
D,150395,5,preroll,0.0020,S,0,39
D,150491,5,preroll,0.0020,S,0,39
D,150584,5,preroll,0.0021,U,0,39
E,150649,dispense start: mode rot rpm 55
D,150681,5,dispense,0.0021,U,55,39
D,150776,5,dispense,0.0021,U,55,39
D,150872,5,dispense,0.0022,U,55,39
D,150968,5,dispense,0.0023,U,55,40
D,151064,5,dispense,0.0029,U,55,40
D,151159,5,dispense,0.0031,U,55,40
D,151255,5,dispense,0.0085,U,55,41
D,151351,5,dispense,0.0130,U,55,41
D,151444,5,dispense,0.0197,U,55,41
D,151540,5,dispense,0.0280,U,55,42
D,151636,5,dispense,0.0360,U,55,42
D,151732,5,dispense,0.0410,U,55,42
D,151828,5,dispense,0.0411,U,55,43
D,151924,5,dispense,0.0392,U,55,43
D,152020,5,dispense,0.0414,U,55,43
D,152115,5,dispense,0.0526,U,55,44
D,152211,5,dispense,0.0711,U,55,44
D,152305,5,dispense,0.0902,U,55,44
D,152401,5,dispense,0.1035,U,55,45
D,152497,5,dispense,0.1115,U,55,45
D,152593,5,dispense,0.1232,U,55,45
D,152689,5,dispense,0.1483,U,55,46
D,152784,5,dispense,0.1873,U,55,46
D,152880,5,dispense,0.2299,U,55,46
D,152976,5,dispense,0.2628,U,55,47
D,153072,5,dispense,0.2796,U,55,47
D,153168,5,dispense,0.2838,U,55,47
D,153262,5,dispense,0.2823,U,55,48
D,153357,5,dispense,0.2805,U,55,48
D,153453,5,dispense,0.2826,U,55,48
D,153549,5,dispense,0.2933,U,55,49
D,153645,5,dispense,0.3146,U,55,49
E,153649,TRIGGER 0.3146 g at t=2.91 s -- ALL STOP
D,153742,5,settle,0.3419,U,0,49
D,153837,5,settle,0.3677,U,0,49
D,153932,5,settle,0.3894,U,0,49
D,154028,5,settle,0.4106,U,0,49
D,154122,5,settle,0.4340,U,0,49
D,154218,5,settle,0.4560,U,0,49
D,154318,5,settle,0.4703,U,0,49
D,154410,5,settle,0.4745,U,0,49
D,154506,5,settle,0.4720,U,0,49
D,154601,5,settle,0.4680,U,0,49
D,154697,5,settle,0.4653,U,0,49
D,154793,5,settle,0.4641,U,0,49
D,154889,5,settle,0.4638,U,0,49
D,154985,5,settle,0.4638,U,0,49
D,155079,5,settle,0.4638,U,0,49
D,155174,5,settle,0.4639,U,0,49
D,155270,5,settle,0.4639,U,0,49
D,155366,5,settle,0.4639,S,0,49
D,155462,5,settle,0.4638,S,0,49
D,155558,5,settle,0.4638,S,0,49
D,155654,5,settle,0.4638,S,0,49
D,155750,5,settle,0.4639,S,0,49
D,155845,5,settle,0.4641,U,0,49
D,155939,5,settle,0.4643,U,0,49
D,156035,5,settle,0.4645,U,0,49
D,156131,5,settle,0.4646,U,0,49
D,156227,5,settle,0.4647,U,0,49
D,156323,5,settle,0.4647,U,0,49
D,156419,5,settle,0.4647,U,0,49
D,156515,5,settle,0.4647,U,0,49
D,156610,5,settle,0.4646,S,0,49
D,156706,5,settle,0.4646,S,0,49
D,156800,5,settle,0.4646,S,0,49
D,156896,5,settle,0.4646,S,0,49
D,156992,5,settle,0.4646,S,0,49
D,157088,5,settle,0.4647,S,0,49
D,157184,5,settle,0.4648,U,0,49
D,157279,5,settle,0.4649,U,0,49
D,157375,5,settle,0.4650,U,0,49
D,157471,5,settle,0.4652,U,0,49
D,157567,5,settle,0.4653,U,0,49
D,157663,5,settle,0.4655,U,0,49
D,157757,5,settle,0.4656,U,0,49
D,157853,5,settle,0.4656,U,0,49
D,157948,5,settle,0.4657,U,0,49
D,158044,5,settle,0.4659,U,0,49
D,158140,5,settle,0.4661,U,0,49
D,158236,5,settle,0.4663,U,0,49
D,158332,5,settle,0.4665,U,0,49
D,158428,5,settle,0.4667,U,0,49
D,158524,5,settle,0.4670,U,0,49
D,158617,5,settle,0.4671,U,0,49
D,158713,5,settle,0.4673,U,0,49
D,158809,5,settle,0.4674,U,0,49
D,158905,5,settle,0.4676,U,0,49
D,159001,5,settle,0.4677,U,0,49
D,159096,5,settle,0.4679,U,0,49
D,159193,5,settle,0.4680,U,0,49
D,159288,5,settle,0.4682,U,0,49
D,159384,5,settle,0.4683,U,0,49
D,159478,5,settle,0.4684,U,0,49
D,159574,5,settle,0.4685,U,0,49
D,159670,5,settle,0.4686,U,0,49
D,159766,5,settle,0.4686,U,0,49
D,159861,5,settle,0.4687,U,0,49
D,159957,5,settle,0.4688,U,0,49
D,160053,5,settle,0.4688,U,0,49
D,160149,5,settle,0.4689,U,0,49
D,160245,5,settle,0.4690,U,0,49
D,160341,5,settle,0.4690,U,0,49
D,160435,5,settle,0.4691,U,0,49
D,160530,5,settle,0.4692,U,0,49
D,160626,5,settle,0.4694,U,0,49
D,160722,5,settle,0.4695,U,0,49
D,160818,5,settle,0.4697,U,0,49
D,160914,5,settle,0.4698,U,0,49
D,161010,5,settle,0.4700,U,0,49
D,161105,5,settle,0.4702,U,0,49
D,161201,5,settle,0.4746,U,0,49
D,161295,5,settle,0.4755,U,0,49
D,161390,5,settle,0.4761,U,0,49
D,161486,5,settle,0.4766,U,0,49
D,161582,5,settle,0.4772,U,0,49
D,161678,5,settle,0.4780,U,0,49
P,166365,5,55.0,1,settled,0.4782
D,166461,5,settle,0.4782,S,0,49
D,166557,5,settle,0.4781,U,0,49
D,166652,5,settle,0.4780,U,0,49
D,166746,5,settle,0.4779,U,0,49
D,166842,5,settle,0.4779,U,0,49
D,166938,5,settle,0.4779,U,0,49
D,167034,5,settle,0.4780,S,0,49
D,167130,5,settle,0.4780,S,0,49
D,167225,5,settle,0.4781,U,0,49
D,167321,5,settle,0.4781,U,0,49
D,167417,5,settle,0.4782,U,0,49
D,167513,5,settle,0.4782,U,0,49
D,167607,5,settle,0.4783,U,0,49
D,167703,5,settle,0.4783,U,0,49
D,167799,5,settle,0.4784,U,0,49
D,167894,5,settle,0.4784,U,0,49
D,167990,5,settle,0.4787,U,0,49
D,168091,5,settle,0.4788,U,0,49
D,168182,5,settle,0.4790,U,0,49
D,168277,5,settle,0.4826,U,0,49
D,168373,5,settle,0.4825,U,0,49
D,168469,5,settle,0.4821,U,0,49
D,168563,5,settle,0.4820,U,0,49
D,168659,5,settle,0.4820,U,0,49
D,168755,5,settle,0.4819,U,0,49
D,168850,5,settle,0.4818,U,0,49
D,168946,5,settle,0.4815,U,0,49
D,169042,5,settle,0.4813,U,0,49
D,169138,5,settle,0.4810,U,0,49
D,169234,5,settle,0.4808,U,0,49
D,169330,5,settle,0.4806,U,0,49
P,169807,5,55.0,1,settled2,0.4805
R,5,C6,55.0,1,55,0.30,rot,0.3146,3.01,0.4782,0.4805,0.4782,3.4050,10,ok
E,169815,=== trial 6 : C6 tilt 70.0 rep 1 rpm 55 halt 0.30 mode rot (cum 3.40 g) ===
E,181399,no stable frame for tare0
P,182472,6,70.0,1,tare0,nan
D,183556,6,preroll,nan,X,0,49
D,184689,6,preroll,nan,X,0,49
E,184752,dispense start: mode rot rpm 55
D,185825,6,dispense,nan,X,55,49
D,186899,6,dispense,nan,X,55,49
D,187973,6,dispense,nan,X,55,49
D,189107,6,dispense,nan,X,55,50
D,190181,6,dispense,nan,X,55,50
D,191255,6,dispense,nan,X,55,50
D,191428,6,dispense,1.3990,U,55,51
E,191433,TRIGGER 1.3990 g at t=6.57 s -- ALL STOP
D,191525,6,settle,1.4260,U,0,51
D,191719,6,settle,1.4926,U,0,51
D,191897,6,settle,1.5445,U,0,51
D,191993,6,settle,1.5562,U,0,51
D,192089,6,settle,1.5602,U,0,51
D,192185,6,settle,1.5582,U,0,51
D,192281,6,settle,1.5524,U,0,51
D,192377,6,settle,1.5460,U,0,51
D,192472,6,settle,1.5416,U,0,51
D,192569,6,settle,1.5397,U,0,51
D,192664,6,settle,1.5393,U,0,51
D,192758,6,settle,1.5394,U,0,51
D,192854,6,settle,1.5395,U,0,51
D,192949,6,settle,1.5394,U,0,51
D,193045,6,settle,1.5391,U,0,51
D,193141,6,settle,1.5389,U,0,51
D,193237,6,settle,1.5386,U,0,51
D,193333,6,settle,1.5384,U,0,51
D,193429,6,settle,1.5383,U,0,51
D,193525,6,settle,1.5381,U,0,51
D,193621,6,settle,1.5379,U,0,51
D,193714,6,settle,1.5377,U,0,51
D,193810,6,settle,1.5375,U,0,51
D,193906,6,settle,1.5373,U,0,51
D,194002,6,settle,1.5373,U,0,51
D,194098,6,settle,1.5373,U,0,51
D,194194,6,settle,1.5373,U,0,51
D,194290,6,settle,1.5373,U,0,51
D,194385,6,settle,1.5373,S,0,51
D,194481,6,settle,1.5371,U,0,51
D,194575,6,settle,1.5310,U,0,51
D,194671,6,settle,1.5275,U,0,51
D,194767,6,settle,1.5250,U,0,51
D,194862,6,settle,1.5245,U,0,51
D,194958,6,settle,1.5260,U,0,51
D,195054,6,settle,1.5284,U,0,51
D,195150,6,settle,1.5305,U,0,51
D,195250,6,settle,1.5317,U,0,51
D,195342,6,settle,1.5322,U,0,51
D,195436,6,settle,1.5326,U,0,51
D,195531,6,settle,1.5332,U,0,51
D,195627,6,settle,1.5340,U,0,51
D,195723,6,settle,1.5347,U,0,51
D,195819,6,settle,1.5352,U,0,51
D,195915,6,settle,1.5353,U,0,51
D,196011,6,settle,1.5353,U,0,51
D,196106,6,settle,1.5352,U,0,51
D,196202,6,settle,1.5350,U,0,51
D,196298,6,settle,1.5349,U,0,51
D,196392,6,settle,1.5347,U,0,51
D,196488,6,settle,1.5346,U,0,51
D,196584,6,settle,1.5346,U,0,51
D,196680,6,settle,1.5346,U,0,51
D,196775,6,settle,1.5346,U,0,51
D,196872,6,settle,1.5347,S,0,51
D,196967,6,settle,1.5348,U,0,51
D,197063,6,settle,1.5349,U,0,51
D,197159,6,settle,1.5350,U,0,51
D,197253,6,settle,1.5350,U,0,51
D,197349,6,settle,1.5351,U,0,51
D,197445,6,settle,1.5351,U,0,51
D,197540,6,settle,1.5351,U,0,51
D,197636,6,settle,1.5351,S,0,51
D,197732,6,settle,1.5351,S,0,51
D,197828,6,settle,1.5350,S,0,51
D,197924,6,settle,1.5350,S,0,51
D,198020,6,settle,1.5350,S,0,51
D,198116,6,settle,1.5350,S,0,51
D,198209,6,settle,1.5350,S,0,51
D,198305,6,settle,1.5351,S,0,51
D,198401,6,settle,1.5352,U,0,51
D,198497,6,settle,1.5353,U,0,51
D,198593,6,settle,1.5355,U,0,51
D,198689,6,settle,1.5356,U,0,51
D,198784,6,settle,1.5357,U,0,51
D,198880,6,settle,1.5359,U,0,51
D,198976,6,settle,1.5360,U,0,51
D,199070,6,settle,1.5361,U,0,51
D,199166,6,settle,1.5363,U,0,51
D,199262,6,settle,1.5364,U,0,51
D,199357,6,settle,1.5365,U,0,51
D,199453,6,settle,1.5366,U,0,51
P,201462,6,70.0,1,settled,1.5370
D,201558,6,settle,1.5371,S,0,51
D,201654,6,settle,1.5371,S,0,51
D,201748,6,settle,1.5372,U,0,51
D,201844,6,settle,1.5372,U,0,51
D,201940,6,settle,1.5373,U,0,51
D,202036,6,settle,1.5373,U,0,51
D,202131,6,settle,1.5374,U,0,51
D,202227,6,settle,1.5380,U,0,51
D,202323,6,settle,1.5382,U,0,51
D,202419,6,settle,1.5385,U,0,51
D,202514,6,settle,1.5442,U,0,51
D,202610,6,settle,1.5459,U,0,51
D,202704,6,settle,1.5473,U,0,51
D,202800,6,settle,1.5481,U,0,51
D,202895,6,settle,1.5485,U,0,51
D,202991,6,settle,1.5486,U,0,51
D,203087,6,settle,1.5485,U,0,51
D,203183,6,settle,1.5483,U,0,51
D,203279,6,settle,1.5482,U,0,51
D,203375,6,settle,1.5481,U,0,51
D,203471,6,settle,1.5480,U,0,51
D,203564,6,settle,1.5481,U,0,51
D,203660,6,settle,1.5483,U,0,51
D,203756,6,settle,1.5484,U,0,51
D,203852,6,settle,1.5485,U,0,51
D,203948,6,settle,1.5485,U,0,51
D,204044,6,settle,1.5485,U,0,51
D,204140,6,settle,1.5485,U,0,51
D,204236,6,settle,1.5485,S,0,51
D,204331,6,settle,1.5485,S,0,51
D,204425,6,settle,1.5484,S,0,51
P,205096,6,70.0,1,settled2,1.5481
R,6,C6,70.0,1,55,0.30,rot,1.3990,6.69,1.5370,1.5481,1.5370,4.9420,2,ok
E,205104,=== trial 7 : C6 tilt 70.0 rep 1 rpm 55 halt 0.60 mode rot (cum 4.94 g) ===
P,215043,7,70.0,1,tare0,0.0003
D,215138,7,preroll,0.0004,S,0,51
D,215232,7,preroll,0.0005,U,0,51
D,215328,7,preroll,0.0006,U,0,51
D,215424,7,preroll,0.0007,U,0,51
D,215519,7,preroll,0.0008,U,0,51
D,215615,7,preroll,0.0010,U,0,51
D,215711,7,preroll,0.0012,U,0,51
D,215807,7,preroll,0.0013,U,0,51
D,215903,7,preroll,0.0014,U,0,51
D,215999,7,preroll,0.0015,U,0,51
D,216094,7,preroll,0.0015,U,0,51
D,216188,7,preroll,0.0016,U,0,51
D,216284,7,preroll,0.0017,U,0,51
D,216380,7,preroll,0.0019,U,0,51
D,216476,7,preroll,0.0020,U,0,51
D,216572,7,preroll,0.0021,U,0,51
E,216637,dispense start: mode rot rpm 55
D,216668,7,dispense,0.0022,U,55,51
D,216763,7,dispense,0.0023,U,55,51
D,216859,7,dispense,0.0023,U,55,51
D,216955,7,dispense,0.0023,U,55,52
D,217049,7,dispense,0.0023,U,55,52
D,217145,7,dispense,0.0022,S,55,52
D,217241,7,dispense,0.0022,S,55,53
D,217336,7,dispense,0.0021,U,55,53
D,217432,7,dispense,0.0021,U,55,53
D,217528,7,dispense,0.0022,S,55,54
D,217624,7,dispense,0.0075,U,55,54
D,217720,7,dispense,0.0178,U,55,54
D,217815,7,dispense,0.0384,U,55,55
D,217909,7,dispense,0.0697,U,55,55
D,218005,7,dispense,0.1086,U,55,55
D,218101,7,dispense,0.1491,U,55,56
D,218197,7,dispense,0.1849,U,55,56
D,218293,7,dispense,0.2103,U,55,56
D,218388,7,dispense,0.2235,U,55,57
D,218484,7,dispense,0.2277,U,55,57
D,218580,7,dispense,0.2288,U,55,57
D,218676,7,dispense,0.2320,U,55,58
D,218772,7,dispense,0.2404,U,55,58
D,218866,7,dispense,0.2565,U,55,58
D,218961,7,dispense,0.2819,U,55,59
D,219057,7,dispense,0.3150,U,55,59
D,219153,7,dispense,0.3494,U,55,59
D,219249,7,dispense,0.3758,U,55,60
D,219345,7,dispense,0.3890,U,55,60
D,219441,7,dispense,0.3920,U,55,60
D,219537,7,dispense,0.3935,U,55,61
D,219632,7,dispense,0.4009,U,55,61
D,219726,7,dispense,0.4163,U,55,61
D,219822,7,dispense,0.4380,U,55,62
D,219918,7,dispense,0.4630,U,55,62
D,220014,7,dispense,0.4891,U,55,62
D,220110,7,dispense,0.5164,U,55,63
D,220205,7,dispense,0.5453,U,55,63
D,220301,7,dispense,0.5729,U,55,63
D,220397,7,dispense,0.5943,U,55,64
D,220493,7,dispense,0.6074,U,55,64
E,220498,TRIGGER 0.6074 g at t=3.77 s -- ALL STOP
D,220590,7,settle,0.6155,U,0,64
D,220683,7,settle,0.6236,U,0,64
D,220791,7,settle,0.6346,U,0,64
D,220970,7,settle,0.6611,U,0,64
D,221066,7,settle,0.6773,U,0,64
D,221162,7,settle,0.6994,U,0,64
D,221258,7,settle,0.7282,U,0,64
D,221354,7,settle,0.7596,U,0,64
D,221449,7,settle,0.7863,U,0,64
D,221543,7,settle,0.8031,U,0,64
D,221639,7,settle,0.8097,U,0,64
D,221735,7,settle,0.8096,U,0,64
D,221831,7,settle,0.8070,U,0,64
D,221927,7,settle,0.8046,U,0,64
D,222023,7,settle,0.8032,U,0,64
D,222118,7,settle,0.8027,U,0,64
D,222214,7,settle,0.8030,U,0,64
D,222310,7,settle,0.8040,U,0,64
D,222404,7,settle,0.8051,U,0,64
D,222500,7,settle,0.8055,U,0,64
D,222596,7,settle,0.8056,U,0,64
D,222691,7,settle,0.8056,U,0,64
D,222787,7,settle,0.8054,U,0,64
D,222883,7,settle,0.8053,U,0,64
D,222979,7,settle,0.8053,U,0,64
D,223075,7,settle,0.8054,U,0,64
D,223171,7,settle,0.8055,U,0,64
D,223267,7,settle,0.8056,U,0,64
D,223361,7,settle,0.8056,U,0,64
D,223457,7,settle,0.8056,U,0,64
D,223552,7,settle,0.8056,U,0,64
D,223648,7,settle,0.8055,S,0,64
D,223744,7,settle,0.8055,S,0,64
D,223840,7,settle,0.8055,S,0,64
D,223936,7,settle,0.8055,S,0,64
D,224032,7,settle,0.8055,S,0,64
D,224127,7,settle,0.8056,S,0,64
D,224221,7,settle,0.8056,S,0,64
D,224317,7,settle,0.8056,S,0,64
D,224413,7,settle,0.8056,S,0,64
D,224509,7,settle,0.8056,S,0,64
D,224605,7,settle,0.8057,S,0,64
D,224701,7,settle,0.8058,U,0,64
D,224796,7,settle,0.8060,U,0,64
D,224892,7,settle,0.8061,U,0,64
D,224988,7,settle,0.8061,U,0,64
D,225082,7,settle,0.8061,U,0,64
D,225178,7,settle,0.8061,U,0,64
D,225274,7,settle,0.8061,S,0,64
D,225370,7,settle,0.8062,S,0,64
D,225465,7,settle,0.8063,U,0,64
D,225561,7,settle,0.8064,U,0,64
D,225657,7,settle,0.8066,U,0,64
D,225753,7,settle,0.8067,U,0,64
D,225849,7,settle,0.8069,U,0,64
D,225945,7,settle,0.8071,U,0,64
D,226038,7,settle,0.8072,U,0,64
D,226134,7,settle,0.8073,U,0,64
D,226230,7,settle,0.8074,U,0,64
D,226326,7,settle,0.8074,U,0,64
D,226422,7,settle,0.8075,U,0,64
D,226518,7,settle,0.8075,U,0,64
D,226613,7,settle,0.8074,S,0,64
D,226709,7,settle,0.8073,U,0,64
D,226805,7,settle,0.8073,U,0,64
D,226899,7,settle,0.8073,U,0,64
D,226995,7,settle,0.8073,U,0,64
D,227091,7,settle,0.8073,S,0,64
D,227187,7,settle,0.8073,S,0,64
D,227283,7,settle,0.8074,S,0,64
D,227378,7,settle,0.8074,S,0,64
D,227474,7,settle,0.8074,S,0,64
D,227570,7,settle,0.8074,S,0,64
D,227666,7,settle,0.8075,U,0,64
D,227761,7,settle,0.8111,U,0,64
D,227855,7,settle,0.8112,U,0,64
D,227951,7,settle,0.8106,U,0,64
D,228047,7,settle,0.8098,U,0,64
D,228143,7,settle,0.8095,U,0,64
D,228239,7,settle,0.8092,U,0,64
D,228334,7,settle,0.8089,U,0,64
D,228430,7,settle,0.8087,U,0,64
D,228526,7,settle,0.8086,U,0,64
P,229003,7,70.0,1,settled,0.8087
D,229099,7,settle,0.8087,S,0,64
D,229195,7,settle,0.8087,S,0,64
D,229291,7,settle,0.8088,U,0,64
D,229387,7,settle,0.8088,S,0,64
D,229483,7,settle,0.8089,U,0,64
D,229577,7,settle,0.8090,U,0,64
D,229672,7,settle,0.8091,U,0,64
D,229768,7,settle,0.8091,U,0,64
D,229864,7,settle,0.8091,U,0,64
D,229960,7,settle,0.8091,U,0,64
D,230056,7,settle,0.8092,U,0,64
D,230152,7,settle,0.8092,S,0,64
D,230248,7,settle,0.8094,U,0,64
D,230344,7,settle,0.8096,U,0,64
D,230439,7,settle,0.8097,U,0,64
D,230533,7,settle,0.8097,U,0,64
D,230629,7,settle,0.8098,U,0,64
D,230725,7,settle,0.8098,U,0,64
D,230821,7,settle,0.8099,U,0,64
D,230917,7,settle,0.8099,U,0,64
D,231012,7,settle,0.8100,U,0,64
D,231108,7,settle,0.8101,U,0,64
D,231204,7,settle,0.8102,U,0,64
D,231300,7,settle,0.8103,U,0,64
D,231394,7,settle,0.8103,U,0,64
D,231490,7,settle,0.8104,U,0,64
D,231586,7,settle,0.8105,U,0,64
D,231681,7,settle,0.8107,U,0,64
D,231777,7,settle,0.8108,U,0,64
D,231873,7,settle,0.8111,U,0,64
D,231968,7,settle,0.8156,U,0,64
P,232829,7,70.0,1,settled2,0.8161
R,7,C6,70.0,1,55,0.60,rot,0.6074,3.87,0.8087,0.8161,0.8087,5.7507,13,ok
E,232837,=== trial 8 : C6 tilt 70.0 rep 2 rpm 55 halt 0.60 mode rot (cum 5.75 g) ===
P,238197,8,70.0,2,tare0,0.0001
D,238289,8,preroll,0.0053,U,0,64
D,238484,8,preroll,0.0066,U,0,64
D,238662,8,preroll,0.0057,U,0,64
D,238758,8,preroll,0.0054,U,0,64
D,238853,8,preroll,0.0050,U,0,64
D,238949,8,preroll,0.0047,U,0,64
D,239045,8,preroll,0.0044,U,0,64
D,239141,8,preroll,0.0041,U,0,64
D,239237,8,preroll,0.0039,U,0,64
D,239333,8,preroll,0.0037,U,0,64
D,239429,8,preroll,0.0035,U,0,64
D,239523,8,preroll,0.0034,U,0,64
D,239618,8,preroll,0.0033,U,0,64
D,239714,8,preroll,0.0033,U,0,64
E,239779,dispense start: mode rot rpm 55
D,239811,8,dispense,0.0035,U,55,64
D,239906,8,dispense,0.0075,U,55,64
D,240001,8,dispense,0.0086,U,55,64
D,240098,8,dispense,0.0086,U,55,65
D,240193,8,dispense,0.0075,U,55,65
D,240289,8,dispense,0.0053,U,55,65
D,240383,8,dispense,0.0013,U,55,66
D,240479,8,dispense,-0.0042,U,55,66
D,240575,8,dispense,-0.0090,U,55,66
D,240670,8,dispense,-0.0095,U,55,67
D,240766,8,dispense,-0.0037,U,55,67
D,240862,8,dispense,0.0072,U,55,67
D,240958,8,dispense,0.0191,U,55,68
D,241054,8,dispense,0.0271,U,55,68
D,241150,8,dispense,0.0282,U,55,68
D,241245,8,dispense,0.0244,U,55,69
D,241339,8,dispense,0.0220,U,55,69
D,241435,8,dispense,0.0273,U,55,69
D,241531,8,dispense,0.0435,U,55,70
D,241627,8,dispense,0.0689,U,55,70
D,241723,8,dispense,0.1000,U,55,70
D,241818,8,dispense,0.1329,U,55,71
D,241914,8,dispense,0.1641,U,55,71
D,242010,8,dispense,0.1902,U,55,71
D,242106,8,dispense,0.2088,U,55,72
D,242200,8,dispense,0.2180,U,55,72
D,242296,8,dispense,0.2183,U,55,72
D,242392,8,dispense,0.2135,U,55,73
D,242487,8,dispense,0.2107,U,55,73
D,242583,8,dispense,0.2187,U,55,73
D,242679,8,dispense,0.2435,U,55,74
D,242775,8,dispense,0.2829,U,55,74
D,242871,8,dispense,0.3281,U,55,74
D,242967,8,dispense,0.3690,U,55,75
D,243061,8,dispense,0.3992,U,55,75
D,243156,8,dispense,0.4159,U,55,75
D,243252,8,dispense,0.4200,U,55,76
D,243348,8,dispense,0.4166,U,55,76
D,243444,8,dispense,0.4137,U,55,76
D,243540,8,dispense,0.4184,U,55,77
D,243636,8,dispense,0.4324,U,55,77
D,243731,8,dispense,0.4529,U,55,77
D,243827,8,dispense,0.4760,U,55,78
D,243923,8,dispense,0.4988,U,55,78
D,244017,8,dispense,0.5207,U,55,78
D,244113,8,dispense,0.5407,U,55,79
D,244209,8,dispense,0.5572,U,55,79
D,244304,8,dispense,0.5707,U,55,79
D,244400,8,dispense,0.5845,U,55,80
D,244496,8,dispense,0.6016,U,55,80
E,244501,TRIGGER 0.6016 g at t=4.63 s -- ALL STOP
D,244593,8,settle,0.6208,U,0,80
D,244688,8,settle,0.6388,U,0,80
D,244784,8,settle,0.6540,U,0,80
D,244878,8,settle,0.6685,U,0,80
D,244973,8,settle,0.6865,U,0,80
D,245069,8,settle,0.7090,U,0,80
D,245165,8,settle,0.7316,U,0,80
D,245261,8,settle,0.7470,U,0,80
D,245369,8,settle,0.7516,U,0,80
D,245548,8,settle,0.7430,U,0,80
D,245644,8,settle,0.7392,U,0,80
D,245740,8,settle,0.7373,U,0,80
D,245834,8,settle,0.7364,U,0,80
D,245930,8,settle,0.7359,U,0,80
D,246026,8,settle,0.7356,U,0,80
D,246122,8,settle,0.7354,U,0,80
D,246218,8,settle,0.7353,U,0,80
D,246313,8,settle,0.7353,U,0,80
D,246409,8,settle,0.7354,U,0,80
D,246505,8,settle,0.7356,U,0,80
D,246601,8,settle,0.7359,U,0,80
D,246695,8,settle,0.7362,U,0,80
D,246791,8,settle,0.7365,U,0,80
D,246887,8,settle,0.7366,U,0,80
D,246982,8,settle,0.7367,U,0,80
D,247078,8,settle,0.7368,U,0,80
D,247174,8,settle,0.7369,U,0,80
D,247270,8,settle,0.7370,U,0,80
D,247366,8,settle,0.7372,U,0,80
D,247462,8,settle,0.7372,U,0,80
D,247556,8,settle,0.7373,U,0,80
D,247652,8,settle,0.7373,U,0,80
D,247747,8,settle,0.7373,U,0,80
D,247843,8,settle,0.7372,S,0,80
D,247939,8,settle,0.7372,S,0,80
D,248035,8,settle,0.7371,U,0,80
D,248131,8,settle,0.7371,U,0,80
D,248227,8,settle,0.7372,S,0,80
D,248322,8,settle,0.7372,S,0,80
D,248418,8,settle,0.7371,S,0,80
D,248512,8,settle,0.7371,S,0,80
D,248608,8,settle,0.7369,U,0,80
D,248704,8,settle,0.7368,U,0,80
D,248800,8,settle,0.7367,U,0,80
D,248896,8,settle,0.7367,U,0,80
D,248991,8,settle,0.7367,U,0,80
D,249087,8,settle,0.7364,U,0,80
D,249183,8,settle,0.7363,U,0,80
D,249279,8,settle,0.7362,U,0,80
D,249373,8,settle,0.7361,U,0,80
D,249469,8,settle,0.7361,U,0,80
D,249565,8,settle,0.7362,U,0,80
D,249660,8,settle,0.7391,U,0,80
D,249756,8,settle,0.7396,U,0,80
D,249852,8,settle,0.7401,U,0,80
D,249947,8,settle,0.7403,U,0,80
D,250043,8,settle,0.7405,U,0,80
D,250139,8,settle,0.7405,U,0,80
D,250235,8,settle,0.7404,U,0,80
D,250329,8,settle,0.7403,U,0,80
D,250425,8,settle,0.7401,U,0,80
D,250521,8,settle,0.7400,U,0,80
D,250616,8,settle,0.7398,U,0,80
D,250712,8,settle,0.7397,U,0,80
D,250808,8,settle,0.7396,U,0,80
D,250904,8,settle,0.7396,U,0,80
D,251000,8,settle,0.7396,U,0,80
D,251096,8,settle,0.7396,U,0,80
D,251190,8,settle,0.7396,S,0,80
D,251286,8,settle,0.7397,S,0,80
D,251381,8,settle,0.7398,U,0,80
D,251477,8,settle,0.7398,U,0,80
D,251573,8,settle,0.7398,U,0,80
D,251669,8,settle,0.7398,U,0,80
D,251765,8,settle,0.7397,S,0,80
D,251861,8,settle,0.7396,U,0,80
D,251957,8,settle,0.7396,U,0,80
D,252050,8,settle,0.7395,U,0,80
D,252146,8,settle,0.7395,U,0,80
D,252242,8,settle,0.7396,S,0,80
D,252338,8,settle,0.7397,U,0,80
D,252434,8,settle,0.7399,U,0,80
D,252530,8,settle,0.7399,U,0,80
P,253199,8,70.0,2,settled,0.7402
D,253294,8,settle,0.7401,U,0,80
D,253390,8,settle,0.7401,U,0,80
D,253486,8,settle,0.7401,U,0,80
D,253582,8,settle,0.7400,U,0,80
D,253678,8,settle,0.7400,U,0,80
D,253774,8,settle,0.7402,U,0,80
D,253867,8,settle,0.7403,U,0,80
D,253963,8,settle,0.7404,U,0,80
D,254059,8,settle,0.7435,U,0,80
D,254155,8,settle,0.7440,U,0,80
D,254251,8,settle,0.7438,U,0,80
D,254346,8,settle,0.7429,U,0,80
D,254442,8,settle,0.7423,U,0,80
D,254538,8,settle,0.7417,U,0,80
D,254634,8,settle,0.7403,U,0,80
D,254728,8,settle,0.7406,U,0,80
D,254824,8,settle,0.7412,U,0,80
D,254919,8,settle,0.7414,U,0,80
D,255015,8,settle,0.7415,U,0,80
D,255111,8,settle,0.7414,U,0,80
D,255207,8,settle,0.7413,U,0,80
D,255303,8,settle,0.7412,U,0,80
D,255399,8,settle,0.7411,U,0,80
D,255495,8,settle,0.7411,U,0,80
D,255591,8,settle,0.7412,U,0,80
D,255684,8,settle,0.7413,U,0,80
D,255780,8,settle,0.7413,U,0,80
D,255876,8,settle,0.7414,U,0,80
D,255972,8,settle,0.7414,U,0,80
D,256068,8,settle,0.7414,U,0,80
D,256164,8,settle,0.7415,U,0,80
P,256641,8,70.0,2,settled2,0.7416
R,8,C6,70.0,2,55,0.60,rot,0.6016,4.73,0.7402,0.7416,0.7402,6.4909,16,ok
E,256649,=== trial 9 : C6 tilt 70.0 rep 2 rpm 55 halt 0.30 mode rot (cum 6.49 g) ===
P,258842,9,70.0,2,tare0,0.0002
D,258937,9,preroll,0.0001,U,0,80
D,259033,9,preroll,0.0001,U,0,80
D,259129,9,preroll,0.0001,U,0,80
D,259223,9,preroll,0.0001,S,0,80
D,259319,9,preroll,0.0002,S,0,80
D,259414,9,preroll,0.0003,U,0,80
D,259510,9,preroll,0.0004,U,0,80
D,259606,9,preroll,0.0006,U,0,80
D,259702,9,preroll,0.0050,U,0,80
D,259797,9,preroll,0.0052,U,0,80
D,259905,9,preroll,0.0043,U,0,80
D,260085,9,preroll,0.0021,U,0,80
D,260179,9,preroll,0.0006,U,0,80
D,260275,9,preroll,0.0002,U,0,80
D,260371,9,preroll,0.0003,U,0,80
E,260436,dispense start: mode rot rpm 55
D,260466,9,dispense,0.0010,U,55,80
D,260562,9,dispense,0.0013,U,55,80
D,260658,9,dispense,0.0015,U,55,80
D,260754,9,dispense,0.0017,U,55,81
D,260850,9,dispense,0.0018,U,55,81
D,260946,9,dispense,0.0020,U,55,81
D,261040,9,dispense,0.0023,U,55,82
D,261135,9,dispense,0.0070,U,55,82
D,261231,9,dispense,0.0096,U,55,82
D,261327,9,dispense,0.0119,U,55,83
D,261423,9,dispense,0.0154,U,55,83
D,261519,9,dispense,0.0214,U,55,83
D,261615,9,dispense,0.0294,U,55,84
D,261710,9,dispense,0.0371,U,55,84
D,261806,9,dispense,0.0448,U,55,84
D,261902,9,dispense,0.0564,U,55,85
D,261996,9,dispense,0.0768,U,55,85
D,262092,9,dispense,0.1072,U,55,85
D,262188,9,dispense,0.1435,U,55,86
D,262283,9,dispense,0.1776,U,55,86
D,262379,9,dispense,0.2013,U,55,86
D,262475,9,dispense,0.2109,U,55,87
D,262571,9,dispense,0.2098,U,55,87
D,262667,9,dispense,0.2068,U,55,87
D,262763,9,dispense,0.2097,U,55,88
D,262856,9,dispense,0.2210,U,55,88
D,262952,9,dispense,0.2383,U,55,88
D,263048,9,dispense,0.2587,U,55,89
D,263144,9,dispense,0.2810,U,55,89
D,263240,9,dispense,0.3040,U,55,89
E,263244,TRIGGER 0.3040 g at t=2.71 s -- ALL STOP
D,263337,9,settle,0.3240,U,0,89
D,263432,9,settle,0.3380,U,0,89
D,263527,9,settle,0.3456,U,0,89
D,263623,9,settle,0.3485,U,0,89
D,263717,9,settle,0.3480,U,0,89
D,263813,9,settle,0.3447,U,0,89
D,263909,9,settle,0.3383,U,0,89
D,264005,9,settle,0.3301,U,0,89
D,264101,9,settle,0.3238,U,0,89
D,264196,9,settle,0.3233,U,0,89
D,264292,9,settle,0.3292,U,0,89
D,264388,9,settle,0.3380,U,0,89
D,264484,9,settle,0.3457,U,0,89
D,264580,9,settle,0.3503,U,0,89
D,264674,9,settle,0.3528,U,0,89
D,264770,9,settle,0.3549,U,0,89
D,264865,9,settle,0.3576,U,0,89
D,264961,9,settle,0.3605,U,0,89
D,265057,9,settle,0.3627,U,0,89
D,265153,9,settle,0.3637,U,0,89
D,265249,9,settle,0.3638,U,0,89
D,265344,9,settle,0.3636,U,0,89
D,265440,9,settle,0.3634,U,0,89
D,265534,9,settle,0.3635,U,0,89
D,265630,9,settle,0.3637,U,0,89
D,265726,9,settle,0.3640,U,0,89
D,265822,9,settle,0.3642,U,0,89
D,265918,9,settle,0.3643,U,0,89
D,266014,9,settle,0.3644,U,0,89
D,266109,9,settle,0.3645,U,0,89
D,266205,9,settle,0.3646,U,0,89
D,266301,9,settle,0.3647,U,0,89
D,266397,9,settle,0.3647,U,0,89
D,266491,9,settle,0.3648,U,0,89
D,266587,9,settle,0.3648,U,0,89
D,266683,9,settle,0.3648,U,0,89
D,266779,9,settle,0.3648,S,0,89
D,266874,9,settle,0.3649,U,0,89
D,266970,9,settle,0.3649,S,0,89
D,267066,9,settle,0.3651,U,0,89
D,267162,9,settle,0.3652,U,0,89
D,267258,9,settle,0.3653,U,0,89
D,267352,9,settle,0.3653,U,0,89
D,267448,9,settle,0.3655,U,0,89
D,267543,9,settle,0.3656,U,0,89
D,267639,9,settle,0.3658,U,0,89
D,267735,9,settle,0.3661,U,0,89
D,267830,9,settle,0.3720,U,0,89
D,267926,9,settle,0.3736,U,0,89
D,268022,9,settle,0.3744,U,0,89
D,268118,9,settle,0.3746,U,0,89
D,268212,9,settle,0.3747,U,0,89
D,268308,9,settle,0.3751,U,0,89
D,268404,9,settle,0.3757,U,0,89
D,268500,9,settle,0.3761,U,0,89
D,268595,9,settle,0.3765,U,0,89
D,268691,9,settle,0.3769,U,0,89
D,268787,9,settle,0.3771,U,0,89
D,268883,9,settle,0.3773,U,0,89
D,268979,9,settle,0.3775,U,0,89
D,269075,9,settle,0.3776,U,0,89
D,269168,9,settle,0.3778,U,0,89
D,269265,9,settle,0.3780,U,0,89
D,269360,9,settle,0.3783,U,0,89
D,269456,9,settle,0.3827,U,0,89
D,269552,9,settle,0.3843,U,0,89
D,269648,9,settle,0.3854,U,0,89
D,269744,9,settle,0.3853,U,0,89
D,269839,9,settle,0.3842,U,0,89
D,269935,9,settle,0.3826,U,0,89
D,270029,9,settle,0.3819,U,0,89
D,270125,9,settle,0.3802,U,0,89
D,270221,9,settle,0.3797,U,0,89
D,270317,9,settle,0.3796,U,0,89
D,270412,9,settle,0.3795,U,0,89
D,270508,9,settle,0.3795,U,0,89
D,270604,9,settle,0.3795,U,0,89
D,270700,9,settle,0.3795,U,0,89
D,270796,9,settle,0.3796,S,0,89
D,270892,9,settle,0.3797,U,0,89
D,270993,9,settle,0.3799,U,0,89
D,271082,9,settle,0.3801,U,0,89
D,271177,9,settle,0.3802,U,0,89
D,271273,9,settle,0.3802,U,0,89
P,271561,9,70.0,2,settled,0.3801
D,271657,9,settle,0.3801,S,0,89
D,271753,9,settle,0.3801,S,0,89
D,271846,9,settle,0.3801,S,0,89
D,271942,9,settle,0.3801,S,0,89
D,272038,9,settle,0.3802,S,0,89
D,272134,9,settle,0.3802,S,0,89
D,272230,9,settle,0.3803,U,0,89
D,272326,9,settle,0.3804,U,0,89
D,272421,9,settle,0.3806,U,0,89
D,272517,9,settle,0.3808,U,0,89
D,272613,9,settle,0.3810,U,0,89
D,272707,9,settle,0.3811,U,0,89
D,272803,9,settle,0.3812,U,0,89
D,272899,9,settle,0.3812,U,0,89
D,272995,9,settle,0.3812,U,0,89
D,273090,9,settle,0.3812,U,0,89
D,273186,9,settle,0.3813,U,0,89
D,273282,9,settle,0.3814,U,0,89
D,273378,9,settle,0.3816,U,0,89
D,273474,9,settle,0.3818,U,0,89
D,273570,9,settle,0.3820,U,0,89
D,273663,9,settle,0.3844,U,0,89
D,273759,9,settle,0.3840,U,0,89
D,273855,9,settle,0.3837,U,0,89
D,273951,9,settle,0.3835,U,0,89
D,274047,9,settle,0.3833,U,0,89
D,274142,9,settle,0.3832,U,0,89
D,274238,9,settle,0.3831,U,0,89
D,274334,9,settle,0.3830,U,0,89
D,274430,9,settle,0.3830,U,0,89
D,274524,9,settle,0.3830,U,0,89
P,276341,9,70.0,2,settled2,0.3841
R,9,C6,70.0,2,55,0.30,rot,0.3040,2.81,0.3801,0.3841,0.3801,6.8710,9,ok
E,276349,=== trial 10 : C6 tilt 55.0 rep 2 rpm 55 halt 0.30 mode rot (cum 6.87 g) ===
P,282177,10,55.0,2,tare0,0.0001
D,282272,10,preroll,0.0001,S,0,89
D,282368,10,preroll,0.0002,S,0,89
D,282463,10,preroll,0.0002,S,0,89
D,282559,10,preroll,0.0002,S,0,89
D,282653,10,preroll,0.0003,U,0,89
D,282749,10,preroll,0.0003,U,0,89
D,282845,10,preroll,0.0003,S,0,89
D,282941,10,preroll,0.0003,S,0,89
D,283036,10,preroll,0.0003,S,0,89
D,283132,10,preroll,0.0003,S,0,89
D,283228,10,preroll,0.0003,S,0,89
D,283324,10,preroll,0.0003,S,0,89
D,283420,10,preroll,0.0004,S,0,89
D,283514,10,preroll,0.0004,S,0,89
D,283610,10,preroll,0.0004,S,0,89
D,283705,10,preroll,0.0005,U,0,89
E,283771,dispense start: mode rot rpm 55
D,283802,10,dispense,0.0005,U,55,89
D,283897,10,dispense,0.0007,U,55,89
D,283993,10,dispense,0.0009,U,55,89
D,284089,10,dispense,0.0011,U,55,90
D,284185,10,dispense,0.0013,U,55,90
D,284280,10,dispense,0.0070,U,55,90
D,284376,10,dispense,0.0137,U,55,91
D,284470,10,dispense,0.0245,U,55,91
D,284566,10,dispense,0.0374,U,55,91
D,284661,10,dispense,0.0495,U,55,92
D,284757,10,dispense,0.0587,U,55,92
D,284853,10,dispense,0.0643,U,55,92
D,284961,10,dispense,0.0669,U,55,93
D,285054,10,dispense,0.0677,U,55,93
D,285146,10,dispense,0.0687,U,55,93
D,285237,10,dispense,0.0716,U,55,94
D,285330,10,dispense,0.0770,U,55,94
D,285426,10,dispense,0.0845,U,55,94
D,285522,10,dispense,0.0934,U,55,95
D,285618,10,dispense,0.1030,U,55,95
D,285714,10,dispense,0.1137,U,55,95
D,285810,10,dispense,0.1274,U,55,96
D,285905,10,dispense,0.1467,U,55,96
D,286001,10,dispense,0.1731,U,55,96
D,286097,10,dispense,0.2050,U,55,97
D,286191,10,dispense,0.2384,U,55,97
D,286287,10,dispense,0.2678,U,55,97
D,286383,10,dispense,0.2886,U,55,98
D,286478,10,dispense,0.2987,U,55,98
D,286574,10,dispense,0.2992,U,55,98
D,286670,10,dispense,0.2948,U,55,99
D,286766,10,dispense,0.2921,U,55,99
D,286862,10,dispense,0.2975,U,55,99
D,286958,10,dispense,0.3151,U,55,100
E,286963,TRIGGER 0.3151 g at t=3.16 s -- ALL STOP
D,287055,10,settle,0.3432,U,0,100
D,287147,10,settle,0.3749,U,0,100
D,287243,10,settle,0.4036,U,0,100
D,287339,10,settle,0.4262,U,0,100
D,287435,10,settle,0.4429,U,0,100
D,287531,10,settle,0.4557,U,0,100
D,287627,10,settle,0.4667,U,0,100
D,287722,10,settle,0.4759,U,0,100
D,287818,10,settle,0.4824,U,0,100
D,287914,10,settle,0.4860,U,0,100
D,288008,10,settle,0.4874,U,0,100
D,288104,10,settle,0.4873,U,0,100
D,288200,10,settle,0.4863,U,0,100
D,288295,10,settle,0.4852,U,0,100
D,288391,10,settle,0.4846,U,0,100
D,288487,10,settle,0.4845,U,0,100
D,288583,10,settle,0.4845,U,0,100
D,288679,10,settle,0.4845,U,0,100
D,288775,10,settle,0.4844,U,0,100
D,288869,10,settle,0.4843,U,0,100
D,288964,10,settle,0.4842,U,0,100
D,289060,10,settle,0.4840,U,0,100
D,289156,10,settle,0.4838,U,0,100
D,289252,10,settle,0.4837,U,0,100
D,289348,10,settle,0.4836,U,0,100
D,289444,10,settle,0.4835,U,0,100
D,289540,10,settle,0.4835,U,0,100
D,289636,10,settle,0.4835,U,0,100
D,289731,10,settle,0.4835,U,0,100
D,289825,10,settle,0.4836,S,0,100
D,289921,10,settle,0.4836,S,0,100
D,290017,10,settle,0.4837,U,0,100
D,290113,10,settle,0.4837,U,0,100
D,290209,10,settle,0.4836,S,0,100
D,290305,10,settle,0.4836,S,0,100
D,290400,10,settle,0.4835,U,0,100
D,290496,10,settle,0.4835,U,0,100
D,290592,10,settle,0.4835,U,0,100
D,290686,10,settle,0.4835,S,0,100
D,290782,10,settle,0.4834,U,0,100
D,290878,10,settle,0.4834,S,0,100
D,290974,10,settle,0.4834,S,0,100
D,291069,10,settle,0.4833,U,0,100
D,291165,10,settle,0.4833,U,0,100
D,291261,10,settle,0.4833,S,0,100
D,291357,10,settle,0.4834,S,0,100
D,291453,10,settle,0.4834,S,0,100
D,291549,10,settle,0.4834,S,0,100
D,291643,10,settle,0.4834,S,0,100
D,291739,10,settle,0.4834,S,0,100
D,291834,10,settle,0.4833,S,0,100
D,291930,10,settle,0.4832,U,0,100
D,292026,10,settle,0.4831,U,0,100
D,292122,10,settle,0.4831,U,0,100
D,292218,10,settle,0.4831,U,0,100
D,292314,10,settle,0.4831,U,0,100
D,292409,10,settle,0.4831,S,0,100
D,292503,10,settle,0.4831,S,0,100
D,292599,10,settle,0.4831,S,0,100
D,292695,10,settle,0.4831,S,0,100
D,292791,10,settle,0.4832,S,0,100
D,292887,10,settle,0.4832,S,0,100
D,292982,10,settle,0.4833,U,0,100
D,293078,10,settle,0.4833,U,0,100
D,293174,10,settle,0.4834,U,0,100
D,293270,10,settle,0.4834,U,0,100
D,293364,10,settle,0.4834,U,0,100
D,293460,10,settle,0.4835,U,0,100
D,293556,10,settle,0.4835,U,0,100
D,293651,10,settle,0.4838,U,0,100
D,293747,10,settle,0.4839,U,0,100
D,293843,10,settle,0.4841,U,0,100
D,293939,10,settle,0.4842,U,0,100
D,294035,10,settle,0.4844,U,0,100
D,294130,10,settle,0.4845,U,0,100
D,294226,10,settle,0.4846,U,0,100
D,294320,10,settle,0.4846,U,0,100
D,294416,10,settle,0.4847,U,0,100
D,294512,10,settle,0.4847,U,0,100
D,294608,10,settle,0.4847,U,0,100
D,294704,10,settle,0.4847,S,0,100
D,294800,10,settle,0.4847,S,0,100
D,294895,10,settle,0.4847,S,0,100
D,294991,10,settle,0.4847,S,0,100
P,295088,10,55.0,2,settled,0.4848
D,295181,10,settle,0.4849,U,0,100
D,295277,10,settle,0.4850,U,0,100
D,295373,10,settle,0.4850,U,0,100
D,295468,10,settle,0.4851,U,0,100
D,295564,10,settle,0.4851,U,0,100
D,295660,10,settle,0.4851,U,0,100
D,295756,10,settle,0.4851,S,0,100
D,295852,10,settle,0.4851,S,0,100
D,295948,10,settle,0.4851,S,0,100
D,296055,10,settle,0.4851,S,0,100
D,296233,10,settle,0.4851,S,0,100
D,296329,10,settle,0.4851,S,0,100
D,296425,10,settle,0.4852,S,0,100
D,296521,10,settle,0.4852,S,0,100
D,296617,10,settle,0.4853,U,0,100
D,296712,10,settle,0.4854,U,0,100
D,296808,10,settle,0.4855,U,0,100
D,296904,10,settle,0.4856,U,0,100
D,296998,10,settle,0.4857,U,0,100
D,297094,10,settle,0.4859,U,0,100
D,297189,10,settle,0.4860,U,0,100
D,297286,10,settle,0.4861,U,0,100
D,297381,10,settle,0.4862,U,0,100
D,297477,10,settle,0.4864,U,0,100
D,297573,10,settle,0.4865,U,0,100
D,297669,10,settle,0.4867,U,0,100
D,297765,10,settle,0.4869,U,0,100
D,297859,10,settle,0.4870,U,0,100
D,297954,10,settle,0.4871,U,0,100
D,298050,10,settle,0.4872,U,0,100
P,298529,10,55.0,2,settled2,0.4872
R,10,C6,55.0,2,55,0.30,rot,0.3151,3.20,0.4848,0.4872,0.4848,7.3558,11,ok
E,298537,=== trial 11 : C6 tilt 55.0 rep 2 rpm 55 halt 0.60 mode rot (cum 7.36 g) ===
P,305034,11,55.0,2,tare0,0.0000
D,305127,11,preroll,0.0000,S,0,100
D,305223,11,preroll,0.0000,S,0,100
D,305319,11,preroll,0.0000,S,0,100
D,305414,11,preroll,0.0000,S,0,100
D,305510,11,preroll,0.0000,S,0,100
D,305606,11,preroll,0.0000,S,0,100
D,305702,11,preroll,0.0000,S,0,100
D,305798,11,preroll,0.0000,S,0,100
D,305894,11,preroll,0.0000,S,0,100
D,305987,11,preroll,0.0003,U,0,100
D,306083,11,preroll,0.0003,U,0,100
D,306179,11,preroll,0.0004,U,0,100
D,306275,11,preroll,0.0005,U,0,100
D,306371,11,preroll,0.0005,U,0,100
D,306466,11,preroll,0.0006,U,0,100
D,306562,11,preroll,0.0007,U,0,100
E,306628,dispense start: mode rot rpm 55
D,306659,11,dispense,0.0008,U,55,100
D,306754,11,dispense,0.0009,U,55,100
D,306848,11,dispense,0.0010,U,55,100
D,306944,11,dispense,0.0011,U,55,101
D,307040,11,dispense,0.0011,U,55,101
D,307135,11,dispense,-0.0031,U,55,101
D,307231,11,dispense,-0.0105,U,55,102
D,307327,11,dispense,-0.0218,U,55,102
D,307423,11,dispense,-0.0334,U,55,102
D,307518,11,dispense,-0.0399,U,55,103
D,307614,11,dispense,-0.0381,U,55,103
D,307710,11,dispense,-0.0282,U,55,103
D,307804,11,dispense,-0.0113,U,55,104
D,307900,11,dispense,0.0113,U,55,104
D,307996,11,dispense,0.0380,U,55,104
D,308092,11,dispense,0.0659,U,55,105
D,308187,11,dispense,0.0912,U,55,105
D,308283,11,dispense,0.1104,U,55,105
D,308379,11,dispense,0.1207,U,55,106
D,308475,11,dispense,0.1234,U,55,106
D,308571,11,dispense,0.1249,U,55,106
D,308665,11,dispense,0.1322,U,55,107
D,308760,11,dispense,0.1467,U,55,107
D,308856,11,dispense,0.1638,U,55,107
D,308952,11,dispense,0.1794,U,55,108
D,309057,11,dispense,0.1942,U,55,108
D,309149,11,dispense,0.2107,U,55,108
D,309240,11,dispense,0.2292,U,55,109
D,309335,11,dispense,0.2472,U,55,109
D,309431,11,dispense,0.2618,U,55,109
D,309527,11,dispense,0.2723,U,55,110
D,309621,11,dispense,0.2796,U,55,110
D,309717,11,dispense,0.2860,U,55,110
D,309813,11,dispense,0.2937,U,55,111
D,309909,11,dispense,0.3046,U,55,111
D,310004,11,dispense,0.3195,U,55,111
D,310100,11,dispense,0.3384,U,55,112
D,310196,11,dispense,0.3597,U,55,112
D,310292,11,dispense,0.3809,U,55,112
D,310388,11,dispense,0.3991,U,55,113
D,310482,11,dispense,0.4128,U,55,113
D,310577,11,dispense,0.4229,U,55,113
D,310673,11,dispense,0.4308,U,55,114
D,310769,11,dispense,0.4371,U,55,114
D,310865,11,dispense,0.4428,U,55,114
D,310961,11,dispense,0.4501,U,55,115
D,311057,11,dispense,0.4611,U,55,115
D,311153,11,dispense,0.4763,U,55,115
D,311248,11,dispense,0.4940,U,55,116
D,311342,11,dispense,0.5116,U,55,116
D,311438,11,dispense,0.5259,U,55,116
D,311534,11,dispense,0.5344,U,55,117
D,311630,11,dispense,0.5374,U,55,117
D,311726,11,dispense,0.5378,U,55,117
D,311821,11,dispense,0.5401,U,55,118
D,311917,11,dispense,0.5462,U,55,118
D,312013,11,dispense,0.5555,U,55,118
D,312109,11,dispense,0.5679,U,55,119
D,312205,11,dispense,0.5843,U,55,119
D,312299,11,dispense,0.6041,U,55,119
E,312304,TRIGGER 0.6041 g at t=5.58 s -- ALL STOP
D,312396,11,settle,0.6240,U,0,119
D,312491,11,settle,0.6399,U,0,119
D,312586,11,settle,0.6499,U,0,119
D,312682,11,settle,0.6546,U,0,119
D,312778,11,settle,0.6560,U,0,119
D,312874,11,settle,0.6564,U,0,119
D,312970,11,settle,0.6572,U,0,119
D,313065,11,settle,0.6576,U,0,119
D,313159,11,settle,0.6565,U,0,119
D,313255,11,settle,0.6546,U,0,119
D,313351,11,settle,0.6538,U,0,119
D,313447,11,settle,0.6519,U,0,119
D,313543,11,settle,0.6513,U,0,119
D,313639,11,settle,0.6508,U,0,119
D,313734,11,settle,0.6505,U,0,119
D,313830,11,settle,0.6503,U,0,119
D,313926,11,settle,0.6501,U,0,119
D,314020,11,settle,0.6500,U,0,119
D,314116,11,settle,0.6499,U,0,119
D,314212,11,settle,0.6500,U,0,119
D,314308,11,settle,0.6501,U,0,119
D,314404,11,settle,0.6503,U,0,119
D,314499,11,settle,0.6506,U,0,119
D,314595,11,settle,0.6507,U,0,119
D,314691,11,settle,0.6508,U,0,119
D,314787,11,settle,0.6508,U,0,119
D,314883,11,settle,0.6508,U,0,119
D,314977,11,settle,0.6508,U,0,119
D,315072,11,settle,0.6508,S,0,119
D,315168,11,settle,0.6508,S,0,119
D,315264,11,settle,0.6508,S,0,119
D,315360,11,settle,0.6508,S,0,119
D,315456,11,settle,0.6507,S,0,119
D,315552,11,settle,0.6507,S,0,119
D,315648,11,settle,0.6507,S,0,119
D,315744,11,settle,0.6507,S,0,119
D,315837,11,settle,0.6508,S,0,119
D,315933,11,settle,0.6508,S,0,119
D,316029,11,settle,0.6509,U,0,119
D,316125,11,settle,0.6510,U,0,119
D,316221,11,settle,0.6511,U,0,119
D,316317,11,settle,0.6512,U,0,119
D,316413,11,settle,0.6512,U,0,119
D,316508,11,settle,0.6511,U,0,119
D,316604,11,settle,0.6511,S,0,119
D,316700,11,settle,0.6511,S,0,119
D,316794,11,settle,0.6511,S,0,119
D,316890,11,settle,0.6511,S,0,119
D,316986,11,settle,0.6511,S,0,119
D,317081,11,settle,0.6511,S,0,119
D,317177,11,settle,0.6511,S,0,119
D,317273,11,settle,0.6511,S,0,119
D,317369,11,settle,0.6512,S,0,119
D,317465,11,settle,0.6512,S,0,119
D,317561,11,settle,0.6513,U,0,119
D,317654,11,settle,0.6514,U,0,119
D,317750,11,settle,0.6514,U,0,119
D,317846,11,settle,0.6515,U,0,119
D,317942,11,settle,0.6516,U,0,119
D,318038,11,settle,0.6516,U,0,119
D,318134,11,settle,0.6516,U,0,119
D,318230,11,settle,0.6517,U,0,119
D,318325,11,settle,0.6517,U,0,119
D,318421,11,settle,0.6518,U,0,119
D,318515,11,settle,0.6520,U,0,119
D,318611,11,settle,0.6521,U,0,119
D,318707,11,settle,0.6522,U,0,119
D,318803,11,settle,0.6523,U,0,119
D,318899,11,settle,0.6523,U,0,119
D,318994,11,settle,0.6524,U,0,119
D,319090,11,settle,0.6525,U,0,119
D,319186,11,settle,0.6525,U,0,119
D,319282,11,settle,0.6526,U,0,119
D,319378,11,settle,0.6527,U,0,119
D,319479,11,settle,0.6527,U,0,119
D,319568,11,settle,0.6527,U,0,119
D,319663,11,settle,0.6527,U,0,119
D,319759,11,settle,0.6527,S,0,119
D,319855,11,settle,0.6526,S,0,119
D,319951,11,settle,0.6526,S,0,119
D,320047,11,settle,0.6526,S,0,119
D,320142,11,settle,0.6526,S,0,119
D,320238,11,settle,0.6525,U,0,119
D,320332,11,settle,0.6525,S,0,119
P,320811,11,55.0,2,settled,0.6524
D,320907,11,settle,0.6524,S,0,119
D,321003,11,settle,0.6524,S,0,119
D,321099,11,settle,0.6525,S,0,119
D,321195,11,settle,0.6525,S,0,119
D,321289,11,settle,0.6525,S,0,119
D,321385,11,settle,0.6525,S,0,119
D,321481,11,settle,0.6525,S,0,119
D,321576,11,settle,0.6525,S,0,119
D,321672,11,settle,0.6525,S,0,119
D,321768,11,settle,0.6525,S,0,119
D,321864,11,settle,0.6526,S,0,119
D,321960,11,settle,0.6526,S,0,119
D,322055,11,settle,0.6530,U,0,119
D,322149,11,settle,0.6530,U,0,119
D,322245,11,settle,0.6529,U,0,119
D,322341,11,settle,0.6529,U,0,119
D,322437,11,settle,0.6529,U,0,119
D,322533,11,settle,0.6528,U,0,119
D,322628,11,settle,0.6528,U,0,119
D,322724,11,settle,0.6528,S,0,119
D,322820,11,settle,0.6528,S,0,119
D,322916,11,settle,0.6528,S,0,119
D,323010,11,settle,0.6527,S,0,119
D,323106,11,settle,0.6527,S,0,119
D,323202,11,settle,0.6527,S,0,119
D,323298,11,settle,0.6527,S,0,119
D,323393,11,settle,0.6528,S,0,119
D,323489,11,settle,0.6528,S,0,119
D,323585,11,settle,0.6528,S,0,119
D,323681,11,settle,0.6528,S,0,119
D,323777,11,settle,0.6528,S,0,119
P,323874,11,55.0,2,settled2,0.6528
R,11,C6,55.0,2,55,0.60,rot,0.6041,5.68,0.6524,0.6528,0.6524,8.0082,19,ok
E,323881,=== trial 12 : C6 tilt 40.0 rep 2 rpm 55 halt 0.60 mode rot (cum 8.01 g) ===
P,329139,12,40.0,2,tare0,0.0002
D,329232,12,preroll,0.0002,S,0,119
D,329322,12,preroll,0.0002,S,0,119
D,329418,12,preroll,0.0002,S,0,119
D,329513,12,preroll,0.0003,S,0,119
D,329609,12,preroll,0.0004,U,0,119
D,329705,12,preroll,0.0004,U,0,119
D,329801,12,preroll,0.0005,U,0,119
D,329897,12,preroll,0.0006,U,0,119
D,329993,12,preroll,0.0007,U,0,119
D,330089,12,preroll,0.0007,U,0,119
D,330184,12,preroll,0.0008,U,0,119
D,330278,12,preroll,0.0009,U,0,119
D,330374,12,preroll,0.0010,U,0,119
D,330470,12,preroll,0.0011,U,0,119
D,330566,12,preroll,0.0012,U,0,119
D,330661,12,preroll,0.0014,U,0,119
E,330727,dispense start: mode rot rpm 55
D,330757,12,dispense,0.0015,U,55,119
D,330853,12,dispense,0.0016,U,55,119
D,330949,12,dispense,0.0017,U,55,119
D,331045,12,dispense,0.0018,U,55,120
D,331139,12,dispense,0.0019,U,55,120
D,331235,12,dispense,0.0021,U,55,120
D,331330,12,dispense,0.0079,U,55,121
D,331426,12,dispense,0.0141,U,55,121
D,331522,12,dispense,0.0226,U,55,121
D,331617,12,dispense,0.0316,U,55,122
D,331713,12,dispense,0.0397,U,55,122
D,331809,12,dispense,0.0464,U,55,122
D,331905,12,dispense,0.0528,U,55,123
D,331999,12,dispense,0.0613,U,55,123
D,332095,12,dispense,0.0745,U,55,123
D,332191,12,dispense,0.0929,U,55,124
D,332287,12,dispense,0.1129,U,55,124
D,332382,12,dispense,0.1293,U,55,124
D,332478,12,dispense,0.1386,U,55,125
D,332583,12,dispense,0.1402,U,55,125
D,332675,12,dispense,0.1365,U,55,125
D,332766,12,dispense,0.1317,U,55,126
D,332861,12,dispense,0.1301,U,55,126
D,332955,12,dispense,0.1344,U,55,126
D,333051,12,dispense,0.1399,U,55,127
D,333147,12,dispense,0.1623,U,55,127
D,333243,12,dispense,0.1825,U,55,127
D,333339,12,dispense,0.2018,U,55,128
D,333435,12,dispense,0.2169,U,55,128
D,333530,12,dispense,0.2268,U,55,128
D,333626,12,dispense,0.2321,U,55,129
D,333722,12,dispense,0.2345,U,55,129
D,333816,12,dispense,0.2367,U,55,129
D,333912,12,dispense,0.2418,U,55,130
D,334008,12,dispense,0.2511,U,55,130
D,334103,12,dispense,0.2635,U,55,130
D,334199,12,dispense,0.2776,U,55,131
D,334295,12,dispense,0.2926,U,55,131
D,334391,12,dispense,0.3083,U,55,131
D,334487,12,dispense,0.3231,U,55,132
D,334583,12,dispense,0.3344,U,55,132
D,334679,12,dispense,0.3398,U,55,132
D,334772,12,dispense,0.3396,U,55,133
D,334868,12,dispense,0.3374,U,55,133
D,334964,12,dispense,0.3381,U,55,133
D,335060,12,dispense,0.3442,U,55,134
D,335156,12,dispense,0.3562,U,55,134
D,335252,12,dispense,0.3729,U,55,134
D,335347,12,dispense,0.3925,U,55,135
D,335443,12,dispense,0.4116,U,55,135
D,335539,12,dispense,0.4264,U,55,135
D,335633,12,dispense,0.4351,U,55,136
D,335729,12,dispense,0.4381,U,55,136
D,335825,12,dispense,0.4381,U,55,136
D,335921,12,dispense,0.4390,U,55,137
D,336016,12,dispense,0.4430,U,55,137
D,336112,12,dispense,0.4507,U,55,137
D,336208,12,dispense,0.4613,U,55,138
D,336304,12,dispense,0.4733,U,55,138
D,336400,12,dispense,0.4858,U,55,138
D,336494,12,dispense,0.4980,U,55,139
D,336590,12,dispense,0.5091,U,55,139
D,336685,12,dispense,0.5182,U,55,139
D,336781,12,dispense,0.5245,U,55,140
D,336877,12,dispense,0.5276,U,55,140
D,336973,12,dispense,0.5288,U,55,140
D,337069,12,dispense,0.5308,U,55,141
D,337165,12,dispense,0.5374,U,55,141
D,337260,12,dispense,0.5515,U,55,141
D,337356,12,dispense,0.5733,U,55,142
D,337450,12,dispense,0.5988,U,55,142
D,337546,12,dispense,0.6216,U,55,142
E,337551,TRIGGER 0.6216 g at t=6.73 s -- ALL STOP
D,337643,12,settle,0.6365,U,0,142
D,337738,12,settle,0.6429,U,0,142
D,337834,12,settle,0.6427,U,0,142
D,337929,12,settle,0.6384,U,0,142
D,338025,12,settle,0.6330,U,0,142
D,338121,12,settle,0.6301,U,0,142
D,338217,12,settle,0.6324,U,0,142
D,338311,12,settle,0.6403,U,0,142
D,338406,12,settle,0.6521,U,0,142
D,338502,12,settle,0.6645,U,0,142
D,338598,12,settle,0.6744,U,0,142
D,338694,12,settle,0.6802,U,0,142
D,338790,12,settle,0.6822,U,0,142
D,338886,12,settle,0.6822,U,0,142
D,338982,12,settle,0.6816,U,0,142
D,339078,12,settle,0.6811,U,0,142
D,339171,12,settle,0.6807,U,0,142
D,339267,12,settle,0.6804,U,0,142
D,339363,12,settle,0.6802,U,0,142
D,339459,12,settle,0.6801,U,0,142
D,339555,12,settle,0.6801,U,0,142
D,339651,12,settle,0.6801,U,0,142
D,339746,12,settle,0.6801,U,0,142
D,339842,12,settle,0.6802,S,0,142
D,339938,12,settle,0.6803,U,0,142
D,340034,12,settle,0.6803,U,0,142
D,340128,12,settle,0.6804,U,0,142
D,340224,12,settle,0.6804,U,0,142
D,340320,12,settle,0.6805,U,0,142
D,340416,12,settle,0.6805,U,0,142
D,340512,12,settle,0.6806,U,0,142
D,340607,12,settle,0.6807,U,0,142
D,340703,12,settle,0.6808,U,0,142
D,340799,12,settle,0.6808,U,0,142
D,340895,12,settle,0.6809,U,0,142
D,340989,12,settle,0.6810,U,0,142
D,341085,12,settle,0.6810,U,0,142
D,341180,12,settle,0.6810,U,0,142
D,341276,12,settle,0.6811,U,0,142
D,341372,12,settle,0.6812,U,0,142
D,341468,12,settle,0.6814,U,0,142
D,341564,12,settle,0.6815,U,0,142
D,341660,12,settle,0.6816,U,0,142
D,341756,12,settle,0.6818,U,0,142
D,341851,12,settle,0.6819,U,0,142
D,341945,12,settle,0.6820,U,0,142
D,342041,12,settle,0.6821,U,0,142
D,342142,12,settle,0.6823,U,0,142
D,342233,12,settle,0.6824,U,0,142
D,342329,12,settle,0.6825,U,0,142
D,342424,12,settle,0.6826,U,0,142
D,342521,12,settle,0.6826,U,0,142
D,342616,12,settle,0.6826,U,0,142
D,342712,12,settle,0.6826,U,0,142
D,342806,12,settle,0.6826,S,0,142
D,342902,12,settle,0.6826,S,0,142
D,342998,12,settle,0.6827,S,0,142
D,343093,12,settle,0.6827,S,0,142
D,343189,12,settle,0.6828,U,0,142
D,343285,12,settle,0.6829,U,0,142
D,343381,12,settle,0.6830,U,0,142
D,343477,12,settle,0.6830,U,0,142
D,343573,12,settle,0.6831,U,0,142
D,343666,12,settle,0.6831,U,0,142
D,343762,12,settle,0.6831,U,0,142
D,343858,12,settle,0.6831,S,0,142
D,343954,12,settle,0.6831,S,0,142
D,344050,12,settle,0.6831,S,0,142
D,344146,12,settle,0.6831,S,0,142
D,344242,12,settle,0.6831,S,0,142
D,344337,12,settle,0.6831,S,0,142
D,344433,12,settle,0.6832,S,0,142
D,344529,12,settle,0.6833,U,0,142
D,344623,12,settle,0.6834,U,0,142
D,344719,12,settle,0.6835,U,0,142
D,344815,12,settle,0.6836,U,0,142
D,344910,12,settle,0.6836,U,0,142
D,345006,12,settle,0.6837,U,0,142
D,345102,12,settle,0.6837,U,0,142
D,345198,12,settle,0.6836,S,0,142
D,345294,12,settle,0.6836,S,0,142
D,345390,12,settle,0.6837,S,0,142
D,345483,12,settle,0.6837,S,0,142
D,345580,12,settle,0.6837,S,0,142
P,346632,12,40.0,2,settled,0.6842
D,346727,12,settle,0.6843,U,0,142
D,346823,12,settle,0.6843,S,0,142
D,346919,12,settle,0.6844,U,0,142
D,347015,12,settle,0.6844,U,0,142
D,347111,12,settle,0.6845,U,0,142
D,347207,12,settle,0.6845,U,0,142
D,347301,12,settle,0.6845,U,0,142
D,347397,12,settle,0.6845,S,0,142
D,347492,12,settle,0.6845,S,0,142
D,347588,12,settle,0.6845,S,0,142
D,347684,12,settle,0.6844,S,0,142
D,347780,12,settle,0.6844,S,0,142
D,347876,12,settle,0.6843,U,0,142
D,347972,12,settle,0.6843,U,0,142
D,348067,12,settle,0.6843,U,0,142
D,348161,12,settle,0.6842,U,0,142
D,348257,12,settle,0.6842,U,0,142
D,348353,12,settle,0.6841,U,0,142
D,348449,12,settle,0.6841,U,0,142
D,348545,12,settle,0.6841,U,0,142
D,348641,12,settle,0.6839,U,0,142
D,348736,12,settle,0.6839,U,0,142
D,348832,12,settle,0.6839,U,0,142
D,348928,12,settle,0.6839,U,0,142
D,349024,12,settle,0.6839,U,0,142
D,349118,12,settle,0.6839,S,0,142
D,349213,12,settle,0.6840,S,0,142
D,349309,12,settle,0.6840,S,0,142
D,349405,12,settle,0.6841,U,0,142
D,349501,12,settle,0.6841,U,0,142
D,349597,12,settle,0.6842,U,0,142
P,352562,12,40.0,2,settled2,0.6887
R,12,C6,40.0,2,55,0.60,rot,0.6216,6.83,0.6842,0.6887,0.6842,8.6924,23,ok
E,352571,=== trial 13 : C6 tilt 40.0 rep 2 rpm 55 halt 0.30 mode rot (cum 8.69 g) ===
P,360977,13,40.0,2,tare0,-0.0001
D,361072,13,preroll,0.0000,S,0,142
D,361168,13,preroll,0.0000,S,0,142
D,361264,13,preroll,0.0000,S,0,142
D,361360,13,preroll,0.0000,S,0,142
D,361456,13,preroll,0.0000,S,0,142
D,361552,13,preroll,0.0000,S,0,142
D,361646,13,preroll,0.0000,S,0,142
D,361741,13,preroll,0.0000,S,0,142
D,361837,13,preroll,0.0000,S,0,142
D,361933,13,preroll,0.0002,U,0,142
D,362029,13,preroll,0.0002,U,0,142
D,362125,13,preroll,0.0002,U,0,142
D,362220,13,preroll,0.0002,U,0,142
D,362316,13,preroll,0.0002,U,0,142
D,362412,13,preroll,0.0002,S,0,142
D,362508,13,preroll,0.0002,S,0,142
E,362574,dispense start: mode rot rpm 55
D,362602,13,dispense,0.0002,S,55,142
D,362698,13,dispense,0.0003,S,55,142
D,362794,13,dispense,0.0003,S,55,142
D,362889,13,dispense,0.0003,S,55,143
D,362985,13,dispense,0.0003,S,55,143
D,363081,13,dispense,0.0003,S,55,143
D,363177,13,dispense,0.0005,U,55,144
D,363272,13,dispense,0.0075,U,55,144
D,363368,13,dispense,0.0123,U,55,144
D,363462,13,dispense,0.0175,U,55,145
D,363558,13,dispense,0.0232,U,55,145
D,363654,13,dispense,0.0309,U,55,145
D,363750,13,dispense,0.0412,U,55,146
D,363845,13,dispense,0.0528,U,55,146
D,363941,13,dispense,0.0642,U,55,146
D,364037,13,dispense,0.0744,U,55,147
D,364133,13,dispense,0.0828,U,55,147
D,364229,13,dispense,0.0877,U,55,147
D,364323,13,dispense,0.0889,U,55,148
D,364419,13,dispense,0.0900,U,55,148
D,364514,13,dispense,0.0972,U,55,148
D,364610,13,dispense,0.1136,U,55,149
D,364706,13,dispense,0.1367,U,55,149
D,364802,13,dispense,0.1607,U,55,149
D,364898,13,dispense,0.1803,U,55,150
D,364994,13,dispense,0.1940,U,55,150
D,365089,13,dispense,0.2022,U,55,150
D,365185,13,dispense,0.2047,U,55,151
D,365279,13,dispense,0.2005,U,55,151
D,365375,13,dispense,0.1909,U,55,151
D,365471,13,dispense,0.1798,U,55,152
D,365567,13,dispense,0.1725,U,55,152
D,365663,13,dispense,0.1727,U,55,152
D,365758,13,dispense,0.1818,U,55,153
D,365854,13,dispense,0.1981,U,55,153
D,365950,13,dispense,0.2192,U,55,153
D,366046,13,dispense,0.2428,U,55,154
D,366140,13,dispense,0.2645,U,55,154
D,366236,13,dispense,0.2784,U,55,154
D,366332,13,dispense,0.2815,U,55,155
D,366427,13,dispense,0.2772,U,55,155
D,366523,13,dispense,0.2728,U,55,155
D,366619,13,dispense,0.2744,U,55,156
D,366715,13,dispense,0.2836,U,55,156
D,366811,13,dispense,0.2988,U,55,156
D,366906,13,dispense,0.3169,U,55,157
E,366911,TRIGGER 0.3169 g at t=4.30 s -- ALL STOP
D,367003,13,settle,0.3357,U,0,157
D,367096,13,settle,0.3544,U,0,157
D,367192,13,settle,0.3716,U,0,157
D,367288,13,settle,0.3855,U,0,157
D,367389,13,settle,0.3958,U,0,157
D,367480,13,settle,0.4038,U,0,157
D,367575,13,settle,0.4109,U,0,157
D,367671,13,settle,0.4171,U,0,157
D,367767,13,settle,0.4216,U,0,157
D,367863,13,settle,0.4242,U,0,157
D,367957,13,settle,0.4249,U,0,157
D,368053,13,settle,0.4242,U,0,157
D,368149,13,settle,0.4228,U,0,157
D,368244,13,settle,0.4214,U,0,157
D,368340,13,settle,0.4209,U,0,157
D,368436,13,settle,0.4195,U,0,157
D,368532,13,settle,0.4190,U,0,157
D,368628,13,settle,0.4189,U,0,157
D,368724,13,settle,0.4189,U,0,157
D,368818,13,settle,0.4188,U,0,157
D,368913,13,settle,0.4187,U,0,157
D,369009,13,settle,0.4186,U,0,157
D,369105,13,settle,0.4186,U,0,157
D,369201,13,settle,0.4188,U,0,157
D,369297,13,settle,0.4189,U,0,157
D,369393,13,settle,0.4191,U,0,157
D,369488,13,settle,0.4192,U,0,157
D,369584,13,settle,0.4193,U,0,157
D,369680,13,settle,0.4193,U,0,157
D,369774,13,settle,0.4194,U,0,157
D,369870,13,settle,0.4194,U,0,157
D,369966,13,settle,0.4194,U,0,157
D,370062,13,settle,0.4195,U,0,157
D,370158,13,settle,0.4195,U,0,157
D,370254,13,settle,0.4195,S,0,157
D,370349,13,settle,0.4196,U,0,157
D,370445,13,settle,0.4196,U,0,157
D,370541,13,settle,0.4196,S,0,157
D,370635,13,settle,0.4197,U,0,157
D,370731,13,settle,0.4198,U,0,157
D,370827,13,settle,0.4199,U,0,157
D,370922,13,settle,0.4200,U,0,157
D,371018,13,settle,0.4201,U,0,157
D,371114,13,settle,0.4202,U,0,157
D,371210,13,settle,0.4202,U,0,157
D,371306,13,settle,0.4202,U,0,157
D,371402,13,settle,0.4202,U,0,157
D,371498,13,settle,0.4202,S,0,157
D,371591,13,settle,0.4202,S,0,157
D,371687,13,settle,0.4202,S,0,157
D,371783,13,settle,0.4202,S,0,157
D,371879,13,settle,0.4202,S,0,157
D,371975,13,settle,0.4202,S,0,157
D,372071,13,settle,0.4203,S,0,157
D,372166,13,settle,0.4203,S,0,157
D,372262,13,settle,0.4204,U,0,157
D,372358,13,settle,0.4204,U,0,157
D,372452,13,settle,0.4205,U,0,157
D,372548,13,settle,0.4205,U,0,157
D,372644,13,settle,0.4205,U,0,157
D,372740,13,settle,0.4205,S,0,157
D,372835,13,settle,0.4205,S,0,157
D,372931,13,settle,0.4205,S,0,157
D,373027,13,settle,0.4205,S,0,157
D,373123,13,settle,0.4205,S,0,157
D,373219,13,settle,0.4205,S,0,157
D,373313,13,settle,0.4207,U,0,157
D,373408,13,settle,0.4208,U,0,157
D,373504,13,settle,0.4208,U,0,157
D,373600,13,settle,0.4209,U,0,157
D,373696,13,settle,0.4210,U,0,157
D,373792,13,settle,0.4210,U,0,157
D,373888,13,settle,0.4210,U,0,157
D,373984,13,settle,0.4209,S,0,157
D,374080,13,settle,0.4209,S,0,157
D,374175,13,settle,0.4208,U,0,157
D,374269,13,settle,0.4207,U,0,157
D,374365,13,settle,0.4207,U,0,157
D,374461,13,settle,0.4207,U,0,157
D,374557,13,settle,0.4207,U,0,157
D,374653,13,settle,0.4207,S,0,157
D,374749,13,settle,0.4208,S,0,157
D,374844,13,settle,0.4210,U,0,157
D,374940,13,settle,0.4211,U,0,157
P,375417,13,40.0,2,settled,0.4212
D,375513,13,settle,0.4212,S,0,157
D,375609,13,settle,0.4212,S,0,157
D,375705,13,settle,0.4212,S,0,157
D,375801,13,settle,0.4213,S,0,157
D,375896,13,settle,0.4215,U,0,157
D,375992,13,settle,0.4216,U,0,157
D,376086,13,settle,0.4218,U,0,157
D,376182,13,settle,0.4219,U,0,157
D,376278,13,settle,0.4220,U,0,157
D,376374,13,settle,0.4221,U,0,157
D,376469,13,settle,0.4222,U,0,157
D,376565,13,settle,0.4222,U,0,157
D,376661,13,settle,0.4222,U,0,157
D,376757,13,settle,0.4223,U,0,157
D,376853,13,settle,0.4223,U,0,157
D,376947,13,settle,0.4224,U,0,157
D,377043,13,settle,0.4225,U,0,157
D,377139,13,settle,0.4227,U,0,157
D,377234,13,settle,0.4228,U,0,157
D,377330,13,settle,0.4229,U,0,157
D,377426,13,settle,0.4230,U,0,157
D,377522,13,settle,0.4230,U,0,157
D,377618,13,settle,0.4231,U,0,157
D,377713,13,settle,0.4231,U,0,157
D,377808,13,settle,0.4231,U,0,157
D,377903,13,settle,0.4230,S,0,157
D,377999,13,settle,0.4230,S,0,157
D,378095,13,settle,0.4230,S,0,157
D,378191,13,settle,0.4230,S,0,157
D,378287,13,settle,0.4230,S,0,157
D,378382,13,settle,0.4230,S,0,157
P,378479,13,40.0,2,settled2,0.4231
R,13,C6,40.0,2,55,0.30,rot,0.3169,4.34,0.4212,0.4231,0.4212,9.1136,15,ok
E,378487,=== trial 14 : C6 tilt 40.0 rep 3 rpm 55 halt 0.30 mode rot (cum 9.11 g) ===
P,382973,14,40.0,3,tare0,0.0003
D,383069,14,preroll,0.0003,S,0,157
D,383165,14,preroll,0.0003,S,0,157
D,383259,14,preroll,0.0003,S,0,157
D,383354,14,preroll,0.0002,S,0,157
D,383450,14,preroll,0.0002,S,0,157
D,383546,14,preroll,0.0002,S,0,157
D,383642,14,preroll,0.0002,S,0,157
D,383738,14,preroll,0.0002,S,0,157
D,383834,14,preroll,0.0002,S,0,157
D,383929,14,preroll,0.0002,S,0,157
D,384025,14,preroll,0.0003,S,0,157
D,384119,14,preroll,0.0003,S,0,157
D,384215,14,preroll,0.0003,S,0,157
D,384311,14,preroll,0.0003,S,0,157
D,384407,14,preroll,0.0002,S,0,157
D,384503,14,preroll,0.0001,U,0,157
E,384568,dispense start: mode rot rpm 55
D,384598,14,dispense,0.0000,U,55,157
D,384694,14,dispense,-0.0001,U,55,157
D,384790,14,dispense,-0.0001,U,55,157
D,384886,14,dispense,0.0000,U,55,158
D,384980,14,dispense,0.0001,U,55,158
D,385076,14,dispense,0.0003,U,55,158
D,385172,14,dispense,0.0002,U,55,159
D,385267,14,dispense,-0.0077,U,55,159
D,385363,14,dispense,-0.0133,U,55,159
D,385458,14,dispense,-0.0164,U,55,160
D,385555,14,dispense,-0.0150,U,55,160
D,385650,14,dispense,-0.0086,U,55,160
D,385746,14,dispense,0.0015,U,55,161
D,385842,14,dispense,0.0129,U,55,161
D,385936,14,dispense,0.0238,U,55,161
D,386032,14,dispense,0.0344,U,55,162
D,386128,14,dispense,0.0453,U,55,162
D,386223,14,dispense,0.0546,U,55,162
D,386319,14,dispense,0.0598,U,55,163
D,386415,14,dispense,0.0609,U,55,163
D,386511,14,dispense,0.0610,U,55,163
D,386607,14,dispense,0.0639,U,55,164
D,386703,14,dispense,0.0717,U,55,164
D,386797,14,dispense,0.0851,U,55,164
D,386892,14,dispense,0.1031,U,55,165
D,386988,14,dispense,0.1240,U,55,165
D,387084,14,dispense,0.1446,U,55,165
D,387180,14,dispense,0.1614,U,55,166
D,387276,14,dispense,0.1714,U,55,166
D,387371,14,dispense,0.1740,U,55,166
D,387467,14,dispense,0.1703,U,55,167
D,387563,14,dispense,0.1627,U,55,167
D,387659,14,dispense,0.1544,U,55,167
D,387753,14,dispense,0.1501,U,55,168
D,387849,14,dispense,0.1541,U,55,168
D,387945,14,dispense,0.1682,U,55,168
D,388040,14,dispense,0.1887,U,55,169
D,388136,14,dispense,0.2083,U,55,169
D,388232,14,dispense,0.2215,U,55,169
D,388328,14,dispense,0.2277,U,55,170
D,388424,14,dispense,0.2280,U,55,170
D,388520,14,dispense,0.2243,U,55,170
D,388614,14,dispense,0.2193,U,55,171
D,388709,14,dispense,0.2167,U,55,171
D,388805,14,dispense,0.2209,U,55,171
D,388901,14,dispense,0.2334,U,55,172
D,388997,14,dispense,0.2519,U,55,172
D,389093,14,dispense,0.2715,U,55,172
D,389189,14,dispense,0.2884,U,55,173
D,389284,14,dispense,0.3027,U,55,173
E,389289,TRIGGER 0.3027 g at t=4.63 s -- ALL STOP
D,389381,14,settle,0.3157,U,0,173
D,389474,14,settle,0.3270,U,0,173
D,389570,14,settle,0.3347,U,0,173
D,389666,14,settle,0.3391,U,0,173
D,389762,14,settle,0.3439,U,0,173
D,389858,14,settle,0.3523,U,0,173
D,389953,14,settle,0.3636,U,0,173
D,390049,14,settle,0.3744,U,0,173
D,390145,14,settle,0.3823,U,0,173
D,390241,14,settle,0.3868,U,0,173
D,390337,14,settle,0.3886,U,0,173
D,390431,14,settle,0.3886,U,0,173
D,390526,14,settle,0.3877,U,0,173
D,390622,14,settle,0.3867,U,0,173
D,390718,14,settle,0.3860,U,0,173
D,390814,14,settle,0.3858,U,0,173
D,390910,14,settle,0.3856,U,0,173
D,391006,14,settle,0.3855,U,0,173
D,391101,14,settle,0.3854,U,0,173
D,391202,14,settle,0.3854,U,0,173
D,391291,14,settle,0.3854,U,0,173
D,391387,14,settle,0.3856,U,0,173
D,391483,14,settle,0.3857,U,0,173
D,391579,14,settle,0.3859,U,0,173
D,391675,14,settle,0.3859,U,0,173
D,391771,14,settle,0.3860,U,0,173
D,391867,14,settle,0.3860,U,0,173
D,391962,14,settle,0.3859,U,0,173
D,392058,14,settle,0.3859,S,0,173
D,392154,14,settle,0.3859,S,0,173
D,392248,14,settle,0.3859,S,0,173
D,392344,14,settle,0.3859,S,0,173
D,392440,14,settle,0.3859,S,0,173
D,392536,14,settle,0.3859,S,0,173
D,392631,14,settle,0.3859,S,0,173
D,392727,14,settle,0.3860,S,0,173
D,392823,14,settle,0.3861,U,0,173
D,392919,14,settle,0.3861,U,0,173
D,393015,14,settle,0.3862,U,0,173
D,393109,14,settle,0.3863,U,0,173
D,393204,14,settle,0.3864,U,0,173
D,393301,14,settle,0.3865,U,0,173
D,393396,14,settle,0.3865,U,0,173
D,393492,14,settle,0.3866,U,0,173
D,393588,14,settle,0.3867,U,0,173
D,393684,14,settle,0.3868,U,0,173
D,393779,14,settle,0.3869,U,0,173
D,393875,14,settle,0.3870,U,0,173
D,393969,14,settle,0.3871,U,0,173
D,394065,14,settle,0.3872,U,0,173
D,394161,14,settle,0.3873,U,0,173
D,394257,14,settle,0.3874,U,0,173
D,394353,14,settle,0.3876,U,0,173
D,394448,14,settle,0.3877,U,0,173
D,394544,14,settle,0.3878,U,0,173
D,394640,14,settle,0.3879,U,0,173
D,394736,14,settle,0.3881,U,0,173
D,394832,14,settle,0.3882,U,0,173
D,394926,14,settle,0.3884,U,0,173
D,395022,14,settle,0.3886,U,0,173
D,395117,14,settle,0.3888,U,0,173
D,395213,14,settle,0.3890,U,0,173
D,395309,14,settle,0.3891,U,0,173
D,395405,14,settle,0.3892,U,0,173
D,395501,14,settle,0.3893,U,0,173
D,395597,14,settle,0.3894,U,0,173
D,395692,14,settle,0.3895,U,0,173
D,395786,14,settle,0.3896,U,0,173
D,395882,14,settle,0.3896,U,0,173
D,395978,14,settle,0.3897,U,0,173
D,396074,14,settle,0.3898,U,0,173
D,396170,14,settle,0.3898,U,0,173
D,396265,14,settle,0.3899,U,0,173
D,396362,14,settle,0.3900,U,0,173
D,396457,14,settle,0.3901,U,0,173
D,396553,14,settle,0.3903,U,0,173
D,396649,14,settle,0.3904,U,0,173
D,396743,14,settle,0.3904,U,0,173
D,396839,14,settle,0.3905,U,0,173
D,396934,14,settle,0.3904,U,0,173
D,397030,14,settle,0.3904,S,0,173
D,397126,14,settle,0.3903,U,0,173
D,397222,14,settle,0.3903,U,0,173
D,397318,14,settle,0.3903,U,0,173
P,397415,14,40.0,3,settled,0.3904
D,397509,14,settle,0.3904,S,0,173
D,397603,14,settle,0.3904,S,0,173
D,397699,14,settle,0.3904,S,0,173
D,397795,14,settle,0.3904,S,0,173
D,397891,14,settle,0.3905,S,0,173
D,397987,14,settle,0.3907,U,0,173
D,398082,14,settle,0.3943,U,0,173
D,398178,14,settle,0.3952,U,0,173
D,398274,14,settle,0.3951,U,0,173
D,398370,14,settle,0.3941,U,0,173
D,398464,14,settle,0.3928,U,0,173
D,398560,14,settle,0.3923,U,0,173
D,398655,14,settle,0.3920,U,0,173
D,398751,14,settle,0.3914,U,0,173
D,398847,14,settle,0.3917,U,0,173
D,398943,14,settle,0.3918,U,0,173
D,399039,14,settle,0.3919,U,0,173
D,399135,14,settle,0.3920,U,0,173
D,399230,14,settle,0.3919,U,0,173
D,399326,14,settle,0.3918,U,0,173
D,399420,14,settle,0.3917,U,0,173
D,399516,14,settle,0.3917,U,0,173
D,399612,14,settle,0.3917,U,0,173
D,399708,14,settle,0.3918,S,0,173
D,399804,14,settle,0.3919,U,0,173
D,399899,14,settle,0.3919,U,0,173
D,399995,14,settle,0.3919,U,0,173
D,400091,14,settle,0.3919,U,0,173
D,400187,14,settle,0.3918,S,0,173
D,400281,14,settle,0.3918,S,0,173
D,400377,14,settle,0.3917,U,0,173
P,400665,14,40.0,3,settled2,0.3917
R,14,C6,40.0,3,55,0.30,rot,0.3027,4.73,0.3904,0.3917,0.3904,9.5040,16,ok
E,400673,=== trial 15 : C6 tilt 40.0 rep 3 rpm 55 halt 0.60 mode rot (cum 9.50 g) ===
P,402486,15,40.0,3,tare0,0.0000
D,402578,15,preroll,0.0000,S,0,173
D,402674,15,preroll,0.0000,S,0,173
D,402769,15,preroll,0.0004,U,0,173
D,402865,15,preroll,0.0004,U,0,173
D,402959,15,preroll,0.0005,U,0,173
D,403055,15,preroll,0.0005,U,0,173
D,403150,15,preroll,0.0005,U,0,173
D,403246,15,preroll,0.0006,U,0,173
D,403342,15,preroll,0.0007,U,0,173
D,403438,15,preroll,0.0009,U,0,173
D,403534,15,preroll,0.0012,U,0,173
D,403629,15,preroll,0.0057,U,0,173
D,403725,15,preroll,0.0066,U,0,173
D,403821,15,preroll,0.0073,U,0,173
D,403915,15,preroll,0.0074,U,0,173
D,404011,15,preroll,0.0066,U,0,173
E,404076,dispense start: mode rot rpm 55
D,404108,15,dispense,0.0058,U,55,173
D,404202,15,dispense,0.0049,U,55,173
D,404298,15,dispense,0.0019,U,55,173
D,404394,15,dispense,0.0018,U,55,174
D,404490,15,dispense,0.0026,U,55,174
D,404586,15,dispense,0.0042,U,55,174
D,404689,15,dispense,0.0056,U,55,175
D,404781,15,dispense,0.0114,U,55,175
D,404874,15,dispense,0.0164,U,55,175
D,404967,15,dispense,0.0203,U,55,176
D,405063,15,dispense,0.0221,U,55,176
D,405159,15,dispense,0.0231,U,55,176
D,405255,15,dispense,0.0253,U,55,177
D,405350,15,dispense,0.0304,U,55,177
D,405446,15,dispense,0.0383,U,55,177
D,405542,15,dispense,0.0467,U,55,178
D,405636,15,dispense,0.0530,U,55,178
D,405732,15,dispense,0.0562,U,55,178
D,405828,15,dispense,0.0580,U,55,179
D,405923,15,dispense,0.0616,U,55,179
D,406019,15,dispense,0.0706,U,55,179
D,406115,15,dispense,0.0863,U,55,180
D,406211,15,dispense,0.1063,U,55,180
D,406307,15,dispense,0.1257,U,55,180
D,406403,15,dispense,0.1406,U,55,181
D,406499,15,dispense,0.1494,U,55,181
D,406593,15,dispense,0.1516,U,55,181
D,406688,15,dispense,0.1474,U,55,182
D,406784,15,dispense,0.1393,U,55,182
D,406880,15,dispense,0.1335,U,55,182
D,406976,15,dispense,0.1364,U,55,183
D,407072,15,dispense,0.1496,U,55,183
D,407168,15,dispense,0.1673,U,55,183
D,407263,15,dispense,0.1811,U,55,184
D,407359,15,dispense,0.1871,U,55,184
D,407453,15,dispense,0.1885,U,55,184
D,407549,15,dispense,0.1913,U,55,185
D,407645,15,dispense,0.1980,U,55,185
D,407741,15,dispense,0.2068,U,55,185
D,407836,15,dispense,0.2151,U,55,186
D,407932,15,dispense,0.2225,U,55,186
D,408028,15,dispense,0.2291,U,55,186
D,408124,15,dispense,0.2352,U,55,187
D,408220,15,dispense,0.2421,U,55,187
D,408316,15,dispense,0.2528,U,55,187
D,408410,15,dispense,0.2680,U,55,188
D,408505,15,dispense,0.2830,U,55,188
D,408601,15,dispense,0.2901,U,55,188
D,408697,15,dispense,0.2841,U,55,189
D,408793,15,dispense,0.2677,U,55,189
D,408889,15,dispense,0.2520,U,55,189
D,408985,15,dispense,0.2489,U,55,190
D,409080,15,dispense,0.2627,U,55,190
D,409176,15,dispense,0.2893,U,55,190
D,409270,15,dispense,0.3214,U,55,191
D,409366,15,dispense,0.3532,U,55,191
D,409462,15,dispense,0.3813,U,55,191
D,409558,15,dispense,0.4037,U,55,192
D,409653,15,dispense,0.4200,U,55,192
D,409749,15,dispense,0.4309,U,55,192
D,409845,15,dispense,0.4371,U,55,193
D,409941,15,dispense,0.4396,U,55,193
D,410037,15,dispense,0.4409,U,55,193
D,410131,15,dispense,0.4446,U,55,194
D,410227,15,dispense,0.4527,U,55,194
D,410322,15,dispense,0.4649,U,55,194
D,410418,15,dispense,0.4811,U,55,195
D,410514,15,dispense,0.5008,U,55,195
D,410610,15,dispense,0.5208,U,55,195
D,410706,15,dispense,0.5351,U,55,196
D,410802,15,dispense,0.5402,U,55,196
D,410897,15,dispense,0.5383,U,55,196
D,410993,15,dispense,0.5339,U,55,197
D,411087,15,dispense,0.5303,U,55,197
D,411183,15,dispense,0.5295,U,55,197
D,411279,15,dispense,0.5336,U,55,198
D,411375,15,dispense,0.5441,U,55,198
D,411471,15,dispense,0.5607,U,55,198
D,411566,15,dispense,0.5807,U,55,199
D,411662,15,dispense,0.6009,U,55,199
E,411667,TRIGGER 0.6009 g at t=7.50 s -- ALL STOP
D,411759,15,settle,0.6183,U,0,199
D,411854,15,settle,0.6311,U,0,199
D,411948,15,settle,0.6383,U,0,199
D,412044,15,settle,0.6387,U,0,199
D,412139,15,settle,0.6314,U,0,199
D,412235,15,settle,0.6181,U,0,199
D,412331,15,settle,0.6035,U,0,199
D,412427,15,settle,0.5938,U,0,199
D,412523,15,settle,0.5918,U,0,199
D,412619,15,settle,0.5957,U,0,199
D,412715,15,settle,0.6012,U,0,199
D,412810,15,settle,0.6050,U,0,199
D,412904,15,settle,0.6065,U,0,199
D,413000,15,settle,0.6065,U,0,199
D,413101,15,settle,0.6061,U,0,199
D,413192,15,settle,0.6060,U,0,199
D,413288,15,settle,0.6060,U,0,199
D,413383,15,settle,0.6060,U,0,199
D,413480,15,settle,0.6060,U,0,199
D,413575,15,settle,0.6059,U,0,199
D,413671,15,settle,0.6058,U,0,199
D,413765,15,settle,0.6056,U,0,199
D,413861,15,settle,0.6054,U,0,199
D,413957,15,settle,0.6053,U,0,199
D,414053,15,settle,0.6052,U,0,199
D,414148,15,settle,0.6052,U,0,199
D,414244,15,settle,0.6052,U,0,199
D,414340,15,settle,0.6053,S,0,199
D,414436,15,settle,0.6054,U,0,199
D,414532,15,settle,0.6055,U,0,199
D,414626,15,settle,0.6056,U,0,199
D,414722,15,settle,0.6058,U,0,199
D,414817,15,settle,0.6059,U,0,199
D,414913,15,settle,0.6061,U,0,199
D,415009,15,settle,0.6061,U,0,199
D,415105,15,settle,0.6061,U,0,199
D,415201,15,settle,0.6061,U,0,199
D,415297,15,settle,0.6061,U,0,199
D,415392,15,settle,0.6048,U,0,199
D,415488,15,settle,0.6050,U,0,199
D,415582,15,settle,0.6053,U,0,199
D,415678,15,settle,0.6057,U,0,199
D,415774,15,settle,0.6062,U,0,199
D,415870,15,settle,0.6065,U,0,199
D,415966,15,settle,0.6067,U,0,199
D,416061,15,settle,0.6066,U,0,199
D,416157,15,settle,0.6065,U,0,199
D,416253,15,settle,0.6065,U,0,199
D,416349,15,settle,0.6064,U,0,199
D,416443,15,settle,0.6064,U,0,199
D,416539,15,settle,0.6065,S,0,199
D,416634,15,settle,0.6065,S,0,199
D,416730,15,settle,0.6065,S,0,199
D,416826,15,settle,0.6065,S,0,199
D,416922,15,settle,0.6064,S,0,199
D,417018,15,settle,0.6064,S,0,199
D,417114,15,settle,0.6064,S,0,199
D,417210,15,settle,0.6064,S,0,199
D,417304,15,settle,0.6064,S,0,199
D,417399,15,settle,0.6065,S,0,199
D,417495,15,settle,0.6066,U,0,199
D,417591,15,settle,0.6066,U,0,199
D,417687,15,settle,0.6066,U,0,199
D,417783,15,settle,0.6066,U,0,199
D,417879,15,settle,0.6066,S,0,199
D,417975,15,settle,0.6066,S,0,199
D,418070,15,settle,0.6066,S,0,199
D,418166,15,settle,0.6067,S,0,199
D,418260,15,settle,0.6067,S,0,199
D,418356,15,settle,0.6067,S,0,199
D,418452,15,settle,0.6067,S,0,199
D,418548,15,settle,0.6070,U,0,199
D,418643,15,settle,0.6071,U,0,199
D,418739,15,settle,0.6073,U,0,199
D,418835,15,settle,0.6074,U,0,199
D,418931,15,settle,0.6075,U,0,199
D,419027,15,settle,0.6076,U,0,199
D,419121,15,settle,0.6076,U,0,199
D,419216,15,settle,0.6076,U,0,199
D,419312,15,settle,0.6076,U,0,199
D,419408,15,settle,0.6076,S,0,199
D,419504,15,settle,0.6076,S,0,199
D,419600,15,settle,0.6077,S,0,199
D,419696,15,settle,0.6079,U,0,199
P,421894,15,40.0,3,settled,0.6075
D,421990,15,settle,0.6098,U,0,199
D,422086,15,settle,0.6104,U,0,199
D,422181,15,settle,0.6105,U,0,199
D,422277,15,settle,0.6101,U,0,199
D,422373,15,settle,0.6098,U,0,199
D,422469,15,settle,0.6097,U,0,199
D,422565,15,settle,0.6096,U,0,199
D,422661,15,settle,0.6098,U,0,199
D,422754,15,settle,0.6100,U,0,199
D,422850,15,settle,0.6103,U,0,199
D,422946,15,settle,0.6105,U,0,199
D,423042,15,settle,0.6107,U,0,199
D,423138,15,settle,0.6107,U,0,199
D,423234,15,settle,0.6107,U,0,199
D,423330,15,settle,0.6106,U,0,199
D,423425,15,settle,0.6105,U,0,199
D,423521,15,settle,0.6105,U,0,199
D,423615,15,settle,0.6104,U,0,199
D,423711,15,settle,0.6104,U,0,199
D,423807,15,settle,0.6104,U,0,199
D,423903,15,settle,0.6104,S,0,199
D,423999,15,settle,0.6105,S,0,199
D,424095,15,settle,0.6105,S,0,199
D,424190,15,settle,0.6106,U,0,199
D,424286,15,settle,0.6106,U,0,199
D,424382,15,settle,0.6107,U,0,199
D,424478,15,settle,0.6108,U,0,199
D,424572,15,settle,0.6109,U,0,199
D,424668,15,settle,0.6110,U,0,199
D,424763,15,settle,0.6111,U,0,199
D,424859,15,settle,0.6111,U,0,199
P,427063,15,40.0,3,settled2,0.6113
R,15,C6,40.0,3,55,0.60,rot,0.6009,7.59,0.6075,0.6113,0.6075,10.1115,26,ok
E,427071,=== trial 16 : C6 tilt 55.0 rep 3 rpm 55 halt 0.60 mode rot (cum 10.11 g) ===
E,438654,no stable frame for tare0
P,439727,16,55.0,3,tare0,nan
D,440812,16,preroll,nan,X,0,199
D,441945,16,preroll,nan,X,0,199
E,442009,dispense start: mode rot rpm 55
D,442079,16,dispense,-0.0001,S,55,199
D,442172,16,dispense,-0.0001,S,55,199
D,442265,16,dispense,0.0000,U,55,199
D,442361,16,dispense,0.0000,U,55,200
D,442457,16,dispense,0.0000,U,55,200
D,442551,16,dispense,0.0001,U,55,200
D,442647,16,dispense,0.0001,U,55,201
D,442743,16,dispense,0.0007,U,55,201
D,442838,16,dispense,0.0107,U,55,201
D,442934,16,dispense,0.0219,U,55,202
D,443030,16,dispense,0.0383,U,55,202
D,443125,16,dispense,0.0569,U,55,202
D,443221,16,dispense,0.0733,U,55,203
D,443317,16,dispense,0.0853,U,55,203
D,443411,16,dispense,0.0939,U,55,203
D,443507,16,dispense,0.1006,U,55,204
D,443603,16,dispense,0.1050,U,55,204
D,443699,16,dispense,0.1079,U,55,204
D,443794,16,dispense,0.1133,U,55,205
D,443890,16,dispense,0.1237,U,55,205
D,443986,16,dispense,0.1368,U,55,205
D,444082,16,dispense,0.1484,U,55,206
D,444178,16,dispense,0.1577,U,55,206
D,444272,16,dispense,0.1668,U,55,206
D,444367,16,dispense,0.1765,U,55,207
D,444463,16,dispense,0.1849,U,55,207
D,444559,16,dispense,0.1888,U,55,207
D,444655,16,dispense,0.1867,U,55,208
D,444751,16,dispense,0.1787,U,55,208
D,444847,16,dispense,0.1655,U,55,208
D,444943,16,dispense,0.1491,U,55,209
D,445039,16,dispense,0.1337,U,55,209
D,445134,16,dispense,0.1258,U,55,209
D,445228,16,dispense,0.1307,U,55,210
D,445324,16,dispense,0.1495,U,55,210
D,445420,16,dispense,0.1787,U,55,210
D,445516,16,dispense,0.2135,U,55,211
D,445611,16,dispense,0.2485,U,55,211
D,445707,16,dispense,0.2777,U,55,211
D,445803,16,dispense,0.2961,U,55,212
D,445899,16,dispense,0.3037,U,55,212
D,445995,16,dispense,0.3058,U,55,212
D,446089,16,dispense,0.3080,U,55,213
D,446184,16,dispense,0.3137,U,55,213
D,446280,16,dispense,0.3241,U,55,213
D,446376,16,dispense,0.3399,U,55,214
D,446472,16,dispense,0.3595,U,55,214
D,446568,16,dispense,0.3791,U,55,214
D,446664,16,dispense,0.3955,U,55,215
D,446760,16,dispense,0.4085,U,55,215
D,446855,16,dispense,0.4199,U,55,215
D,446949,16,dispense,0.4313,U,55,216
D,447045,16,dispense,0.4439,U,55,216
D,447141,16,dispense,0.4577,U,55,216
D,447237,16,dispense,0.4716,U,55,217
D,447333,16,dispense,0.4839,U,55,217
D,447428,16,dispense,0.4935,U,55,217
D,447524,16,dispense,0.4990,U,55,218
D,447620,16,dispense,0.4988,U,55,218
D,447716,16,dispense,0.4938,U,55,218
D,447812,16,dispense,0.4868,U,55,219
D,447906,16,dispense,0.4812,U,55,219
D,448002,16,dispense,0.4799,U,55,219
D,448098,16,dispense,0.4851,U,55,220
D,448193,16,dispense,0.4970,U,55,220
D,448289,16,dispense,0.5127,U,55,220
D,448385,16,dispense,0.5298,U,55,221
D,448481,16,dispense,0.5489,U,55,221
D,448577,16,dispense,0.5702,U,55,221
D,448672,16,dispense,0.5903,U,55,222
D,448766,16,dispense,0.6047,U,55,222
E,448771,TRIGGER 0.6047 g at t=6.67 s -- ALL STOP
D,448863,16,settle,0.6129,U,0,222
D,448958,16,settle,0.6179,U,0,222
D,449054,16,settle,0.6214,U,0,222
D,449150,16,settle,0.6235,U,0,222
D,449246,16,settle,0.6246,U,0,222
D,449354,16,settle,0.6264,U,0,222
D,449533,16,settle,0.6354,U,0,222
D,449629,16,settle,0.6411,U,0,222
D,449723,16,settle,0.6449,U,0,222
D,449819,16,settle,0.6457,U,0,222
D,449914,16,settle,0.6443,U,0,222
D,450010,16,settle,0.6427,U,0,222
D,450106,16,settle,0.6418,U,0,222
D,450202,16,settle,0.6417,U,0,222
D,450298,16,settle,0.6419,U,0,222
D,450394,16,settle,0.6421,U,0,222
D,450490,16,settle,0.6421,U,0,222
D,450583,16,settle,0.6420,U,0,222
D,450679,16,settle,0.6418,U,0,222
D,450775,16,settle,0.6415,U,0,222
D,450871,16,settle,0.6412,U,0,222
D,450967,16,settle,0.6409,U,0,222
D,451063,16,settle,0.6407,U,0,222
D,451159,16,settle,0.6406,U,0,222
D,451255,16,settle,0.6406,U,0,222
D,451350,16,settle,0.6406,U,0,222
D,451444,16,settle,0.6406,U,0,222
D,451540,16,settle,0.6406,S,0,222
D,451636,16,settle,0.6406,S,0,222
D,451732,16,settle,0.6405,S,0,222
D,451828,16,settle,0.6405,S,0,222
D,451924,16,settle,0.6405,S,0,222
D,452020,16,settle,0.6404,U,0,222
D,452115,16,settle,0.6404,U,0,222
D,452211,16,settle,0.6403,U,0,222
D,452307,16,settle,0.6402,U,0,222
D,452401,16,settle,0.6401,U,0,222
D,452497,16,settle,0.6400,U,0,222
D,452593,16,settle,0.6400,U,0,222
D,452688,16,settle,0.6399,U,0,222
D,452784,16,settle,0.6399,U,0,222
D,452880,16,settle,0.6399,U,0,222
D,452976,16,settle,0.6399,S,0,222
D,453072,16,settle,0.6399,S,0,222
D,453168,16,settle,0.6399,S,0,222
D,453262,16,settle,0.6399,S,0,222
D,453357,16,settle,0.6398,S,0,222
D,453453,16,settle,0.6398,S,0,222
D,453549,16,settle,0.6397,U,0,222
D,453645,16,settle,0.6396,U,0,222
D,453741,16,settle,0.6395,U,0,222
D,453837,16,settle,0.6394,U,0,222
D,453932,16,settle,0.6394,U,0,222
D,454028,16,settle,0.6393,U,0,222
D,454124,16,settle,0.6392,U,0,222
D,454218,16,settle,0.6390,U,0,222
D,454314,16,settle,0.6389,U,0,222
D,454410,16,settle,0.6387,U,0,222
D,454506,16,settle,0.6386,U,0,222
D,454601,16,settle,0.6385,U,0,222
D,454697,16,settle,0.6384,U,0,222
D,454793,16,settle,0.6384,U,0,222
D,454889,16,settle,0.6383,U,0,222
D,454985,16,settle,0.6381,U,0,222
D,455079,16,settle,0.6379,U,0,222
D,455174,16,settle,0.6377,U,0,222
D,455270,16,settle,0.6375,U,0,222
D,455366,16,settle,0.6373,U,0,222
D,455462,16,settle,0.6371,U,0,222
D,455558,16,settle,0.6370,U,0,222
D,455654,16,settle,0.6369,U,0,222
D,455749,16,settle,0.6368,U,0,222
D,455846,16,settle,0.6367,U,0,222
D,455939,16,settle,0.6366,U,0,222
D,456035,16,settle,0.6366,U,0,222
D,456131,16,settle,0.6365,U,0,222
D,456227,16,settle,0.6364,U,0,222
D,456323,16,settle,0.6364,U,0,222
D,456418,16,settle,0.6363,U,0,222
D,456514,16,settle,0.6362,U,0,222
D,456610,16,settle,0.6360,U,0,222
D,456706,16,settle,0.6359,U,0,222
D,456802,16,settle,0.6358,U,0,222
P,460148,16,55.0,3,settled,0.6404
D,460244,16,settle,0.6405,U,0,222
D,460340,16,settle,0.6405,U,0,222
D,460434,16,settle,0.6405,U,0,222
D,460530,16,settle,0.6406,U,0,222
D,460626,16,settle,0.6407,U,0,222
D,460721,16,settle,0.6407,U,0,222
D,460817,16,settle,0.6408,U,0,222
D,460913,16,settle,0.6408,U,0,222
D,461009,16,settle,0.6382,U,0,222
D,461104,16,settle,0.6376,U,0,222
D,461200,16,settle,0.6372,U,0,222
D,461296,16,settle,0.6371,U,0,222
D,461390,16,settle,0.6371,U,0,222
D,461486,16,settle,0.6372,U,0,222
D,461582,16,settle,0.6373,U,0,222
D,461678,16,settle,0.6374,U,0,222
D,461774,16,settle,0.6376,U,0,222
D,461869,16,settle,0.6377,U,0,222
D,461965,16,settle,0.6379,U,0,222
D,462061,16,settle,0.6381,U,0,222
D,462157,16,settle,0.6383,U,0,222
D,462251,16,settle,0.6385,U,0,222
D,462347,16,settle,0.6387,U,0,222
D,462448,16,settle,0.6389,U,0,222
D,462538,16,settle,0.6390,U,0,222
D,462634,16,settle,0.6390,U,0,222
D,462730,16,settle,0.6390,U,0,222
D,462826,16,settle,0.6389,U,0,222
D,462922,16,settle,0.6389,S,0,222
D,463018,16,settle,0.6389,S,0,222
D,463112,16,settle,0.6388,U,0,222
P,463974,16,55.0,3,settled2,0.6390
R,16,C6,55.0,3,55,0.60,rot,0.6047,6.77,0.6404,0.6390,0.6404,10.7519,23,ok
E,463982,=== trial 17 : C6 tilt 55.0 rep 3 rpm 55 halt 0.30 mode rot (cum 10.75 g) ===
E,475054,no stable frame for tare0
P,475167,17,55.0,3,tare0,0.0001
D,475259,17,preroll,0.0001,S,0,222
D,475354,17,preroll,0.0003,U,0,222
D,475450,17,preroll,0.0003,U,0,222
D,475547,17,preroll,0.0004,U,0,222
D,475642,17,preroll,0.0004,U,0,222
D,475735,17,preroll,0.0005,U,0,222
D,475831,17,preroll,0.0005,U,0,222
D,475927,17,preroll,0.0004,S,0,222
D,476023,17,preroll,0.0004,S,0,222
D,476119,17,preroll,0.0003,U,0,222
D,476214,17,preroll,0.0002,U,0,222
D,476310,17,preroll,0.0001,U,0,222
D,476406,17,preroll,0.0001,U,0,222
D,476502,17,preroll,0.0001,U,0,222
D,476596,17,preroll,0.0000,U,0,222
D,476692,17,preroll,0.0000,U,0,222
E,476757,dispense start: mode rot rpm 55
D,476788,17,dispense,0.0000,S,55,222
D,476884,17,dispense,0.0000,S,55,222
D,476989,17,dispense,0.0001,S,55,222
D,477171,17,dispense,0.0000,S,55,223
D,477267,17,dispense,-0.0001,U,55,223
D,477363,17,dispense,-0.0001,U,55,223
D,477458,17,dispense,-0.0001,U,55,224
D,477552,17,dispense,0.0000,S,55,224
D,477648,17,dispense,0.0000,S,55,224
D,477743,17,dispense,0.0063,U,55,225
D,477839,17,dispense,0.0091,U,55,225
D,477935,17,dispense,0.0103,U,55,225
D,478031,17,dispense,0.0096,U,55,226
D,478127,17,dispense,0.0095,U,55,226
D,478223,17,dispense,0.0129,U,55,226
D,478319,17,dispense,0.0203,U,55,227
D,478412,17,dispense,0.0297,U,55,227
D,478508,17,dispense,0.0396,U,55,227
D,478604,17,dispense,0.0511,U,55,228
D,478700,17,dispense,0.0657,U,55,228
D,478796,17,dispense,0.0831,U,55,228
D,478892,17,dispense,0.1014,U,55,229
D,478988,17,dispense,0.1173,U,55,229
D,479083,17,dispense,0.1263,U,55,229
D,479179,17,dispense,0.1250,U,55,230
D,479275,17,dispense,0.1148,U,55,230
D,479369,17,dispense,0.1032,U,55,230
D,479465,17,dispense,0.0980,U,55,231
D,479561,17,dispense,0.1023,U,55,231
D,479656,17,dispense,0.1145,U,55,231
D,479752,17,dispense,0.1328,U,55,232
D,479848,17,dispense,0.1559,U,55,232
D,479944,17,dispense,0.1802,U,55,232
D,480040,17,dispense,0.2003,U,55,233
D,480136,17,dispense,0.2126,U,55,233
D,480230,17,dispense,0.2162,U,55,233
D,480325,17,dispense,0.2129,U,55,234
D,480421,17,dispense,0.2062,U,55,234
D,480517,17,dispense,0.2013,U,55,234
D,480613,17,dispense,0.2021,U,55,235
D,480709,17,dispense,0.2080,U,55,235
D,480805,17,dispense,0.2164,U,55,235
D,480900,17,dispense,0.2259,U,55,236
D,480996,17,dispense,0.2363,U,55,236
D,481090,17,dispense,0.2460,U,55,236
D,481186,17,dispense,0.2524,U,55,237
D,481282,17,dispense,0.2551,U,55,237
D,481378,17,dispense,0.2563,U,55,237
D,481473,17,dispense,0.2582,U,55,238
D,481570,17,dispense,0.2617,U,55,238
D,481665,17,dispense,0.2674,U,55,238
D,481761,17,dispense,0.2746,U,55,239
D,481857,17,dispense,0.2830,U,55,239
D,481953,17,dispense,0.2940,U,55,239
D,482047,17,dispense,0.3087,U,55,240
E,482052,TRIGGER 0.3087 g at t=5.26 s -- ALL STOP
D,482144,17,settle,0.3246,U,0,240
D,482238,17,settle,0.3368,U,0,240
D,482334,17,settle,0.3442,U,0,240
D,482430,17,settle,0.3492,U,0,240
D,482526,17,settle,0.3537,U,0,240
D,482622,17,settle,0.3566,U,0,240
D,482717,17,settle,0.3572,U,0,240
D,482813,17,settle,0.3571,U,0,240
D,482907,17,settle,0.3584,U,0,240
D,483003,17,settle,0.3609,U,0,240
D,483099,17,settle,0.3631,U,0,240
D,483195,17,settle,0.3642,U,0,240
D,483291,17,settle,0.3644,U,0,240
D,483386,17,settle,0.3645,U,0,240
D,483482,17,settle,0.3647,U,0,240
D,483578,17,settle,0.3648,U,0,240
D,483674,17,settle,0.3648,U,0,240
D,483768,17,settle,0.3647,U,0,240
D,483864,17,settle,0.3646,U,0,240
D,483960,17,settle,0.3645,U,0,240
D,484056,17,settle,0.3644,U,0,240
D,484151,17,settle,0.3644,U,0,240
D,484247,17,settle,0.3643,U,0,240
D,484343,17,settle,0.3642,U,0,240
D,484439,17,settle,0.3641,U,0,240
D,484535,17,settle,0.3640,U,0,240
D,484631,17,settle,0.3639,U,0,240
D,484724,17,settle,0.3639,U,0,240
D,484821,17,settle,0.3640,U,0,240
D,484916,17,settle,0.3640,S,0,240
D,485012,17,settle,0.3640,S,0,240
D,485108,17,settle,0.3639,S,0,240
D,485204,17,settle,0.3638,U,0,240
D,485300,17,settle,0.3637,U,0,240
D,485395,17,settle,0.3608,U,0,240
D,485491,17,settle,0.3609,U,0,240
D,485585,17,settle,0.3612,U,0,240
D,485681,17,settle,0.3613,U,0,240
D,485777,17,settle,0.3614,U,0,240
D,485873,17,settle,0.3614,U,0,240
D,485968,17,settle,0.3614,U,0,240
D,486064,17,settle,0.3613,S,0,240
D,486160,17,settle,0.3611,U,0,240
D,486256,17,settle,0.3609,U,0,240
D,486352,17,settle,0.3606,U,0,240
D,486448,17,settle,0.3576,U,0,240
D,486553,17,settle,0.3571,U,0,240
D,486733,17,settle,0.3553,U,0,240
D,486829,17,settle,0.3546,U,0,240
D,486925,17,settle,0.3543,U,0,240
D,487021,17,settle,0.3545,U,0,240
D,487117,17,settle,0.3547,U,0,240
D,487212,17,settle,0.3549,U,0,240
D,487308,17,settle,0.3549,U,0,240
D,487402,17,settle,0.3550,U,0,240
D,487498,17,settle,0.3550,U,0,240
D,487594,17,settle,0.3551,U,0,240
D,487690,17,settle,0.3552,U,0,240
D,487786,17,settle,0.3554,U,0,240
D,487881,17,settle,0.3556,U,0,240
D,487977,17,settle,0.3557,U,0,240
D,488073,17,settle,0.3558,U,0,240
D,488169,17,settle,0.3558,U,0,240
D,488263,17,settle,0.3558,U,0,240
D,488359,17,settle,0.3557,S,0,240
D,488455,17,settle,0.3556,U,0,240
D,488550,17,settle,0.3556,U,0,240
D,488646,17,settle,0.3555,U,0,240
D,488742,17,settle,0.3554,U,0,240
D,488838,17,settle,0.3553,U,0,240
D,488934,17,settle,0.3553,U,0,240
D,489030,17,settle,0.3552,U,0,240
D,489126,17,settle,0.3552,U,0,240
D,489219,17,settle,0.3553,S,0,240
D,489316,17,settle,0.3553,S,0,240
D,489411,17,settle,0.3553,S,0,240
D,489507,17,settle,0.3554,U,0,240
D,489603,17,settle,0.3554,U,0,240
D,489699,17,settle,0.3554,S,0,240
D,489795,17,settle,0.3552,U,0,240
D,489890,17,settle,0.3550,U,0,240
D,489986,17,settle,0.3550,U,0,240
D,490080,17,settle,0.3549,U,0,240
P,494002,17,55.0,3,settled,0.3497
D,494098,17,settle,0.3497,S,0,240
D,494193,17,settle,0.3498,S,0,240
D,494289,17,settle,0.3500,U,0,240
D,494385,17,settle,0.3502,U,0,240
D,494481,17,settle,0.3504,U,0,240
D,494575,17,settle,0.3506,U,0,240
D,494671,17,settle,0.3508,U,0,240
D,494766,17,settle,0.3510,U,0,240
D,494862,17,settle,0.3512,U,0,240
D,494958,17,settle,0.3513,U,0,240
D,495054,17,settle,0.3514,U,0,240
D,495150,17,settle,0.3515,U,0,240
D,495246,17,settle,0.3514,U,0,240
D,495342,17,settle,0.3514,U,0,240
D,495437,17,settle,0.3513,U,0,240
D,495531,17,settle,0.3514,S,0,240
D,495627,17,settle,0.3514,S,0,240
D,495723,17,settle,0.3515,U,0,240
D,495819,17,settle,0.3516,U,0,240
D,495915,17,settle,0.3516,U,0,240
D,496010,17,settle,0.3516,U,0,240
D,496106,17,settle,0.3516,U,0,240
D,496202,17,settle,0.3515,S,0,240
D,496298,17,settle,0.3515,S,0,240
D,496392,17,settle,0.3514,U,0,240
D,496488,17,settle,0.3513,U,0,240
D,496584,17,settle,0.3512,U,0,240
D,496680,17,settle,0.3511,U,0,240
D,496775,17,settle,0.3511,U,0,240
D,496871,17,settle,0.3509,U,0,240
D,496967,17,settle,0.3509,U,0,240
P,497444,17,55.0,3,settled2,0.3509
R,17,C6,55.0,3,55,0.30,rot,0.3087,5.30,0.3497,0.3509,0.3497,11.1016,18,ok
E,497452,=== trial 18 : C6 tilt 70.0 rep 3 rpm 55 halt 0.30 mode rot (cum 11.10 g) ===
P,503281,18,70.0,3,tare0,0.0000
D,503375,18,preroll,0.0000,S,0,240
D,503471,18,preroll,0.0000,S,0,240
D,503565,18,preroll,0.0000,S,0,240
D,503661,18,preroll,0.0000,S,0,240
D,503756,18,preroll,0.0000,S,0,240
D,503852,18,preroll,0.0000,S,0,240
D,503948,18,preroll,0.0000,S,0,240
D,504044,18,preroll,0.0000,S,0,240
D,504140,18,preroll,0.0000,S,0,240
D,504236,18,preroll,0.0000,S,0,240
D,504331,18,preroll,0.0000,S,0,240
D,504425,18,preroll,0.0000,S,0,240
D,504521,18,preroll,0.0000,S,0,240
D,504617,18,preroll,0.0000,S,0,240
D,504713,18,preroll,0.0000,S,0,240
D,504809,18,preroll,0.0000,S,0,240
E,504874,dispense start: mode rot rpm 55
D,504905,18,dispense,0.0000,S,55,240
D,505001,18,dispense,0.0000,S,55,240
D,505097,18,dispense,0.0000,S,55,240
D,505192,18,dispense,0.0000,S,55,241
D,505288,18,dispense,0.0004,U,55,241
D,505381,18,dispense,0.0005,U,55,241
D,505477,18,dispense,0.0080,U,55,242
D,505573,18,dispense,0.0167,U,55,242
D,505669,18,dispense,0.0268,U,55,242
D,505764,18,dispense,0.0348,U,55,243
D,505860,18,dispense,0.0388,U,55,243
D,505956,18,dispense,0.0389,U,55,243
D,506052,18,dispense,0.0365,U,55,244
D,506148,18,dispense,0.0341,U,55,244
D,506242,18,dispense,0.0343,U,55,244
D,506337,18,dispense,0.0373,U,55,245
D,506433,18,dispense,0.0391,U,55,245
D,506529,18,dispense,0.0439,U,55,245
D,506625,18,dispense,0.0489,U,55,246
D,506721,18,dispense,0.0583,U,55,246
D,506817,18,dispense,0.0696,U,55,246
D,506912,18,dispense,0.0756,U,55,247
D,507008,18,dispense,0.0726,U,55,247
D,507104,18,dispense,0.0644,U,55,247
D,507198,18,dispense,0.0582,U,55,248
D,507294,18,dispense,0.0576,U,55,248
D,507390,18,dispense,0.0614,U,55,248
D,507486,18,dispense,0.0669,U,55,249
D,507581,18,dispense,0.0721,U,55,249
D,507677,18,dispense,0.0772,U,55,249
D,507773,18,dispense,0.0828,U,55,250
D,507869,18,dispense,0.0889,U,55,250
D,507965,18,dispense,0.0939,U,55,250
D,508059,18,dispense,0.0953,U,55,251
D,508154,18,dispense,0.0928,U,55,251
D,508250,18,dispense,0.0888,U,55,251
D,508346,18,dispense,0.0865,U,55,252
D,508442,18,dispense,0.0872,U,55,252
D,508538,18,dispense,0.0894,U,55,252
D,508634,18,dispense,0.0910,U,55,253
D,508730,18,dispense,0.0921,U,55,253
D,508825,18,dispense,0.0961,U,55,253
D,508919,18,dispense,0.1061,U,55,254
D,509015,18,dispense,0.1201,U,55,254
D,509111,18,dispense,0.1314,U,55,254
D,509207,18,dispense,0.1342,U,55,255
D,509303,18,dispense,0.1292,U,55,255
D,509398,18,dispense,0.1225,U,55,255
D,509494,18,dispense,0.1190,U,55,256
D,509590,18,dispense,0.1198,U,55,256
D,509686,18,dispense,0.1250,U,55,256
D,509782,18,dispense,0.1358,U,55,257
D,509876,18,dispense,0.1509,U,55,257
D,509971,18,dispense,0.1657,U,55,257
D,510067,18,dispense,0.1753,U,55,258
D,510163,18,dispense,0.1788,U,55,258
D,510259,18,dispense,0.1799,U,55,258
D,510355,18,dispense,0.1837,U,55,259
D,510451,18,dispense,0.1912,U,55,259
D,510547,18,dispense,0.1975,U,55,259
D,510642,18,dispense,0.1973,U,55,260
D,510736,18,dispense,0.1918,U,55,260
D,510840,18,dispense,0.1885,U,55,260
D,511024,18,dispense,0.2014,U,55,261
D,511120,18,dispense,0.2100,U,55,261
D,511215,18,dispense,0.2146,U,55,261
D,511311,18,dispense,0.2151,U,55,262
D,511407,18,dispense,0.2127,U,55,262
D,511503,18,dispense,0.2099,U,55,262
D,511599,18,dispense,0.2092,U,55,263
D,511693,18,dispense,0.2122,U,55,263
D,511789,18,dispense,0.2152,U,55,263
D,511884,18,dispense,0.2255,U,55,264
D,511980,18,dispense,0.2333,U,55,264
D,512076,18,dispense,0.2411,U,55,264
D,512172,18,dispense,0.2479,U,55,265
D,512268,18,dispense,0.2523,U,55,265
D,512364,18,dispense,0.2529,U,55,265
D,512459,18,dispense,0.2488,U,55,266
D,512553,18,dispense,0.2411,U,55,266
D,512649,18,dispense,0.2329,U,55,266
D,512745,18,dispense,0.2284,U,55,267
D,512841,18,dispense,0.2303,U,55,267
D,512937,18,dispense,0.2390,U,55,267
D,513033,18,dispense,0.2535,U,55,268
D,513128,18,dispense,0.2711,U,55,268
D,513224,18,dispense,0.2871,U,55,268
D,513320,18,dispense,0.2973,U,55,269
D,513414,18,dispense,0.2995,U,55,269
D,513510,18,dispense,0.2947,U,55,269
D,513606,18,dispense,0.2859,U,55,270
D,513701,18,dispense,0.2775,U,55,270
D,513797,18,dispense,0.2749,U,55,270
D,513893,18,dispense,0.2815,U,55,271
D,513989,18,dispense,0.2961,U,55,271
D,514085,18,dispense,0.3124,U,55,271
E,514090,TRIGGER 0.3124 g at t=9.12 s -- ALL STOP
D,514182,18,settle,0.3240,U,0,271
D,514277,18,settle,0.3279,U,0,271
D,514370,18,settle,0.3265,U,0,271
D,514466,18,settle,0.3242,U,0,271
D,514562,18,settle,0.3239,U,0,271
D,514658,18,settle,0.3260,U,0,271
D,514754,18,settle,0.3298,U,0,271
D,514850,18,settle,0.3345,U,0,271
D,514945,18,settle,0.3395,U,0,271
D,515041,18,settle,0.3437,U,0,271
D,515137,18,settle,0.3464,U,0,271
D,515231,18,settle,0.3473,U,0,271
D,515327,18,settle,0.3473,U,0,271
D,515423,18,settle,0.3469,U,0,271
D,515519,18,settle,0.3468,U,0,271
D,515615,18,settle,0.3468,U,0,271
D,515710,18,settle,0.3470,U,0,271
D,515806,18,settle,0.3471,U,0,271
D,515902,18,settle,0.3472,U,0,271
D,515998,18,settle,0.3473,U,0,271
D,516092,18,settle,0.3474,U,0,271
D,516188,18,settle,0.3475,U,0,271
D,516284,18,settle,0.3476,U,0,271
D,516379,18,settle,0.3477,U,0,271
D,516475,18,settle,0.3477,U,0,271
D,516571,18,settle,0.3476,U,0,271
D,516667,18,settle,0.3475,U,0,271
D,516763,18,settle,0.3474,U,0,271
D,516859,18,settle,0.3473,U,0,271
D,516955,18,settle,0.3472,U,0,271
D,517049,18,settle,0.3471,U,0,271
D,517144,18,settle,0.3471,U,0,271
D,517240,18,settle,0.3470,U,0,271
D,517336,18,settle,0.3470,U,0,271
D,517432,18,settle,0.3469,U,0,271
D,517528,18,settle,0.3469,U,0,271
D,517624,18,settle,0.3469,U,0,271
D,517719,18,settle,0.3468,U,0,271
D,517815,18,settle,0.3467,U,0,271
D,517909,18,settle,0.3467,U,0,271
D,518005,18,settle,0.3466,U,0,271
D,518101,18,settle,0.3466,U,0,271
D,518197,18,settle,0.3466,U,0,271
D,518293,18,settle,0.3465,U,0,271
D,518388,18,settle,0.3465,U,0,271
D,518484,18,settle,0.3465,S,0,271
D,518580,18,settle,0.3465,S,0,271
D,518676,18,settle,0.3465,S,0,271
D,518772,18,settle,0.3465,S,0,271
D,518866,18,settle,0.3466,S,0,271
D,518962,18,settle,0.3466,S,0,271
D,519057,18,settle,0.3466,S,0,271
D,519153,18,settle,0.3466,S,0,271
D,519249,18,settle,0.3466,S,0,271
D,519345,18,settle,0.3466,S,0,271
D,519441,18,settle,0.3466,S,0,271
D,519537,18,settle,0.3466,S,0,271
D,519632,18,settle,0.3467,S,0,271
D,519726,18,settle,0.3467,S,0,271
D,519822,18,settle,0.3467,S,0,271
D,519918,18,settle,0.3467,S,0,271
D,520014,18,settle,0.3468,U,0,271
D,520110,18,settle,0.3470,U,0,271
D,520205,18,settle,0.3471,U,0,271
D,520301,18,settle,0.3472,U,0,271
D,520397,18,settle,0.3473,U,0,271
D,520493,18,settle,0.3474,U,0,271
D,520587,18,settle,0.3476,U,0,271
D,520683,18,settle,0.3477,U,0,271
D,520778,18,settle,0.3478,U,0,271
D,520874,18,settle,0.3478,U,0,271
D,520970,18,settle,0.3479,U,0,271
D,521066,18,settle,0.3480,U,0,271
D,521162,18,settle,0.3482,U,0,271
D,521270,18,settle,0.3483,U,0,271
D,521449,18,settle,0.3484,U,0,271
D,521543,18,settle,0.3484,U,0,271
D,521639,18,settle,0.3484,U,0,271
D,521735,18,settle,0.3484,S,0,271
D,521831,18,settle,0.3484,S,0,271
D,521927,18,settle,0.3485,S,0,271
D,522023,18,settle,0.3485,S,0,271
D,522118,18,settle,0.3485,S,0,271
P,522215,18,70.0,3,settled,0.3484
D,522310,18,settle,0.3484,S,0,271
D,522404,18,settle,0.3483,U,0,271
D,522500,18,settle,0.3483,U,0,271
D,522596,18,settle,0.3483,U,0,271
D,522691,18,settle,0.3483,S,0,271
D,522787,18,settle,0.3483,S,0,271
D,522883,18,settle,0.3482,S,0,271
D,522979,18,settle,0.3482,S,0,271
D,523075,18,settle,0.3482,S,0,271
D,523171,18,settle,0.3482,S,0,271
D,523267,18,settle,0.3482,S,0,271
D,523361,18,settle,0.3482,S,0,271
D,523456,18,settle,0.3482,S,0,271
D,523552,18,settle,0.3482,S,0,271
D,523648,18,settle,0.3483,S,0,271
D,523744,18,settle,0.3483,S,0,271
D,523840,18,settle,0.3483,S,0,271
D,523936,18,settle,0.3483,S,0,271
D,524032,18,settle,0.3483,S,0,271
D,524127,18,settle,0.3483,S,0,271
D,524221,18,settle,0.3483,S,0,271
D,524317,18,settle,0.3483,S,0,271
D,524413,18,settle,0.3484,S,0,271
D,524508,18,settle,0.3487,U,0,271
D,524604,18,settle,0.3488,U,0,271
D,524700,18,settle,0.3489,U,0,271
D,524796,18,settle,0.3490,U,0,271
D,524892,18,settle,0.3491,U,0,271
D,524988,18,settle,0.3493,U,0,271
D,525082,18,settle,0.3494,U,0,271
D,525177,18,settle,0.3495,U,0,271
P,527570,18,70.0,3,settled2,0.3517
R,18,C6,70.0,3,55,0.30,rot,0.3124,9.22,0.3484,0.3517,0.3484,11.4500,31,ok
E,527578,=== trial 19 : C6 tilt 70.0 rep 3 rpm 55 halt 0.60 mode rot (cum 11.45 g) ===
P,530543,19,70.0,3,tare0,0.0002
D,530635,19,preroll,0.0002,S,0,271
D,530725,19,preroll,0.0002,S,0,271
D,530820,19,preroll,0.0001,S,0,271
D,530916,19,preroll,-0.0010,U,0,271
D,531012,19,preroll,0.0001,U,0,271
D,531108,19,preroll,0.0006,U,0,271
D,531203,19,preroll,0.0011,U,0,271
D,531299,19,preroll,0.0013,U,0,271
D,531393,19,preroll,0.0013,U,0,271
D,531489,19,preroll,0.0012,U,0,271
D,531585,19,preroll,0.0011,U,0,271
D,531681,19,preroll,0.0011,U,0,271
D,531777,19,preroll,0.0010,U,0,271
D,531872,19,preroll,0.0010,U,0,271
D,531968,19,preroll,0.0010,U,0,271
D,532064,19,preroll,0.0010,S,0,271
E,532129,dispense start: mode rot rpm 55
D,532160,19,dispense,0.0010,S,55,271
D,532256,19,dispense,0.0010,S,55,271
D,532350,19,dispense,0.0009,S,55,271
D,532446,19,dispense,0.0008,U,55,272
D,532541,19,dispense,0.0007,U,55,272
D,532637,19,dispense,0.0006,U,55,272
D,532733,19,dispense,0.0005,U,55,273
D,532829,19,dispense,0.0003,U,55,273
D,532924,19,dispense,-0.0080,U,55,273
D,533020,19,dispense,-0.0145,U,55,274
D,533116,19,dispense,-0.0215,U,55,274
D,533210,19,dispense,-0.0260,U,55,274
D,533306,19,dispense,-0.0254,U,55,275
D,533402,19,dispense,-0.0196,U,55,275
D,533497,19,dispense,-0.0107,U,55,275
D,533594,19,dispense,-0.0009,U,55,276
D,533689,19,dispense,0.0085,U,55,276
D,533785,19,dispense,0.0172,U,55,276
D,533881,19,dispense,0.0242,U,55,277
D,533977,19,dispense,0.0277,U,55,277
D,534071,19,dispense,0.0266,U,55,277
D,534167,19,dispense,0.0222,U,55,278
D,534262,19,dispense,0.0183,U,55,278
D,534358,19,dispense,0.0197,U,55,278
D,534551,19,dispense,0.0411,U,55,279
D,534646,19,dispense,0.0500,U,55,279
D,534741,19,dispense,0.0500,U,55,279
D,534837,19,dispense,0.0426,U,55,280
D,534933,19,dispense,0.0352,U,55,280
D,535027,19,dispense,0.0344,U,55,280
D,535123,19,dispense,0.0406,U,55,281
D,535219,19,dispense,0.0509,U,55,281
D,535315,19,dispense,0.0629,U,55,281
D,535410,19,dispense,0.0762,U,55,282
D,535506,19,dispense,0.0895,U,55,282
D,535602,19,dispense,0.0996,U,55,282
D,535698,19,dispense,0.1035,U,55,283
D,535794,19,dispense,0.1010,U,55,283
D,535888,19,dispense,0.0945,U,55,283
D,535983,19,dispense,0.0864,U,55,284
D,536080,19,dispense,0.0791,U,55,284
D,536175,19,dispense,0.0747,U,55,284
D,536271,19,dispense,0.0731,U,55,285
D,536367,19,dispense,0.0721,U,55,285
D,536463,19,dispense,0.0701,U,55,285
D,536559,19,dispense,0.0685,U,55,286
D,536655,19,dispense,0.0708,U,55,286
D,536748,19,dispense,0.0786,U,55,286
D,536844,19,dispense,0.0892,U,55,287
D,536940,19,dispense,0.0974,U,55,287
D,537036,19,dispense,0.1012,U,55,287
D,537132,19,dispense,0.1035,U,55,288
D,537228,19,dispense,0.1089,U,55,288
D,537323,19,dispense,0.1181,U,55,288
D,537419,19,dispense,0.1282,U,55,289
D,537515,19,dispense,0.1364,U,55,289
D,537611,19,dispense,0.1417,U,55,289
D,537705,19,dispense,0.1442,U,55,290
D,537801,19,dispense,0.1441,U,55,290
D,537896,19,dispense,0.1426,U,55,290
D,537992,19,dispense,0.1416,U,55,291
D,538088,19,dispense,0.1426,U,55,291
D,538184,19,dispense,0.1447,U,55,291
D,538280,19,dispense,0.1451,U,55,292
D,538376,19,dispense,0.1446,U,55,292
D,538472,19,dispense,0.1436,U,55,292
D,538565,19,dispense,0.1432,U,55,293
D,538661,19,dispense,0.1444,U,55,293
D,538757,19,dispense,0.1653,U,55,293
D,538853,19,dispense,0.1828,U,55,294
D,538949,19,dispense,0.1988,U,55,294
D,539045,19,dispense,0.2102,U,55,294
D,539141,19,dispense,0.2156,U,55,295
D,539236,19,dispense,0.2148,U,55,295
D,539332,19,dispense,0.2109,U,55,295
D,539428,19,dispense,0.2086,U,55,296
D,539522,19,dispense,0.2096,U,55,296
D,539618,19,dispense,0.2121,U,55,296
D,539714,19,dispense,0.2125,U,55,297
D,539809,19,dispense,0.2127,U,55,297
D,539905,19,dispense,0.2150,U,55,297
D,540001,19,dispense,0.2205,U,55,298
D,540097,19,dispense,0.2273,U,55,298
D,540193,19,dispense,0.2319,U,55,298
D,540289,19,dispense,0.2318,U,55,299
D,540382,19,dispense,0.2273,U,55,299
D,540478,19,dispense,0.2197,U,55,299
D,540574,19,dispense,0.2111,U,55,300
D,540670,19,dispense,0.2045,U,55,300
D,540766,19,dispense,0.2037,U,55,300
D,540862,19,dispense,0.2105,U,55,301
D,540958,19,dispense,0.2232,U,55,301
D,541053,19,dispense,0.2364,U,55,301
D,541149,19,dispense,0.2452,U,55,302
D,541243,19,dispense,0.2480,U,55,302
D,541339,19,dispense,0.2471,U,55,302
D,541435,19,dispense,0.2465,U,55,303
D,541531,19,dispense,0.2483,U,55,303
D,541626,19,dispense,0.2523,U,55,303
D,541722,19,dispense,0.2578,U,55,304
D,541818,19,dispense,0.2650,U,55,304
D,541914,19,dispense,0.2739,U,55,304
D,542010,19,dispense,0.2836,U,55,305
D,542106,19,dispense,0.2927,U,55,305
D,542200,19,dispense,0.3002,U,55,305
D,542295,19,dispense,0.3062,U,55,306
D,542391,19,dispense,0.3109,U,55,306
D,542495,19,dispense,0.3141,U,55,306
D,542679,19,dispense,0.3147,U,55,307
D,542775,19,dispense,0.3131,U,55,307
D,542870,19,dispense,0.3119,U,55,307
D,542966,19,dispense,0.3119,U,55,308
D,543060,19,dispense,0.3127,U,55,308
D,543156,19,dispense,0.3140,U,55,308
D,543252,19,dispense,0.3195,U,55,309
D,543348,19,dispense,0.3206,U,55,309
D,543443,19,dispense,0.3195,U,55,309
D,543539,19,dispense,0.3179,U,55,310
D,543635,19,dispense,0.3183,U,55,310
D,543731,19,dispense,0.3220,U,55,310
D,543827,19,dispense,0.3285,U,55,311
D,543923,19,dispense,0.3373,U,55,311
D,544017,19,dispense,0.3475,U,55,311
D,544112,19,dispense,0.3581,U,55,312
D,544208,19,dispense,0.3690,U,55,312
D,544304,19,dispense,0.3814,U,55,312
D,544400,19,dispense,0.3958,U,55,313
D,544496,19,dispense,0.4103,U,55,313
D,544592,19,dispense,0.4216,U,55,313
D,544687,19,dispense,0.4281,U,55,314
D,544783,19,dispense,0.4312,U,55,314
D,544877,19,dispense,0.4328,U,55,314
D,544973,19,dispense,0.4338,U,55,315
D,545069,19,dispense,0.4339,U,55,315
D,545165,19,dispense,0.4336,U,55,315
D,545261,19,dispense,0.4339,U,55,316
D,545356,19,dispense,0.4355,U,55,316
D,545452,19,dispense,0.4390,U,55,316
D,545548,19,dispense,0.4440,U,55,317
D,545644,19,dispense,0.4495,U,55,317
D,545738,19,dispense,0.4534,U,55,317
D,545834,19,dispense,0.4550,U,55,318
D,545929,19,dispense,0.4551,U,55,318
D,546025,19,dispense,0.4558,U,55,318
D,546121,19,dispense,0.4582,U,55,319
D,546217,19,dispense,0.4622,U,55,319
D,546313,19,dispense,0.4663,U,55,319
D,546409,19,dispense,0.4700,U,55,320
D,546504,19,dispense,0.4738,U,55,320
D,546600,19,dispense,0.4786,U,55,320
D,546694,19,dispense,0.4847,U,55,321
D,546790,19,dispense,0.4909,U,55,321
D,546886,19,dispense,0.4954,U,55,321
D,546982,19,dispense,0.4980,U,55,322
D,547078,19,dispense,0.5002,U,55,322
D,547173,19,dispense,0.5032,U,55,322
D,547269,19,dispense,0.5068,U,55,323
D,547365,19,dispense,0.5104,U,55,323
D,547461,19,dispense,0.5141,U,55,323
D,547555,19,dispense,0.5180,U,55,324
D,547651,19,dispense,0.5220,U,55,324
D,547746,19,dispense,0.5266,U,55,324
D,547843,19,dispense,0.5321,U,55,325
D,547938,19,dispense,0.5383,U,55,325
D,548034,19,dispense,0.5446,U,55,325
D,548130,19,dispense,0.5508,U,55,326
D,548226,19,dispense,0.5560,U,55,326
D,548322,19,dispense,0.5586,U,55,326
D,548415,19,dispense,0.5568,U,55,327
D,548511,19,dispense,0.5514,U,55,327
D,548607,19,dispense,0.5457,U,55,327
D,548703,19,dispense,0.5437,U,55,328
D,548799,19,dispense,0.5470,U,55,328
D,548895,19,dispense,0.5542,U,55,328
D,548990,19,dispense,0.5625,U,55,329
D,549087,19,dispense,0.5700,U,55,329
D,549182,19,dispense,0.5754,U,55,329
D,549278,19,dispense,0.5788,U,55,330
D,549372,19,dispense,0.5806,U,55,330
D,549468,19,dispense,0.5821,U,55,330
D,549564,19,dispense,0.5847,U,55,331
D,549659,19,dispense,0.5905,U,55,331
D,549756,19,dispense,0.6015,U,55,331
E,549761,TRIGGER 0.6015 g at t=17.53 s -- ALL STOP
D,549853,19,settle,0.6176,U,0,331
D,549947,19,settle,0.6349,U,0,331
D,550043,19,settle,0.6475,U,0,331
D,550139,19,settle,0.6523,U,0,331
D,550232,19,settle,0.6506,U,0,331
D,550329,19,settle,0.6469,U,0,331
D,550424,19,settle,0.6447,U,0,331
D,550520,19,settle,0.6447,U,0,331
D,550616,19,settle,0.6458,U,0,331
D,550712,19,settle,0.6468,U,0,331
D,550820,19,settle,0.6473,U,0,331
D,550999,19,settle,0.6471,U,0,331
D,551095,19,settle,0.6470,U,0,331
D,551189,19,settle,0.6468,U,0,331
D,551285,19,settle,0.6466,U,0,331
D,551381,19,settle,0.6464,U,0,331
D,551477,19,settle,0.6462,U,0,331
D,551573,19,settle,0.6460,U,0,331
D,551668,19,settle,0.6459,U,0,331
D,551764,19,settle,0.6458,U,0,331
D,551860,19,settle,0.6457,U,0,331
D,551956,19,settle,0.6456,U,0,331
D,552050,19,settle,0.6456,U,0,331
D,552146,19,settle,0.6456,U,0,331
D,552242,19,settle,0.6456,U,0,331
D,552337,19,settle,0.6457,S,0,331
D,552433,19,settle,0.6457,S,0,331
D,552529,19,settle,0.6457,S,0,331
D,552625,19,settle,0.6456,S,0,331
D,552721,19,settle,0.6455,U,0,331
D,552817,19,settle,0.6454,U,0,331
D,552911,19,settle,0.6453,U,0,331
D,553006,19,settle,0.6452,U,0,331
D,553102,19,settle,0.6452,U,0,331
D,553198,19,settle,0.6451,U,0,331
D,553294,19,settle,0.6452,U,0,331
D,553390,19,settle,0.6452,S,0,331
D,553486,19,settle,0.6453,U,0,331
D,553582,19,settle,0.6454,U,0,331
D,553677,19,settle,0.6455,U,0,331
D,553773,19,settle,0.6456,U,0,331
D,553867,19,settle,0.6457,U,0,331
D,553963,19,settle,0.6457,U,0,331
D,554059,19,settle,0.6457,U,0,331
D,554155,19,settle,0.6457,U,0,331
D,554251,19,settle,0.6458,U,0,331
D,554347,19,settle,0.6458,S,0,331
D,554442,19,settle,0.6458,S,0,331
D,554538,19,settle,0.6458,S,0,331
D,554634,19,settle,0.6460,U,0,331
D,554728,19,settle,0.6461,U,0,331
D,554824,19,settle,0.6461,U,0,331
D,554919,19,settle,0.6462,U,0,331
D,555015,19,settle,0.6463,U,0,331
D,555111,19,settle,0.6463,U,0,331
D,555207,19,settle,0.6463,U,0,331
D,555303,19,settle,0.6462,S,0,331
D,555399,19,settle,0.6461,U,0,331
D,555494,19,settle,0.6460,U,0,331
D,555590,19,settle,0.6459,U,0,331
D,555684,19,settle,0.6459,U,0,331
D,555780,19,settle,0.6458,U,0,331
D,555876,19,settle,0.6458,U,0,331
D,555972,19,settle,0.6459,S,0,331
D,556068,19,settle,0.6459,S,0,331
D,556163,19,settle,0.6459,S,0,331
D,556259,19,settle,0.6459,S,0,331
D,556355,19,settle,0.6459,S,0,331
D,556451,19,settle,0.6459,S,0,331
D,556545,19,settle,0.6459,S,0,331
D,556641,19,settle,0.6459,S,0,331
D,556737,19,settle,0.6459,S,0,331
D,556832,19,settle,0.6458,S,0,331
D,556928,19,settle,0.6458,S,0,331
D,557024,19,settle,0.6458,S,0,331
D,557120,19,settle,0.6458,S,0,331
D,557216,19,settle,0.6458,S,0,331
D,557312,19,settle,0.6459,S,0,331
D,557406,19,settle,0.6459,S,0,331
D,557501,19,settle,0.6459,S,0,331
D,557597,19,settle,0.6459,S,0,331
D,557693,19,settle,0.6459,S,0,331
D,557789,19,settle,0.6459,S,0,331
P,557886,19,70.0,3,settled,0.6459
D,557981,19,settle,0.6459,S,0,331
D,558077,19,settle,0.6459,S,0,331
D,558172,19,settle,0.6459,S,0,331
D,558268,19,settle,0.6459,S,0,331
D,558362,19,settle,0.6459,S,0,331
D,558458,19,settle,0.6459,S,0,331
D,558553,19,settle,0.6462,U,0,331
D,558650,19,settle,0.6463,U,0,331
D,558745,19,settle,0.6463,U,0,331
D,558841,19,settle,0.6463,U,0,331
D,558937,19,settle,0.6463,U,0,331
D,559033,19,settle,0.6463,S,0,331
D,559129,19,settle,0.6463,S,0,331
D,559222,19,settle,0.6463,S,0,331
D,559318,19,settle,0.6463,S,0,331
D,559414,19,settle,0.6463,S,0,331
D,559510,19,settle,0.6463,S,0,331
D,559606,19,settle,0.6463,S,0,331
D,559702,19,settle,0.6463,S,0,331
D,559798,19,settle,0.6462,S,0,331
D,559893,19,settle,0.6462,S,0,331
D,559989,19,settle,0.6462,S,0,331
D,560085,19,settle,0.6462,S,0,331
D,560179,19,settle,0.6462,S,0,331
D,560275,19,settle,0.6462,S,0,331
D,560371,19,settle,0.6461,S,0,331
D,560467,19,settle,0.6458,U,0,331
D,560562,19,settle,0.6458,U,0,331
D,560658,19,settle,0.6458,U,0,331
D,560754,19,settle,0.6458,U,0,331
D,560850,19,settle,0.6458,U,0,331
P,560947,19,70.0,3,settled2,0.6458
R,19,C6,70.0,3,55,0.60,rot,0.6015,17.64,0.6459,0.6458,0.6459,12.0959,60,ok
E,560955,=== trial 20 : C6 tilt 70.0 rep 4 rpm 55 halt 0.60 mode rot (cum 12.10 g) ===
P,562768,20,70.0,4,tare0,0.0000
D,562860,20,preroll,0.0000,S,0,331
D,562953,20,preroll,0.0000,S,0,331
D,563048,20,preroll,0.0000,S,0,331
D,563144,20,preroll,0.0000,S,0,331
D,563240,20,preroll,0.0000,S,0,331
D,563336,20,preroll,0.0000,S,0,331
D,563432,20,preroll,0.0000,S,0,331
D,563528,20,preroll,0.0000,S,0,331
D,563624,20,preroll,0.0000,S,0,331
D,563717,20,preroll,0.0000,S,0,331
D,563813,20,preroll,0.0000,S,0,331
D,563909,20,preroll,0.0000,S,0,331
D,564005,20,preroll,0.0000,S,0,331
D,564101,20,preroll,0.0000,S,0,331
D,564197,20,preroll,0.0000,S,0,331
D,564293,20,preroll,0.0000,S,0,331
E,564358,dispense start: mode rot rpm 55
D,564389,20,dispense,0.0000,S,55,331
D,564493,20,dispense,0.0000,S,55,331
D,564586,20,dispense,0.0000,S,55,331
D,564676,20,dispense,0.0000,S,55,332
D,564770,20,dispense,0.0000,S,55,332
D,564866,20,dispense,0.0000,S,55,332
D,564962,20,dispense,0.0000,S,55,333
D,565057,20,dispense,0.0005,U,55,333
D,565153,20,dispense,0.0007,U,55,333
D,565248,20,dispense,0.0087,U,55,334
D,565344,20,dispense,0.0117,U,55,334
D,565440,20,dispense,0.0140,U,55,334
D,565534,20,dispense,0.0161,U,55,335
D,565630,20,dispense,0.0190,U,55,335
D,565725,20,dispense,0.0231,U,55,335
D,565821,20,dispense,0.0278,U,55,336
D,565917,20,dispense,0.0324,U,55,336
D,566013,20,dispense,0.0359,U,55,336
D,566109,20,dispense,0.0370,U,55,337
D,566205,20,dispense,0.0359,U,55,337
D,566301,20,dispense,0.0346,U,55,337
D,566395,20,dispense,0.0356,U,55,338
D,566490,20,dispense,0.0395,U,55,338
D,566586,20,dispense,0.0449,U,55,338
D,566682,20,dispense,0.0493,U,55,339
D,566778,20,dispense,0.0505,U,55,339
D,566874,20,dispense,0.0471,U,55,339
D,566969,20,dispense,0.0406,U,55,340
D,567065,20,dispense,0.0347,U,55,340
D,567161,20,dispense,0.0337,U,55,340
D,567257,20,dispense,0.0395,U,55,341
D,567351,20,dispense,0.0515,U,55,341
D,567447,20,dispense,0.0680,U,55,341
D,567542,20,dispense,0.0882,U,55,342
D,567639,20,dispense,0.1112,U,55,342
D,567734,20,dispense,0.1344,U,55,342
D,567830,20,dispense,0.1537,U,55,343
D,567926,20,dispense,0.1661,U,55,343
D,568022,20,dispense,0.1710,U,55,343
D,568118,20,dispense,0.1693,U,55,344
D,568212,20,dispense,0.1625,U,55,344
D,568307,20,dispense,0.1523,U,55,344
D,568403,20,dispense,0.1407,U,55,345
D,568499,20,dispense,0.1300,U,55,345
D,568595,20,dispense,0.1227,U,55,345
D,568691,20,dispense,0.1205,U,55,346
D,568787,20,dispense,0.1232,U,55,346
D,568882,20,dispense,0.1290,U,55,346
D,568978,20,dispense,0.1357,U,55,347
D,569072,20,dispense,0.1418,U,55,347
D,569168,20,dispense,0.1473,U,55,347
D,569264,20,dispense,0.1535,U,55,348
D,569360,20,dispense,0.1618,U,55,348
D,569455,20,dispense,0.1723,U,55,348
D,569551,20,dispense,0.1836,U,55,349
D,569647,20,dispense,0.1939,U,55,349
D,569743,20,dispense,0.2022,U,55,349
D,569839,20,dispense,0.2085,U,55,350
D,569935,20,dispense,0.2134,U,55,350
D,570028,20,dispense,0.2163,U,55,350
D,570124,20,dispense,0.2157,U,55,351
D,570220,20,dispense,0.2115,U,55,351
D,570316,20,dispense,0.2070,U,55,351
D,570412,20,dispense,0.2076,U,55,352
D,570508,20,dispense,0.2149,U,55,352
D,570604,20,dispense,0.2254,U,55,352
D,570699,20,dispense,0.2335,U,55,353
D,570795,20,dispense,0.2370,U,55,353
D,570889,20,dispense,0.2383,U,55,353
D,570985,20,dispense,0.2409,U,55,354
D,571081,20,dispense,0.2451,U,55,354
D,571177,20,dispense,0.2489,U,55,354
D,571273,20,dispense,0.2507,U,55,355
D,571369,20,dispense,0.2509,U,55,355
D,571464,20,dispense,0.2514,U,55,355
D,571560,20,dispense,0.2545,U,55,356
D,571656,20,dispense,0.2604,U,55,356
D,571752,20,dispense,0.2676,U,55,356
D,571846,20,dispense,0.2745,U,55,357
D,571941,20,dispense,0.2806,U,55,357
D,572037,20,dispense,0.2859,U,55,357
D,572133,20,dispense,0.2892,U,55,358
D,572229,20,dispense,0.2894,U,55,358
D,572325,20,dispense,0.2877,U,55,358
D,572421,20,dispense,0.2877,U,55,359
D,572525,20,dispense,0.2923,U,55,359
D,572618,20,dispense,0.3017,U,55,359
D,572814,20,dispense,0.3270,U,55,360
D,572907,20,dispense,0.3404,U,55,360
D,573000,20,dispense,0.3525,U,55,360
D,573091,20,dispense,0.3610,U,55,361
D,573186,20,dispense,0.3647,U,55,361
D,573281,20,dispense,0.3650,U,55,361
D,573377,20,dispense,0.3651,U,55,362
D,573473,20,dispense,0.3666,U,55,362
D,573567,20,dispense,0.3678,U,55,362
D,573663,20,dispense,0.3658,U,55,363
D,573759,20,dispense,0.3601,U,55,363
D,573854,20,dispense,0.3541,U,55,363
D,573950,20,dispense,0.3506,U,55,364
D,574046,20,dispense,0.3503,U,55,364
D,574142,20,dispense,0.3520,U,55,364
D,574238,20,dispense,0.3548,U,55,365
D,574334,20,dispense,0.3584,U,55,365
D,574430,20,dispense,0.3624,U,55,365
D,574523,20,dispense,0.3667,U,55,366
D,574619,20,dispense,0.3718,U,55,366
D,574715,20,dispense,0.3777,U,55,366
D,574811,20,dispense,0.3841,U,55,367
D,574907,20,dispense,0.3910,U,55,367
D,575003,20,dispense,0.3987,U,55,367
D,575098,20,dispense,0.4078,U,55,368
D,575194,20,dispense,0.4181,U,55,368
D,575290,20,dispense,0.4282,U,55,368
D,575384,20,dispense,0.4367,U,55,369
D,575480,20,dispense,0.4425,U,55,369
D,575576,20,dispense,0.4447,U,55,369
D,575671,20,dispense,0.4434,U,55,370
D,575767,20,dispense,0.4399,U,55,370
D,575863,20,dispense,0.4387,U,55,370
D,575959,20,dispense,0.4443,U,55,371
D,576055,20,dispense,0.4561,U,55,371
D,576151,20,dispense,0.4666,U,55,371
D,576247,20,dispense,0.4675,U,55,372
D,576340,20,dispense,0.4583,U,55,372
D,576436,20,dispense,0.4460,U,55,372
D,576532,20,dispense,0.4384,U,55,373
D,576628,20,dispense,0.4379,U,55,373
D,576724,20,dispense,0.4439,U,55,373
D,576820,20,dispense,0.4547,U,55,374
D,576915,20,dispense,0.4682,U,55,374
D,577011,20,dispense,0.4810,U,55,374
D,577107,20,dispense,0.4900,U,55,375
D,577201,20,dispense,0.4954,U,55,375
D,577297,20,dispense,0.4986,U,55,375
D,577393,20,dispense,0.5005,U,55,376
D,577489,20,dispense,0.5007,U,55,376
D,577584,20,dispense,0.4998,U,55,376
D,577680,20,dispense,0.4998,U,55,377
D,577776,20,dispense,0.5023,U,55,377
D,577872,20,dispense,0.5069,U,55,377
D,577968,20,dispense,0.5112,U,55,378
D,578062,20,dispense,0.5123,U,55,378
D,578157,20,dispense,0.5086,U,55,378
D,578253,20,dispense,0.5011,U,55,379
D,578349,20,dispense,0.4939,U,55,379
D,578445,20,dispense,0.4931,U,55,379
D,578541,20,dispense,0.5025,U,55,380
D,578637,20,dispense,0.5206,U,55,380
D,578732,20,dispense,0.5410,U,55,380
D,578828,20,dispense,0.5576,U,55,381
D,578924,20,dispense,0.5678,U,55,381
D,579018,20,dispense,0.5726,U,55,381
D,579114,20,dispense,0.5752,U,55,382
D,579210,20,dispense,0.5788,U,55,382
D,579306,20,dispense,0.5850,U,55,382
D,579401,20,dispense,0.5936,U,55,383
D,579497,20,dispense,0.6033,U,55,383
E,579502,TRIGGER 0.6033 g at t=15.05 s -- ALL STOP
D,579594,20,settle,0.6124,U,0,383
D,579689,20,settle,0.6198,U,0,383
D,579785,20,settle,0.6253,U,0,383
D,579879,20,settle,0.6290,U,0,383
D,579974,20,settle,0.6303,U,0,383
D,580070,20,settle,0.6287,U,0,383
D,580166,20,settle,0.6252,U,0,383
D,580262,20,settle,0.6223,U,0,383
D,580358,20,settle,0.6217,U,0,383
D,580454,20,settle,0.6230,U,0,383
D,580550,20,settle,0.6244,U,0,383
D,580645,20,settle,0.6249,U,0,383
D,580741,20,settle,0.6249,U,0,383
D,580835,20,settle,0.6248,U,0,383
D,580931,20,settle,0.6247,U,0,383
D,581032,20,settle,0.6246,U,0,383
D,581123,20,settle,0.6245,U,0,383
D,581219,20,settle,0.6244,U,0,383
D,581315,20,settle,0.6244,U,0,383
D,581410,20,settle,0.6244,U,0,383
D,581506,20,settle,0.6245,S,0,383
D,581602,20,settle,0.6246,U,0,383
D,581696,20,settle,0.6247,U,0,383
D,581792,20,settle,0.6249,U,0,383
D,581888,20,settle,0.6250,U,0,383
D,581983,20,settle,0.6252,U,0,383
D,582079,20,settle,0.6253,U,0,383
D,582175,20,settle,0.6254,U,0,383
D,582271,20,settle,0.6254,U,0,383
D,582367,20,settle,0.6254,U,0,383
D,582463,20,settle,0.6254,U,0,383
D,582557,20,settle,0.6255,U,0,383
D,582653,20,settle,0.6255,S,0,383
D,582749,20,settle,0.6256,U,0,383
D,582844,20,settle,0.6256,U,0,383
D,582940,20,settle,0.6256,U,0,383
D,583036,20,settle,0.6256,S,0,383
D,583132,20,settle,0.6256,S,0,383
D,583228,20,settle,0.6256,S,0,383
D,583324,20,settle,0.6256,S,0,383
D,583419,20,settle,0.6255,S,0,383
D,583513,20,settle,0.6254,U,0,383
D,583609,20,settle,0.6253,U,0,383
D,583705,20,settle,0.6251,U,0,383
D,583801,20,settle,0.6251,U,0,383
D,583897,20,settle,0.6249,U,0,383
D,583993,20,settle,0.6247,U,0,383
D,584088,20,settle,0.6247,U,0,383
D,584184,20,settle,0.6246,U,0,383
D,584280,20,settle,0.6246,U,0,383
D,584374,20,settle,0.6246,U,0,383
D,584470,20,settle,0.6246,S,0,383
D,584566,20,settle,0.6245,U,0,383
D,584661,20,settle,0.6245,S,0,383
D,584757,20,settle,0.6244,U,0,383
D,584853,20,settle,0.6245,S,0,383
D,584949,20,settle,0.6245,S,0,383
D,585045,20,settle,0.6246,U,0,383
D,585141,20,settle,0.6246,U,0,383
D,585234,20,settle,0.6247,U,0,383
D,585330,20,settle,0.6247,U,0,383
D,585426,20,settle,0.6247,U,0,383
D,585522,20,settle,0.6248,U,0,383
D,585618,20,settle,0.6249,U,0,383
D,585714,20,settle,0.6249,U,0,383
D,585810,20,settle,0.6250,U,0,383
D,585905,20,settle,0.6250,U,0,383
D,586001,20,settle,0.6250,U,0,383
D,586097,20,settle,0.6250,S,0,383
D,586191,20,settle,0.6250,S,0,383
D,586287,20,settle,0.6250,S,0,383
D,586383,20,settle,0.6250,S,0,383
D,586479,20,settle,0.6249,S,0,383
D,586575,20,settle,0.6249,S,0,383
D,586670,20,settle,0.6249,S,0,383
D,586766,20,settle,0.6249,S,0,383
D,586862,20,settle,0.6249,S,0,383
D,586958,20,settle,0.6249,S,0,383
D,587052,20,settle,0.6249,S,0,383
D,587148,20,settle,0.6248,S,0,383
D,587244,20,settle,0.6248,S,0,383
D,587339,20,settle,0.6248,S,0,383
D,587435,20,settle,0.6248,S,0,383
D,587531,20,settle,0.6248,S,0,383
P,588200,20,70.0,4,settled,0.6245
D,588296,20,settle,0.6245,S,0,383
D,588391,20,settle,0.6244,S,0,383
D,588487,20,settle,0.6243,U,0,383
D,588583,20,settle,0.6243,U,0,383
D,588679,20,settle,0.6242,U,0,383
D,588775,20,settle,0.6242,U,0,383
D,588869,20,settle,0.6241,U,0,383
D,588964,20,settle,0.6241,U,0,383
D,589060,20,settle,0.6241,U,0,383
D,589156,20,settle,0.6240,U,0,383
D,589252,20,settle,0.6240,U,0,383
D,589348,20,settle,0.6239,U,0,383
D,589444,20,settle,0.6239,U,0,383
D,589539,20,settle,0.6239,U,0,383
D,589635,20,settle,0.6238,U,0,383
D,589729,20,settle,0.6237,U,0,383
D,589825,20,settle,0.6236,U,0,383
D,589921,20,settle,0.6235,U,0,383
D,590017,20,settle,0.6235,U,0,383
D,590113,20,settle,0.6235,U,0,383
D,590208,20,settle,0.6235,U,0,383
D,590304,20,settle,0.6235,S,0,383
D,590400,20,settle,0.6236,S,0,383
D,590496,20,settle,0.6236,S,0,383
D,590592,20,settle,0.6237,U,0,383
D,590686,20,settle,0.6238,U,0,383
D,590781,20,settle,0.6239,U,0,383
D,590877,20,settle,0.6240,U,0,383
D,590973,20,settle,0.6240,U,0,383
D,591069,20,settle,0.6240,U,0,383
D,591165,20,settle,0.6241,U,0,383
P,592599,20,70.0,4,settled2,0.6249
R,20,C6,70.0,4,55,0.60,rot,0.6033,15.15,0.6245,0.6249,0.6245,12.7204,52,ok
E,592608,=== trial 21 : C6 tilt 70.0 rep 4 rpm 55 halt 0.30 mode rot (cum 12.72 g) ===
P,594422,21,70.0,4,tare0,0.0001
D,594514,21,preroll,0.0001,S,0,383
D,594607,21,preroll,0.0001,S,0,383
D,594703,21,preroll,0.0001,S,0,383
D,594799,21,preroll,0.0001,S,0,383
D,594895,21,preroll,0.0000,S,0,383
D,594991,21,preroll,0.0000,S,0,383
D,595087,21,preroll,0.0000,S,0,383
D,595180,21,preroll,0.0000,S,0,383
D,595280,21,preroll,0.0000,S,0,383
D,595372,21,preroll,0.0000,S,0,383
D,595468,21,preroll,0.0000,S,0,383
D,595564,21,preroll,0.0000,S,0,383
D,595660,21,preroll,0.0002,U,0,383
D,595756,21,preroll,0.0002,U,0,383
D,595851,21,preroll,0.0002,U,0,383
D,595947,21,preroll,0.0003,U,0,383
E,596012,dispense start: mode rot rpm 55
D,596042,21,dispense,0.0003,U,55,383
D,596137,21,dispense,0.0003,S,55,383
D,596233,21,dispense,0.0003,S,55,383
D,596329,21,dispense,0.0002,S,55,384
D,596424,21,dispense,0.0002,S,55,384
D,596520,21,dispense,0.0004,U,55,384
D,596616,21,dispense,0.0100,U,55,385
D,596711,21,dispense,0.0205,U,55,385
D,596807,21,dispense,0.0321,U,55,385
D,596903,21,dispense,0.0406,U,55,386
D,596997,21,dispense,0.0438,U,55,386
D,597093,21,dispense,0.0419,U,55,386
D,597189,21,dispense,0.0359,U,55,387
D,597285,21,dispense,0.0276,U,55,387
D,597380,21,dispense,0.0197,U,55,387
D,597476,21,dispense,0.0153,U,55,388
D,597572,21,dispense,0.0146,U,55,388
D,597668,21,dispense,0.0155,U,55,388
D,597764,21,dispense,0.0158,U,55,389
D,597858,21,dispense,0.0159,U,55,389
D,597953,21,dispense,0.0183,U,55,389
D,598049,21,dispense,0.0250,U,55,390
D,598145,21,dispense,0.0364,U,55,390
D,598241,21,dispense,0.0513,U,55,390
D,598337,21,dispense,0.0680,U,55,391
D,598433,21,dispense,0.0847,U,55,391
D,598528,21,dispense,0.0990,U,55,391
D,598625,21,dispense,0.1085,U,55,392
D,598718,21,dispense,0.1118,U,55,392
D,598814,21,dispense,0.1102,U,55,392
D,598910,21,dispense,0.1074,U,55,393
D,599006,21,dispense,0.1065,U,55,393
D,599102,21,dispense,0.1078,U,55,393
D,599197,21,dispense,0.1094,U,55,394
D,599293,21,dispense,0.1097,U,55,394
D,599389,21,dispense,0.1097,U,55,394
D,599485,21,dispense,0.1096,U,55,395
D,599581,21,dispense,0.1095,U,55,395
D,599675,21,dispense,0.1096,U,55,395
D,599771,21,dispense,0.1104,U,55,396
D,599867,21,dispense,0.1206,U,55,396
D,599962,21,dispense,0.1250,U,55,396
D,600058,21,dispense,0.1254,U,55,397
D,600154,21,dispense,0.1230,U,55,397
D,600250,21,dispense,0.1210,U,55,397
D,600346,21,dispense,0.1216,U,55,398
D,600441,21,dispense,0.1260,U,55,398
D,600535,21,dispense,0.1354,U,55,398
D,600631,21,dispense,0.1510,U,55,399
D,600727,21,dispense,0.1714,U,55,399
D,600823,21,dispense,0.1916,U,55,399
D,600919,21,dispense,0.2050,U,55,400
D,601014,21,dispense,0.2090,U,55,400
D,601110,21,dispense,0.2055,U,55,400
D,601206,21,dispense,0.1983,U,55,401
D,601302,21,dispense,0.1904,U,55,401
D,601396,21,dispense,0.1861,U,55,401
D,601492,21,dispense,0.1917,U,55,402
D,601588,21,dispense,0.2096,U,55,402
D,601684,21,dispense,0.2329,U,55,402
D,601779,21,dispense,0.2491,U,55,403
D,601875,21,dispense,0.2504,U,55,403
D,601971,21,dispense,0.2402,U,55,403
D,602067,21,dispense,0.2291,U,55,404
D,602163,21,dispense,0.2252,U,55,404
D,602258,21,dispense,0.2297,U,55,404
D,602353,21,dispense,0.2402,U,55,405
D,602448,21,dispense,0.2536,U,55,405
D,602544,21,dispense,0.2673,U,55,405
D,602640,21,dispense,0.2784,U,55,406
D,602736,21,dispense,0.2848,U,55,406
D,602832,21,dispense,0.2865,U,55,406
D,602928,21,dispense,0.2847,U,55,407
D,603023,21,dispense,0.2807,U,55,407
D,603119,21,dispense,0.2750,U,55,407
D,603213,21,dispense,0.2676,U,55,408
D,603309,21,dispense,0.2604,U,55,408
D,603405,21,dispense,0.2565,U,55,408
D,603508,21,dispense,0.2578,U,55,409
D,603600,21,dispense,0.2639,U,55,409
D,603693,21,dispense,0.2732,U,55,409
D,603788,21,dispense,0.2843,U,55,410
D,603884,21,dispense,0.2959,U,55,410
D,603980,21,dispense,0.3066,U,55,410
E,603985,TRIGGER 0.3066 g at t=7.88 s -- ALL STOP
D,604077,21,settle,0.3150,U,0,410
D,604169,21,settle,0.3199,U,0,410
D,604265,21,settle,0.3216,U,0,410
D,604361,21,settle,0.3211,U,0,410
D,604457,21,settle,0.3193,U,0,410
D,604553,21,settle,0.3176,U,0,410
D,604649,21,settle,0.3169,U,0,410
D,604745,21,settle,0.3175,U,0,410
D,604840,21,settle,0.3186,U,0,410
D,604936,21,settle,0.3198,U,0,410
D,605030,21,settle,0.3253,U,0,410
D,605126,21,settle,0.3260,U,0,410
D,605222,21,settle,0.3258,U,0,410
D,605318,21,settle,0.3255,U,0,410
D,605413,21,settle,0.3252,U,0,410
D,605509,21,settle,0.3251,U,0,410
D,605605,21,settle,0.3251,U,0,410
D,605701,21,settle,0.3252,U,0,410
D,605797,21,settle,0.3253,U,0,410
D,605891,21,settle,0.3254,U,0,410
D,605987,21,settle,0.3255,U,0,410
D,606083,21,settle,0.3256,U,0,410
D,606178,21,settle,0.3256,U,0,410
D,606274,21,settle,0.3257,U,0,410
D,606370,21,settle,0.3257,U,0,410
D,606466,21,settle,0.3258,U,0,410
D,606562,21,settle,0.3259,U,0,410
D,606658,21,settle,0.3259,U,0,410
D,606754,21,settle,0.3259,U,0,410
D,606848,21,settle,0.3260,U,0,410
D,606943,21,settle,0.3260,U,0,410
D,607039,21,settle,0.3260,S,0,410
D,607135,21,settle,0.3261,U,0,410
D,607231,21,settle,0.3261,U,0,410
D,607327,21,settle,0.3262,U,0,410
D,607423,21,settle,0.3263,U,0,410
D,607518,21,settle,0.3264,U,0,410
D,607614,21,settle,0.3265,U,0,410
D,607708,21,settle,0.3266,U,0,410
D,607804,21,settle,0.3267,U,0,410
D,607900,21,settle,0.3267,U,0,410
D,607996,21,settle,0.3268,U,0,410
D,608091,21,settle,0.3269,U,0,410
D,608188,21,settle,0.3270,U,0,410
D,608283,21,settle,0.3271,U,0,410
D,608379,21,settle,0.3271,U,0,410
D,608475,21,settle,0.3272,U,0,410
D,608569,21,settle,0.3272,U,0,410
D,608665,21,settle,0.3273,U,0,410
D,608760,21,settle,0.3274,U,0,410
D,608856,21,settle,0.3274,U,0,410
D,608952,21,settle,0.3275,U,0,410
D,609048,21,settle,0.3275,U,0,410
D,609144,21,settle,0.3275,U,0,410
D,609240,21,settle,0.3275,S,0,410
D,609335,21,settle,0.3275,S,0,410
D,609431,21,settle,0.3275,S,0,410
D,609525,21,settle,0.3275,S,0,410
D,609621,21,settle,0.3275,S,0,410
D,609717,21,settle,0.3275,S,0,410
D,609813,21,settle,0.3275,S,0,410
D,609909,21,settle,0.3275,S,0,410
D,610004,21,settle,0.3276,S,0,410
D,610100,21,settle,0.3276,S,0,410
D,610196,21,settle,0.3277,U,0,410
D,610292,21,settle,0.3278,U,0,410
D,610386,21,settle,0.3279,U,0,410
D,610482,21,settle,0.3279,U,0,410
D,610578,21,settle,0.3280,U,0,410
D,610673,21,settle,0.3280,U,0,410
D,610769,21,settle,0.3281,U,0,410
D,610865,21,settle,0.3281,U,0,410
D,610961,21,settle,0.3281,U,0,410
D,611057,21,settle,0.3282,U,0,410
D,611153,21,settle,0.3282,U,0,410
D,611248,21,settle,0.3283,U,0,410
D,611342,21,settle,0.3283,U,0,410
D,611438,21,settle,0.3283,U,0,410
D,611534,21,settle,0.3284,U,0,410
D,611630,21,settle,0.3284,U,0,410
D,611726,21,settle,0.3284,S,0,410
D,611821,21,settle,0.3284,S,0,410
D,611917,21,settle,0.3285,U,0,410
D,612013,21,settle,0.3285,S,0,410
P,612110,21,70.0,4,settled,0.3285
D,612203,21,settle,0.3286,U,0,410
D,612299,21,settle,0.3286,U,0,410
D,612395,21,settle,0.3287,U,0,410
D,612491,21,settle,0.3287,U,0,410
D,612586,21,settle,0.3288,U,0,410
D,612682,21,settle,0.3288,U,0,410
D,612778,21,settle,0.3288,U,0,410
D,612874,21,settle,0.3288,S,0,410
D,612970,21,settle,0.3289,U,0,410
D,613063,21,settle,0.3289,S,0,410
D,613159,21,settle,0.3290,U,0,410
D,613255,21,settle,0.3291,U,0,410
D,613351,21,settle,0.3292,U,0,410
D,613447,21,settle,0.3293,U,0,410
D,613543,21,settle,0.3294,U,0,410
D,613639,21,settle,0.3295,U,0,410
D,613734,21,settle,0.3295,U,0,410
D,613830,21,settle,0.3296,U,0,410
D,613926,21,settle,0.3297,U,0,410
D,614020,21,settle,0.3297,U,0,410
D,614116,21,settle,0.3298,U,0,410
D,614212,21,settle,0.3298,U,0,410
D,614307,21,settle,0.3297,S,0,410
D,614404,21,settle,0.3297,S,0,410
D,614499,21,settle,0.3297,S,0,410
D,614595,21,settle,0.3297,S,0,410
D,614691,21,settle,0.3298,S,0,410
D,614787,21,settle,0.3299,U,0,410
D,614881,21,settle,0.3300,U,0,410
D,614977,21,settle,0.3301,U,0,410
D,615072,21,settle,0.3302,U,0,410
P,615751,21,70.0,4,settled2,0.3304
R,21,C6,70.0,4,55,0.30,rot,0.3066,7.98,0.3285,0.3304,0.3285,13.0489,27,ok
E,615759,=== trial 22 : C6 tilt 55.0 rep 4 rpm 55 halt 0.30 mode rot (cum 13.05 g) ===
P,619572,22,55.0,4,tare0,-0.0002
D,619665,22,preroll,0.0022,U,0,410
D,619758,22,preroll,0.0025,U,0,410
D,619854,22,preroll,0.0026,U,0,410
D,619950,22,preroll,0.0027,U,0,410
D,620046,22,preroll,0.0028,U,0,410
D,620142,22,preroll,0.0029,U,0,410
D,620238,22,preroll,0.0029,U,0,410
D,620331,22,preroll,0.0030,U,0,410
D,620427,22,preroll,0.0030,U,0,410
D,620523,22,preroll,0.0031,U,0,410
D,620619,22,preroll,0.0031,U,0,410
D,620715,22,preroll,0.0031,U,0,410
D,620811,22,preroll,0.0031,S,0,410
D,620907,22,preroll,0.0031,S,0,410
D,621002,22,preroll,0.0031,S,0,410
D,621099,22,preroll,0.0031,S,0,410
E,621165,dispense start: mode rot rpm 55
D,621192,22,dispense,0.0031,S,55,410
D,621288,22,dispense,0.0030,S,55,410
D,621384,22,dispense,0.0030,S,55,410
D,621480,22,dispense,0.0030,S,55,411
D,621576,22,dispense,0.0029,U,55,411
D,621672,22,dispense,0.0029,U,55,411
D,621767,22,dispense,0.0028,U,55,412
D,621863,22,dispense,0.0027,U,55,412
D,621959,22,dispense,0.0027,U,55,412
D,622053,22,dispense,-0.0020,U,55,413
D,622149,22,dispense,-0.0040,U,55,413
D,622244,22,dispense,-0.0052,U,55,413
D,622341,22,dispense,-0.0044,U,55,414
D,622436,22,dispense,-0.0017,U,55,414
D,622532,22,dispense,0.0019,U,55,414
D,622628,22,dispense,0.0052,U,55,415
D,622723,22,dispense,0.0079,U,55,415
D,622819,22,dispense,0.0105,U,55,415
D,622915,22,dispense,0.0148,U,55,416
D,623009,22,dispense,0.0218,U,55,416
D,623105,22,dispense,0.0324,U,55,416
D,623201,22,dispense,0.0461,U,55,417
D,623297,22,dispense,0.0609,U,55,417
D,623392,22,dispense,0.0726,U,55,417
D,623488,22,dispense,0.0781,U,55,418
D,623584,22,dispense,0.0779,U,55,418
D,623680,22,dispense,0.0759,U,55,418
D,623776,22,dispense,0.0758,U,55,419
D,623870,22,dispense,0.0781,U,55,419
D,623965,22,dispense,0.0812,U,55,419
D,624061,22,dispense,0.0841,U,55,420
D,624157,22,dispense,0.0874,U,55,420
D,624253,22,dispense,0.0925,U,55,420
D,624349,22,dispense,0.1000,U,55,421
D,624445,22,dispense,0.1092,U,55,421
D,624541,22,dispense,0.1186,U,55,421
D,624636,22,dispense,0.1267,U,55,422
D,624730,22,dispense,0.1317,U,55,422
D,624826,22,dispense,0.1328,U,55,422
D,624922,22,dispense,0.1318,U,55,423
D,625018,22,dispense,0.1326,U,55,423
D,625114,22,dispense,0.1377,U,55,423
D,625210,22,dispense,0.1454,U,55,424
D,625305,22,dispense,0.1524,U,55,424
D,625401,22,dispense,0.1559,U,55,424
D,625497,22,dispense,0.1562,U,55,425
D,625593,22,dispense,0.1555,U,55,425
D,625687,22,dispense,0.1560,U,55,425
D,625783,22,dispense,0.1580,U,55,426
D,625878,22,dispense,0.1603,U,55,426
D,625974,22,dispense,0.1620,U,55,426
D,626070,22,dispense,0.1627,U,55,427
D,626166,22,dispense,0.1632,U,55,427
D,626262,22,dispense,0.1642,U,55,427
D,626358,22,dispense,0.1658,U,55,428
D,626453,22,dispense,0.1673,U,55,428
D,626558,22,dispense,0.1680,U,55,428
D,626739,22,dispense,0.1634,U,55,429
D,626835,22,dispense,0.1565,U,55,429
D,626931,22,dispense,0.1506,U,55,429
D,627027,22,dispense,0.1513,U,55,430
D,627122,22,dispense,0.1600,U,55,430
D,627218,22,dispense,0.1740,U,55,430
D,627314,22,dispense,0.1890,U,55,431
D,627410,22,dispense,0.2022,U,55,431
D,627504,22,dispense,0.2129,U,55,431
D,627600,22,dispense,0.2223,U,55,432
D,627695,22,dispense,0.2313,U,55,432
D,627791,22,dispense,0.2397,U,55,432
D,627887,22,dispense,0.2470,U,55,433
D,627983,22,dispense,0.2532,U,55,433
D,628079,22,dispense,0.2587,U,55,433
D,628175,22,dispense,0.2638,U,55,434
D,628271,22,dispense,0.2690,U,55,434
D,628364,22,dispense,0.2743,U,55,434
D,628460,22,dispense,0.2791,U,55,435
D,628556,22,dispense,0.2832,U,55,435
D,628652,22,dispense,0.2879,U,55,435
D,628748,22,dispense,0.2950,U,55,436
D,628844,22,dispense,0.3049,U,55,436
E,628849,TRIGGER 0.3049 g at t=7.59 s -- ALL STOP
D,628941,22,settle,0.3158,U,0,436
D,629035,22,settle,0.3253,U,0,436
D,629131,22,settle,0.3323,U,0,436
D,629225,22,settle,0.3360,U,0,436
D,629321,22,settle,0.3362,U,0,436
D,629417,22,settle,0.3332,U,0,436
D,629513,22,settle,0.3288,U,0,436
D,629608,22,settle,0.3251,U,0,436
D,629704,22,settle,0.3234,U,0,436
D,629800,22,settle,0.3232,U,0,436
D,629896,22,settle,0.3235,U,0,436
D,629992,22,settle,0.3236,U,0,436
D,630088,22,settle,0.3235,U,0,436
D,630181,22,settle,0.3234,U,0,436
D,630277,22,settle,0.3233,U,0,436
D,630373,22,settle,0.3233,U,0,436
D,630469,22,settle,0.3232,U,0,436
D,630565,22,settle,0.3232,U,0,436
D,630661,22,settle,0.3233,S,0,436
D,630757,22,settle,0.3233,S,0,436
D,630853,22,settle,0.3234,U,0,436
D,630948,22,settle,0.3236,U,0,436
D,631042,22,settle,0.3237,U,0,436
D,631138,22,settle,0.3238,U,0,436
D,631234,22,settle,0.3239,U,0,436
D,631330,22,settle,0.3239,U,0,436
D,631426,22,settle,0.3240,U,0,436
D,631522,22,settle,0.3240,U,0,436
D,631617,22,settle,0.3240,U,0,436
D,631713,22,settle,0.3241,U,0,436
D,631809,22,settle,0.3242,U,0,436
D,631905,22,settle,0.3243,U,0,436
D,631999,22,settle,0.3244,U,0,436
D,632095,22,settle,0.3246,U,0,436
D,632191,22,settle,0.3247,U,0,436
D,632286,22,settle,0.3249,U,0,436
D,632382,22,settle,0.3250,U,0,436
D,632478,22,settle,0.3252,U,0,436
D,632574,22,settle,0.3253,U,0,436
D,632670,22,settle,0.3253,U,0,436
D,632766,22,settle,0.3254,U,0,436
D,632859,22,settle,0.3254,U,0,436
D,632956,22,settle,0.3254,U,0,436
D,633051,22,settle,0.3255,U,0,436
D,633147,22,settle,0.3255,U,0,436
D,633243,22,settle,0.3256,U,0,436
D,633339,22,settle,0.3257,U,0,436
D,633435,22,settle,0.3258,U,0,436
D,633531,22,settle,0.3259,U,0,436
D,633626,22,settle,0.3259,U,0,436
D,633720,22,settle,0.3260,U,0,436
D,633816,22,settle,0.3260,U,0,436
D,633912,22,settle,0.3260,U,0,436
D,634008,22,settle,0.3259,S,0,436
D,634104,22,settle,0.3259,S,0,436
D,634199,22,settle,0.3259,S,0,436
D,634295,22,settle,0.3258,U,0,436
D,634391,22,settle,0.3258,U,0,436
D,634487,22,settle,0.3258,S,0,436
D,634583,22,settle,0.3258,S,0,436
D,634677,22,settle,0.3259,S,0,436
D,634772,22,settle,0.3259,S,0,436
D,634868,22,settle,0.3260,U,0,436
D,634964,22,settle,0.3260,U,0,436
D,635060,22,settle,0.3260,U,0,436
D,635156,22,settle,0.3260,S,0,436
D,635252,22,settle,0.3260,S,0,436
D,635348,22,settle,0.3261,S,0,436
D,635443,22,settle,0.3261,S,0,436
D,635537,22,settle,0.3261,S,0,436
D,635633,22,settle,0.3261,S,0,436
D,635729,22,settle,0.3260,S,0,436
D,635825,22,settle,0.3260,S,0,436
D,635921,22,settle,0.3260,S,0,436
D,636017,22,settle,0.3260,S,0,436
D,636112,22,settle,0.3260,S,0,436
D,636208,22,settle,0.3261,S,0,436
D,636304,22,settle,0.3261,S,0,436
D,636400,22,settle,0.3261,S,0,436
D,636494,22,settle,0.3261,S,0,436
D,636590,22,settle,0.3261,S,0,436
D,636686,22,settle,0.3261,S,0,436
D,636782,22,settle,0.3261,S,0,436
D,636877,22,settle,0.3261,S,0,436
P,636974,22,55.0,4,settled,0.3261
D,637069,22,settle,0.3261,S,0,436
D,637165,22,settle,0.3261,S,0,436
D,637261,22,settle,0.3261,S,0,436
D,637355,22,settle,0.3261,S,0,436
D,637451,22,settle,0.3261,S,0,436
D,637551,22,settle,0.3261,S,0,436
D,637642,22,settle,0.3261,S,0,436
D,637738,22,settle,0.3261,S,0,436
D,637834,22,settle,0.3261,S,0,436
D,637930,22,settle,0.3261,S,0,436
D,638026,22,settle,0.3261,S,0,436
D,638122,22,settle,0.3261,S,0,436
D,638216,22,settle,0.3261,S,0,436
D,638311,22,settle,0.3261,S,0,436
D,638407,22,settle,0.3261,S,0,436
D,638503,22,settle,0.3261,S,0,436
D,638599,22,settle,0.3261,S,0,436
D,638694,22,settle,0.3265,U,0,436
D,638790,22,settle,0.3265,U,0,436
D,638886,22,settle,0.3265,U,0,436
D,638982,22,settle,0.3266,U,0,436
D,639078,22,settle,0.3266,U,0,436
D,639171,22,settle,0.3266,S,0,436
D,639267,22,settle,0.3265,S,0,436
D,639363,22,settle,0.3266,S,0,436
D,639459,22,settle,0.3266,S,0,436
D,639555,22,settle,0.3266,S,0,436
D,639651,22,settle,0.3266,S,0,436
D,639746,22,settle,0.3265,S,0,436
D,639842,22,settle,0.3265,S,0,436
D,639938,22,settle,0.3265,S,0,436
P,640033,22,55.0,4,settled2,0.3265
R,22,C6,55.0,4,55,0.30,rot,0.3049,7.69,0.3261,0.3265,0.3261,13.3750,26,ok
E,640040,=== trial 23 : C6 tilt 55.0 rep 4 rpm 55 halt 0.60 mode rot (cum 13.38 g) ===
P,644344,23,55.0,4,tare0,0.0006
D,644437,23,preroll,0.0006,S,0,436
D,644527,23,preroll,0.0006,S,0,436
D,644623,23,preroll,0.0006,S,0,436
D,644718,23,preroll,0.0006,S,0,436
D,644814,23,preroll,0.0007,S,0,436
D,644910,23,preroll,0.0007,S,0,436
D,645006,23,preroll,0.0007,S,0,436
D,645102,23,preroll,0.0007,S,0,436
D,645198,23,preroll,0.0008,U,0,436
D,645293,23,preroll,0.0008,S,0,436
D,645387,23,preroll,0.0008,S,0,436
D,645483,23,preroll,0.0007,S,0,436
D,645579,23,preroll,0.0006,U,0,436
D,645675,23,preroll,0.0005,U,0,436
D,645771,23,preroll,0.0003,U,0,436
D,645867,23,preroll,0.0003,U,0,436
E,645933,dispense start: mode rot rpm 55
D,645963,23,dispense,0.0002,U,55,436
D,646058,23,dispense,0.0001,U,55,436
D,646154,23,dispense,0.0001,U,55,436
D,646250,23,dispense,0.0001,U,55,437
D,646344,23,dispense,0.0001,U,55,437
D,646440,23,dispense,0.0001,S,55,437
D,646536,23,dispense,0.0001,S,55,438
D,646631,23,dispense,0.0001,S,55,438
D,646727,23,dispense,0.0001,S,55,438
D,646823,23,dispense,0.0001,S,55,439
D,646918,23,dispense,-0.0110,U,55,439
D,647014,23,dispense,-0.0190,U,55,439
D,647110,23,dispense,-0.0237,U,55,440
D,647204,23,dispense,-0.0258,U,55,440
D,647300,23,dispense,-0.0295,U,55,440
D,647396,23,dispense,-0.0385,U,55,441
D,647491,23,dispense,-0.0528,U,55,441
D,647588,23,dispense,-0.0663,U,55,441
D,647683,23,dispense,-0.0696,U,55,442
D,647779,23,dispense,-0.0579,U,55,442
D,647875,23,dispense,-0.0350,U,55,442
D,647971,23,dispense,-0.0099,U,55,443
D,648067,23,dispense,0.0102,U,55,443
D,648160,23,dispense,0.0225,U,55,443
D,648256,23,dispense,0.0277,U,55,444
D,648352,23,dispense,0.0299,U,55,444
D,648448,23,dispense,0.0328,U,55,444
D,648544,23,dispense,0.0373,U,55,445
D,648640,23,dispense,0.0416,U,55,445
D,648735,23,dispense,0.0448,U,55,445
D,648831,23,dispense,0.0480,U,55,446
D,648927,23,dispense,0.0516,U,55,446
D,649021,23,dispense,0.0543,U,55,446
D,649117,23,dispense,0.0559,U,55,447
D,649213,23,dispense,0.0587,U,55,447
D,649309,23,dispense,0.0661,U,55,447
D,649404,23,dispense,0.0804,U,55,448
D,649500,23,dispense,0.0994,U,55,448
D,649604,23,dispense,0.1154,U,55,448
D,649695,23,dispense,0.1198,U,55,449
D,649788,23,dispense,0.1110,U,55,449
D,649882,23,dispense,0.0971,U,55,449
D,649977,23,dispense,0.0875,U,55,450
D,650073,23,dispense,0.0854,U,55,450
D,650169,23,dispense,0.0884,U,55,450
D,650265,23,dispense,0.0933,U,55,451
D,650361,23,dispense,0.0992,U,55,451
D,650457,23,dispense,0.1057,U,55,451
D,650553,23,dispense,0.1121,U,55,452
D,650649,23,dispense,0.1176,U,55,452
D,650744,23,dispense,0.1226,U,55,452
D,650838,23,dispense,0.1279,U,55,453
D,650934,23,dispense,0.1328,U,55,453
D,651030,23,dispense,0.1362,U,55,453
D,651126,23,dispense,0.1378,U,55,454
D,651221,23,dispense,0.1383,U,55,454
D,651317,23,dispense,0.1391,U,55,454
D,651413,23,dispense,0.1419,U,55,455
D,651509,23,dispense,0.1466,U,55,455
D,651605,23,dispense,0.1502,U,55,455
D,651699,23,dispense,0.1485,U,55,456
D,651795,23,dispense,0.1408,U,55,456
D,651891,23,dispense,0.1307,U,55,456
D,651986,23,dispense,0.1232,U,55,457
D,652082,23,dispense,0.1207,U,55,457
D,652178,23,dispense,0.1235,U,55,457
D,652274,23,dispense,0.1304,U,55,458
D,652370,23,dispense,0.1404,U,55,458
D,652466,23,dispense,0.1521,U,55,458
D,652559,23,dispense,0.1640,U,55,459
D,652655,23,dispense,0.1737,U,55,459
D,652751,23,dispense,0.1789,U,55,459
D,652847,23,dispense,0.1792,U,55,460
D,652943,23,dispense,0.1760,U,55,460
D,653038,23,dispense,0.1722,U,55,460
D,653134,23,dispense,0.1708,U,55,461
D,653230,23,dispense,0.1732,U,55,461
D,653326,23,dispense,0.1791,U,55,461
D,653422,23,dispense,0.1862,U,55,462
D,653516,23,dispense,0.1929,U,55,462
D,653612,23,dispense,0.1994,U,55,462
D,653707,23,dispense,0.2076,U,55,463
D,653803,23,dispense,0.2187,U,55,463
D,653899,23,dispense,0.2314,U,55,463
D,653995,23,dispense,0.2423,U,55,464
D,654091,23,dispense,0.2487,U,55,464
D,654187,23,dispense,0.2515,U,55,464
D,654283,23,dispense,0.2539,U,55,465
D,654376,23,dispense,0.2588,U,55,465
D,654472,23,dispense,0.2656,U,55,465
D,654568,23,dispense,0.2724,U,55,466
D,654664,23,dispense,0.2783,U,55,466
D,654760,23,dispense,0.2841,U,55,466
D,654856,23,dispense,0.2905,U,55,467
D,654951,23,dispense,0.2960,U,55,467
D,655047,23,dispense,0.2990,U,55,467
D,655143,23,dispense,0.2997,U,55,468
D,655239,23,dispense,0.3002,U,55,468
D,655333,23,dispense,0.3027,U,55,468
D,655429,23,dispense,0.3078,U,55,469
D,655525,23,dispense,0.3147,U,55,469
D,655620,23,dispense,0.3221,U,55,469
D,655716,23,dispense,0.3295,U,55,470
D,655812,23,dispense,0.3369,U,55,470
D,655908,23,dispense,0.3447,U,55,470
D,656004,23,dispense,0.3525,U,55,471
D,656100,23,dispense,0.3595,U,55,471
D,656194,23,dispense,0.3647,U,55,471
D,656289,23,dispense,0.3684,U,55,472
D,656385,23,dispense,0.3717,U,55,472
D,656481,23,dispense,0.3762,U,55,472
D,656577,23,dispense,0.3821,U,55,473
D,656673,23,dispense,0.3882,U,55,473
D,656769,23,dispense,0.3929,U,55,473
D,656864,23,dispense,0.3962,U,55,474
D,656960,23,dispense,0.3995,U,55,474
D,657054,23,dispense,0.4042,U,55,474
D,657151,23,dispense,0.4097,U,55,475
D,657246,23,dispense,0.4138,U,55,475
D,657342,23,dispense,0.4148,U,55,475
D,657437,23,dispense,0.4133,U,55,476
D,657533,23,dispense,0.4115,U,55,476
D,657638,23,dispense,0.4126,U,55,476
D,657833,23,dispense,0.4293,U,55,477
D,657926,23,dispense,0.4406,U,55,477
D,658019,23,dispense,0.4487,U,55,477
D,658202,23,dispense,0.4526,U,55,478
D,658298,23,dispense,0.4499,U,55,478
D,658394,23,dispense,0.4447,U,55,478
D,658490,23,dispense,0.4387,U,55,479
D,658586,23,dispense,0.4342,U,55,479
D,658681,23,dispense,0.4328,U,55,479
D,658777,23,dispense,0.4350,U,55,480
D,658871,23,dispense,0.4410,U,55,480
D,658967,23,dispense,0.4521,U,55,480
D,659063,23,dispense,0.4684,U,55,481
D,659159,23,dispense,0.4868,U,55,481
D,659255,23,dispense,0.5023,U,55,481
D,659350,23,dispense,0.5117,U,55,482
D,659446,23,dispense,0.5158,U,55,482
D,659542,23,dispense,0.5166,U,55,482
D,659638,23,dispense,0.5149,U,55,483
D,659734,23,dispense,0.5094,U,55,483
D,659828,23,dispense,0.4982,U,55,483
D,659923,23,dispense,0.4814,U,55,484
D,660019,23,dispense,0.4637,U,55,484
D,660115,23,dispense,0.4529,U,55,484
D,660211,23,dispense,0.4543,U,55,485
D,660307,23,dispense,0.4655,U,55,485
D,660403,23,dispense,0.4787,U,55,485
D,660498,23,dispense,0.4881,U,55,486
D,660594,23,dispense,0.4936,U,55,486
D,660688,23,dispense,0.4986,U,55,486
D,660784,23,dispense,0.5049,U,55,487
D,660880,23,dispense,0.5116,U,55,487
D,660976,23,dispense,0.5176,U,55,487
D,661072,23,dispense,0.5237,U,55,488
D,661167,23,dispense,0.5316,U,55,488
D,661263,23,dispense,0.5420,U,55,488
D,661359,23,dispense,0.5537,U,55,489
D,661455,23,dispense,0.5649,U,55,489
D,661549,23,dispense,0.5744,U,55,489
D,661645,23,dispense,0.5826,U,55,490
D,661740,23,dispense,0.5894,U,55,490
D,661836,23,dispense,0.5920,U,55,490
D,661932,23,dispense,0.5873,U,55,491
D,662028,23,dispense,0.5761,U,55,491
D,662124,23,dispense,0.5644,U,55,491
D,662220,23,dispense,0.5592,U,55,492
D,662316,23,dispense,0.5624,U,55,492
D,662411,23,dispense,0.5707,U,55,492
D,662505,23,dispense,0.5802,U,55,493
D,662601,23,dispense,0.5883,U,55,493
D,662697,23,dispense,0.5944,U,55,493
D,662793,23,dispense,0.5986,U,55,494
D,662889,23,dispense,0.6013,U,55,494
E,662894,TRIGGER 0.6013 g at t=16.87 s -- ALL STOP
D,662986,23,settle,0.6032,U,0,494
D,663080,23,settle,0.6053,U,0,494
D,663176,23,settle,0.6081,U,0,494
D,663272,23,settle,0.6117,U,0,494
D,663366,23,settle,0.6154,U,0,494
D,663462,23,settle,0.6182,U,0,494
D,663558,23,settle,0.6194,U,0,494
D,663653,23,settle,0.6194,U,0,494
D,663749,23,settle,0.6188,U,0,494
D,663845,23,settle,0.6183,U,0,494
D,663941,23,settle,0.6180,U,0,494
D,664037,23,settle,0.6178,U,0,494
D,664133,23,settle,0.6177,U,0,494
D,664229,23,settle,0.6177,U,0,494
D,664323,23,settle,0.6176,U,0,494
D,664418,23,settle,0.6176,U,0,494
D,664514,23,settle,0.6176,U,0,494
D,664610,23,settle,0.6176,S,0,494
D,664706,23,settle,0.6176,S,0,494
D,664802,23,settle,0.6177,S,0,494
D,664898,23,settle,0.6178,U,0,494
D,664993,23,settle,0.6179,U,0,494
D,665089,23,settle,0.6180,U,0,494
D,665183,23,settle,0.6181,U,0,494
D,665279,23,settle,0.6181,U,0,494
D,665375,23,settle,0.6182,U,0,494
D,665471,23,settle,0.6182,U,0,494
D,665567,23,settle,0.6182,U,0,494
D,665662,23,settle,0.6182,S,0,494
D,665759,23,settle,0.6182,S,0,494
D,665854,23,settle,0.6182,S,0,494
D,665950,23,settle,0.6182,S,0,494
D,666044,23,settle,0.6182,S,0,494
D,666140,23,settle,0.6183,S,0,494
D,666236,23,settle,0.6183,S,0,494
D,666332,23,settle,0.6184,U,0,494
D,666427,23,settle,0.6185,U,0,494
D,666523,23,settle,0.6186,U,0,494
D,666619,23,settle,0.6187,U,0,494
D,666715,23,settle,0.6187,U,0,494
D,666811,23,settle,0.6187,U,0,494
D,666907,23,settle,0.6187,U,0,494
D,667001,23,settle,0.6186,S,0,494
D,667102,23,settle,0.6186,S,0,494
D,667192,23,settle,0.6185,U,0,494
D,667288,23,settle,0.6185,U,0,494
D,667384,23,settle,0.6185,U,0,494
D,667480,23,settle,0.6185,S,0,494
D,667576,23,settle,0.6184,U,0,494
D,667671,23,settle,0.6184,S,0,494
D,667767,23,settle,0.6185,S,0,494
D,667861,23,settle,0.6185,S,0,494
D,667957,23,settle,0.6187,U,0,494
D,668053,23,settle,0.6189,U,0,494
D,668149,23,settle,0.6190,U,0,494
D,668245,23,settle,0.6190,U,0,494
D,668340,23,settle,0.6191,U,0,494
D,668436,23,settle,0.6192,U,0,494
D,668532,23,settle,0.6192,U,0,494
D,668628,23,settle,0.6193,U,0,494
D,668722,23,settle,0.6194,U,0,494
D,668818,23,settle,0.6196,U,0,494
D,668913,23,settle,0.6197,U,0,494
D,669009,23,settle,0.6199,U,0,494
D,669105,23,settle,0.6201,U,0,494
D,669201,23,settle,0.6203,U,0,494
D,669297,23,settle,0.6205,U,0,494
D,669393,23,settle,0.6207,U,0,494
D,669488,23,settle,0.6209,U,0,494
D,669584,23,settle,0.6211,U,0,494
D,669678,23,settle,0.6212,U,0,494
D,669774,23,settle,0.6214,U,0,494
D,669870,23,settle,0.6215,U,0,494
D,669966,23,settle,0.6216,U,0,494
D,670061,23,settle,0.6217,U,0,494
D,670157,23,settle,0.6217,U,0,494
D,670253,23,settle,0.6218,U,0,494
D,670349,23,settle,0.6219,U,0,494
D,670445,23,settle,0.6219,U,0,494
D,670539,23,settle,0.6220,U,0,494
D,670635,23,settle,0.6221,U,0,494
D,670730,23,settle,0.6222,U,0,494
D,670826,23,settle,0.6223,U,0,494
D,670922,23,settle,0.6223,U,0,494
P,671401,23,55.0,4,settled,0.6224
D,671495,23,settle,0.6224,S,0,494
D,671591,23,settle,0.6224,S,0,494
D,671687,23,settle,0.6223,S,0,494
D,671783,23,settle,0.6223,S,0,494
D,671879,23,settle,0.6222,U,0,494
D,671974,23,settle,0.6222,U,0,494
D,672070,23,settle,0.6222,U,0,494
D,672166,23,settle,0.6222,S,0,494
D,672262,23,settle,0.6222,S,0,494
D,672356,23,settle,0.6222,S,0,494
D,672452,23,settle,0.6222,S,0,494
D,672548,23,settle,0.6222,S,0,494
D,672644,23,settle,0.6222,S,0,494
D,672739,23,settle,0.6222,S,0,494
D,672835,23,settle,0.6222,S,0,494
D,672931,23,settle,0.6222,S,0,494
D,673027,23,settle,0.6222,S,0,494
D,673123,23,settle,0.6222,S,0,494
D,673217,23,settle,0.6222,S,0,494
D,673313,23,settle,0.6222,S,0,494
D,673408,23,settle,0.6222,S,0,494
D,673504,23,settle,0.6222,S,0,494
D,673600,23,settle,0.6222,S,0,494
D,673696,23,settle,0.6222,S,0,494
D,673792,23,settle,0.6222,S,0,494
D,673888,23,settle,0.6222,S,0,494
D,673983,23,settle,0.6223,S,0,494
D,674080,23,settle,0.6223,S,0,494
D,674173,23,settle,0.6223,S,0,494
D,674269,23,settle,0.6223,S,0,494
D,674365,23,settle,0.6223,S,0,494
P,675417,23,55.0,4,settled2,0.6229
R,23,C6,55.0,4,55,0.60,rot,0.6013,16.97,0.6224,0.6229,0.6224,13.9974,58,ok
E,675426,=== trial 24 : C6 tilt 40.0 rep 4 rpm 55 halt 0.60 mode rot (cum 14.00 g) ===
P,680008,24,40.0,4,tare0,0.0000
D,680103,24,preroll,0.0000,S,0,494
D,680199,24,preroll,0.0000,S,0,494
D,680295,24,preroll,0.0000,S,0,494
D,680389,24,preroll,0.0000,S,0,494
D,680485,24,preroll,0.0000,S,0,494
D,680581,24,preroll,0.0000,S,0,494
D,680677,24,preroll,0.0000,S,0,494
D,680772,24,preroll,0.0000,S,0,494
D,680868,24,preroll,0.0000,S,0,494
D,680964,24,preroll,0.0000,S,0,494
D,681060,24,preroll,0.0000,S,0,494
D,681156,24,preroll,0.0000,S,0,494
D,681252,24,preroll,0.0000,S,0,494
D,681358,24,preroll,0.0000,S,0,494
D,681537,24,preroll,0.0000,S,0,494
E,681601,dispense start: mode rot rpm 55
D,681633,24,dispense,0.0000,S,55,494
D,681729,24,dispense,0.0000,S,55,494
D,681825,24,dispense,0.0000,S,55,494
D,681921,24,dispense,0.0000,S,55,495
D,682017,24,dispense,0.0000,S,55,495
D,682113,24,dispense,0.0000,S,55,495
D,682206,24,dispense,0.0004,U,55,496
D,682301,24,dispense,0.0057,U,55,496
D,682397,24,dispense,0.0095,U,55,496
D,682493,24,dispense,0.0142,U,55,497
D,682589,24,dispense,0.0197,U,55,497
D,682685,24,dispense,0.0255,U,55,497
D,682780,24,dispense,0.0305,U,55,498
D,682876,24,dispense,0.0330,U,55,498
D,682972,24,dispense,0.0324,U,55,498
D,683068,24,dispense,0.0298,U,55,499
D,683162,24,dispense,0.0278,U,55,499
D,683258,24,dispense,0.0278,U,55,499
D,683354,24,dispense,0.0286,U,55,500
D,683449,24,dispense,0.0275,U,55,500
D,683545,24,dispense,0.0241,U,55,500
D,683641,24,dispense,0.0207,U,55,501
D,683737,24,dispense,0.0195,U,55,501
D,683833,24,dispense,0.0203,U,55,501
D,683929,24,dispense,0.0216,U,55,502
D,684022,24,dispense,0.0234,U,55,502
D,684118,24,dispense,0.0264,U,55,502
D,684214,24,dispense,0.0307,U,55,503
D,684310,24,dispense,0.0365,U,55,503
D,684406,24,dispense,0.0448,U,55,503
D,684502,24,dispense,0.0568,U,55,504
D,684598,24,dispense,0.0716,U,55,504
D,684694,24,dispense,0.0871,U,55,504
D,684789,24,dispense,0.1009,U,55,505
D,684883,24,dispense,0.1109,U,55,505
D,684979,24,dispense,0.1167,U,55,505
D,685075,24,dispense,0.1195,U,55,506
D,685171,24,dispense,0.1218,U,55,506
D,685266,24,dispense,0.1255,U,55,506
D,685362,24,dispense,0.1309,U,55,507
D,685458,24,dispense,0.1378,U,55,507
D,685554,24,dispense,0.1454,U,55,507
D,685650,24,dispense,0.1520,U,55,508
D,685746,24,dispense,0.1554,U,55,508
D,685840,24,dispense,0.1541,U,55,508
D,685935,24,dispense,0.1495,U,55,509
D,686031,24,dispense,0.1448,U,55,509
D,686127,24,dispense,0.1433,U,55,509
D,686223,24,dispense,0.1466,U,55,510
D,686319,24,dispense,0.1534,U,55,510
D,686415,24,dispense,0.1605,U,55,510
D,686511,24,dispense,0.1651,U,55,511
D,686606,24,dispense,0.1673,U,55,511
D,686700,24,dispense,0.1697,U,55,511
D,686796,24,dispense,0.1741,U,55,512
D,686892,24,dispense,0.1802,U,55,512
D,686988,24,dispense,0.1863,U,55,512
D,687084,24,dispense,0.1912,U,55,513
D,687180,24,dispense,0.1953,U,55,513
D,687275,24,dispense,0.1995,U,55,513
D,687371,24,dispense,0.2047,U,55,514
D,687467,24,dispense,0.2106,U,55,514
D,687563,24,dispense,0.2161,U,55,514
D,687657,24,dispense,0.2198,U,55,515
D,687753,24,dispense,0.2220,U,55,515
D,687848,24,dispense,0.2248,U,55,515
D,687944,24,dispense,0.2298,U,55,516
D,688040,24,dispense,0.2368,U,55,516
D,688136,24,dispense,0.2435,U,55,516
D,688232,24,dispense,0.2486,U,55,517
D,688328,24,dispense,0.2511,U,55,517
D,688424,24,dispense,0.2499,U,55,517
D,688517,24,dispense,0.2439,U,55,518
D,688613,24,dispense,0.2345,U,55,518
D,688709,24,dispense,0.2259,U,55,518
D,688805,24,dispense,0.2229,U,55,519
D,688901,24,dispense,0.2256,U,55,519
D,688996,24,dispense,0.2304,U,55,519
D,689092,24,dispense,0.2340,U,55,520
D,689188,24,dispense,0.2360,U,55,520
D,689284,24,dispense,0.2378,U,55,520
D,689378,24,dispense,0.2415,U,55,521
D,689483,24,dispense,0.2503,U,55,521
D,689575,24,dispense,0.2677,U,55,521
D,689666,24,dispense,0.2958,U,55,522
D,689761,24,dispense,0.3320,U,55,522
D,689857,24,dispense,0.3677,U,55,522
D,689953,24,dispense,0.3936,U,55,523
D,690049,24,dispense,0.4055,U,55,523
D,690145,24,dispense,0.4062,U,55,523
D,690241,24,dispense,0.4018,U,55,524
D,690334,24,dispense,0.3970,U,55,524
D,690430,24,dispense,0.3933,U,55,524
D,690526,24,dispense,0.3898,U,55,525
D,690622,24,dispense,0.3858,U,55,525
D,690718,24,dispense,0.3814,U,55,525
D,690814,24,dispense,0.3783,U,55,526
D,690909,24,dispense,0.3786,U,55,526
D,691005,24,dispense,0.3831,U,55,526
D,691101,24,dispense,0.3909,U,55,527
D,691195,24,dispense,0.4000,U,55,527
D,691291,24,dispense,0.4081,U,55,527
D,691387,24,dispense,0.4139,U,55,528
D,691482,24,dispense,0.4169,U,55,528
D,691578,24,dispense,0.4185,U,55,528
D,691674,24,dispense,0.4199,U,55,529
D,691770,24,dispense,0.4208,U,55,529
D,691866,24,dispense,0.4175,U,55,529
D,691962,24,dispense,0.4070,U,55,530
D,692056,24,dispense,0.3920,U,55,530
D,692151,24,dispense,0.3802,U,55,530
D,692247,24,dispense,0.3780,U,55,531
D,692343,24,dispense,0.3846,U,55,531
D,692439,24,dispense,0.3931,U,55,531
D,692535,24,dispense,0.3978,U,55,532
D,692631,24,dispense,0.3990,U,55,532
D,692726,24,dispense,0.4012,U,55,532
D,692822,24,dispense,0.4077,U,55,533
D,692918,24,dispense,0.4174,U,55,533
D,693012,24,dispense,0.4271,U,55,533
D,693108,24,dispense,0.4347,U,55,534
D,693204,24,dispense,0.4402,U,55,534
D,693300,24,dispense,0.4446,U,55,534
D,693395,24,dispense,0.4490,U,55,535
D,693491,24,dispense,0.4535,U,55,535
D,693587,24,dispense,0.4578,U,55,535
D,693683,24,dispense,0.4612,U,55,536
D,693779,24,dispense,0.4637,U,55,536
D,693873,24,dispense,0.4663,U,55,536
D,693968,24,dispense,0.4704,U,55,537
D,694064,24,dispense,0.4772,U,55,537
D,694160,24,dispense,0.4863,U,55,537
D,694257,24,dispense,0.4958,U,55,538
D,694352,24,dispense,0.5034,U,55,538
D,694448,24,dispense,0.5077,U,55,538
D,694544,24,dispense,0.5093,U,55,539
D,694639,24,dispense,0.5094,U,55,539
D,694735,24,dispense,0.5089,U,55,539
D,694829,24,dispense,0.5082,U,55,540
D,694925,24,dispense,0.5079,U,55,540
D,695021,24,dispense,0.5079,U,55,540
D,695117,24,dispense,0.5082,U,55,541
D,695213,24,dispense,0.5089,U,55,541
D,695308,24,dispense,0.5173,U,55,541
D,695404,24,dispense,0.5276,U,55,542
D,695500,24,dispense,0.5397,U,55,542
D,695596,24,dispense,0.5504,U,55,542
D,695690,24,dispense,0.5578,U,55,543
D,695785,24,dispense,0.5619,U,55,543
D,695881,24,dispense,0.5637,U,55,543
D,695977,24,dispense,0.5648,U,55,544
D,696073,24,dispense,0.5663,U,55,544
D,696169,24,dispense,0.5688,U,55,544
D,696265,24,dispense,0.5727,U,55,545
D,696361,24,dispense,0.5789,U,55,545
D,696456,24,dispense,0.5873,U,55,545
D,696550,24,dispense,0.5964,U,55,546
D,696646,24,dispense,0.6040,U,55,546
E,696651,TRIGGER 0.6040 g at t=14.95 s -- ALL STOP
D,696743,24,settle,0.6091,U,0,546
D,696838,24,settle,0.6118,U,0,546
D,696934,24,settle,0.6128,U,0,546
D,697029,24,settle,0.6127,U,0,546
D,697125,24,settle,0.6127,U,0,546
D,697221,24,settle,0.6143,U,0,546
D,697317,24,settle,0.6184,U,0,546
D,697413,24,settle,0.6240,U,0,546
D,697507,24,settle,0.6292,U,0,546
D,697603,24,settle,0.6325,U,0,546
D,697698,24,settle,0.6335,U,0,546
D,697798,24,settle,0.6332,U,0,546
D,697890,24,settle,0.6326,U,0,546
D,697986,24,settle,0.6321,U,0,546
D,698082,24,settle,0.6318,U,0,546
D,698178,24,settle,0.6316,U,0,546
D,698274,24,settle,0.6315,U,0,546
D,698367,24,settle,0.6314,U,0,546
D,698463,24,settle,0.6313,U,0,546
D,698559,24,settle,0.6312,U,0,546
D,698655,24,settle,0.6312,U,0,546
D,698751,24,settle,0.6312,U,0,546
D,698847,24,settle,0.6312,U,0,546
D,698943,24,settle,0.6313,S,0,546
D,699039,24,settle,0.6314,U,0,546
D,699134,24,settle,0.6315,U,0,546
D,699230,24,settle,0.6317,U,0,546
D,699324,24,settle,0.6318,U,0,546
D,699420,24,settle,0.6319,U,0,546
D,699516,24,settle,0.6320,U,0,546
D,699612,24,settle,0.6321,U,0,546
D,699708,24,settle,0.6321,U,0,546
D,699803,24,settle,0.6322,U,0,546
D,699899,24,settle,0.6322,U,0,546
D,699995,24,settle,0.6322,U,0,546
D,700091,24,settle,0.6323,U,0,546
D,700185,24,settle,0.6323,U,0,546
D,700281,24,settle,0.6324,U,0,546
D,700377,24,settle,0.6324,U,0,546
D,700472,24,settle,0.6325,U,0,546
D,700568,24,settle,0.6326,U,0,546
D,700664,24,settle,0.6327,U,0,546
D,700760,24,settle,0.6328,U,0,546
D,700856,24,settle,0.6329,U,0,546
D,700952,24,settle,0.6329,U,0,546
D,701046,24,settle,0.6329,U,0,546
D,701141,24,settle,0.6329,U,0,546
D,701237,24,settle,0.6329,S,0,546
D,701333,24,settle,0.6329,S,0,546
D,701429,24,settle,0.6329,S,0,546
D,701525,24,settle,0.6328,S,0,546
D,701621,24,settle,0.6328,S,0,546
D,701716,24,settle,0.6328,S,0,546
D,701812,24,settle,0.6328,S,0,546
D,701908,24,settle,0.6329,S,0,546
D,702002,24,settle,0.6329,S,0,546
D,702098,24,settle,0.6329,S,0,546
D,702194,24,settle,0.6329,S,0,546
D,702290,24,settle,0.6329,S,0,546
D,702385,24,settle,0.6328,S,0,546
D,702481,24,settle,0.6328,S,0,546
D,702577,24,settle,0.6327,U,0,546
D,702673,24,settle,0.6326,U,0,546
D,702769,24,settle,0.6324,U,0,546
D,702863,24,settle,0.6324,U,0,546
D,702958,24,settle,0.6325,U,0,546
D,703054,24,settle,0.6325,U,0,546
D,703150,24,settle,0.6325,S,0,546
D,703246,24,settle,0.6325,S,0,546
D,703342,24,settle,0.6325,S,0,546
D,703438,24,settle,0.6326,S,0,546
D,703533,24,settle,0.6326,S,0,546
D,703630,24,settle,0.6326,S,0,546
D,703723,24,settle,0.6326,S,0,546
D,703819,24,settle,0.6326,S,0,546
D,703915,24,settle,0.6327,S,0,546
D,704011,24,settle,0.6327,S,0,546
D,704107,24,settle,0.6327,S,0,546
D,704203,24,settle,0.6328,U,0,546
D,704298,24,settle,0.6334,U,0,546
D,704394,24,settle,0.6335,U,0,546
D,704490,24,settle,0.6337,U,0,546
D,704586,24,settle,0.6338,U,0,546
D,704680,24,settle,0.6340,U,0,546
P,706307,24,40.0,4,settled,0.6348
D,706403,24,settle,0.6347,U,0,546
D,706497,24,settle,0.6346,U,0,546
D,706592,24,settle,0.6346,U,0,546
D,706689,24,settle,0.6345,U,0,546
D,706784,24,settle,0.6345,U,0,546
D,706880,24,settle,0.6345,U,0,546
D,706976,24,settle,0.6345,S,0,546
D,707072,24,settle,0.6345,S,0,546
D,707168,24,settle,0.6345,S,0,546
D,707264,24,settle,0.6345,S,0,546
D,707358,24,settle,0.6345,S,0,546
D,707453,24,settle,0.6342,U,0,546
D,707549,24,settle,0.6341,U,0,546
D,707645,24,settle,0.6340,U,0,546
D,707741,24,settle,0.6339,U,0,546
D,707836,24,settle,0.6338,U,0,546
D,707932,24,settle,0.6338,U,0,546
D,708028,24,settle,0.6338,U,0,546
D,708124,24,settle,0.6339,S,0,546
D,708218,24,settle,0.6340,U,0,546
D,708314,24,settle,0.6341,U,0,546
D,708410,24,settle,0.6342,U,0,546
D,708505,24,settle,0.6342,U,0,546
D,708601,24,settle,0.6343,U,0,546
D,708697,24,settle,0.6343,U,0,546
D,708793,24,settle,0.6343,U,0,546
D,708889,24,settle,0.6343,S,0,546
D,708985,24,settle,0.6343,S,0,546
D,709081,24,settle,0.6343,S,0,546
D,709175,24,settle,0.6343,S,0,546
D,709270,24,settle,0.6343,S,0,546
P,709367,24,40.0,4,settled2,0.6343
R,24,C6,40.0,4,55,0.60,rot,0.6040,15.05,0.6348,0.6343,0.6348,14.6322,52,ok
E,709375,=== trial 25 : C6 tilt 40.0 rep 4 rpm 55 halt 0.30 mode rot (cum 14.63 g) ===
P,713481,25,40.0,4,tare0,0.0003
D,713575,25,preroll,0.0003,S,0,546
D,713669,25,preroll,0.0003,S,0,546
D,713765,25,preroll,0.0003,S,0,546
D,713861,25,preroll,0.0003,S,0,546
D,713957,25,preroll,0.0003,S,0,546
D,714052,25,preroll,0.0003,S,0,546
D,714148,25,preroll,0.0002,S,0,546
D,714244,25,preroll,0.0002,S,0,546
D,714340,25,preroll,0.0002,S,0,546
D,714436,25,preroll,0.0002,S,0,546
D,714530,25,preroll,0.0002,S,0,546
D,714625,25,preroll,0.0002,S,0,546
D,714721,25,preroll,0.0002,S,0,546
D,714817,25,preroll,0.0002,S,0,546
D,714913,25,preroll,0.0002,S,0,546
D,715009,25,preroll,0.0002,S,0,546
E,715075,dispense start: mode rot rpm 55
D,715105,25,dispense,0.0002,S,55,546
D,715201,25,dispense,0.0002,S,55,546
D,715296,25,dispense,0.0003,S,55,546
D,715390,25,dispense,0.0003,S,55,547
D,715486,25,dispense,0.0004,U,55,547
D,715582,25,dispense,0.0003,S,55,547
D,715678,25,dispense,0.0001,U,55,548
D,715773,25,dispense,-0.0073,U,55,548
D,715869,25,dispense,-0.0115,U,55,548
D,715965,25,dispense,-0.0132,U,55,549
D,716062,25,dispense,-0.0107,U,55,549
D,716157,25,dispense,-0.0040,U,55,549
D,716252,25,dispense,0.0047,U,55,550
D,716346,25,dispense,0.0124,U,55,550
D,716442,25,dispense,0.0169,U,55,550
D,716538,25,dispense,0.0184,U,55,551
D,716634,25,dispense,0.0180,U,55,551
D,716730,25,dispense,0.0176,U,55,551
D,716826,25,dispense,0.0191,U,55,552
D,716921,25,dispense,0.0239,U,55,552
D,717017,25,dispense,0.0312,U,55,552
D,717113,25,dispense,0.0386,U,55,553
D,717207,25,dispense,0.0439,U,55,553
D,717303,25,dispense,0.0461,U,55,553
D,717399,25,dispense,0.0451,U,55,554
D,717495,25,dispense,0.0409,U,55,554
D,717590,25,dispense,0.0351,U,55,554
D,717686,25,dispense,0.0309,U,55,555
D,717782,25,dispense,0.0323,U,55,555
D,717878,25,dispense,0.0413,U,55,555
D,717974,25,dispense,0.0574,U,55,556
D,718070,25,dispense,0.0772,U,55,556
D,718163,25,dispense,0.0951,U,55,556
D,718259,25,dispense,0.1065,U,55,557
D,718355,25,dispense,0.1105,U,55,557
D,718451,25,dispense,0.1100,U,55,557
D,718547,25,dispense,0.1082,U,55,558
D,718643,25,dispense,0.1068,U,55,558
D,718739,25,dispense,0.1057,U,55,558
D,718834,25,dispense,0.1054,U,55,559
D,718930,25,dispense,0.1077,U,55,559
D,719024,25,dispense,0.1134,U,55,559
D,719120,25,dispense,0.1208,U,55,560
D,719216,25,dispense,0.1271,U,55,560
D,719311,25,dispense,0.1304,U,55,560
D,719407,25,dispense,0.1317,U,55,561
D,719503,25,dispense,0.1327,U,55,561
D,719599,25,dispense,0.1348,U,55,561
D,719695,25,dispense,0.1394,U,55,562
D,719791,25,dispense,0.1464,U,55,562
D,719885,25,dispense,0.1522,U,55,562
D,719980,25,dispense,0.1519,U,55,563
D,720076,25,dispense,0.1436,U,55,563
D,720172,25,dispense,0.1318,U,55,563
D,720268,25,dispense,0.1237,U,55,564
D,720364,25,dispense,0.1225,U,55,564
D,720460,25,dispense,0.1267,U,55,564
D,720556,25,dispense,0.1332,U,55,565
D,720652,25,dispense,0.1393,U,55,565
D,720747,25,dispense,0.1437,U,55,565
D,720841,25,dispense,0.1463,U,55,566
D,720937,25,dispense,0.1483,U,55,566
D,721033,25,dispense,0.1517,U,55,566
D,721141,25,dispense,0.1569,U,55,567
D,721233,25,dispense,0.1626,U,55,567
D,721326,25,dispense,0.1673,U,55,567
D,721417,25,dispense,0.1713,U,55,568
D,721512,25,dispense,0.1760,U,55,568
D,721608,25,dispense,0.1824,U,55,568
D,721702,25,dispense,0.1905,U,55,569
D,721798,25,dispense,0.1994,U,55,569
D,721893,25,dispense,0.2072,U,55,569
D,721989,25,dispense,0.2126,U,55,570
D,722085,25,dispense,0.2143,U,55,570
D,722181,25,dispense,0.2124,U,55,570
D,722277,25,dispense,0.2088,U,55,571
D,722373,25,dispense,0.2070,U,55,571
D,722469,25,dispense,0.2093,U,55,571
D,722564,25,dispense,0.2122,U,55,572
D,722658,25,dispense,0.2221,U,55,572
D,722754,25,dispense,0.2281,U,55,572
D,722850,25,dispense,0.2330,U,55,573
D,722946,25,dispense,0.2371,U,55,573
D,723042,25,dispense,0.2406,U,55,573
D,723137,25,dispense,0.2437,U,55,574
D,723233,25,dispense,0.2470,U,55,574
D,723329,25,dispense,0.2509,U,55,574
D,723425,25,dispense,0.2562,U,55,575
D,723519,25,dispense,0.2630,U,55,575
D,723615,25,dispense,0.2706,U,55,575
D,723711,25,dispense,0.2763,U,55,576
D,723806,25,dispense,0.2769,U,55,576
D,723902,25,dispense,0.2716,U,55,576
D,723998,25,dispense,0.2629,U,55,577
D,724094,25,dispense,0.2548,U,55,577
D,724190,25,dispense,0.2505,U,55,577
D,724286,25,dispense,0.2512,U,55,578
D,724379,25,dispense,0.2561,U,55,578
D,724475,25,dispense,0.2625,U,55,578
D,724571,25,dispense,0.2680,U,55,579
D,724667,25,dispense,0.2720,U,55,579
D,724763,25,dispense,0.2750,U,55,579
D,724859,25,dispense,0.2779,U,55,580
D,724954,25,dispense,0.2810,U,55,580
D,725050,25,dispense,0.2845,U,55,580
D,725146,25,dispense,0.2880,U,55,581
D,725242,25,dispense,0.2918,U,55,581
D,725336,25,dispense,0.2970,U,55,581
D,725432,25,dispense,0.3050,U,55,582
E,725437,TRIGGER 0.3050 g at t=10.33 s -- ALL STOP
D,725529,25,settle,0.3160,U,0,582
D,725623,25,settle,0.3276,U,0,582
D,725719,25,settle,0.3363,U,0,582
D,725815,25,settle,0.3401,U,0,582
D,725911,25,settle,0.3398,U,0,582
D,726007,25,settle,0.3386,U,0,582
D,726103,25,settle,0.3385,U,0,582
D,726196,25,settle,0.3384,U,0,582
D,726292,25,settle,0.3367,U,0,582
D,726388,25,settle,0.3332,U,0,582
D,726484,25,settle,0.3298,U,0,582
D,726580,25,settle,0.3280,U,0,582
D,726676,25,settle,0.3274,U,0,582
D,726772,25,settle,0.3272,U,0,582
D,726867,25,settle,0.3268,U,0,582
D,726963,25,settle,0.3264,U,0,582
D,727057,25,settle,0.3264,U,0,582
D,727153,25,settle,0.3266,U,0,582
D,727249,25,settle,0.3268,U,0,582
D,727345,25,settle,0.3270,U,0,582
D,727440,25,settle,0.3272,U,0,582
D,727536,25,settle,0.3274,U,0,582
D,727632,25,settle,0.3275,U,0,582
D,727728,25,settle,0.3276,U,0,582
D,727824,25,settle,0.3277,U,0,582
D,727920,25,settle,0.3278,U,0,582
D,728014,25,settle,0.3279,U,0,582
D,728110,25,settle,0.3279,U,0,582
D,728205,25,settle,0.3280,U,0,582
D,728301,25,settle,0.3281,U,0,582
D,728397,25,settle,0.3282,U,0,582
D,728493,25,settle,0.3282,U,0,582
D,728589,25,settle,0.3283,U,0,582
D,728685,25,settle,0.3283,U,0,582
D,728781,25,settle,0.3284,U,0,582
D,728875,25,settle,0.3284,U,0,582
D,728970,25,settle,0.3285,U,0,582
D,729066,25,settle,0.3286,U,0,582
D,729162,25,settle,0.3287,U,0,582
D,729258,25,settle,0.3288,U,0,582
D,729354,25,settle,0.3289,U,0,582
D,729450,25,settle,0.3290,U,0,582
D,729546,25,settle,0.3290,U,0,582
D,729641,25,settle,0.3290,U,0,582
D,729737,25,settle,0.3290,U,0,582
D,729831,25,settle,0.3289,S,0,582
D,729927,25,settle,0.3289,S,0,582
D,730023,25,settle,0.3289,S,0,582
D,730118,25,settle,0.3289,S,0,582
D,730214,25,settle,0.3289,S,0,582
D,730310,25,settle,0.3289,S,0,582
D,730406,25,settle,0.3289,S,0,582
D,730502,25,settle,0.3289,S,0,582
D,730598,25,settle,0.3290,S,0,582
D,730692,25,settle,0.3290,S,0,582
D,730787,25,settle,0.3290,S,0,582
D,730883,25,settle,0.3291,U,0,582
D,730979,25,settle,0.3291,U,0,582
D,731079,25,settle,0.3292,U,0,582
D,731171,25,settle,0.3292,U,0,582
D,731267,25,settle,0.3292,U,0,582
D,731363,25,settle,0.3292,S,0,582
D,731459,25,settle,0.3293,U,0,582
D,731552,25,settle,0.3295,U,0,582
D,731648,25,settle,0.3296,U,0,582
D,731744,25,settle,0.3298,U,0,582
D,731840,25,settle,0.3300,U,0,582
D,731936,25,settle,0.3302,U,0,582
D,732032,25,settle,0.3303,U,0,582
D,732127,25,settle,0.3305,U,0,582
D,732223,25,settle,0.3306,U,0,582
D,732319,25,settle,0.3307,U,0,582
D,732415,25,settle,0.3308,U,0,582
D,732509,25,settle,0.3309,U,0,582
D,732605,25,settle,0.3310,U,0,582
D,732700,25,settle,0.3311,U,0,582
D,732796,25,settle,0.3312,U,0,582
D,732892,25,settle,0.3312,U,0,582
D,732988,25,settle,0.3313,U,0,582
D,733084,25,settle,0.3313,U,0,582
D,733180,25,settle,0.3314,U,0,582
D,733275,25,settle,0.3315,U,0,582
D,733369,25,settle,0.3315,U,0,582
D,733465,25,settle,0.3316,U,0,582
P,733753,25,40.0,4,settled,0.3316
D,733849,25,settle,0.3316,S,0,582
D,733944,25,settle,0.3316,S,0,582
D,734040,25,settle,0.3316,S,0,582
D,734136,25,settle,0.3316,S,0,582
D,734232,25,settle,0.3316,S,0,582
D,734326,25,settle,0.3316,S,0,582
D,734422,25,settle,0.3317,S,0,582
D,734517,25,settle,0.3317,S,0,582
D,734613,25,settle,0.3318,U,0,582
D,734709,25,settle,0.3319,U,0,582
D,734805,25,settle,0.3319,U,0,582
D,734901,25,settle,0.3319,U,0,582
D,734997,25,settle,0.3319,U,0,582
D,735093,25,settle,0.3319,S,0,582
D,735186,25,settle,0.3319,S,0,582
D,735282,25,settle,0.3320,S,0,582
D,735378,25,settle,0.3321,U,0,582
D,735474,25,settle,0.3322,U,0,582
D,735570,25,settle,0.3323,U,0,582
D,735666,25,settle,0.3324,U,0,582
D,735761,25,settle,0.3325,U,0,582
D,735857,25,settle,0.3325,U,0,582
D,735953,25,settle,0.3326,U,0,582
D,736047,25,settle,0.3326,U,0,582
D,736143,25,settle,0.3326,U,0,582
D,736239,25,settle,0.3326,S,0,582
D,736334,25,settle,0.3327,U,0,582
D,736430,25,settle,0.3327,S,0,582
D,736526,25,settle,0.3328,U,0,582
D,736622,25,settle,0.3329,U,0,582
D,736718,25,settle,0.3330,U,0,582
P,737579,25,40.0,4,settled2,0.3336
R,25,C6,40.0,4,55,0.30,rot,0.3050,10.37,0.3316,0.3336,0.3316,14.9638,36,ok
E,737587,=== trial 26 : C6 tilt 40.0 rep 5 rpm 55 halt 1.00 mode rot (cum 14.96 g) ===
P,746376,26,40.0,5,tare0,0.0000
D,746472,26,preroll,0.0000,S,0,582
D,746568,26,preroll,-0.0001,S,0,582
D,746663,26,preroll,-0.0029,U,0,582
D,746759,26,preroll,-0.0032,U,0,582
D,746853,26,preroll,-0.0028,U,0,582
D,746949,26,preroll,-0.0021,U,0,582
D,747045,26,preroll,-0.0018,U,0,582
D,747141,26,preroll,-0.0015,U,0,582
D,747237,26,preroll,-0.0013,U,0,582
D,747333,26,preroll,-0.0012,U,0,582
D,747428,26,preroll,-0.0011,U,0,582
D,747524,26,preroll,-0.0012,U,0,582
D,747620,26,preroll,-0.0013,U,0,582
D,747714,26,preroll,-0.0015,U,0,582
D,747810,26,preroll,-0.0016,U,0,582
D,747906,26,preroll,-0.0016,U,0,582
E,747972,dispense start: mode rot rpm 55
D,748002,26,dispense,-0.0017,U,55,582
D,748097,26,dispense,-0.0016,U,55,582
D,748193,26,dispense,-0.0017,U,55,582
D,748289,26,dispense,-0.0017,S,55,583
D,748385,26,dispense,-0.0017,S,55,583
D,748481,26,dispense,-0.0018,U,55,583
D,748577,26,dispense,-0.0018,U,55,584
D,748670,26,dispense,-0.0019,U,55,584
D,748766,26,dispense,-0.0018,S,55,584
D,748862,26,dispense,0.0054,U,55,585
D,748958,26,dispense,0.0120,U,55,585
D,749053,26,dispense,0.0180,U,55,585
D,749149,26,dispense,0.0233,U,55,586
D,749245,26,dispense,0.0285,U,55,586
D,749341,26,dispense,0.0337,U,55,586
D,749437,26,dispense,0.0382,U,55,587
D,749531,26,dispense,0.0421,U,55,587
D,749627,26,dispense,0.0454,U,55,587
D,749722,26,dispense,0.0483,U,55,588
D,749818,26,dispense,0.0513,U,55,588
D,749914,26,dispense,0.0549,U,55,588
D,750010,26,dispense,0.0588,U,55,589
D,750106,26,dispense,0.0611,U,55,589
D,750202,26,dispense,0.0607,U,55,589
D,750297,26,dispense,0.0587,U,55,590
D,750393,26,dispense,0.0576,U,55,590
D,750487,26,dispense,0.0587,U,55,590
D,750583,26,dispense,0.0604,U,55,591
D,750679,26,dispense,0.0668,U,55,591
D,750775,26,dispense,0.0719,U,55,591
D,750871,26,dispense,0.0763,U,55,592
D,750967,26,dispense,0.0792,U,55,592
D,751062,26,dispense,0.0807,U,55,592
D,751158,26,dispense,0.0820,U,55,593
D,751254,26,dispense,0.0845,U,55,593
D,751348,26,dispense,0.0888,U,55,593
D,751444,26,dispense,0.0946,U,55,594
D,751539,26,dispense,0.1013,U,55,594
D,751635,26,dispense,0.1081,U,55,594
D,751731,26,dispense,0.1146,U,55,595
D,751827,26,dispense,0.1201,U,55,595
D,751923,26,dispense,0.1230,U,55,595
D,752019,26,dispense,0.1218,U,55,596
D,752115,26,dispense,0.1168,U,55,596
D,752209,26,dispense,0.1110,U,55,596
D,752304,26,dispense,0.1078,U,55,597
D,752400,26,dispense,0.1086,U,55,597
D,752496,26,dispense,0.1125,U,55,597
D,752592,26,dispense,0.1183,U,55,598
D,752688,26,dispense,0.1261,U,55,598
D,752783,26,dispense,0.1367,U,55,598
D,752880,26,dispense,0.1500,U,55,599
D,752975,26,dispense,0.1644,U,55,599
D,753071,26,dispense,0.1769,U,55,599
D,753165,26,dispense,0.1860,U,55,600
D,753261,26,dispense,0.1921,U,55,600
D,753357,26,dispense,0.1975,U,55,600
D,753453,26,dispense,0.2035,U,55,601
D,753548,26,dispense,0.2099,U,55,601
D,753644,26,dispense,0.2160,U,55,601
D,753740,26,dispense,0.2223,U,55,602
D,753836,26,dispense,0.2295,U,55,602
D,753932,26,dispense,0.2372,U,55,602
D,754026,26,dispense,0.2440,U,55,603
D,754121,26,dispense,0.2497,U,55,603
D,754217,26,dispense,0.2556,U,55,603
D,754313,26,dispense,0.2626,U,55,604
D,754421,26,dispense,0.2709,U,55,604
D,754513,26,dispense,0.2795,U,55,604
D,754697,26,dispense,0.2941,U,55,605
D,754792,26,dispense,0.2987,U,55,605
D,754886,26,dispense,0.3019,U,55,605
D,754982,26,dispense,0.3040,U,55,606
D,755078,26,dispense,0.3043,U,55,606
D,755174,26,dispense,0.3025,U,55,606
D,755270,26,dispense,0.3003,U,55,607
D,755365,26,dispense,0.3000,U,55,607
D,755461,26,dispense,0.3011,U,55,607
D,755557,26,dispense,0.3027,U,55,608
D,755653,26,dispense,0.3101,U,55,608
D,755749,26,dispense,0.3164,U,55,608
D,755843,26,dispense,0.3261,U,55,609
D,755939,26,dispense,0.3377,U,55,609
D,756034,26,dispense,0.3477,U,55,609
D,756130,26,dispense,0.3542,U,55,610
D,756226,26,dispense,0.3579,U,55,610
D,756322,26,dispense,0.3611,U,55,610
D,756418,26,dispense,0.3644,U,55,611
D,756513,26,dispense,0.3670,U,55,611
D,756609,26,dispense,0.3689,U,55,611
D,756703,26,dispense,0.3718,U,55,612
D,756799,26,dispense,0.3777,U,55,612
D,756895,26,dispense,0.3874,U,55,612
D,756991,26,dispense,0.4000,U,55,613
D,757087,26,dispense,0.4133,U,55,613
D,757182,26,dispense,0.4247,U,55,613
D,757278,26,dispense,0.4323,U,55,614
D,757374,26,dispense,0.4346,U,55,614
D,757470,26,dispense,0.4311,U,55,614
D,757566,26,dispense,0.4225,U,55,615
D,757660,26,dispense,0.4109,U,55,615
D,757755,26,dispense,0.4000,U,55,615
D,757851,26,dispense,0.3949,U,55,616
D,757947,26,dispense,0.3982,U,55,616
D,758043,26,dispense,0.4074,U,55,616
D,758139,26,dispense,0.4174,U,55,617
D,758235,26,dispense,0.4250,U,55,617
D,758331,26,dispense,0.4308,U,55,617
D,758426,26,dispense,0.4366,U,55,618
D,758520,26,dispense,0.4435,U,55,618
D,758616,26,dispense,0.4506,U,55,618
D,758712,26,dispense,0.4559,U,55,619
D,758808,26,dispense,0.4581,U,55,619
D,758904,26,dispense,0.4580,U,55,619
D,758999,26,dispense,0.4576,U,55,620
D,759095,26,dispense,0.4593,U,55,620
D,759191,26,dispense,0.4653,U,55,620
D,759287,26,dispense,0.4758,U,55,621
D,759381,26,dispense,0.4875,U,55,621
D,759477,26,dispense,0.4955,U,55,621
D,759573,26,dispense,0.4966,U,55,622
D,759668,26,dispense,0.4925,U,55,622
D,759764,26,dispense,0.4875,U,55,622
D,759860,26,dispense,0.4849,U,55,623
D,759956,26,dispense,0.4854,U,55,623
D,760052,26,dispense,0.4877,U,55,623
D,760148,26,dispense,0.4906,U,55,624
D,760243,26,dispense,0.4945,U,55,624
D,760337,26,dispense,0.5006,U,55,624
D,760433,26,dispense,0.5102,U,55,625
D,760529,26,dispense,0.5224,U,55,625
D,760625,26,dispense,0.5349,U,55,625
D,760721,26,dispense,0.5446,U,55,626
D,760816,26,dispense,0.5498,U,55,626
D,760912,26,dispense,0.5512,U,55,626
D,761008,26,dispense,0.5512,U,55,627
D,761104,26,dispense,0.5528,U,55,627
D,761198,26,dispense,0.5577,U,55,627
D,761294,26,dispense,0.5654,U,55,628
D,761390,26,dispense,0.5735,U,55,628
D,761485,26,dispense,0.5804,U,55,628
D,761581,26,dispense,0.5862,U,55,629
D,761677,26,dispense,0.5923,U,55,629
D,761773,26,dispense,0.5986,U,55,629
D,761869,26,dispense,0.6042,U,55,630
D,761965,26,dispense,0.6084,U,55,630
D,762061,26,dispense,0.6114,U,55,630
D,762154,26,dispense,0.6128,U,55,631
D,762250,26,dispense,0.6131,U,55,631
D,762346,26,dispense,0.6141,U,55,631
D,762442,26,dispense,0.6180,U,55,632
D,762547,26,dispense,0.6254,U,55,632
D,762639,26,dispense,0.6345,U,55,632
D,762730,26,dispense,0.6424,U,55,633
D,762825,26,dispense,0.6477,U,55,633
D,762921,26,dispense,0.6514,U,55,633
D,763015,26,dispense,0.6552,U,55,634
D,763111,26,dispense,0.6596,U,55,634
D,763207,26,dispense,0.6636,U,55,634
D,763302,26,dispense,0.6670,U,55,635
D,763398,26,dispense,0.6701,U,55,635
D,763494,26,dispense,0.6730,U,55,635
D,763591,26,dispense,0.6749,U,55,636
D,763686,26,dispense,0.6757,U,55,636
D,763782,26,dispense,0.6763,U,55,636
D,763876,26,dispense,0.6775,U,55,637
D,763971,26,dispense,0.6794,U,55,637
D,764068,26,dispense,0.6817,U,55,637
D,764163,26,dispense,0.6842,U,55,638
D,764259,26,dispense,0.6872,U,55,638
D,764355,26,dispense,0.6897,U,55,638
D,764451,26,dispense,0.6904,U,55,639
D,764546,26,dispense,0.6893,U,55,639
D,764642,26,dispense,0.6886,U,55,639
D,764738,26,dispense,0.6901,U,55,640
D,764832,26,dispense,0.6943,U,55,640
D,764928,26,dispense,0.7001,U,55,640
D,765024,26,dispense,0.7069,U,55,641
D,765120,26,dispense,0.7140,U,55,641
D,765216,26,dispense,0.7200,U,55,641
D,765311,26,dispense,0.7238,U,55,642
D,765407,26,dispense,0.7255,U,55,642
D,765503,26,dispense,0.7263,U,55,642
D,765599,26,dispense,0.7279,U,55,643
D,765693,26,dispense,0.7311,U,55,643
D,765788,26,dispense,0.7370,U,55,643
D,765884,26,dispense,0.7461,U,55,644
D,765980,26,dispense,0.7572,U,55,644
D,766076,26,dispense,0.7665,U,55,644
D,766172,26,dispense,0.7712,U,55,645
D,766268,26,dispense,0.7712,U,55,645
D,766364,26,dispense,0.7689,U,55,645
D,766460,26,dispense,0.7672,U,55,646
D,766553,26,dispense,0.7686,U,55,646
D,766649,26,dispense,0.7738,U,55,646
D,766745,26,dispense,0.7822,U,55,647
D,766841,26,dispense,0.7914,U,55,647
D,766937,26,dispense,0.7991,U,55,647
D,767032,26,dispense,0.8041,U,55,648
D,767128,26,dispense,0.8066,U,55,648
D,767224,26,dispense,0.8075,U,55,648
D,767320,26,dispense,0.8084,U,55,649
D,767416,26,dispense,0.8107,U,55,649
D,767510,26,dispense,0.8139,U,55,649
D,767606,26,dispense,0.8168,U,55,650
D,767702,26,dispense,0.8191,U,55,650
D,767797,26,dispense,0.8220,U,55,650
D,767893,26,dispense,0.8271,U,55,651
D,767989,26,dispense,0.8341,U,55,651
D,768085,26,dispense,0.8408,U,55,651
D,768181,26,dispense,0.8454,U,55,652
D,768277,26,dispense,0.8475,U,55,652
D,768370,26,dispense,0.8485,U,55,652
D,768466,26,dispense,0.8496,U,55,653
D,768562,26,dispense,0.8509,U,55,653
D,768658,26,dispense,0.8522,U,55,653
D,768754,26,dispense,0.8546,U,55,654
D,768850,26,dispense,0.8597,U,55,654
D,768945,26,dispense,0.8678,U,55,654
D,769041,26,dispense,0.8764,U,55,655
D,769137,26,dispense,0.8827,U,55,655
D,769233,26,dispense,0.8855,U,55,655
D,769327,26,dispense,0.8863,U,55,656
D,769423,26,dispense,0.8873,U,55,656
D,769519,26,dispense,0.8898,U,55,656
D,769614,26,dispense,0.8939,U,55,657
D,769710,26,dispense,0.8976,U,55,657
D,769806,26,dispense,0.8981,U,55,657
D,769902,26,dispense,0.8937,U,55,658
D,769998,26,dispense,0.8864,U,55,658
D,770094,26,dispense,0.8812,U,55,658
D,770187,26,dispense,0.8823,U,55,659
D,770283,26,dispense,0.8902,U,55,659
D,770379,26,dispense,0.9019,U,55,659
D,770475,26,dispense,0.9139,U,55,660
D,770579,26,dispense,0.9235,U,55,660
D,770672,26,dispense,0.9291,U,55,660
D,770763,26,dispense,0.9311,U,55,661
D,770858,26,dispense,0.9314,U,55,661
D,770954,26,dispense,0.9328,U,55,661
D,771048,26,dispense,0.9369,U,55,662
D,771144,26,dispense,0.9428,U,55,662
D,771240,26,dispense,0.9494,U,55,662
D,771336,26,dispense,0.9566,U,55,663
D,771432,26,dispense,0.9655,U,55,663
D,771527,26,dispense,0.9763,U,55,663
D,771623,26,dispense,0.9871,U,55,664
D,771719,26,dispense,0.9948,U,55,664
D,771815,26,dispense,0.9980,U,55,664
D,771911,26,dispense,0.9982,U,55,665
D,772004,26,dispense,0.9984,U,55,665
D,772100,26,dispense,0.9999,U,55,665
D,772196,26,dispense,1.0024,U,55,666
E,772201,TRIGGER 1.0024 g at t=24.19 s -- ALL STOP
D,772293,26,settle,1.0054,U,0,666
D,772388,26,settle,1.0100,U,0,666
D,772484,26,settle,1.0166,U,0,666
D,772580,26,settle,1.0238,U,0,666
D,772675,26,settle,1.0290,U,0,666
D,772771,26,settle,1.0309,U,0,666
D,772865,26,settle,1.0306,U,0,666
D,772961,26,settle,1.0295,U,0,666
D,773057,26,settle,1.0283,U,0,666
D,773153,26,settle,1.0274,U,0,666
D,773249,26,settle,1.0272,U,0,666
D,773344,26,settle,1.0267,U,0,666
D,773440,26,settle,1.0266,U,0,666
D,773536,26,settle,1.0267,U,0,666
D,773632,26,settle,1.0268,U,0,666
D,773728,26,settle,1.0270,U,0,666
D,773822,26,settle,1.0272,U,0,666
D,773917,26,settle,1.0274,U,0,666
D,774013,26,settle,1.0276,U,0,666
D,774109,26,settle,1.0276,U,0,666
D,774205,26,settle,1.0276,U,0,666
D,774301,26,settle,1.0276,U,0,666
D,774397,26,settle,1.0276,U,0,666
D,774493,26,settle,1.0277,S,0,666
D,774589,26,settle,1.0277,S,0,666
D,774683,26,settle,1.0279,U,0,666
D,774778,26,settle,1.0280,U,0,666
D,774874,26,settle,1.0281,U,0,666
D,774970,26,settle,1.0282,U,0,666
D,775066,26,settle,1.0283,U,0,666
D,775162,26,settle,1.0284,U,0,666
D,775258,26,settle,1.0284,U,0,666
D,775353,26,settle,1.0284,U,0,666
D,775449,26,settle,1.0285,U,0,666
D,775543,26,settle,1.0286,U,0,666
D,775639,26,settle,1.0287,U,0,666
D,775735,26,settle,1.0288,U,0,666
D,775831,26,settle,1.0289,U,0,666
D,775927,26,settle,1.0289,U,0,666
D,776022,26,settle,1.0290,U,0,666
D,776118,26,settle,1.0291,U,0,666
D,776214,26,settle,1.0291,U,0,666
D,776310,26,settle,1.0292,U,0,666
D,776406,26,settle,1.0292,U,0,666
D,776500,26,settle,1.0292,U,0,666
D,776596,26,settle,1.0292,S,0,666
D,776691,26,settle,1.0292,S,0,666
D,776787,26,settle,1.0292,S,0,666
D,776883,26,settle,1.0292,S,0,666
D,776979,26,settle,1.0293,S,0,666
D,777075,26,settle,1.0293,S,0,666
D,777171,26,settle,1.0294,U,0,666
D,777267,26,settle,1.0295,U,0,666
D,777360,26,settle,1.0296,U,0,666
D,777456,26,settle,1.0297,U,0,666
D,777552,26,settle,1.0298,U,0,666
D,777648,26,settle,1.0299,U,0,666
D,777744,26,settle,1.0300,U,0,666
D,777839,26,settle,1.0301,U,0,666
D,777935,26,settle,1.0302,U,0,666
D,778031,26,settle,1.0304,U,0,666
D,778127,26,settle,1.0305,U,0,666
D,778221,26,settle,1.0306,U,0,666
D,778317,26,settle,1.0307,U,0,666
D,778413,26,settle,1.0309,U,0,666
D,778508,26,settle,1.0311,U,0,666
D,778604,26,settle,1.0312,U,0,666
D,778700,26,settle,1.0313,U,0,666
D,778796,26,settle,1.0314,U,0,666
D,778892,26,settle,1.0315,U,0,666
D,778988,26,settle,1.0316,U,0,666
D,779084,26,settle,1.0317,U,0,666
D,779177,26,settle,1.0317,U,0,666
D,779273,26,settle,1.0318,U,0,666
D,779369,26,settle,1.0318,U,0,666
D,779465,26,settle,1.0318,U,0,666
D,779561,26,settle,1.0318,S,0,666
D,779657,26,settle,1.0318,S,0,666
D,779752,26,settle,1.0318,S,0,666
D,779848,26,settle,1.0318,S,0,666
D,779944,26,settle,1.0319,S,0,666
D,780038,26,settle,1.0319,S,0,666
D,780134,26,settle,1.0319,S,0,666
D,780230,26,settle,1.0319,S,0,666
P,780327,26,40.0,5,settled,1.0319
D,780421,26,settle,1.0319,S,0,666
D,780517,26,settle,1.0319,S,0,666
D,780613,26,settle,1.0319,S,0,666
D,780709,26,settle,1.0319,S,0,666
D,780805,26,settle,1.0319,S,0,666
D,780901,26,settle,1.0319,S,0,666
D,780995,26,settle,1.0319,S,0,666
D,781090,26,settle,1.0319,S,0,666
D,781186,26,settle,1.0319,S,0,666
D,781282,26,settle,1.0319,S,0,666
D,781378,26,settle,1.0320,S,0,666
D,781474,26,settle,1.0322,U,0,666
D,781569,26,settle,1.0324,U,0,666
D,781665,26,settle,1.0325,U,0,666
D,781761,26,settle,1.0326,U,0,666
D,781861,26,settle,1.0328,U,0,666
D,781951,26,settle,1.0329,U,0,666
D,782047,26,settle,1.0331,U,0,666
D,782143,26,settle,1.0332,U,0,666
D,782239,26,settle,1.0334,U,0,666
D,782334,26,settle,1.0335,U,0,666
D,782430,26,settle,1.0336,U,0,666
D,782526,26,settle,1.0337,U,0,666
D,782622,26,settle,1.0338,U,0,666
D,782716,26,settle,1.0339,U,0,666
D,782812,26,settle,1.0340,U,0,666
D,782907,26,settle,1.0341,U,0,666
D,783003,26,settle,1.0342,U,0,666
D,783099,26,settle,1.0343,U,0,666
D,783195,26,settle,1.0343,U,0,666
D,783291,26,settle,1.0344,U,0,666
P,783768,26,40.0,5,settled2,1.0344
R,26,C6,40.0,5,55,1.00,rot,1.0024,24.23,1.0319,1.0344,1.0319,15.9957,84,ok
E,783776,=== trial 27 : C6 tilt 55.0 rep 5 rpm 55 halt 1.00 mode rot (cum 16.00 g) ===
P,789225,27,55.0,5,tare0,0.0001
D,789318,27,preroll,0.0001,S,0,666
D,789412,27,preroll,0.0002,U,0,666
D,789507,27,preroll,0.0002,U,0,666
D,789602,27,preroll,0.0002,S,0,666
D,789698,27,preroll,0.0003,U,0,666
D,789794,27,preroll,0.0003,U,0,666
D,789888,27,preroll,0.0003,S,0,666
D,789984,27,preroll,0.0003,S,0,666
D,790080,27,preroll,0.0003,S,0,666
D,790176,27,preroll,0.0003,S,0,666
D,790271,27,preroll,0.0003,S,0,666
D,790367,27,preroll,0.0003,S,0,666
D,790463,27,preroll,0.0003,S,0,666
D,790559,27,preroll,0.0003,S,0,666
D,790655,27,preroll,0.0003,S,0,666
D,790751,27,preroll,0.0003,S,0,666
E,790817,dispense start: mode rot rpm 55
D,790844,27,dispense,0.0003,S,55,666
D,790940,27,dispense,0.0003,S,55,666
D,791036,27,dispense,0.0003,S,55,666
D,791132,27,dispense,0.0003,S,55,667
D,791228,27,dispense,0.0002,S,55,667
D,791324,27,dispense,0.0002,S,55,667
D,791420,27,dispense,0.0003,S,55,668
D,791515,27,dispense,0.0044,U,55,668
D,791611,27,dispense,0.0087,U,55,668
D,791705,27,dispense,0.0136,U,55,669
D,791801,27,dispense,0.0177,U,55,669
D,791896,27,dispense,0.0206,U,55,669
D,791992,27,dispense,0.0237,U,55,670
D,792088,27,dispense,0.0289,U,55,670
D,792184,27,dispense,0.0363,U,55,670
D,792280,27,dispense,0.0440,U,55,671
D,792376,27,dispense,0.0498,U,55,671
D,792471,27,dispense,0.0526,U,55,671
D,792567,27,dispense,0.0527,U,55,672
D,792661,27,dispense,0.0511,U,55,672
D,792757,27,dispense,0.0493,U,55,672
D,792853,27,dispense,0.0507,U,55,673
D,792949,27,dispense,0.0575,U,55,673
D,793045,27,dispense,0.0685,U,55,673
D,793140,27,dispense,0.0794,U,55,674
D,793236,27,dispense,0.0879,U,55,674
D,793332,27,dispense,0.0949,U,55,674
D,793428,27,dispense,0.1025,U,55,675
D,793522,27,dispense,0.1109,U,55,675
D,793618,27,dispense,0.1183,U,55,675
D,793713,27,dispense,0.1234,U,55,676
D,793809,27,dispense,0.1270,U,55,676
D,793905,27,dispense,0.1316,U,55,676
D,794001,27,dispense,0.1398,U,55,677
D,794097,27,dispense,0.1522,U,55,677
D,794193,27,dispense,0.1667,U,55,677
D,794295,27,dispense,0.1800,U,55,678
D,794388,27,dispense,0.1903,U,55,678
D,794481,27,dispense,0.1974,U,55,678
D,794574,27,dispense,0.2025,U,55,679
D,794670,27,dispense,0.2072,U,55,679
D,794766,27,dispense,0.2128,U,55,679
D,794862,27,dispense,0.2194,U,55,680
D,794957,27,dispense,0.2263,U,55,680
D,795053,27,dispense,0.2328,U,55,680
D,795149,27,dispense,0.2388,U,55,681
D,795245,27,dispense,0.2454,U,55,681
D,795339,27,dispense,0.2536,U,55,681
D,795435,27,dispense,0.2637,U,55,682
D,795530,27,dispense,0.2754,U,55,682
D,795626,27,dispense,0.2874,U,55,682
D,795722,27,dispense,0.2977,U,55,683
D,795818,27,dispense,0.3049,U,55,683
D,795914,27,dispense,0.3091,U,55,683
D,796010,27,dispense,0.3111,U,55,684
D,796106,27,dispense,0.3122,U,55,684
D,796199,27,dispense,0.3137,U,55,684
D,796295,27,dispense,0.3166,U,55,685
D,796391,27,dispense,0.3210,U,55,685
D,796487,27,dispense,0.3265,U,55,685
D,796583,27,dispense,0.3325,U,55,686
D,796679,27,dispense,0.3386,U,55,686
D,796774,27,dispense,0.3445,U,55,686
D,796870,27,dispense,0.3490,U,55,687
D,796966,27,dispense,0.3514,U,55,687
D,797062,27,dispense,0.3520,U,55,687
D,797156,27,dispense,0.3522,U,55,688
D,797252,27,dispense,0.3542,U,55,688
D,797348,27,dispense,0.3586,U,55,688
D,797443,27,dispense,0.3650,U,55,689
D,797539,27,dispense,0.3719,U,55,689
D,797635,27,dispense,0.3782,U,55,689
D,797731,27,dispense,0.3832,U,55,690
D,797827,27,dispense,0.3860,U,55,690
D,797923,27,dispense,0.3863,U,55,690
D,798016,27,dispense,0.3848,U,55,691
D,798112,27,dispense,0.3832,U,55,691
D,798208,27,dispense,0.3828,U,55,691
D,798304,27,dispense,0.3834,U,55,692
D,798400,27,dispense,0.3845,U,55,692
D,798496,27,dispense,0.3859,U,55,692
D,798592,27,dispense,0.3933,U,55,693
D,798688,27,dispense,0.3971,U,55,693
D,798783,27,dispense,0.4017,U,55,693
D,798877,27,dispense,0.4072,U,55,694
D,798973,27,dispense,0.4125,U,55,694
D,799069,27,dispense,0.4167,U,55,694
D,799165,27,dispense,0.4193,U,55,695
D,799260,27,dispense,0.4197,U,55,695
D,799356,27,dispense,0.4174,U,55,695
D,799452,27,dispense,0.4134,U,55,696
D,799548,27,dispense,0.4106,U,55,696
D,799644,27,dispense,0.4116,U,55,696
D,799740,27,dispense,0.4169,U,55,697
D,799834,27,dispense,0.4246,U,55,697
D,799930,27,dispense,0.4321,U,55,697
D,800025,27,dispense,0.4380,U,55,698
D,800121,27,dispense,0.4431,U,55,698
D,800217,27,dispense,0.4491,U,55,698
D,800313,27,dispense,0.4566,U,55,699
D,800409,27,dispense,0.4642,U,55,699
D,800504,27,dispense,0.4702,U,55,699
D,800600,27,dispense,0.4739,U,55,700
D,800694,27,dispense,0.4767,U,55,700
D,800790,27,dispense,0.4807,U,55,700
D,800886,27,dispense,0.4865,U,55,701
D,800982,27,dispense,0.4935,U,55,701
D,801077,27,dispense,0.5014,U,55,701
D,801174,27,dispense,0.5095,U,55,702
D,801269,27,dispense,0.5163,U,55,702
D,801365,27,dispense,0.5197,U,55,702
D,801461,27,dispense,0.5197,U,55,703
D,801555,27,dispense,0.5188,U,55,703
D,801651,27,dispense,0.5195,U,55,703
D,801746,27,dispense,0.5220,U,55,704
D,801842,27,dispense,0.5251,U,55,704
D,801938,27,dispense,0.5273,U,55,704
D,802034,27,dispense,0.5287,U,55,705
D,802130,27,dispense,0.5303,U,55,705
D,802226,27,dispense,0.5333,U,55,705
D,802329,27,dispense,0.5385,U,55,706
D,802421,27,dispense,0.5448,U,55,706
D,802514,27,dispense,0.5497,U,55,706
D,802607,27,dispense,0.5508,U,55,707
D,802703,27,dispense,0.5480,U,55,707
D,802799,27,dispense,0.5439,U,55,707
D,802895,27,dispense,0.5426,U,55,708
D,802990,27,dispense,0.5446,U,55,708
D,803086,27,dispense,0.5482,U,55,708
D,803182,27,dispense,0.5665,U,55,709
D,803278,27,dispense,0.5769,U,55,709
D,803372,27,dispense,0.5847,U,55,709
D,803468,27,dispense,0.5893,U,55,710
D,803564,27,dispense,0.5910,U,55,710
D,803659,27,dispense,0.5910,U,55,710
D,803755,27,dispense,0.5905,U,55,711
D,803851,27,dispense,0.5901,U,55,711
D,803947,27,dispense,0.5911,U,55,711
D,804043,27,dispense,0.5951,U,55,712
D,804139,27,dispense,0.6035,U,55,712
D,804234,27,dispense,0.6155,U,55,712
D,804328,27,dispense,0.6266,U,55,713
D,804424,27,dispense,0.6330,U,55,713
D,804520,27,dispense,0.6343,U,55,713
D,804616,27,dispense,0.6336,U,55,714
D,804712,27,dispense,0.6339,U,55,714
D,804808,27,dispense,0.6364,U,55,714
D,804903,27,dispense,0.6413,U,55,715
D,804999,27,dispense,0.6482,U,55,715
D,805095,27,dispense,0.6560,U,55,715
D,805189,27,dispense,0.6632,U,55,716
D,805285,27,dispense,0.6688,U,55,716
D,805381,27,dispense,0.6738,U,55,716
D,805476,27,dispense,0.6798,U,55,717
D,805572,27,dispense,0.6867,U,55,717
D,805668,27,dispense,0.6923,U,55,717
D,805764,27,dispense,0.6943,U,55,718
D,805860,27,dispense,0.6923,U,55,718
D,805956,27,dispense,0.6888,U,55,718
D,806050,27,dispense,0.6867,U,55,719
D,806145,27,dispense,0.6881,U,55,719
D,806241,27,dispense,0.6902,U,55,719
D,806337,27,dispense,0.6924,U,55,720
D,806433,27,dispense,0.6998,U,55,720
D,806529,27,dispense,0.7009,U,55,720
D,806625,27,dispense,0.7013,U,55,721
D,806720,27,dispense,0.7027,U,55,721
D,806816,27,dispense,0.7058,U,55,721
D,806912,27,dispense,0.7098,U,55,722
D,807006,27,dispense,0.7138,U,55,722
D,807102,27,dispense,0.7172,U,55,722
D,807198,27,dispense,0.7188,U,55,723
D,807294,27,dispense,0.7178,U,55,723
D,807389,27,dispense,0.7147,U,55,723
D,807485,27,dispense,0.7122,U,55,724
D,807581,27,dispense,0.7124,U,55,724
D,807677,27,dispense,0.7139,U,55,724
D,807773,27,dispense,0.7163,U,55,725
D,807867,27,dispense,0.7306,U,55,725
D,807962,27,dispense,0.7365,U,55,725
D,808058,27,dispense,0.7401,U,55,726
D,808154,27,dispense,0.7426,U,55,726
D,808250,27,dispense,0.7459,U,55,726
D,808346,27,dispense,0.7515,U,55,727
D,808442,27,dispense,0.7590,U,55,727
D,808538,27,dispense,0.7670,U,55,727
D,808633,27,dispense,0.7739,U,55,728
D,808729,27,dispense,0.7789,U,55,728
D,808823,27,dispense,0.7825,U,55,728
D,808919,27,dispense,0.7859,U,55,729
D,809015,27,dispense,0.7901,U,55,729
D,809111,27,dispense,0.7949,U,55,729
D,809206,27,dispense,0.7995,U,55,730
D,809302,27,dispense,0.8032,U,55,730
D,809398,27,dispense,0.8054,U,55,730
D,809494,27,dispense,0.8062,U,55,731
D,809590,27,dispense,0.8073,U,55,731
D,809684,27,dispense,0.8108,U,55,731
D,809779,27,dispense,0.8170,U,55,732
D,809875,27,dispense,0.8234,U,55,732
D,809971,27,dispense,0.8285,U,55,732
D,810067,27,dispense,0.8320,U,55,733
D,810163,27,dispense,0.8351,U,55,733
D,810259,27,dispense,0.8385,U,55,733
D,810362,27,dispense,0.8429,U,55,734
D,810454,27,dispense,0.8486,U,55,734
D,810547,27,dispense,0.8549,U,55,734
D,810640,27,dispense,0.8605,U,55,735
D,810736,27,dispense,0.8652,U,55,735
D,810832,27,dispense,0.8693,U,55,735
D,810928,27,dispense,0.8726,U,55,736
D,811023,27,dispense,0.8749,U,55,736
D,811119,27,dispense,0.8770,U,55,736
D,811215,27,dispense,0.8803,U,55,737
D,811311,27,dispense,0.8848,U,55,737
D,811407,27,dispense,0.8897,U,55,737
D,811501,27,dispense,0.8951,U,55,738
D,811597,27,dispense,0.9014,U,55,738
D,811692,27,dispense,0.9076,U,55,738
D,811788,27,dispense,0.9123,U,55,739
D,811884,27,dispense,0.9156,U,55,739
D,811980,27,dispense,0.9193,U,55,739
D,812076,27,dispense,0.9239,U,55,740
D,812172,27,dispense,0.9283,U,55,740
D,812267,27,dispense,0.9320,U,55,740
D,812361,27,dispense,0.9351,U,55,741
D,812457,27,dispense,0.9376,U,55,741
D,812553,27,dispense,0.9383,U,55,741
D,812649,27,dispense,0.9363,U,55,742
D,812745,27,dispense,0.9322,U,55,742
D,812841,27,dispense,0.9280,U,55,742
D,812937,27,dispense,0.9256,U,55,743
D,813032,27,dispense,0.9264,U,55,743
D,813128,27,dispense,0.9309,U,55,743
D,813222,27,dispense,0.9384,U,55,744
D,813318,27,dispense,0.9468,U,55,744
D,813414,27,dispense,0.9544,U,55,744
D,813509,27,dispense,0.9601,U,55,745
D,813605,27,dispense,0.9642,U,55,745
D,813701,27,dispense,0.9674,U,55,745
D,813797,27,dispense,0.9705,U,55,746
D,813893,27,dispense,0.9739,U,55,746
D,813989,27,dispense,0.9775,U,55,746
D,814085,27,dispense,0.9820,U,55,747
D,814178,27,dispense,0.9880,U,55,747
D,814274,27,dispense,0.9948,U,55,747
D,814370,27,dispense,1.0001,U,55,748
E,814375,TRIGGER 1.0001 g at t=23.52 s -- ALL STOP
D,814467,27,settle,1.0027,U,0,748
D,814562,27,settle,1.0035,U,0,748
D,814658,27,settle,1.0042,U,0,748
D,814753,27,settle,1.0056,U,0,748
D,814849,27,settle,1.0066,U,0,748
D,814945,27,settle,1.0063,U,0,748
D,815039,27,settle,1.0052,U,0,748
D,815135,27,settle,1.0051,U,0,748
D,815231,27,settle,1.0056,U,0,748
D,815327,27,settle,1.0064,U,0,748
D,815422,27,settle,1.0106,U,0,748
D,815518,27,settle,1.0113,U,0,748
D,815614,27,settle,1.0113,U,0,748
D,815710,27,settle,1.0111,U,0,748
D,815806,27,settle,1.0109,U,0,748
D,815902,27,settle,1.0105,U,0,748
D,815996,27,settle,1.0103,U,0,748
D,816092,27,settle,1.0101,U,0,748
D,816187,27,settle,1.0100,U,0,748
D,816283,27,settle,1.0099,U,0,748
D,816379,27,settle,1.0099,U,0,748
D,816475,27,settle,1.0099,U,0,748
D,816571,27,settle,1.0100,S,0,748
D,816667,27,settle,1.0100,S,0,748
D,816762,27,settle,1.0101,U,0,748
D,816856,27,settle,1.0102,U,0,748
D,816952,27,settle,1.0103,U,0,748
D,817048,27,settle,1.0104,U,0,748
D,817144,27,settle,1.0106,U,0,748
D,817240,27,settle,1.0107,U,0,748
D,817336,27,settle,1.0108,U,0,748
D,817431,27,settle,1.0108,U,0,748
D,817527,27,settle,1.0108,U,0,748
D,817623,27,settle,1.0109,U,0,748
D,817717,27,settle,1.0109,U,0,748
D,817813,27,settle,1.0110,U,0,748
D,817909,27,settle,1.0111,U,0,748
D,818005,27,settle,1.0111,U,0,748
D,818100,27,settle,1.0113,U,0,748
D,818196,27,settle,1.0114,U,0,748
D,818292,27,settle,1.0115,U,0,748
D,818388,27,settle,1.0116,U,0,748
D,818484,27,settle,1.0117,U,0,748
D,818580,27,settle,1.0119,U,0,748
D,818674,27,settle,1.0120,U,0,748
D,818769,27,settle,1.0120,U,0,748
D,818865,27,settle,1.0121,U,0,748
D,818961,27,settle,1.0121,U,0,748
D,819057,27,settle,1.0122,U,0,748
D,819153,27,settle,1.0122,U,0,748
D,819249,27,settle,1.0123,U,0,748
D,819345,27,settle,1.0124,U,0,748
D,819440,27,settle,1.0125,U,0,748
D,819534,27,settle,1.0126,U,0,748
D,819630,27,settle,1.0127,U,0,748
D,819726,27,settle,1.0128,U,0,748
D,819822,27,settle,1.0128,U,0,748
D,819918,27,settle,1.0129,U,0,748
D,820013,27,settle,1.0129,U,0,748
D,820109,27,settle,1.0129,U,0,748
D,820205,27,settle,1.0129,S,0,748
D,820301,27,settle,1.0129,S,0,748
D,820402,27,settle,1.0128,S,0,748
D,820491,27,settle,1.0128,S,0,748
D,820587,27,settle,1.0128,S,0,748
D,820682,27,settle,1.0129,S,0,748
D,820778,27,settle,1.0129,S,0,748
D,820874,27,settle,1.0129,S,0,748
D,820970,27,settle,1.0129,S,0,748
D,821066,27,settle,1.0129,S,0,748
D,821162,27,settle,1.0129,S,0,748
D,821257,27,settle,1.0129,S,0,748
D,821351,27,settle,1.0128,S,0,748
D,821447,27,settle,1.0128,S,0,748
D,821543,27,settle,1.0128,S,0,748
D,821639,27,settle,1.0128,S,0,748
D,821735,27,settle,1.0128,S,0,748
D,821831,27,settle,1.0128,S,0,748
D,821926,27,settle,1.0128,S,0,748
D,822022,27,settle,1.0128,S,0,748
D,822118,27,settle,1.0128,S,0,748
D,822212,27,settle,1.0128,S,0,748
D,822308,27,settle,1.0129,S,0,748
D,822404,27,settle,1.0129,S,0,748
P,822501,27,55.0,5,settled,1.0129
D,822596,27,settle,1.0129,S,0,748
D,822691,27,settle,1.0129,S,0,748
D,822787,27,settle,1.0129,S,0,748
D,822883,27,settle,1.0129,S,0,748
D,822979,27,settle,1.0129,S,0,748
D,823075,27,settle,1.0129,S,0,748
D,823169,27,settle,1.0129,S,0,748
D,823265,27,settle,1.0129,S,0,748
D,823360,27,settle,1.0129,S,0,748
D,823456,27,settle,1.0129,S,0,748
D,823552,27,settle,1.0129,S,0,748
D,823648,27,settle,1.0129,S,0,748
D,823744,27,settle,1.0129,S,0,748
D,823840,27,settle,1.0129,S,0,748
D,823936,27,settle,1.0129,S,0,748
D,824029,27,settle,1.0129,S,0,748
D,824125,27,settle,1.0129,S,0,748
D,824221,27,settle,1.0129,S,0,748
D,824317,27,settle,1.0129,S,0,748
D,824412,27,settle,1.0135,U,0,748
D,824508,27,settle,1.0136,U,0,748
D,824604,27,settle,1.0137,U,0,748
D,824700,27,settle,1.0138,U,0,748
D,824796,27,settle,1.0139,U,0,748
D,824890,27,settle,1.0140,U,0,748
D,824986,27,settle,1.0142,U,0,748
D,825081,27,settle,1.0143,U,0,748
D,825177,27,settle,1.0145,U,0,748
D,825273,27,settle,1.0146,U,0,748
D,825369,27,settle,1.0147,U,0,748
D,825465,27,settle,1.0148,U,0,748
P,826325,27,55.0,5,settled2,1.0152
R,27,C6,55.0,5,55,1.00,rot,1.0001,23.56,1.0129,1.0152,1.0129,17.0086,82,ok
E,826333,=== trial 28 : C6 tilt 70.0 rep 5 rpm 55 halt 1.00 mode rot (cum 17.01 g) ===
P,829768,28,70.0,5,tare0,0.0000
D,829864,28,preroll,0.0000,S,0,748
D,829960,28,preroll,0.0000,S,0,748
D,830056,28,preroll,0.0000,S,0,748
D,830152,28,preroll,0.0000,S,0,748
D,830247,28,preroll,0.0000,S,0,748
D,830341,28,preroll,0.0004,U,0,748
D,830437,28,preroll,0.0004,U,0,748
D,830533,28,preroll,0.0004,U,0,748
D,830628,28,preroll,0.0005,U,0,748
D,830724,28,preroll,0.0005,U,0,748
D,830820,28,preroll,0.0005,S,0,748
D,830916,28,preroll,0.0006,U,0,748
D,831012,28,preroll,0.0007,U,0,748
D,831108,28,preroll,0.0008,U,0,748
D,831201,28,preroll,0.0009,U,0,748
D,831297,28,preroll,0.0010,U,0,748
E,831362,dispense start: mode rot rpm 55
D,831393,28,dispense,0.0011,U,55,748
D,831489,28,dispense,0.0012,U,55,748
D,831585,28,dispense,0.0012,U,55,748
D,831681,28,dispense,0.0013,U,55,749
D,831776,28,dispense,0.0013,U,55,749
D,831872,28,dispense,0.0013,U,55,749
D,831968,28,dispense,0.0012,S,55,750
D,832062,28,dispense,0.0013,S,55,750
D,832158,28,dispense,0.0015,U,55,750
D,832253,28,dispense,0.0109,U,55,751
D,832349,28,dispense,0.0172,U,55,751
D,832445,28,dispense,0.0229,U,55,751
D,832541,28,dispense,0.0268,U,55,752
D,832637,28,dispense,0.0286,U,55,752
D,832733,28,dispense,0.0293,U,55,752
D,832828,28,dispense,0.0300,U,55,753
D,832924,28,dispense,0.0317,U,55,753
D,833018,28,dispense,0.0348,U,55,753
D,833114,28,dispense,0.0390,U,55,754
D,833210,28,dispense,0.0445,U,55,754
D,833317,28,dispense,0.0513,U,55,754
D,833498,28,dispense,0.0695,U,55,755
D,833593,28,dispense,0.0788,U,55,755
D,833689,28,dispense,0.0860,U,55,755
D,833785,28,dispense,0.0898,U,55,756
D,833879,28,dispense,0.0903,U,55,756
D,833975,28,dispense,0.0894,U,55,756
D,834070,28,dispense,0.0899,U,55,757
D,834166,28,dispense,0.0932,U,55,757
D,834262,28,dispense,0.0983,U,55,757
D,834358,28,dispense,0.1034,U,55,758
D,834454,28,dispense,0.1081,U,55,758
D,834550,28,dispense,0.1130,U,55,758
D,834645,28,dispense,0.1176,U,55,759
D,834741,28,dispense,0.1208,U,55,759
D,834835,28,dispense,0.1224,U,55,759
D,834931,28,dispense,0.1239,U,55,760
D,835027,28,dispense,0.1275,U,55,760
D,835123,28,dispense,0.1336,U,55,760
D,835219,28,dispense,0.1402,U,55,761
D,835314,28,dispense,0.1446,U,55,761
D,835410,28,dispense,0.1464,U,55,761
D,835506,28,dispense,0.1467,U,55,762
D,835602,28,dispense,0.1468,U,55,762
D,835696,28,dispense,0.1473,U,55,762
D,835792,28,dispense,0.1484,U,55,763
D,835887,28,dispense,0.1503,U,55,763
D,835983,28,dispense,0.1526,U,55,763
D,836079,28,dispense,0.1554,U,55,764
D,836175,28,dispense,0.1585,U,55,764
D,836271,28,dispense,0.1616,U,55,764
D,836367,28,dispense,0.1644,U,55,765
D,836463,28,dispense,0.1671,U,55,765
D,836556,28,dispense,0.1702,U,55,765
D,836652,28,dispense,0.1741,U,55,766
D,836748,28,dispense,0.1787,U,55,766
D,836844,28,dispense,0.1834,U,55,766
D,836940,28,dispense,0.1871,U,55,767
D,837036,28,dispense,0.1887,U,55,767
D,837131,28,dispense,0.1885,U,55,767
D,837227,28,dispense,0.1880,U,55,768
D,837323,28,dispense,0.1892,U,55,768
D,837419,28,dispense,0.1928,U,55,768
D,837513,28,dispense,0.1991,U,55,769
D,837609,28,dispense,0.2072,U,55,769
D,837704,28,dispense,0.2157,U,55,769
D,837800,28,dispense,0.2225,U,55,770
D,837896,28,dispense,0.2261,U,55,770
D,837992,28,dispense,0.2264,U,55,770
D,838088,28,dispense,0.2258,U,55,771
D,838184,28,dispense,0.2270,U,55,771
D,838279,28,dispense,0.2312,U,55,771
D,838373,28,dispense,0.2375,U,55,772
D,838469,28,dispense,0.2441,U,55,772
D,838565,28,dispense,0.2502,U,55,772
D,838661,28,dispense,0.2559,U,55,773
D,838757,28,dispense,0.2620,U,55,773
D,838853,28,dispense,0.2683,U,55,773
D,838948,28,dispense,0.2740,U,55,774
D,839044,28,dispense,0.2788,U,55,774
D,839140,28,dispense,0.2834,U,55,774
D,839236,28,dispense,0.2889,U,55,775
D,839330,28,dispense,0.2941,U,55,775
D,839426,28,dispense,0.2976,U,55,775
D,839522,28,dispense,0.2995,U,55,776
D,839617,28,dispense,0.3026,U,55,776
D,839713,28,dispense,0.3089,U,55,776
D,839809,28,dispense,0.3178,U,55,777
D,839905,28,dispense,0.3270,U,55,777
D,840001,28,dispense,0.3355,U,55,777
D,840097,28,dispense,0.3443,U,55,778
D,840190,28,dispense,0.3546,U,55,778
D,840286,28,dispense,0.3655,U,55,778
D,840382,28,dispense,0.3745,U,55,779
D,840478,28,dispense,0.3803,U,55,779
D,840574,28,dispense,0.3842,U,55,779
D,840670,28,dispense,0.3886,U,55,780
D,840766,28,dispense,0.3952,U,55,780
D,840861,28,dispense,0.4032,U,55,780
D,840957,28,dispense,0.4102,U,55,781
D,841051,28,dispense,0.4144,U,55,781
D,841147,28,dispense,0.4158,U,55,781
D,841243,28,dispense,0.4163,U,55,782
D,841339,28,dispense,0.4172,U,55,782
D,841444,28,dispense,0.4183,U,55,782
D,841626,28,dispense,0.4184,U,55,783
D,841722,28,dispense,0.4172,U,55,783
D,841818,28,dispense,0.4167,U,55,783
D,841914,28,dispense,0.4170,U,55,784
D,842008,28,dispense,0.4184,U,55,784
D,842103,28,dispense,0.4311,U,55,784
D,842199,28,dispense,0.4399,U,55,785
D,842295,28,dispense,0.4457,U,55,785
D,842391,28,dispense,0.4478,U,55,785
D,842487,28,dispense,0.4474,U,55,786
D,842582,28,dispense,0.4462,U,55,786
D,842678,28,dispense,0.4438,U,55,786
D,842774,28,dispense,0.4391,U,55,787
D,842868,28,dispense,0.4312,U,55,787
D,842964,28,dispense,0.4219,U,55,787
D,843060,28,dispense,0.4144,U,55,788
D,843156,28,dispense,0.4112,U,55,788
D,843251,28,dispense,0.4120,U,55,788
D,843347,28,dispense,0.4148,U,55,789
D,843443,28,dispense,0.4173,U,55,789
D,843539,28,dispense,0.4186,U,55,789
D,843635,28,dispense,0.4202,U,55,790
D,843731,28,dispense,0.4242,U,55,790
D,843825,28,dispense,0.4319,U,55,790
D,843920,28,dispense,0.4416,U,55,791
D,844016,28,dispense,0.4507,U,55,791
D,844112,28,dispense,0.4581,U,55,791
D,844208,28,dispense,0.4642,U,55,792
D,844304,28,dispense,0.4704,U,55,792
D,844400,28,dispense,0.4775,U,55,792
D,844495,28,dispense,0.4851,U,55,793
D,844592,28,dispense,0.4921,U,55,793
D,844685,28,dispense,0.4975,U,55,793
D,844781,28,dispense,0.5013,U,55,794
D,844877,28,dispense,0.5046,U,55,794
D,844973,28,dispense,0.5082,U,55,794
D,845069,28,dispense,0.5138,U,55,795
D,845164,28,dispense,0.5225,U,55,795
D,845260,28,dispense,0.5333,U,55,795
D,845356,28,dispense,0.5439,U,55,796
D,845452,28,dispense,0.5520,U,55,796
D,845546,28,dispense,0.5572,U,55,796
D,845642,28,dispense,0.5594,U,55,797
D,845737,28,dispense,0.5592,U,55,797
D,845833,28,dispense,0.5578,U,55,797
D,845929,28,dispense,0.5568,U,55,798
D,846025,28,dispense,0.5570,U,55,798
D,846121,28,dispense,0.5579,U,55,798
D,846217,28,dispense,0.5594,U,55,799
D,846312,28,dispense,0.5679,U,55,799
D,846409,28,dispense,0.5739,U,55,799
D,846502,28,dispense,0.5800,U,55,800
D,846598,28,dispense,0.5860,U,55,800
D,846694,28,dispense,0.5920,U,55,800
D,846790,28,dispense,0.5989,U,55,801
D,846886,28,dispense,0.6073,U,55,801
D,846981,28,dispense,0.6167,U,55,801
D,847077,28,dispense,0.6248,U,55,802
D,847173,28,dispense,0.6298,U,55,802
D,847269,28,dispense,0.6315,U,55,802
D,847363,28,dispense,0.6316,U,55,803
D,847459,28,dispense,0.6320,U,55,803
D,847555,28,dispense,0.6341,U,55,803
D,847650,28,dispense,0.6382,U,55,804
D,847746,28,dispense,0.6441,U,55,804
D,847842,28,dispense,0.6512,U,55,804
D,847938,28,dispense,0.6584,U,55,805
D,848034,28,dispense,0.6643,U,55,805
D,848130,28,dispense,0.6683,U,55,805
D,848223,28,dispense,0.6714,U,55,806
D,848319,28,dispense,0.6745,U,55,806
D,848415,28,dispense,0.6775,U,55,806
D,848511,28,dispense,0.6806,U,55,807
D,848607,28,dispense,0.6849,U,55,807
D,848703,28,dispense,0.6904,U,55,807
D,848798,28,dispense,0.6956,U,55,808
D,848894,28,dispense,0.6986,U,55,808
D,848990,28,dispense,0.7000,U,55,808
D,849086,28,dispense,0.7016,U,55,809
D,849180,28,dispense,0.7046,U,55,809
D,849276,28,dispense,0.7093,U,55,809
D,849372,28,dispense,0.7149,U,55,810
D,849480,28,dispense,0.7211,U,55,810
D,849572,28,dispense,0.7277,U,55,810
D,849755,28,dispense,0.7415,U,55,811
D,849851,28,dispense,0.7497,U,55,811
D,849947,28,dispense,0.7596,U,55,811
D,850041,28,dispense,0.7695,U,55,812
D,850136,28,dispense,0.7770,U,55,812
D,850232,28,dispense,0.7802,U,55,812
D,850328,28,dispense,0.7793,U,55,813
D,850424,28,dispense,0.7771,U,55,813
D,850520,28,dispense,0.7767,U,55,813
D,850617,28,dispense,0.7795,U,55,814
D,850712,28,dispense,0.7844,U,55,814
D,850807,28,dispense,0.7912,U,55,814
D,850903,28,dispense,0.8014,U,55,815
D,850997,28,dispense,0.8159,U,55,815
D,851093,28,dispense,0.8318,U,55,815
D,851189,28,dispense,0.8435,U,55,816
D,851285,28,dispense,0.8486,U,55,816
D,851381,28,dispense,0.8493,U,55,816
D,851476,28,dispense,0.8499,U,55,817
D,851572,28,dispense,0.8522,U,55,817
D,851668,28,dispense,0.8557,U,55,817
D,851764,28,dispense,0.8586,U,55,818
D,851858,28,dispense,0.8597,U,55,818
D,851953,28,dispense,0.8594,U,55,818
D,852049,28,dispense,0.8598,U,55,819
D,852145,28,dispense,0.8631,U,55,819
D,852241,28,dispense,0.8688,U,55,819
D,852337,28,dispense,0.8744,U,55,820
D,852433,28,dispense,0.8775,U,55,820
D,852529,28,dispense,0.8777,U,55,820
D,852624,28,dispense,0.8772,U,55,821
D,852718,28,dispense,0.8787,U,55,821
D,852814,28,dispense,0.8839,U,55,821
D,852910,28,dispense,0.8925,U,55,822
D,853006,28,dispense,0.9021,U,55,822
D,853102,28,dispense,0.9097,U,55,822
D,853198,28,dispense,0.9144,U,55,823
D,853293,28,dispense,0.9176,U,55,823
D,853389,28,dispense,0.9210,U,55,823
D,853485,28,dispense,0.9249,U,55,824
D,853581,28,dispense,0.9286,U,55,824
D,853675,28,dispense,0.9312,U,55,824
D,853771,28,dispense,0.9324,U,55,825
D,853866,28,dispense,0.9329,U,55,825
D,853962,28,dispense,0.9340,U,55,825
D,854058,28,dispense,0.9369,U,55,826
D,854154,28,dispense,0.9417,U,55,826
D,854250,28,dispense,0.9479,U,55,826
D,854346,28,dispense,0.9541,U,55,827
D,854441,28,dispense,0.9575,U,55,827
D,854535,28,dispense,0.9563,U,55,827
D,854631,28,dispense,0.9521,U,55,828
D,854727,28,dispense,0.9493,U,55,828
D,854823,28,dispense,0.9510,U,55,828
D,854919,28,dispense,0.9544,U,55,829
D,855014,28,dispense,0.9672,U,55,829
D,855110,28,dispense,0.9776,U,55,829
D,855206,28,dispense,0.9877,U,55,830
D,855302,28,dispense,0.9969,U,55,830
D,855396,28,dispense,1.0050,U,55,830
E,855401,TRIGGER 1.0050 g at t=23.94 s -- ALL STOP
D,855493,28,settle,1.0116,U,0,830
D,855588,28,settle,1.0166,U,0,830
D,855683,28,settle,1.0205,U,0,830
D,855779,28,settle,1.0242,U,0,830
D,855875,28,settle,1.0276,U,0,830
D,855971,28,settle,1.0304,U,0,830
D,856067,28,settle,1.0320,U,0,830
D,856163,28,settle,1.0327,U,0,830
D,856259,28,settle,1.0332,U,0,830
D,856352,28,settle,1.0337,U,0,830
D,856448,28,settle,1.0339,U,0,830
D,856544,28,settle,1.0336,U,0,830
D,856640,28,settle,1.0333,U,0,830
D,856736,28,settle,1.0330,U,0,830
D,856832,28,settle,1.0327,U,0,830
D,856927,28,settle,1.0326,U,0,830
D,857023,28,settle,1.0324,U,0,830
D,857119,28,settle,1.0324,U,0,830
D,857213,28,settle,1.0323,U,0,830
D,857309,28,settle,1.0322,U,0,830
D,857405,28,settle,1.0321,U,0,830
D,857501,28,settle,1.0320,U,0,830
D,857597,28,settle,1.0318,U,0,830
D,857692,28,settle,1.0317,U,0,830
D,857788,28,settle,1.0317,U,0,830
D,857884,28,settle,1.0316,U,0,830
D,857980,28,settle,1.0316,U,0,830
D,858076,28,settle,1.0316,U,0,830
D,858170,28,settle,1.0316,S,0,830
D,858266,28,settle,1.0316,S,0,830
D,858361,28,settle,1.0316,S,0,830
D,858457,28,settle,1.0315,S,0,830
D,858565,28,settle,1.0314,U,0,830
D,858745,28,settle,1.0314,U,0,830
D,858841,28,settle,1.0314,U,0,830
D,858937,28,settle,1.0314,S,0,830
D,859030,28,settle,1.0315,S,0,830
D,859126,28,settle,1.0315,S,0,830
D,859222,28,settle,1.0316,U,0,830
D,859318,28,settle,1.0317,U,0,830
D,859414,28,settle,1.0317,U,0,830
D,859510,28,settle,1.0318,U,0,830
D,859606,28,settle,1.0318,U,0,830
D,859702,28,settle,1.0319,U,0,830
D,859797,28,settle,1.0320,U,0,830
D,859891,28,settle,1.0321,U,0,830
D,859987,28,settle,1.0321,U,0,830
D,860083,28,settle,1.0320,U,0,830
D,860179,28,settle,1.0320,S,0,830
D,860275,28,settle,1.0320,S,0,830
D,860370,28,settle,1.0320,S,0,830
D,860466,28,settle,1.0320,S,0,830
D,860562,28,settle,1.0320,S,0,830
D,860658,28,settle,1.0320,S,0,830
D,860754,28,settle,1.0320,S,0,830
D,860848,28,settle,1.0320,S,0,830
D,860943,28,settle,1.0319,S,0,830
D,861039,28,settle,1.0319,S,0,830
D,861135,28,settle,1.0318,U,0,830
D,861231,28,settle,1.0318,U,0,830
D,861327,28,settle,1.0318,U,0,830
D,861423,28,settle,1.0318,S,0,830
D,861519,28,settle,1.0317,U,0,830
D,861614,28,settle,1.0317,S,0,830
D,861708,28,settle,1.0316,U,0,830
D,861804,28,settle,1.0315,U,0,830
D,861900,28,settle,1.0315,U,0,830
D,861996,28,settle,1.0314,U,0,830
D,862091,28,settle,1.0314,U,0,830
D,862187,28,settle,1.0313,U,0,830
D,862283,28,settle,1.0312,U,0,830
D,862379,28,settle,1.0311,U,0,830
D,862475,28,settle,1.0311,U,0,830
D,862571,28,settle,1.0311,U,0,830
D,862665,28,settle,1.0311,U,0,830
D,862761,28,settle,1.0311,S,0,830
D,862856,28,settle,1.0312,S,0,830
D,862952,28,settle,1.0312,S,0,830
D,863048,28,settle,1.0313,U,0,830
D,863144,28,settle,1.0313,U,0,830
D,863240,28,settle,1.0314,U,0,830
D,863336,28,settle,1.0315,U,0,830
D,863431,28,settle,1.0315,U,0,830
P,864673,28,70.0,5,settled,1.0320
D,864769,28,settle,1.0319,U,0,830
D,864865,28,settle,1.0318,U,0,830
D,864961,28,settle,1.0317,U,0,830
D,865057,28,settle,1.0316,U,0,830
D,865153,28,settle,1.0316,U,0,830
D,865248,28,settle,1.0315,U,0,830
D,865342,28,settle,1.0315,U,0,830
D,865438,28,settle,1.0315,U,0,830
D,865534,28,settle,1.0315,S,0,830
D,865630,28,settle,1.0313,U,0,830
D,865726,28,settle,1.0313,U,0,830
D,865822,28,settle,1.0313,U,0,830
D,865917,28,settle,1.0313,U,0,830
D,866013,28,settle,1.0314,S,0,830
D,866109,28,settle,1.0314,S,0,830
D,866203,28,settle,1.0315,U,0,830
D,866299,28,settle,1.0315,U,0,830
D,866394,28,settle,1.0316,U,0,830
D,866490,28,settle,1.0316,U,0,830
D,866586,28,settle,1.0317,U,0,830
D,866682,28,settle,1.0317,U,0,830
D,866778,28,settle,1.0318,U,0,830
D,866874,28,settle,1.0318,U,0,830
D,866970,28,settle,1.0318,U,0,830
D,867064,28,settle,1.0320,U,0,830
D,867159,28,settle,1.0321,U,0,830
D,867255,28,settle,1.0322,U,0,830
D,867351,28,settle,1.0322,U,0,830
D,867447,28,settle,1.0323,U,0,830
D,867543,28,settle,1.0323,U,0,830
D,867639,28,settle,1.0324,U,0,830
P,868308,28,70.0,5,settled2,1.0325
R,28,C6,70.0,5,55,1.00,rot,1.0050,24.04,1.0320,1.0325,1.0320,18.0406,82,ok
E,868316,=== trial 29 : C7 tilt 55.0 rep 1 rpm 15 halt 0.50 mode auger (cum 18.04 g) ===
P,871751,29,55.0,1,tare0,0.0001
D,871846,29,preroll,0.0002,U,0,830
D,871942,29,preroll,0.0003,U,0,830
D,872037,29,preroll,0.0004,U,0,830
D,872133,29,preroll,0.0004,U,0,830
D,872229,29,preroll,0.0004,U,0,830
D,872325,29,preroll,0.0004,U,0,830
D,872421,29,preroll,0.0004,S,0,830
D,872515,29,preroll,0.0004,S,0,830
D,872610,29,preroll,0.0005,S,0,830
D,872706,29,preroll,0.0005,S,0,830
D,872802,29,preroll,0.0007,U,0,830
D,872904,29,preroll,0.0008,U,0,830
D,872994,29,preroll,0.0008,U,0,830
D,873090,29,preroll,0.0009,U,0,830
D,873186,29,preroll,0.0010,U,0,830
D,873281,29,preroll,0.0011,U,0,830
E,873346,dispense start: mode auger rpm 15
D,873375,29,dispense,0.0012,U,15,830
D,873471,29,dispense,0.0013,U,15,830
D,873567,29,dispense,0.0014,U,15,830
D,873663,29,dispense,0.0015,U,15,830
D,873759,29,dispense,0.0017,U,15,830
D,873854,29,dispense,0.0018,U,15,830
D,873950,29,dispense,0.0018,U,15,830
D,874046,29,dispense,0.0018,U,15,830
D,874142,29,dispense,0.0018,U,15,830
D,874238,29,dispense,0.0018,S,15,830
D,874332,29,dispense,0.0018,S,15,830
D,874428,29,dispense,0.0019,S,15,830
D,874523,29,dispense,0.0070,U,15,830
D,874619,29,dispense,0.0098,U,15,830
D,874715,29,dispense,0.0124,U,15,830
D,874811,29,dispense,0.0148,U,15,830
D,874906,29,dispense,0.0166,U,15,830
D,875002,29,dispense,0.0180,U,15,830
D,875098,29,dispense,0.0194,U,15,830
D,875192,29,dispense,0.0211,U,15,830
D,875288,29,dispense,0.0229,U,15,830
D,875384,29,dispense,0.0245,U,15,830
D,875479,29,dispense,0.0255,U,15,830
D,875575,29,dispense,0.0258,U,15,830
D,875671,29,dispense,0.0258,U,15,830
D,875767,29,dispense,0.0256,U,15,830
D,875863,29,dispense,0.0252,U,15,830
D,875959,29,dispense,0.0250,U,15,830
D,876053,29,dispense,0.0248,U,15,830
D,876148,29,dispense,0.0247,U,15,830
D,876244,29,dispense,0.0247,U,15,830
D,876340,29,dispense,0.0248,U,15,830
D,876436,29,dispense,0.0251,U,15,830
D,876532,29,dispense,0.0254,U,15,830
D,876628,29,dispense,0.0289,U,15,830
D,876723,29,dispense,0.0303,U,15,830
D,876819,29,dispense,0.0317,U,15,830
D,876915,29,dispense,0.0332,U,15,830
D,877009,29,dispense,0.0347,U,15,830
D,877105,29,dispense,0.0365,U,15,830
D,877201,29,dispense,0.0387,U,15,830
D,877296,29,dispense,0.0411,U,15,830
D,877392,29,dispense,0.0435,U,15,830
D,877488,29,dispense,0.0457,U,15,830
D,877584,29,dispense,0.0478,U,15,830
D,877680,29,dispense,0.0499,U,15,830
D,877776,29,dispense,0.0520,U,15,830
D,877870,29,dispense,0.0544,U,15,830
D,877965,29,dispense,0.0571,U,15,830
D,878061,29,dispense,0.0597,U,15,830
D,878157,29,dispense,0.0619,U,15,830
D,878253,29,dispense,0.0637,U,15,830
D,878349,29,dispense,0.0654,U,15,830
D,878445,29,dispense,0.0672,U,15,830
D,878540,29,dispense,0.0691,U,15,830
D,878636,29,dispense,0.0710,U,15,830
D,878730,29,dispense,0.0729,U,15,830
D,878826,29,dispense,0.0746,U,15,830
D,878922,29,dispense,0.0757,U,15,830
D,879018,29,dispense,0.0765,U,15,830
D,879114,29,dispense,0.0771,U,15,830
D,879209,29,dispense,0.0779,U,15,830
D,879305,29,dispense,0.0786,U,15,830
D,879401,29,dispense,0.0791,U,15,830
D,879497,29,dispense,0.0794,U,15,830
D,879593,29,dispense,0.0794,U,15,830
D,879687,29,dispense,0.0795,U,15,830
D,879783,29,dispense,0.0797,U,15,830
D,879879,29,dispense,0.0801,U,15,830
D,879974,29,dispense,0.0805,U,15,830
D,880070,29,dispense,0.0839,U,15,830
D,880174,29,dispense,0.0845,U,15,830
D,880267,29,dispense,0.0849,U,15,830
D,880360,29,dispense,0.0855,U,15,830
D,880453,29,dispense,0.0865,U,15,830
D,880547,29,dispense,0.0877,U,15,830
D,880643,29,dispense,0.0893,U,15,830
D,880739,29,dispense,0.0910,U,15,830
D,880835,29,dispense,0.0929,U,15,830
D,880931,29,dispense,0.0948,U,15,830
D,881026,29,dispense,0.0967,U,15,830
D,881122,29,dispense,0.0985,U,15,830
D,881218,29,dispense,0.1004,U,15,830
D,881314,29,dispense,0.1026,U,15,830
D,881410,29,dispense,0.1051,U,15,830
D,881504,29,dispense,0.1076,U,15,830
D,881600,29,dispense,0.1099,U,15,830
D,881696,29,dispense,0.1122,U,15,830
D,881791,29,dispense,0.1145,U,15,830
D,881887,29,dispense,0.1169,U,15,830
D,881983,29,dispense,0.1194,U,15,830
D,882079,29,dispense,0.1216,U,15,830
D,882175,29,dispense,0.1230,U,15,830
D,882270,29,dispense,0.1240,U,15,830
D,882365,29,dispense,0.1251,U,15,830
D,882460,29,dispense,0.1266,U,15,830
D,882556,29,dispense,0.1289,U,15,830
D,882652,29,dispense,0.1316,U,15,830
D,882748,29,dispense,0.1343,U,15,830
D,882844,29,dispense,0.1365,U,15,830
D,882940,29,dispense,0.1381,U,15,830
D,883035,29,dispense,0.1394,U,15,830
D,883131,29,dispense,0.1405,U,15,830
D,883225,29,dispense,0.1416,U,15,830
D,883321,29,dispense,0.1427,U,15,830
D,883417,29,dispense,0.1437,U,15,830
D,883513,29,dispense,0.1442,U,15,830
D,883608,29,dispense,0.1442,U,15,830
D,883704,29,dispense,0.1439,U,15,830
D,883800,29,dispense,0.1437,U,15,830
D,883896,29,dispense,0.1436,U,15,830
D,883992,29,dispense,0.1435,U,15,830
D,884088,29,dispense,0.1435,U,15,830
D,884182,29,dispense,0.1436,U,15,830
D,884277,29,dispense,0.1436,S,15,830
D,884373,29,dispense,0.1437,U,15,830
D,884469,29,dispense,0.1439,U,15,830
D,884565,29,dispense,0.1442,U,15,830
D,884661,29,dispense,0.1478,U,15,830
D,884757,29,dispense,0.1490,U,15,830
D,884852,29,dispense,0.1501,U,15,830
D,884948,29,dispense,0.1513,U,15,830
D,885042,29,dispense,0.1528,U,15,830
D,885138,29,dispense,0.1545,U,15,830
D,885234,29,dispense,0.1562,U,15,830
D,885330,29,dispense,0.1579,U,15,830
D,885426,29,dispense,0.1599,U,15,830
D,885521,29,dispense,0.1624,U,15,830
D,885617,29,dispense,0.1652,U,15,830
D,885713,29,dispense,0.1680,U,15,830
D,885809,29,dispense,0.1704,U,15,830
D,885905,29,dispense,0.1723,U,15,830
D,885999,29,dispense,0.1738,U,15,830
D,886094,29,dispense,0.1754,U,15,830
D,886190,29,dispense,0.1771,U,15,830
D,886286,29,dispense,0.1791,U,15,830
D,886382,29,dispense,0.1812,U,15,830
D,886478,29,dispense,0.1833,U,15,830
D,886574,29,dispense,0.1856,U,15,830
D,886669,29,dispense,0.1882,U,15,830
D,886765,29,dispense,0.1909,U,15,830
D,886859,29,dispense,0.1935,U,15,830
D,886955,29,dispense,0.1958,U,15,830
D,887051,29,dispense,0.1979,U,15,830
D,887159,29,dispense,0.1998,U,15,830
D,887251,29,dispense,0.2016,U,15,830
D,887344,29,dispense,0.2030,U,15,830
D,887437,29,dispense,0.2039,U,15,830
D,887530,29,dispense,0.2041,U,15,830
D,887626,29,dispense,0.2037,U,15,830
D,887720,29,dispense,0.2031,U,15,830
D,887816,29,dispense,0.2029,U,15,830
D,887911,29,dispense,0.2026,U,15,830
D,888007,29,dispense,0.2025,U,15,830
D,888103,29,dispense,0.2024,U,15,830
D,888199,29,dispense,0.2024,U,15,830
D,888295,29,dispense,0.2025,U,15,830
D,888391,29,dispense,0.2026,U,15,830
D,888487,29,dispense,0.2028,U,15,830
D,888583,29,dispense,0.2030,U,15,830
D,888676,29,dispense,0.2063,U,15,830
D,888772,29,dispense,0.2076,U,15,830
D,888868,29,dispense,0.2093,U,15,830
D,888964,29,dispense,0.2114,U,15,830
D,889060,29,dispense,0.2135,U,15,830
D,889155,29,dispense,0.2153,U,15,830
D,889251,29,dispense,0.2171,U,15,830
D,889347,29,dispense,0.2192,U,15,830
D,889443,29,dispense,0.2217,U,15,830
D,889537,29,dispense,0.2248,U,15,830
D,889633,29,dispense,0.2281,U,15,830
D,889728,29,dispense,0.2314,U,15,830
D,889824,29,dispense,0.2342,U,15,830
D,889920,29,dispense,0.2367,U,15,830
D,890016,29,dispense,0.2389,U,15,830
D,890112,29,dispense,0.2410,U,15,830
D,890208,29,dispense,0.2430,U,15,830
D,890303,29,dispense,0.2450,U,15,830
D,890397,29,dispense,0.2473,U,15,830
D,890493,29,dispense,0.2500,U,15,830
D,890589,29,dispense,0.2530,U,15,830
D,890685,29,dispense,0.2556,U,15,830
D,890781,29,dispense,0.2574,U,15,830
D,890877,29,dispense,0.2586,U,15,830
D,890972,29,dispense,0.2598,U,15,830
D,891068,29,dispense,0.2614,U,15,830
D,891164,29,dispense,0.2630,U,15,830
D,891260,29,dispense,0.2643,U,15,830
D,891354,29,dispense,0.2651,U,15,830
D,891450,29,dispense,0.2656,U,15,830
D,891546,29,dispense,0.2659,U,15,830
D,891641,29,dispense,0.2661,U,15,830
D,891737,29,dispense,0.2662,U,15,830
D,891833,29,dispense,0.2662,U,15,830
D,891929,29,dispense,0.2662,U,15,830
D,892025,29,dispense,0.2662,U,15,830
D,892121,29,dispense,0.2663,U,15,830
D,892215,29,dispense,0.2663,S,15,830
D,892311,29,dispense,0.2663,S,15,830
D,892406,29,dispense,0.2664,U,15,830
D,892502,29,dispense,0.2666,U,15,830
D,892598,29,dispense,0.2669,U,15,830
D,892694,29,dispense,0.2711,U,15,830
D,892789,29,dispense,0.2726,U,15,830
D,892885,29,dispense,0.2738,U,15,830
D,892981,29,dispense,0.2749,U,15,830
D,893077,29,dispense,0.2761,U,15,830
D,893171,29,dispense,0.2774,U,15,830
D,893267,29,dispense,0.2788,U,15,830
D,893363,29,dispense,0.2805,U,15,830
D,893458,29,dispense,0.2825,U,15,830
D,893554,29,dispense,0.2848,U,15,830
D,893650,29,dispense,0.2872,U,15,830
D,893746,29,dispense,0.2893,U,15,830
D,893842,29,dispense,0.2911,U,15,830
D,893938,29,dispense,0.2932,U,15,830
D,894031,29,dispense,0.2957,U,15,830
D,894127,29,dispense,0.2983,U,15,830
D,894232,29,dispense,0.3007,U,15,830
D,894324,29,dispense,0.3028,U,15,830
D,894417,29,dispense,0.3048,U,15,830
D,894511,29,dispense,0.3068,U,15,830
D,894607,29,dispense,0.3091,U,15,830
D,894702,29,dispense,0.3116,U,15,830
D,894798,29,dispense,0.3139,U,15,830
D,894892,29,dispense,0.3158,U,15,830
D,894988,29,dispense,0.3172,U,15,830
D,895084,29,dispense,0.3185,U,15,830
D,895180,29,dispense,0.3196,U,15,830
D,895275,29,dispense,0.3205,U,15,830
D,895371,29,dispense,0.3212,U,15,830
D,895467,29,dispense,0.3216,U,15,830
D,895563,29,dispense,0.3219,U,15,830
D,895659,29,dispense,0.3221,U,15,830
D,895755,29,dispense,0.3222,U,15,830
D,895849,29,dispense,0.3222,U,15,830
D,895944,29,dispense,0.3223,U,15,830
D,896041,29,dispense,0.3223,U,15,830
D,896136,29,dispense,0.3224,U,15,830
D,896232,29,dispense,0.3224,U,15,830
D,896328,29,dispense,0.3224,U,15,830
D,896424,29,dispense,0.3225,U,15,830
D,896520,29,dispense,0.3227,U,15,830
D,896616,29,dispense,0.3229,U,15,830
D,896709,29,dispense,0.3231,U,15,830
D,896805,29,dispense,0.3271,U,15,830
D,896901,29,dispense,0.3283,U,15,830
D,896997,29,dispense,0.3297,U,15,830
D,897093,29,dispense,0.3310,U,15,830
D,897189,29,dispense,0.3325,U,15,830
D,897284,29,dispense,0.3345,U,15,830
D,897380,29,dispense,0.3369,U,15,830
D,897476,29,dispense,0.3393,U,15,830
D,897570,29,dispense,0.3414,U,15,830
D,897666,29,dispense,0.3430,U,15,830
D,897761,29,dispense,0.3447,U,15,830
D,897857,29,dispense,0.3467,U,15,830
D,897953,29,dispense,0.3491,U,15,830
D,898049,29,dispense,0.3518,U,15,830
D,898145,29,dispense,0.3546,U,15,830
D,898241,29,dispense,0.3573,U,15,830
D,898337,29,dispense,0.3598,U,15,830
D,898432,29,dispense,0.3621,U,15,830
D,898526,29,dispense,0.3641,U,15,830
D,898622,29,dispense,0.3658,U,15,830
D,898718,29,dispense,0.3674,U,15,830
D,898814,29,dispense,0.3687,U,15,830
D,898910,29,dispense,0.3698,U,15,830
D,899005,29,dispense,0.3707,U,15,830
D,899101,29,dispense,0.3716,U,15,830
D,899197,29,dispense,0.3725,U,15,830
D,899293,29,dispense,0.3733,U,15,830
D,899387,29,dispense,0.3740,U,15,830
D,899483,29,dispense,0.3748,U,15,830
D,899579,29,dispense,0.3754,U,15,830
D,899674,29,dispense,0.3758,U,15,830
D,899770,29,dispense,0.3758,U,15,830
D,899866,29,dispense,0.3756,U,15,830
D,899962,29,dispense,0.3756,U,15,830
D,900058,29,dispense,0.3755,U,15,830
D,900154,29,dispense,0.3756,U,15,830
D,900250,29,dispense,0.3757,U,15,830
D,900343,29,dispense,0.3759,U,15,830
D,900439,29,dispense,0.3761,U,15,830
D,900535,29,dispense,0.3763,U,15,830
D,900631,29,dispense,0.3795,U,15,830
D,900727,29,dispense,0.3809,U,15,830
D,900823,29,dispense,0.3827,U,15,830
D,900919,29,dispense,0.3856,U,15,830
D,901014,29,dispense,0.3900,U,15,830
D,901110,29,dispense,0.3954,U,15,830
D,901216,29,dispense,0.4009,U,15,830
D,901308,29,dispense,0.4056,U,15,830
D,901401,29,dispense,0.4092,U,15,830
D,901494,29,dispense,0.4120,U,15,830
D,901587,29,dispense,0.4142,U,15,830
D,901683,29,dispense,0.4162,U,15,830
D,901779,29,dispense,0.4183,U,15,830
D,901875,29,dispense,0.4209,U,15,830
D,901971,29,dispense,0.4237,U,15,830
D,902065,29,dispense,0.4264,U,15,830
D,902160,29,dispense,0.4285,U,15,830
D,902256,29,dispense,0.4300,U,15,830
D,902352,29,dispense,0.4313,U,15,830
D,902448,29,dispense,0.4327,U,15,830
D,902544,29,dispense,0.4347,U,15,830
D,902640,29,dispense,0.4373,U,15,830
D,902735,29,dispense,0.4401,U,15,830
D,902831,29,dispense,0.4425,U,15,830
D,902927,29,dispense,0.4443,U,15,830
D,903021,29,dispense,0.4459,U,15,830
D,903117,29,dispense,0.4473,U,15,830
D,903213,29,dispense,0.4485,U,15,830
D,903309,29,dispense,0.4493,U,15,830
D,903404,29,dispense,0.4499,U,15,830
D,903500,29,dispense,0.4503,U,15,830
D,903596,29,dispense,0.4505,U,15,830
D,903692,29,dispense,0.4506,U,15,830
D,903788,29,dispense,0.4506,U,15,830
D,903882,29,dispense,0.4507,U,15,830
D,903978,29,dispense,0.4508,U,15,830
D,904073,29,dispense,0.4510,U,15,830
D,904169,29,dispense,0.4511,U,15,830
D,904265,29,dispense,0.4512,U,15,830
D,904361,29,dispense,0.4513,U,15,830
D,904457,29,dispense,0.4514,U,15,830
D,904553,29,dispense,0.4515,U,15,830
D,904649,29,dispense,0.4517,U,15,830
D,904745,29,dispense,0.4519,U,15,830
D,904838,29,dispense,0.4555,U,15,830
D,904934,29,dispense,0.4567,U,15,830
D,905030,29,dispense,0.4579,U,15,830
D,905126,29,dispense,0.4593,U,15,830
D,905221,29,dispense,0.4610,U,15,830
D,905317,29,dispense,0.4630,U,15,830
D,905413,29,dispense,0.4652,U,15,830
D,905509,29,dispense,0.4675,U,15,830
D,905605,29,dispense,0.4697,U,15,830
D,905699,29,dispense,0.4718,U,15,830
D,905795,29,dispense,0.4737,U,15,830
D,905890,29,dispense,0.4759,U,15,830
D,905986,29,dispense,0.4785,U,15,830
D,906082,29,dispense,0.4813,U,15,830
D,906178,29,dispense,0.4840,U,15,830
D,906274,29,dispense,0.4866,U,15,830
D,906370,29,dispense,0.4891,U,15,830
D,906465,29,dispense,0.4915,U,15,830
D,906559,29,dispense,0.4937,U,15,830
D,906655,29,dispense,0.4959,U,15,830
D,906751,29,dispense,0.4978,U,15,830
D,906847,29,dispense,0.4997,U,15,830
D,906943,29,dispense,0.5017,U,15,830
E,906948,TRIGGER 0.5017 g at t=33.51 s -- ALL STOP
D,907040,29,settle,0.5039,U,0,830
D,907134,29,settle,0.5061,U,0,830
D,907230,29,settle,0.5080,U,0,830
D,907326,29,settle,0.5094,U,0,830
D,907422,29,settle,0.5101,U,0,830
D,907516,29,settle,0.5103,U,0,830
D,907612,29,settle,0.5100,U,0,830
D,907707,29,settle,0.5096,U,0,830
D,907803,29,settle,0.5094,U,0,830
D,907899,29,settle,0.5092,U,0,830
D,907995,29,settle,0.5092,U,0,830
D,908091,29,settle,0.5092,U,0,830
D,908187,29,settle,0.5093,U,0,830
D,908283,29,settle,0.5093,S,0,830
D,908377,29,settle,0.5092,S,0,830
D,908473,29,settle,0.5092,S,0,830
D,908568,29,settle,0.5092,S,0,830
D,908664,29,settle,0.5091,U,0,830
D,908760,29,settle,0.5091,U,0,830
D,908856,29,settle,0.5091,S,0,830
D,908952,29,settle,0.5091,S,0,830
D,909048,29,settle,0.5092,S,0,830
D,909149,29,settle,0.5092,S,0,830
D,909238,29,settle,0.5092,S,0,830
D,909333,29,settle,0.5093,U,0,830
D,909429,29,settle,0.5093,U,0,830
D,909525,29,settle,0.5094,U,0,830
D,909621,29,settle,0.5095,U,0,830
D,909717,29,settle,0.5095,U,0,830
D,909812,29,settle,0.5096,U,0,830
D,909908,29,settle,0.5097,U,0,830
D,910004,29,settle,0.5097,U,0,830
D,910100,29,settle,0.5097,U,0,830
D,910194,29,settle,0.5097,U,0,830
D,910290,29,settle,0.5097,S,0,830
D,910385,29,settle,0.5098,S,0,830
D,910482,29,settle,0.5099,U,0,830
D,910577,29,settle,0.5100,U,0,830
D,910673,29,settle,0.5101,U,0,830
D,910769,29,settle,0.5102,U,0,830
D,910865,29,settle,0.5103,U,0,830
D,910961,29,settle,0.5104,U,0,830
D,911055,29,settle,0.5104,U,0,830
D,911150,29,settle,0.5105,U,0,830
D,911246,29,settle,0.5105,U,0,830
D,911342,29,settle,0.5106,U,0,830
D,911438,29,settle,0.5107,U,0,830
D,911534,29,settle,0.5107,U,0,830
D,911630,29,settle,0.5108,U,0,830
D,911725,29,settle,0.5108,U,0,830
D,911821,29,settle,0.5108,U,0,830
D,911917,29,settle,0.5108,S,0,830
D,912011,29,settle,0.5108,S,0,830
D,912107,29,settle,0.5109,S,0,830
D,912203,29,settle,0.5109,S,0,830
D,912298,29,settle,0.5110,U,0,830
D,912394,29,settle,0.5110,U,0,830
D,912490,29,settle,0.5110,U,0,830
D,912586,29,settle,0.5110,S,0,830
D,912682,29,settle,0.5110,S,0,830
D,912778,29,settle,0.5110,S,0,830
D,912872,29,settle,0.5110,S,0,830
D,912967,29,settle,0.5110,S,0,830
D,913063,29,settle,0.5111,S,0,830
D,913159,29,settle,0.5111,S,0,830
D,913255,29,settle,0.5111,S,0,830
D,913351,29,settle,0.5111,S,0,830
D,913447,29,settle,0.5111,S,0,830
D,913543,29,settle,0.5112,S,0,830
D,913638,29,settle,0.5112,S,0,830
D,913732,29,settle,0.5113,U,0,830
D,913828,29,settle,0.5115,U,0,830
D,913924,29,settle,0.5116,U,0,830
D,914020,29,settle,0.5118,U,0,830
D,914116,29,settle,0.5119,U,0,830
D,914211,29,settle,0.5119,U,0,830
D,914307,29,settle,0.5120,U,0,830
D,914403,29,settle,0.5121,U,0,830
D,914499,29,settle,0.5122,U,0,830
D,914595,29,settle,0.5122,U,0,830
D,914689,29,settle,0.5123,U,0,830
D,914784,29,settle,0.5124,U,0,830
D,914880,29,settle,0.5124,U,0,830
D,914976,29,settle,0.5124,U,0,830
P,915264,29,55.0,1,settled,0.5123
D,915359,29,settle,0.5122,U,0,830
D,915455,29,settle,0.5122,U,0,830
D,915549,29,settle,0.5122,U,0,830
D,915645,29,settle,0.5122,U,0,830
D,915741,29,settle,0.5121,U,0,830
D,915837,29,settle,0.5121,S,0,830
D,915933,29,settle,0.5121,S,0,830
D,916029,29,settle,0.5121,S,0,830
D,916124,29,settle,0.5120,U,0,830
D,916220,29,settle,0.5120,S,0,830
D,916316,29,settle,0.5120,S,0,830
D,916410,29,settle,0.5120,S,0,830
D,916506,29,settle,0.5119,U,0,830
D,916602,29,settle,0.5118,U,0,830
D,916697,29,settle,0.5118,U,0,830
D,916793,29,settle,0.5118,U,0,830
D,916889,29,settle,0.5117,U,0,830
D,916985,29,settle,0.5117,U,0,830
D,917081,29,settle,0.5117,S,0,830
D,917177,29,settle,0.5117,S,0,830
D,917272,29,settle,0.5117,S,0,830
D,917366,29,settle,0.5117,S,0,830
D,917462,29,settle,0.5117,S,0,830
D,917558,29,settle,0.5118,S,0,830
D,917654,29,settle,0.5119,U,0,830
D,917750,29,settle,0.5119,U,0,830
D,917846,29,settle,0.5119,U,0,830
D,917941,29,settle,0.5119,U,0,830
D,918037,29,settle,0.5120,U,0,830
D,918133,29,settle,0.5120,S,0,830
D,918227,29,settle,0.5120,S,0,830
P,918324,29,55.0,1,settled2,0.5120
R,29,C7,55.0,1,15,0.50,auger,0.5017,33.61,0.5123,0.5120,0.5123,18.5529,0,ok
E,918332,=== trial 30 : C7 tilt 55.0 rep 1 rpm 30 halt 0.50 mode auger (cum 18.55 g) ===
P,923014,30,55.0,1,tare0,-0.0002
D,923107,30,preroll,-0.0002,S,0,830
D,923201,30,preroll,-0.0002,S,0,830
D,923303,30,preroll,-0.0002,S,0,830
D,923393,30,preroll,-0.0001,S,0,830
D,923489,30,preroll,0.0000,U,0,830
D,923584,30,preroll,0.0000,U,0,830
D,923678,30,preroll,0.0000,U,0,830
D,923774,30,preroll,0.0000,U,0,830
D,923870,30,preroll,0.0000,S,0,830
D,923966,30,preroll,0.0000,S,0,830
D,924061,30,preroll,0.0001,S,0,830
D,924158,30,preroll,0.0001,S,0,830
D,924253,30,preroll,0.0001,S,0,830
D,924349,30,preroll,0.0001,S,0,830
D,924445,30,preroll,0.0001,S,0,830
D,924539,30,preroll,0.0001,S,0,830
E,924604,dispense start: mode auger rpm 30
D,924635,30,dispense,0.0001,S,30,830
D,924731,30,dispense,0.0001,S,30,830
D,924826,30,dispense,0.0001,S,30,830
D,924922,30,dispense,0.0004,U,30,830
D,925018,30,dispense,0.0005,U,30,830
D,925114,30,dispense,0.0005,U,30,830
D,925210,30,dispense,0.0005,U,30,830
D,925306,30,dispense,0.0004,U,30,830
D,925399,30,dispense,-0.0046,U,30,830
D,925495,30,dispense,-0.0069,U,30,830
D,925591,30,dispense,-0.0079,U,30,830
D,925686,30,dispense,-0.0080,U,30,830
D,925782,30,dispense,-0.0078,U,30,830
D,925878,30,dispense,-0.0073,U,30,830
D,925974,30,dispense,-0.0054,U,30,830
D,926070,30,dispense,-0.0014,U,30,830
D,926166,30,dispense,0.0044,U,30,830
D,926261,30,dispense,0.0097,U,30,830
D,926355,30,dispense,0.0119,U,30,830
D,926451,30,dispense,0.0104,U,30,830
D,926547,30,dispense,0.0073,U,30,830
D,926643,30,dispense,0.0057,U,30,830
D,926739,30,dispense,0.0071,U,30,830
D,926835,30,dispense,0.0092,U,30,830
D,926930,30,dispense,0.0117,U,30,830
D,927026,30,dispense,0.0217,U,30,830
D,927122,30,dispense,0.0244,U,30,830
D,927216,30,dispense,0.0243,U,30,830
D,927312,30,dispense,0.0226,U,30,830
D,927408,30,dispense,0.0211,U,30,830
D,927503,30,dispense,0.0207,U,30,830
D,927600,30,dispense,0.0210,U,30,830
D,927695,30,dispense,0.0213,U,30,830
D,927791,30,dispense,0.0218,U,30,830
D,927887,30,dispense,0.0223,U,30,830
D,927983,30,dispense,0.0272,U,30,830
D,928077,30,dispense,0.0309,U,30,830
D,928172,30,dispense,0.0349,U,30,830
D,928268,30,dispense,0.0386,U,30,830
D,928364,30,dispense,0.0417,U,30,830
D,928460,30,dispense,0.0445,U,30,830
D,928556,30,dispense,0.0475,U,30,830
D,928652,30,dispense,0.0515,U,30,830
D,928747,30,dispense,0.0569,U,30,830
D,928843,30,dispense,0.0631,U,30,830
D,928939,30,dispense,0.0686,U,30,830
D,929033,30,dispense,0.0718,U,30,830
D,929129,30,dispense,0.0727,U,30,830
D,929225,30,dispense,0.0730,U,30,830
D,929321,30,dispense,0.0745,U,30,830
D,929417,30,dispense,0.0775,U,30,830
D,929512,30,dispense,0.0802,U,30,830
D,929608,30,dispense,0.0808,U,30,830
D,929704,30,dispense,0.0795,U,30,830
D,929800,30,dispense,0.0780,U,30,830
D,929894,30,dispense,0.0781,U,30,830
D,929990,30,dispense,0.0790,U,30,830
D,930085,30,dispense,0.0800,U,30,830
D,930181,30,dispense,0.0808,U,30,830
D,930277,30,dispense,0.0808,U,30,830
D,930373,30,dispense,0.0800,U,30,830
D,930469,30,dispense,0.0717,U,30,830
D,930565,30,dispense,0.0693,U,30,830
D,930661,30,dispense,0.0698,U,30,830
D,930756,30,dispense,0.0724,U,30,830
D,930862,30,dispense,0.0756,U,30,830
D,930954,30,dispense,0.0787,U,30,830
D,931047,30,dispense,0.0816,U,30,830
D,931140,30,dispense,0.0849,U,30,830
D,931234,30,dispense,0.0888,U,30,830
D,931329,30,dispense,0.0930,U,30,830
D,931425,30,dispense,0.0968,U,30,830
D,931521,30,dispense,0.0992,U,30,830
D,931617,30,dispense,0.0998,U,30,830
D,931711,30,dispense,0.0993,U,30,830
D,931806,30,dispense,0.0991,U,30,830
D,931902,30,dispense,0.1002,U,30,830
D,931998,30,dispense,0.1031,U,30,830
D,932094,30,dispense,0.1074,U,30,830
D,932190,30,dispense,0.1122,U,30,830
D,932286,30,dispense,0.1162,U,30,830
D,932382,30,dispense,0.1189,U,30,830
D,932478,30,dispense,0.1205,U,30,830
D,932571,30,dispense,0.1215,U,30,830
D,932667,30,dispense,0.1223,U,30,830
D,932763,30,dispense,0.1231,U,30,830
D,932859,30,dispense,0.1239,U,30,830
D,932955,30,dispense,0.1255,U,30,830
D,933051,30,dispense,0.1280,U,30,830
D,933146,30,dispense,0.1317,U,30,830
D,933242,30,dispense,0.1355,U,30,830
D,933338,30,dispense,0.1388,U,30,830
D,933434,30,dispense,0.1409,U,30,830
D,933528,30,dispense,0.1422,U,30,830
D,933624,30,dispense,0.1433,U,30,830
D,933720,30,dispense,0.1444,U,30,830
D,933815,30,dispense,0.1452,U,30,830
D,933911,30,dispense,0.1453,U,30,830
D,934007,30,dispense,0.1451,U,30,830
D,934103,30,dispense,0.1455,U,30,830
D,934199,30,dispense,0.1466,U,30,830
D,934295,30,dispense,0.1520,U,30,830
D,934388,30,dispense,0.1576,U,30,830
D,934484,30,dispense,0.1635,U,30,830
D,934580,30,dispense,0.1685,U,30,830
D,934676,30,dispense,0.1720,U,30,830
D,934772,30,dispense,0.1740,U,30,830
D,934868,30,dispense,0.1750,U,30,830
D,934964,30,dispense,0.1747,U,30,830
D,935059,30,dispense,0.1721,U,30,830
D,935155,30,dispense,0.1664,U,30,830
D,935249,30,dispense,0.1590,U,30,830
D,935345,30,dispense,0.1538,U,30,830
D,935441,30,dispense,0.1535,U,30,830
D,935537,30,dispense,0.1576,U,30,830
D,935632,30,dispense,0.1636,U,30,830
D,935728,30,dispense,0.1696,U,30,830
D,935824,30,dispense,0.1748,U,30,830
D,935920,30,dispense,0.1786,U,30,830
D,936016,30,dispense,0.1806,U,30,830
D,936112,30,dispense,0.1813,U,30,830
D,936206,30,dispense,0.1815,U,30,830
D,936301,30,dispense,0.1820,U,30,830
D,936397,30,dispense,0.1826,U,30,830
D,936493,30,dispense,0.1833,U,30,830
D,936589,30,dispense,0.1839,U,30,830
D,936685,30,dispense,0.1845,U,30,830
D,936780,30,dispense,0.1872,U,30,830
D,936876,30,dispense,0.1905,U,30,830
D,936972,30,dispense,0.1942,U,30,830
D,937066,30,dispense,0.1973,U,30,830
D,937162,30,dispense,0.1989,U,30,830
D,937258,30,dispense,0.1992,U,30,830
D,937354,30,dispense,0.1996,U,30,830
D,937449,30,dispense,0.2016,U,30,830
D,937545,30,dispense,0.2062,U,30,830
D,937641,30,dispense,0.2125,U,30,830
D,937737,30,dispense,0.2186,U,30,830
D,937833,30,dispense,0.2228,U,30,830
D,937937,30,dispense,0.2253,U,30,830
D,938030,30,dispense,0.2271,U,30,830
D,938123,30,dispense,0.2286,U,30,830
D,938216,30,dispense,0.2290,U,30,830
D,938310,30,dispense,0.2282,U,30,830
D,938406,30,dispense,0.2266,U,30,830
D,938502,30,dispense,0.2256,U,30,830
D,938598,30,dispense,0.2262,U,30,830
D,938693,30,dispense,0.2279,U,30,830
D,938789,30,dispense,0.2406,U,30,830
D,938883,30,dispense,0.2526,U,30,830
D,938979,30,dispense,0.2640,U,30,830
D,939075,30,dispense,0.2714,U,30,830
D,939171,30,dispense,0.2743,U,30,830
D,939267,30,dispense,0.2741,U,30,830
D,939362,30,dispense,0.2723,U,30,830
D,939458,30,dispense,0.2692,U,30,830
D,939554,30,dispense,0.2647,U,30,830
D,939650,30,dispense,0.2593,U,30,830
D,939744,30,dispense,0.2543,U,30,830
D,939840,30,dispense,0.2509,U,30,830
D,939935,30,dispense,0.2503,U,30,830
D,940031,30,dispense,0.2525,U,30,830
D,940127,30,dispense,0.2561,U,30,830
D,940223,30,dispense,0.2596,U,30,830
D,940319,30,dispense,0.2620,U,30,830
D,940415,30,dispense,0.2636,U,30,830
D,940510,30,dispense,0.2648,U,30,830
D,940606,30,dispense,0.2660,U,30,830
D,940700,30,dispense,0.2670,U,30,830
D,940796,30,dispense,0.2680,U,30,830
D,940892,30,dispense,0.2688,U,30,830
D,940988,30,dispense,0.2696,U,30,830
D,941084,30,dispense,0.2704,U,30,830
D,941179,30,dispense,0.2716,U,30,830
D,941275,30,dispense,0.2733,U,30,830
D,941371,30,dispense,0.2757,U,30,830
D,941467,30,dispense,0.2793,U,30,830
D,941561,30,dispense,0.2849,U,30,830
D,941657,30,dispense,0.2924,U,30,830
D,941753,30,dispense,0.2993,U,30,830
D,941848,30,dispense,0.3029,U,30,830
D,941944,30,dispense,0.3030,U,30,830
D,942040,30,dispense,0.3016,U,30,830
D,942136,30,dispense,0.3006,U,30,830
D,942232,30,dispense,0.3004,U,30,830
D,942328,30,dispense,0.3011,U,30,830
D,942424,30,dispense,0.3018,U,30,830
D,942517,30,dispense,0.3028,U,30,830
D,942613,30,dispense,0.3067,U,30,830
D,942709,30,dispense,0.3082,U,30,830
D,942805,30,dispense,0.3093,U,30,830
D,942901,30,dispense,0.3115,U,30,830
D,942996,30,dispense,0.3158,U,30,830
D,943092,30,dispense,0.3221,U,30,830
D,943188,30,dispense,0.3282,U,30,830
D,943284,30,dispense,0.3315,U,30,830
D,943378,30,dispense,0.3309,U,30,830
D,943474,30,dispense,0.3272,U,30,830
D,943570,30,dispense,0.3228,U,30,830
D,943665,30,dispense,0.3197,U,30,830
D,943761,30,dispense,0.3185,U,30,830
D,943857,30,dispense,0.3183,U,30,830
D,943953,30,dispense,0.3183,U,30,830
D,944049,30,dispense,0.3185,U,30,830
D,944145,30,dispense,0.3195,U,30,830
D,944239,30,dispense,0.3204,U,30,830
D,944334,30,dispense,0.3232,U,30,830
D,944430,30,dispense,0.3248,U,30,830
D,944526,30,dispense,0.3263,U,30,830
D,944622,30,dispense,0.3282,U,30,830
D,944718,30,dispense,0.3305,U,30,830
D,944814,30,dispense,0.3333,U,30,830
D,944922,30,dispense,0.3361,U,30,830
D,945014,30,dispense,0.3377,U,30,830
D,945107,30,dispense,0.3363,U,30,830
D,945200,30,dispense,0.3314,U,30,830
D,945293,30,dispense,0.3262,U,30,830
D,945387,30,dispense,0.3247,U,30,830
D,945482,30,dispense,0.3284,U,30,830
D,945578,30,dispense,0.3347,U,30,830
D,945674,30,dispense,0.3408,U,30,830
D,945770,30,dispense,0.3452,U,30,830
D,945866,30,dispense,0.3483,U,30,830
D,945962,30,dispense,0.3507,U,30,830
D,946055,30,dispense,0.3530,U,30,830
D,946151,30,dispense,0.3548,U,30,830
D,946247,30,dispense,0.3552,U,30,830
D,946343,30,dispense,0.3539,U,30,830
D,946439,30,dispense,0.3522,U,30,830
D,946535,30,dispense,0.3523,U,30,830
D,946631,30,dispense,0.3540,U,30,830
D,946727,30,dispense,0.3623,U,30,830
D,946822,30,dispense,0.3706,U,30,830
D,946916,30,dispense,0.3784,U,30,830
D,947012,30,dispense,0.3841,U,30,830
D,947108,30,dispense,0.3875,U,30,830
D,947204,30,dispense,0.3894,U,30,830
D,947299,30,dispense,0.3903,U,30,830
D,947395,30,dispense,0.3908,U,30,830
D,947491,30,dispense,0.3916,U,30,830
D,947587,30,dispense,0.3934,U,30,830
D,947683,30,dispense,0.3960,U,30,830
D,947779,30,dispense,0.3980,U,30,830
D,947873,30,dispense,0.3983,U,30,830
D,947969,30,dispense,0.3969,U,30,830
D,948064,30,dispense,0.3956,U,30,830
D,948160,30,dispense,0.3966,U,30,830
D,948256,30,dispense,0.3985,U,30,830
D,948352,30,dispense,0.4062,U,30,830
D,948448,30,dispense,0.4112,U,30,830
D,948543,30,dispense,0.4146,U,30,830
D,948639,30,dispense,0.4170,U,30,830
D,948733,30,dispense,0.4203,U,30,830
D,948829,30,dispense,0.4252,U,30,830
D,948925,30,dispense,0.4307,U,30,830
D,949021,30,dispense,0.4355,U,30,830
D,949117,30,dispense,0.4389,U,30,830
D,949212,30,dispense,0.4407,U,30,830
D,949308,30,dispense,0.4408,U,30,830
D,949404,30,dispense,0.4389,U,30,830
D,949500,30,dispense,0.4349,U,30,830
D,949596,30,dispense,0.4296,U,30,830
D,949690,30,dispense,0.4243,U,30,830
D,949786,30,dispense,0.4205,U,30,830
D,949881,30,dispense,0.4192,U,30,830
D,949977,30,dispense,0.4203,U,30,830
D,950073,30,dispense,0.4227,U,30,830
D,950169,30,dispense,0.4257,U,30,830
D,950265,30,dispense,0.4298,U,30,830
D,950361,30,dispense,0.4352,U,30,830
D,950456,30,dispense,0.4417,U,30,830
D,950550,30,dispense,0.4478,U,30,830
D,950646,30,dispense,0.4525,U,30,830
D,950742,30,dispense,0.4558,U,30,830
D,950838,30,dispense,0.4585,U,30,830
D,950934,30,dispense,0.4609,U,30,830
D,951030,30,dispense,0.4625,U,30,830
D,951125,30,dispense,0.4631,U,30,830
D,951221,30,dispense,0.4630,U,30,830
D,951317,30,dispense,0.4629,U,30,830
D,951411,30,dispense,0.4629,U,30,830
D,951507,30,dispense,0.4619,U,30,830
D,951603,30,dispense,0.4604,U,30,830
D,951698,30,dispense,0.4550,U,30,830
D,951794,30,dispense,0.4515,U,30,830
D,951890,30,dispense,0.4503,U,30,830
D,951995,30,dispense,0.4516,U,30,830
D,952087,30,dispense,0.4542,U,30,830
D,952180,30,dispense,0.4570,U,30,830
D,952273,30,dispense,0.4592,U,30,830
D,952367,30,dispense,0.4609,U,30,830
D,952463,30,dispense,0.4628,U,30,830
D,952559,30,dispense,0.4652,U,30,830
D,952655,30,dispense,0.4680,U,30,830
D,952751,30,dispense,0.4711,U,30,830
D,952847,30,dispense,0.4750,U,30,830
D,952942,30,dispense,0.4803,U,30,830
D,953038,30,dispense,0.4870,U,30,830
D,953134,30,dispense,0.4945,U,30,830
D,953228,30,dispense,0.5026,U,30,830
E,953233,TRIGGER 0.5026 g at t=28.53 s -- ALL STOP
D,953325,30,settle,0.5114,U,0,830
D,953420,30,settle,0.5205,U,0,830
D,953516,30,settle,0.5275,U,0,830
D,953611,30,settle,0.5295,U,0,830
D,953707,30,settle,0.5262,U,0,830
D,953803,30,settle,0.5206,U,0,830
D,953899,30,settle,0.5165,U,0,830
D,953995,30,settle,0.5152,U,0,830
D,954091,30,settle,0.5155,U,0,830
D,954184,30,settle,0.5162,U,0,830
D,954280,30,settle,0.5164,U,0,830
D,954376,30,settle,0.5163,U,0,830
D,954472,30,settle,0.5162,U,0,830
D,954568,30,settle,0.5162,U,0,830
D,954664,30,settle,0.5162,U,0,830
D,954760,30,settle,0.5163,S,0,830
D,954855,30,settle,0.5165,U,0,830
D,954951,30,settle,0.5166,U,0,830
D,955045,30,settle,0.5167,U,0,830
D,955141,30,settle,0.5167,U,0,830
D,955237,30,settle,0.5167,U,0,830
D,955333,30,settle,0.5167,U,0,830
D,955429,30,settle,0.5167,S,0,830
D,955525,30,settle,0.5167,S,0,830
D,955620,30,settle,0.5167,S,0,830
D,955716,30,settle,0.5168,S,0,830
D,955812,30,settle,0.5168,S,0,830
D,955906,30,settle,0.5168,S,0,830
D,956002,30,settle,0.5168,S,0,830
D,956098,30,settle,0.5167,S,0,830
D,956194,30,settle,0.5168,S,0,830
D,956289,30,settle,0.5168,S,0,830
D,956385,30,settle,0.5169,U,0,830
D,956481,30,settle,0.5170,U,0,830
D,956577,30,settle,0.5171,U,0,830
D,956673,30,settle,0.5171,U,0,830
D,956769,30,settle,0.5171,U,0,830
D,956863,30,settle,0.5171,U,0,830
D,956958,30,settle,0.5171,S,0,830
D,957054,30,settle,0.5171,S,0,830
D,957150,30,settle,0.5172,S,0,830
D,957246,30,settle,0.5172,S,0,830
D,957342,30,settle,0.5173,U,0,830
D,957438,30,settle,0.5173,U,0,830
D,957533,30,settle,0.5173,U,0,830
D,957629,30,settle,0.5174,U,0,830
D,957723,30,settle,0.5174,U,0,830
D,957819,30,settle,0.5174,S,0,830
D,957915,30,settle,0.5175,U,0,830
D,958011,30,settle,0.5176,U,0,830
D,958106,30,settle,0.5176,U,0,830
D,958202,30,settle,0.5176,U,0,830
D,958298,30,settle,0.5176,U,0,830
D,958394,30,settle,0.5176,S,0,830
D,958490,30,settle,0.5176,S,0,830
D,958584,30,settle,0.5177,S,0,830
D,958680,30,settle,0.5177,S,0,830
D,958775,30,settle,0.5178,U,0,830
D,958871,30,settle,0.5178,U,0,830
D,958967,30,settle,0.5179,U,0,830
D,959063,30,settle,0.5179,U,0,830
D,959159,30,settle,0.5180,U,0,830
D,959255,30,settle,0.5180,U,0,830
D,959351,30,settle,0.5180,U,0,830
D,959446,30,settle,0.5181,U,0,830
D,959540,30,settle,0.5181,U,0,830
D,959636,30,settle,0.5182,U,0,830
D,959732,30,settle,0.5183,U,0,830
D,959828,30,settle,0.5183,U,0,830
D,959924,30,settle,0.5184,U,0,830
D,960019,30,settle,0.5185,U,0,830
D,960115,30,settle,0.5187,U,0,830
D,960211,30,settle,0.5188,U,0,830
D,960307,30,settle,0.5189,U,0,830
D,960401,30,settle,0.5191,U,0,830
D,960497,30,settle,0.5192,U,0,830
D,960593,30,settle,0.5193,U,0,830
D,960688,30,settle,0.5194,U,0,830
D,960784,30,settle,0.5195,U,0,830
D,960880,30,settle,0.5195,U,0,830
D,960976,30,settle,0.5196,U,0,830
D,961072,30,settle,0.5196,U,0,830
D,961168,30,settle,0.5197,U,0,830
D,961264,30,settle,0.5197,U,0,830
P,962314,30,55.0,1,settled,0.5201
D,962410,30,settle,0.5201,S,0,830
D,962505,30,settle,0.5200,U,0,830
D,962601,30,settle,0.5200,U,0,830
D,962697,30,settle,0.5201,S,0,830
D,962793,30,settle,0.5201,S,0,830
D,962889,30,settle,0.5201,S,0,830
D,962985,30,settle,0.5202,U,0,830
D,963079,30,settle,0.5202,U,0,830
D,963174,30,settle,0.5202,S,0,830
D,963270,30,settle,0.5202,S,0,830
D,963378,30,settle,0.5202,S,0,830
D,963558,30,settle,0.5201,S,0,830
D,963654,30,settle,0.5201,S,0,830
D,963750,30,settle,0.5201,S,0,830
D,963845,30,settle,0.5200,U,0,830
D,963941,30,settle,0.5200,S,0,830
D,964035,30,settle,0.5200,S,0,830
D,964131,30,settle,0.5200,S,0,830
D,964227,30,settle,0.5200,S,0,830
D,964323,30,settle,0.5200,S,0,830
D,964419,30,settle,0.5200,S,0,830
D,964514,30,settle,0.5200,S,0,830
D,964610,30,settle,0.5200,S,0,830
D,964706,30,settle,0.5200,S,0,830
D,964802,30,settle,0.5200,S,0,830
D,964896,30,settle,0.5200,S,0,830
D,964992,30,settle,0.5201,S,0,830
D,965088,30,settle,0.5201,S,0,830
D,965183,30,settle,0.5201,S,0,830
D,965280,30,settle,0.5201,S,0,830
P,967861,30,55.0,1,settled2,0.5217
R,30,C7,55.0,1,30,0.50,auger,0.5026,28.63,0.5201,0.5217,0.5201,19.0730,0,ok
E,967869,=== trial 31 : C7 tilt 55.0 rep 1 rpm 55 halt 0.50 mode auger (cum 19.07 g) ===
P,972361,31,55.0,1,tare0,0.0002
D,972454,31,preroll,0.0002,S,0,830
D,972547,31,preroll,0.0002,S,0,830
D,972643,31,preroll,0.0002,S,0,830
D,972739,31,preroll,0.0002,S,0,830
D,972835,31,preroll,0.0003,S,0,830
D,972931,31,preroll,0.0003,S,0,830
D,973024,31,preroll,0.0003,S,0,830
D,973120,31,preroll,0.0004,U,0,830
D,973216,31,preroll,0.0004,U,0,830
D,973312,31,preroll,0.0004,S,0,830
D,973408,31,preroll,0.0004,S,0,830
D,973504,31,preroll,0.0004,S,0,830
D,973600,31,preroll,0.0004,S,0,830
D,973695,31,preroll,0.0004,S,0,830
D,973791,31,preroll,0.0004,S,0,830
D,973885,31,preroll,0.0004,S,0,830
E,973951,dispense start: mode auger rpm 55
D,973982,31,dispense,0.0004,S,55,830
D,974077,31,dispense,0.0004,S,55,830
D,974173,31,dispense,0.0003,S,55,830
D,974268,31,dispense,0.0003,S,55,830
D,974364,31,dispense,0.0003,S,55,830
D,974460,31,dispense,0.0003,S,55,830
D,974556,31,dispense,0.0002,U,55,830
D,974652,31,dispense,0.0000,U,55,830
D,974745,31,dispense,-0.0045,U,55,830
D,974841,31,dispense,-0.0050,U,55,830
D,974937,31,dispense,-0.0036,U,55,830
D,975033,31,dispense,-0.0009,U,55,830
D,975129,31,dispense,0.0006,U,55,830
D,975224,31,dispense,0.0046,U,55,830
D,975320,31,dispense,0.0080,U,55,830
D,975416,31,dispense,0.0145,U,55,830
D,975512,31,dispense,0.0240,U,55,830
D,975608,31,dispense,0.0333,U,55,830
D,975702,31,dispense,0.0385,U,55,830
D,975798,31,dispense,0.0382,U,55,830
D,975893,31,dispense,0.0340,U,55,830
D,975989,31,dispense,0.0284,U,55,830
D,976085,31,dispense,0.0240,U,55,830
D,976181,31,dispense,0.0226,U,55,830
D,976289,31,dispense,0.0247,U,55,830
D,976382,31,dispense,0.0297,U,55,830
D,976475,31,dispense,0.0363,U,55,830
D,976568,31,dispense,0.0433,U,55,830
D,976661,31,dispense,0.0492,U,55,830
D,976754,31,dispense,0.0536,U,55,830
D,976850,31,dispense,0.0574,U,55,830
D,976946,31,dispense,0.0613,U,55,830
D,977042,31,dispense,0.0658,U,55,830
D,977138,31,dispense,0.0714,U,55,830
D,977233,31,dispense,0.0781,U,55,830
D,977329,31,dispense,0.0846,U,55,830
D,977423,31,dispense,0.0889,U,55,830
D,977519,31,dispense,0.0908,U,55,830
D,977615,31,dispense,0.0917,U,55,830
D,977710,31,dispense,0.0932,U,55,830
D,977806,31,dispense,0.0956,U,55,830
D,977902,31,dispense,0.0972,U,55,830
D,977998,31,dispense,0.0966,U,55,830
D,978094,31,dispense,0.0948,U,55,830
D,978190,31,dispense,0.0946,U,55,830
D,978286,31,dispense,0.0965,U,55,830
D,978380,31,dispense,0.1062,U,55,830
D,978475,31,dispense,0.1155,U,55,830
D,978571,31,dispense,0.1229,U,55,830
D,978667,31,dispense,0.1267,U,55,830
D,978763,31,dispense,0.1278,U,55,830
D,978859,31,dispense,0.1288,U,55,830
D,978955,31,dispense,0.1311,U,55,830
D,979050,31,dispense,0.1347,U,55,830
D,979146,31,dispense,0.1391,U,55,830
D,979240,31,dispense,0.1437,U,55,830
D,979336,31,dispense,0.1475,U,55,830
D,979432,31,dispense,0.1499,U,55,830
D,979527,31,dispense,0.1514,U,55,830
D,979623,31,dispense,0.1536,U,55,830
D,979719,31,dispense,0.1580,U,55,830
D,979815,31,dispense,0.1653,U,55,830
D,979911,31,dispense,0.1743,U,55,830
D,980007,31,dispense,0.1822,U,55,830
D,980103,31,dispense,0.1864,U,55,830
D,980197,31,dispense,0.1872,U,55,830
D,980292,31,dispense,0.1870,U,55,830
D,980388,31,dispense,0.1874,U,55,830
D,980484,31,dispense,0.1880,U,55,830
D,980580,31,dispense,0.1881,U,55,830
D,980676,31,dispense,0.1887,U,55,830
D,980771,31,dispense,0.1917,U,55,830
D,980867,31,dispense,0.1980,U,55,830
D,980963,31,dispense,0.2061,U,55,830
D,981057,31,dispense,0.2129,U,55,830
D,981153,31,dispense,0.2168,U,55,830
D,981249,31,dispense,0.2184,U,55,830
D,981345,31,dispense,0.2193,U,55,830
D,981440,31,dispense,0.2201,U,55,830
D,981536,31,dispense,0.2210,U,55,830
D,981632,31,dispense,0.2226,U,55,830
D,981728,31,dispense,0.2259,U,55,830
D,981824,31,dispense,0.2308,U,55,830
D,981918,31,dispense,0.2364,U,55,830
D,982014,31,dispense,0.2426,U,55,830
D,982109,31,dispense,0.2492,U,55,830
D,982205,31,dispense,0.2546,U,55,830
D,982301,31,dispense,0.2567,U,55,830
D,982397,31,dispense,0.2559,U,55,830
D,982493,31,dispense,0.2547,U,55,830
D,982589,31,dispense,0.2555,U,55,830
D,982685,31,dispense,0.2587,U,55,830
D,982780,31,dispense,0.2642,U,55,830
D,982874,31,dispense,0.2720,U,55,830
D,982970,31,dispense,0.2817,U,55,830
D,983066,31,dispense,0.2909,U,55,830
D,983162,31,dispense,0.2955,U,55,830
D,983258,31,dispense,0.2932,U,55,830
D,983362,31,dispense,0.2859,U,55,830
D,983455,31,dispense,0.2786,U,55,830
D,983548,31,dispense,0.2760,U,55,830
D,983641,31,dispense,0.2797,U,55,830
D,983735,31,dispense,0.2879,U,55,830
D,983831,31,dispense,0.2978,U,55,830
D,983927,31,dispense,0.3067,U,55,830
D,984022,31,dispense,0.3128,U,55,830
D,984118,31,dispense,0.3147,U,55,830
D,984214,31,dispense,0.3132,U,55,830
D,984310,31,dispense,0.3108,U,55,830
D,984406,31,dispense,0.3104,U,55,830
D,984501,31,dispense,0.3131,U,55,830
D,984595,31,dispense,0.3156,U,55,830
D,984691,31,dispense,0.3252,U,55,830
D,984787,31,dispense,0.3338,U,55,830
D,984883,31,dispense,0.3429,U,55,830
D,984979,31,dispense,0.3504,U,55,830
D,985075,31,dispense,0.3555,U,55,830
D,985170,31,dispense,0.3590,U,55,830
D,985266,31,dispense,0.3622,U,55,830
D,985362,31,dispense,0.3650,U,55,830
D,985458,31,dispense,0.3669,U,55,830
D,985552,31,dispense,0.3678,U,55,830
D,985648,31,dispense,0.3689,U,55,830
D,985744,31,dispense,0.3709,U,55,830
D,985839,31,dispense,0.3733,U,55,830
D,985935,31,dispense,0.3762,U,55,830
D,986031,31,dispense,0.3804,U,55,830
D,986127,31,dispense,0.3858,U,55,830
D,986223,31,dispense,0.3897,U,55,830
D,986319,31,dispense,0.3893,U,55,830
D,986412,31,dispense,0.3835,U,55,830
D,986508,31,dispense,0.3748,U,55,830
D,986604,31,dispense,0.3669,U,55,830
D,986700,31,dispense,0.3622,U,55,830
D,986796,31,dispense,0.3604,U,55,830
D,986892,31,dispense,0.3608,U,55,830
D,986988,31,dispense,0.3628,U,55,830
D,987083,31,dispense,0.3663,U,55,830
D,987179,31,dispense,0.3704,U,55,830
D,987275,31,dispense,0.3747,U,55,830
D,987369,31,dispense,0.3795,U,55,830
D,987465,31,dispense,0.3849,U,55,830
D,987560,31,dispense,0.3901,U,55,830
D,987656,31,dispense,0.3931,U,55,830
D,987752,31,dispense,0.3929,U,55,830
D,987848,31,dispense,0.3910,U,55,830
D,987944,31,dispense,0.3904,U,55,830
D,988040,31,dispense,0.3930,U,55,830
D,988136,31,dispense,0.3983,U,55,830
D,988229,31,dispense,0.4052,U,55,830
D,988325,31,dispense,0.4135,U,55,830
D,988421,31,dispense,0.4223,U,55,830
D,988517,31,dispense,0.4300,U,55,830
D,988613,31,dispense,0.4349,U,55,830
D,988709,31,dispense,0.4368,U,55,830
D,988804,31,dispense,0.4366,U,55,830
D,988900,31,dispense,0.4358,U,55,830
D,988996,31,dispense,0.4365,U,55,830
D,989090,31,dispense,0.4399,U,55,830
D,989186,31,dispense,0.4461,U,55,830
D,989282,31,dispense,0.4538,U,55,830
D,989378,31,dispense,0.4608,U,55,830
D,989473,31,dispense,0.4659,U,55,830
D,989569,31,dispense,0.4684,U,55,830
D,989665,31,dispense,0.4691,U,55,830
D,989761,31,dispense,0.4686,U,55,830
D,989857,31,dispense,0.4675,U,55,830
D,989953,31,dispense,0.4660,U,55,830
D,990047,31,dispense,0.4650,U,55,830
D,990142,31,dispense,0.4654,U,55,830
D,990238,31,dispense,0.4668,U,55,830
D,990346,31,dispense,0.4769,U,55,830
D,990439,31,dispense,0.4877,U,55,830
D,990532,31,dispense,0.5001,U,55,830
E,990537,TRIGGER 0.5001 g at t=16.49 s -- ALL STOP
D,990629,31,settle,0.5109,U,0,830
D,990719,31,settle,0.5175,U,0,830
D,990813,31,settle,0.5203,U,0,830
D,990907,31,settle,0.5209,U,0,830
D,991003,31,settle,0.5210,U,0,830
D,991099,31,settle,0.5214,U,0,830
D,991195,31,settle,0.5227,U,0,830
D,991291,31,settle,0.5241,U,0,830
D,991386,31,settle,0.5243,U,0,830
D,991482,31,settle,0.5230,U,0,830
D,991578,31,settle,0.5220,U,0,830
D,991674,31,settle,0.5211,U,0,830
D,991768,31,settle,0.5180,U,0,830
D,991864,31,settle,0.5175,U,0,830
D,991959,31,settle,0.5176,U,0,830
D,992055,31,settle,0.5181,U,0,830
D,992151,31,settle,0.5185,U,0,830
D,992247,31,settle,0.5186,U,0,830
D,992343,31,settle,0.5186,U,0,830
D,992439,31,settle,0.5187,U,0,830
D,992535,31,settle,0.5187,U,0,830
D,992630,31,settle,0.5188,U,0,830
D,992724,31,settle,0.5188,U,0,830
D,992820,31,settle,0.5188,U,0,830
D,992916,31,settle,0.5188,S,0,830
D,993012,31,settle,0.5188,S,0,830
D,993108,31,settle,0.5189,S,0,830
D,993204,31,settle,0.5189,S,0,830
D,993300,31,settle,0.5189,S,0,830
D,993395,31,settle,0.5189,S,0,830
D,993491,31,settle,0.5188,S,0,830
D,993585,31,settle,0.5188,S,0,830
D,993681,31,settle,0.5189,S,0,830
D,993777,31,settle,0.5189,S,0,830
D,993873,31,settle,0.5189,S,0,830
D,993969,31,settle,0.5190,U,0,830
D,994065,31,settle,0.5190,U,0,830
D,994160,31,settle,0.5191,U,0,830
D,994256,31,settle,0.5191,U,0,830
D,994352,31,settle,0.5191,U,0,830
D,994448,31,settle,0.5191,S,0,830
D,994542,31,settle,0.5191,S,0,830
D,994638,31,settle,0.5191,S,0,830
D,994734,31,settle,0.5191,S,0,830
D,994829,31,settle,0.5191,S,0,830
D,994925,31,settle,0.5191,S,0,830
D,995021,31,settle,0.5191,S,0,830
D,995117,31,settle,0.5191,S,0,830
D,995213,31,settle,0.5191,S,0,830
D,995309,31,settle,0.5191,S,0,830
D,995402,31,settle,0.5193,U,0,830
D,995498,31,settle,0.5193,U,0,830
D,995594,31,settle,0.5193,U,0,830
D,995690,31,settle,0.5193,U,0,830
D,995786,31,settle,0.5193,U,0,830
D,995882,31,settle,0.5192,S,0,830
D,995977,31,settle,0.5192,S,0,830
D,996074,31,settle,0.5192,S,0,830
D,996169,31,settle,0.5192,S,0,830
D,996263,31,settle,0.5192,S,0,830
D,996359,31,settle,0.5192,S,0,830
D,996455,31,settle,0.5192,S,0,830
D,996551,31,settle,0.5192,S,0,830
D,996646,31,settle,0.5195,U,0,830
D,996742,31,settle,0.5196,U,0,830
D,996838,31,settle,0.5197,U,0,830
D,996934,31,settle,0.5198,U,0,830
D,997030,31,settle,0.5198,U,0,830
D,997126,31,settle,0.5198,U,0,830
D,997219,31,settle,0.5199,U,0,830
D,997315,31,settle,0.5200,U,0,830
D,997411,31,settle,0.5200,U,0,830
D,997507,31,settle,0.5201,U,0,830
D,997603,31,settle,0.5202,U,0,830
D,997699,31,settle,0.5204,U,0,830
D,997795,31,settle,0.5205,U,0,830
D,997890,31,settle,0.5207,U,0,830
D,997986,31,settle,0.5208,U,0,830
D,998080,31,settle,0.5209,U,0,830
D,998176,31,settle,0.5209,U,0,830
D,998272,31,settle,0.5210,U,0,830
D,998368,31,settle,0.5211,U,0,830
D,998463,31,settle,0.5211,U,0,830
D,998559,31,settle,0.5211,U,0,830
P,998656,31,55.0,1,settled,0.5210
D,998751,31,settle,0.5210,S,0,830
D,998847,31,settle,0.5210,S,0,830
D,998943,31,settle,0.5211,S,0,830
D,999036,31,settle,0.5211,S,0,830
D,999132,31,settle,0.5212,U,0,830
D,999228,31,settle,0.5213,U,0,830
D,999324,31,settle,0.5213,U,0,830
D,999420,31,settle,0.5214,U,0,830
D,999516,31,settle,0.5214,U,0,830
D,999612,31,settle,0.5214,U,0,830
D,999707,31,settle,0.5214,S,0,830
D,999803,31,settle,0.5214,S,0,830
D,999897,31,settle,0.5214,S,0,830
D,999993,31,settle,0.5214,S,0,830
D,1000089,31,settle,0.5215,S,0,830
D,1000185,31,settle,0.5215,S,0,830
D,1000280,31,settle,0.5216,U,0,830
D,1000376,31,settle,0.5217,U,0,830
D,1000472,31,settle,0.5218,U,0,830
D,1000568,31,settle,0.5219,U,0,830
D,1000664,31,settle,0.5220,U,0,830
D,1000758,31,settle,0.5220,U,0,830
D,1000854,31,settle,0.5221,U,0,830
D,1000949,31,settle,0.5221,U,0,830
D,1001045,31,settle,0.5221,U,0,830
D,1001141,31,settle,0.5221,S,0,830
D,1001237,31,settle,0.5221,S,0,830
D,1001333,31,settle,0.5221,S,0,830
D,1001429,31,settle,0.5221,S,0,830
D,1001524,31,settle,0.5220,S,0,830
D,1001620,31,settle,0.5220,S,0,830
P,1001715,31,55.0,1,settled2,0.5220
R,31,C7,55.0,1,55,0.50,auger,0.5001,16.59,0.5210,0.5220,0.5210,19.5940,0,ok
E,1001723,=== trial 32 : C7 tilt 55.0 rep 1 rpm 75 halt 0.50 mode auger (cum 19.59 g) ===
P,1006976,32,55.0,1,tare0,0.0000
D,1007070,32,preroll,0.0000,S,0,830
D,1007166,32,preroll,0.0000,S,0,830
D,1007261,32,preroll,0.0004,U,0,830
D,1007357,32,preroll,0.0004,U,0,830
D,1007453,32,preroll,0.0004,U,0,830
D,1007549,32,preroll,0.0004,U,0,830
D,1007645,32,preroll,0.0004,U,0,830
D,1007741,32,preroll,0.0004,S,0,830
D,1007836,32,preroll,0.0003,S,0,830
D,1007930,32,preroll,0.0002,U,0,830
D,1008026,32,preroll,0.0002,U,0,830
D,1008122,32,preroll,0.0001,U,0,830
D,1008218,32,preroll,0.0001,U,0,830
D,1008313,32,preroll,0.0001,U,0,830
D,1008409,32,preroll,0.0001,S,0,830
D,1008505,32,preroll,0.0000,U,0,830
E,1008570,dispense start: mode auger rpm 75
D,1008601,32,dispense,0.0000,S,75,830
D,1008697,32,dispense,0.0000,S,75,830
D,1008793,32,dispense,0.0000,S,75,830
D,1008887,32,dispense,0.0000,S,75,830
D,1008983,32,dispense,0.0000,S,75,830
D,1009078,32,dispense,0.0000,S,75,830
D,1009174,32,dispense,0.0000,S,75,830
D,1009269,32,dispense,0.0050,U,75,830
D,1009365,32,dispense,0.0074,U,75,830
D,1009461,32,dispense,0.0104,U,75,830
D,1009557,32,dispense,0.0149,U,75,830
D,1009653,32,dispense,0.0219,U,75,830
D,1009747,32,dispense,0.0315,U,75,830
D,1009843,32,dispense,0.0419,U,75,830
D,1009939,32,dispense,0.0505,U,75,830
D,1010034,32,dispense,0.0556,U,75,830
D,1010130,32,dispense,0.0570,U,75,830
D,1010226,32,dispense,0.0563,U,75,830
D,1010322,32,dispense,0.0562,U,75,830
D,1010418,32,dispense,0.0592,U,75,830
D,1010514,32,dispense,0.0659,U,75,830
D,1010609,32,dispense,0.0749,U,75,830
D,1010703,32,dispense,0.0838,U,75,830
D,1010799,32,dispense,0.0903,U,75,830
D,1010895,32,dispense,0.0931,U,75,830
D,1010991,32,dispense,0.0930,U,75,830
D,1011087,32,dispense,0.0924,U,75,830
D,1011182,32,dispense,0.0938,U,75,830
D,1011278,32,dispense,0.0981,U,75,830
D,1011374,32,dispense,0.1046,U,75,830
D,1011470,32,dispense,0.1121,U,75,830
D,1011564,32,dispense,0.1195,U,75,830
D,1011660,32,dispense,0.1258,U,75,830
D,1011755,32,dispense,0.1304,U,75,830
D,1011851,32,dispense,0.1339,U,75,830
D,1011947,32,dispense,0.1380,U,75,830
D,1012043,32,dispense,0.1435,U,75,830
D,1012139,32,dispense,0.1499,U,75,830
D,1012235,32,dispense,0.1551,U,75,830
D,1012331,32,dispense,0.1573,U,75,830
D,1012425,32,dispense,0.1568,U,75,830
D,1012520,32,dispense,0.1557,U,75,830
D,1012616,32,dispense,0.1566,U,75,830
D,1012712,32,dispense,0.1604,U,75,830
D,1012808,32,dispense,0.1669,U,75,830
D,1012904,32,dispense,0.1751,U,75,830
D,1013000,32,dispense,0.1842,U,75,830
D,1013104,32,dispense,0.1922,U,75,830
D,1013197,32,dispense,0.1974,U,75,830
D,1013290,32,dispense,0.1991,U,75,830
D,1013383,32,dispense,0.1989,U,75,830
D,1013477,32,dispense,0.1992,U,75,830
D,1013573,32,dispense,0.2019,U,75,830
D,1013668,32,dispense,0.2068,U,75,830
D,1013764,32,dispense,0.2132,U,75,830
D,1013860,32,dispense,0.2200,U,75,830
D,1013956,32,dispense,0.2260,U,75,830
D,1014052,32,dispense,0.2296,U,75,830
D,1014148,32,dispense,0.2308,U,75,830
D,1014242,32,dispense,0.2311,U,75,830
D,1014337,32,dispense,0.2333,U,75,830
D,1014433,32,dispense,0.2402,U,75,830
D,1014529,32,dispense,0.2521,U,75,830
D,1014625,32,dispense,0.2660,U,75,830
D,1014721,32,dispense,0.2777,U,75,830
D,1014817,32,dispense,0.2848,U,75,830
D,1014912,32,dispense,0.2884,U,75,830
D,1015008,32,dispense,0.2907,U,75,830
D,1015102,32,dispense,0.2935,U,75,830
D,1015198,32,dispense,0.2975,U,75,830
D,1015294,32,dispense,0.3032,U,75,830
D,1015390,32,dispense,0.3108,U,75,830
D,1015486,32,dispense,0.3189,U,75,830
D,1015581,32,dispense,0.3254,U,75,830
D,1015677,32,dispense,0.3289,U,75,830
D,1015773,32,dispense,0.3298,U,75,830
D,1015869,32,dispense,0.3299,U,75,830
D,1015965,32,dispense,0.3313,U,75,830
D,1016059,32,dispense,0.3349,U,75,830
D,1016155,32,dispense,0.3406,U,75,830
D,1016250,32,dispense,0.3478,U,75,830
D,1016346,32,dispense,0.3550,U,75,830
D,1016442,32,dispense,0.3602,U,75,830
D,1016538,32,dispense,0.3626,U,75,830
D,1016634,32,dispense,0.3636,U,75,830
D,1016730,32,dispense,0.3662,U,75,830
D,1016825,32,dispense,0.3720,U,75,830
D,1016919,32,dispense,0.3802,U,75,830
D,1017015,32,dispense,0.3879,U,75,830
D,1017111,32,dispense,0.3928,U,75,830
D,1017207,32,dispense,0.3945,U,75,830
D,1017303,32,dispense,0.3947,U,75,830
D,1017398,32,dispense,0.3959,U,75,830
D,1017494,32,dispense,0.3998,U,75,830
D,1017590,32,dispense,0.4068,U,75,830
D,1017686,32,dispense,0.4156,U,75,830
D,1017782,32,dispense,0.4246,U,75,830
D,1017876,32,dispense,0.4319,U,75,830
D,1017971,32,dispense,0.4365,U,75,830
D,1018067,32,dispense,0.4382,U,75,830
D,1018163,32,dispense,0.4381,U,75,830
D,1018259,32,dispense,0.4383,U,75,830
D,1018355,32,dispense,0.4417,U,75,830
D,1018451,32,dispense,0.4495,U,75,830
D,1018547,32,dispense,0.4599,U,75,830
D,1018642,32,dispense,0.4690,U,75,830
D,1018736,32,dispense,0.4742,U,75,830
D,1018832,32,dispense,0.4753,U,75,830
D,1018928,32,dispense,0.4739,U,75,830
D,1019024,32,dispense,0.4727,U,75,830
D,1019120,32,dispense,0.4744,U,75,830
D,1019216,32,dispense,0.4802,U,75,830
D,1019311,32,dispense,0.4889,U,75,830
D,1019407,32,dispense,0.4980,U,75,830
D,1019503,32,dispense,0.5049,U,75,830
E,1019508,TRIGGER 0.5049 g at t=10.84 s -- ALL STOP
D,1019601,32,settle,0.5076,U,0,830
D,1019693,32,settle,0.5056,U,0,830
D,1019789,32,settle,0.5016,U,0,830
D,1019884,32,settle,0.4999,U,0,830
D,1019980,32,settle,0.5030,U,0,830
D,1020076,32,settle,0.5061,U,0,830
D,1020172,32,settle,0.5146,U,0,830
D,1020268,32,settle,0.5168,U,0,830
D,1020364,32,settle,0.5156,U,0,830
D,1020465,32,settle,0.5129,U,0,830
D,1020554,32,settle,0.5106,U,0,830
D,1020649,32,settle,0.5094,U,0,830
D,1020745,32,settle,0.5092,U,0,830
D,1020841,32,settle,0.5094,U,0,830
D,1020937,32,settle,0.5097,U,0,830
D,1021033,32,settle,0.5097,U,0,830
D,1021128,32,settle,0.5097,U,0,830
D,1021224,32,settle,0.5097,U,0,830
D,1021320,32,settle,0.5097,U,0,830
D,1021414,32,settle,0.5097,S,0,830
D,1021510,32,settle,0.5098,S,0,830
D,1021606,32,settle,0.5099,U,0,830
D,1021702,32,settle,0.5099,U,0,830
D,1021798,32,settle,0.5100,U,0,830
D,1021893,32,settle,0.5100,U,0,830
D,1021989,32,settle,0.5100,U,0,830
D,1022085,32,settle,0.5100,S,0,830
D,1022181,32,settle,0.5100,S,0,830
D,1022275,32,settle,0.5101,S,0,830
D,1022371,32,settle,0.5101,S,0,830
D,1022467,32,settle,0.5102,U,0,830
D,1022562,32,settle,0.5103,U,0,830
D,1022658,32,settle,0.5104,U,0,830
D,1022754,32,settle,0.5104,U,0,830
D,1022850,32,settle,0.5105,U,0,830
D,1022946,32,settle,0.5106,U,0,830
D,1023042,32,settle,0.5108,U,0,830
D,1023138,32,settle,0.5109,U,0,830
D,1023231,32,settle,0.5111,U,0,830
D,1023327,32,settle,0.5112,U,0,830
D,1023423,32,settle,0.5113,U,0,830
D,1023519,32,settle,0.5114,U,0,830
D,1023615,32,settle,0.5116,U,0,830
D,1023711,32,settle,0.5118,U,0,830
D,1023807,32,settle,0.5121,U,0,830
D,1023902,32,settle,0.5123,U,0,830
D,1023998,32,settle,0.5125,U,0,830
D,1024092,32,settle,0.5126,U,0,830
D,1024188,32,settle,0.5127,U,0,830
D,1024284,32,settle,0.5128,U,0,830
D,1024380,32,settle,0.5129,U,0,830
D,1024476,32,settle,0.5130,U,0,830
D,1024571,32,settle,0.5131,U,0,830
D,1024667,32,settle,0.5132,U,0,830
D,1024763,32,settle,0.5133,U,0,830
D,1024859,32,settle,0.5134,U,0,830
D,1024955,32,settle,0.5135,U,0,830
D,1025049,32,settle,0.5135,U,0,830
D,1025144,32,settle,0.5136,U,0,830
D,1025240,32,settle,0.5136,U,0,830
D,1025336,32,settle,0.5137,U,0,830
D,1025432,32,settle,0.5137,U,0,830
D,1025528,32,settle,0.5136,S,0,830
D,1025624,32,settle,0.5136,S,0,830
D,1025719,32,settle,0.5135,U,0,830
D,1025815,32,settle,0.5134,U,0,830
D,1025909,32,settle,0.5133,U,0,830
D,1026005,32,settle,0.5134,U,0,830
D,1026101,32,settle,0.5134,U,0,830
D,1026197,32,settle,0.5135,U,0,830
D,1026293,32,settle,0.5135,U,0,830
D,1026388,32,settle,0.5136,U,0,830
D,1026484,32,settle,0.5136,U,0,830
D,1026580,32,settle,0.5136,U,0,830
D,1026676,32,settle,0.5136,S,0,830
D,1026770,32,settle,0.5136,S,0,830
D,1026866,32,settle,0.5136,S,0,830
D,1026962,32,settle,0.5136,S,0,830
D,1027057,32,settle,0.5137,S,0,830
D,1027153,32,settle,0.5137,S,0,830
D,1027249,32,settle,0.5137,S,0,830
D,1027345,32,settle,0.5137,S,0,830
D,1027441,32,settle,0.5141,U,0,830
D,1027537,32,settle,0.5142,U,0,830
P,1028014,32,55.0,1,settled,0.5143
D,1028110,32,settle,0.5143,S,0,830
D,1028205,32,settle,0.5143,S,0,830
D,1028301,32,settle,0.5143,S,0,830
D,1028397,32,settle,0.5143,S,0,830
D,1028493,32,settle,0.5144,S,0,830
D,1028587,32,settle,0.5144,S,0,830
D,1028683,32,settle,0.5145,U,0,830
D,1028778,32,settle,0.5145,U,0,830
D,1028874,32,settle,0.5145,U,0,830
D,1028970,32,settle,0.5145,S,0,830
D,1029066,32,settle,0.5145,S,0,830
D,1029162,32,settle,0.5144,S,0,830
D,1029258,32,settle,0.5144,S,0,830
D,1029354,32,settle,0.5143,U,0,830
D,1029447,32,settle,0.5143,U,0,830
D,1029543,32,settle,0.5143,U,0,830
D,1029639,32,settle,0.5143,S,0,830
D,1029735,32,settle,0.5144,S,0,830
D,1029831,32,settle,0.5144,S,0,830
D,1029927,32,settle,0.5144,S,0,830
D,1030023,32,settle,0.5144,S,0,830
D,1030119,32,settle,0.5145,U,0,830
D,1030215,32,settle,0.5145,S,0,830
D,1030310,32,settle,0.5145,S,0,830
D,1030404,32,settle,0.5145,S,0,830
D,1030500,32,settle,0.5145,S,0,830
D,1030596,32,settle,0.5145,S,0,830
D,1030692,32,settle,0.5145,S,0,830
D,1030788,32,settle,0.5145,S,0,830
D,1030883,32,settle,0.5145,S,0,830
D,1030979,32,settle,0.5145,S,0,830
P,1031076,32,55.0,1,settled2,0.5145
R,32,C7,55.0,1,75,0.50,auger,0.5049,10.94,0.5143,0.5145,0.5143,20.1083,0,ok
E,1031084,=== trial 33 : C7 tilt 55.0 rep 2 rpm 75 halt 0.50 mode auger (cum 20.11 g) ===
P,1034048,33,55.0,2,tare0,0.0001
D,1034140,33,preroll,0.0002,U,0,830
D,1034230,33,preroll,0.0002,U,0,830
D,1034325,33,preroll,0.0002,S,0,830
D,1034427,33,preroll,0.0002,S,0,830
D,1034517,33,preroll,0.0003,U,0,830
D,1034613,33,preroll,0.0004,U,0,830
D,1034709,33,preroll,0.0004,U,0,830
D,1034805,33,preroll,0.0005,U,0,830
D,1034899,33,preroll,0.0006,U,0,830
D,1034994,33,preroll,0.0007,U,0,830
D,1035090,33,preroll,0.0009,U,0,830
D,1035186,33,preroll,0.0010,U,0,830
D,1035282,33,preroll,0.0011,U,0,830
D,1035378,33,preroll,0.0012,U,0,830
D,1035474,33,preroll,0.0013,U,0,830
D,1035569,33,preroll,0.0014,U,0,830
E,1035634,dispense start: mode auger rpm 75
D,1035665,33,dispense,0.0015,U,75,830
D,1035759,33,dispense,0.0015,U,75,830
D,1035855,33,dispense,0.0015,U,75,830
D,1035951,33,dispense,0.0015,U,75,830
D,1036047,33,dispense,0.0015,S,75,830
D,1036143,33,dispense,0.0015,S,75,830
D,1036238,33,dispense,0.0016,S,75,830
D,1036334,33,dispense,0.0054,U,75,830
D,1036430,33,dispense,0.0085,U,75,830
D,1036526,33,dispense,0.0127,U,75,830
D,1036621,33,dispense,0.0170,U,75,830
D,1036715,33,dispense,0.0202,U,75,830
D,1036811,33,dispense,0.0221,U,75,830
D,1036907,33,dispense,0.0245,U,75,830
D,1037003,33,dispense,0.0289,U,75,830
D,1037099,33,dispense,0.0353,U,75,830
D,1037194,33,dispense,0.0420,U,75,830
D,1037290,33,dispense,0.0475,U,75,830
D,1037386,33,dispense,0.0514,U,75,830
D,1037482,33,dispense,0.0543,U,75,830
D,1037576,33,dispense,0.0574,U,75,830
D,1037672,33,dispense,0.0618,U,75,830
D,1037768,33,dispense,0.0688,U,75,830
D,1037863,33,dispense,0.0788,U,75,830
D,1037959,33,dispense,0.0909,U,75,830
D,1038055,33,dispense,0.1023,U,75,830
D,1038151,33,dispense,0.1109,U,75,830
D,1038247,33,dispense,0.1170,U,75,830
D,1038343,33,dispense,0.1222,U,75,830
D,1038437,33,dispense,0.1268,U,75,830
D,1038532,33,dispense,0.1311,U,75,830
D,1038628,33,dispense,0.1363,U,75,830
D,1038724,33,dispense,0.1443,U,75,830
D,1038820,33,dispense,0.1539,U,75,830
D,1038916,33,dispense,0.1613,U,75,830
D,1039011,33,dispense,0.1640,U,75,830
D,1039107,33,dispense,0.1635,U,75,830
D,1039203,33,dispense,0.1639,U,75,830
D,1039299,33,dispense,0.1691,U,75,830
D,1039393,33,dispense,0.1798,U,75,830
D,1039489,33,dispense,0.1942,U,75,830
D,1039585,33,dispense,0.2084,U,75,830
D,1039680,33,dispense,0.2202,U,75,830
D,1039776,33,dispense,0.2293,U,75,830
D,1039872,33,dispense,0.2359,U,75,830
D,1039968,33,dispense,0.2402,U,75,830
D,1040064,33,dispense,0.2428,U,75,830
D,1040160,33,dispense,0.2460,U,75,830
D,1040254,33,dispense,0.2522,U,75,830
D,1040349,33,dispense,0.2622,U,75,830
D,1040445,33,dispense,0.2743,U,75,830
D,1040541,33,dispense,0.2864,U,75,830
D,1040637,33,dispense,0.2967,U,75,830
D,1040733,33,dispense,0.3045,U,75,830
D,1040829,33,dispense,0.3096,U,75,830
D,1040924,33,dispense,0.3132,U,75,830
D,1041020,33,dispense,0.3169,U,75,830
D,1041114,33,dispense,0.3223,U,75,830
D,1041210,33,dispense,0.3296,U,75,830
D,1041306,33,dispense,0.3381,U,75,830
D,1041402,33,dispense,0.3464,U,75,830
D,1041497,33,dispense,0.3534,U,75,830
D,1041594,33,dispense,0.3589,U,75,830
D,1041689,33,dispense,0.3638,U,75,830
D,1041785,33,dispense,0.3700,U,75,830
D,1041881,33,dispense,0.3787,U,75,830
D,1041986,33,dispense,0.3894,U,75,830
D,1042078,33,dispense,0.3991,U,75,830
D,1042171,33,dispense,0.4056,U,75,830
D,1042264,33,dispense,0.4085,U,75,830
D,1042358,33,dispense,0.4093,U,75,830
D,1042454,33,dispense,0.4099,U,75,830
D,1042550,33,dispense,0.4128,U,75,830
D,1042646,33,dispense,0.4199,U,75,830
D,1042741,33,dispense,0.4313,U,75,830
D,1042837,33,dispense,0.4444,U,75,830
D,1042931,33,dispense,0.4560,U,75,830
D,1043027,33,dispense,0.4640,U,75,830
D,1043123,33,dispense,0.4682,U,75,830
D,1043219,33,dispense,0.4706,U,75,830
D,1043315,33,dispense,0.4741,U,75,830
D,1043411,33,dispense,0.4806,U,75,830
D,1043506,33,dispense,0.4899,U,75,830
D,1043602,33,dispense,0.4999,U,75,830
D,1043698,33,dispense,0.5088,U,75,830
E,1043703,TRIGGER 0.5088 g at t=7.97 s -- ALL STOP
D,1043795,33,settle,0.5156,U,0,830
D,1043888,33,settle,0.5205,U,0,830
D,1043983,33,settle,0.5244,U,0,830
D,1044079,33,settle,0.5297,U,0,830
D,1044175,33,settle,0.5384,U,0,830
D,1044271,33,settle,0.5504,U,0,830
D,1044367,33,settle,0.5623,U,0,830
D,1044463,33,settle,0.5700,U,0,830
D,1044559,33,settle,0.5709,U,0,830
D,1044654,33,settle,0.5665,U,0,830
D,1044748,33,settle,0.5608,U,0,830
D,1044844,33,settle,0.5570,U,0,830
D,1044940,33,settle,0.5556,U,0,830
D,1045036,33,settle,0.5557,U,0,830
D,1045132,33,settle,0.5562,U,0,830
D,1045227,33,settle,0.5566,U,0,830
D,1045323,33,settle,0.5569,U,0,830
D,1045419,33,settle,0.5571,U,0,830
D,1045515,33,settle,0.5574,U,0,830
D,1045609,33,settle,0.5577,U,0,830
D,1045705,33,settle,0.5581,U,0,830
D,1045801,33,settle,0.5605,U,0,830
D,1045896,33,settle,0.5611,U,0,830
D,1045992,33,settle,0.5615,U,0,830
D,1046088,33,settle,0.5616,U,0,830
D,1046184,33,settle,0.5617,U,0,830
D,1046280,33,settle,0.5618,U,0,830
D,1046376,33,settle,0.5619,U,0,830
D,1046472,33,settle,0.5620,U,0,830
D,1046565,33,settle,0.5620,U,0,830
D,1046661,33,settle,0.5621,U,0,830
D,1046757,33,settle,0.5622,U,0,830
D,1046853,33,settle,0.5622,U,0,830
D,1046949,33,settle,0.5623,U,0,830
D,1047045,33,settle,0.5623,U,0,830
D,1047141,33,settle,0.5623,U,0,830
D,1047236,33,settle,0.5623,S,0,830
D,1047332,33,settle,0.5624,U,0,830
D,1047426,33,settle,0.5624,S,0,830
D,1047522,33,settle,0.5624,S,0,830
D,1047618,33,settle,0.5625,U,0,830
D,1047714,33,settle,0.5625,U,0,830
D,1047810,33,settle,0.5626,U,0,830
D,1047905,33,settle,0.5626,U,0,830
D,1048001,33,settle,0.5627,U,0,830
D,1048097,33,settle,0.5628,U,0,830
D,1048193,33,settle,0.5629,U,0,830
D,1048287,33,settle,0.5630,U,0,830
D,1048383,33,settle,0.5630,U,0,830
D,1048479,33,settle,0.5630,U,0,830
D,1048574,33,settle,0.5631,U,0,830
D,1048670,33,settle,0.5631,U,0,830
D,1048766,33,settle,0.5631,S,0,830
D,1048862,33,settle,0.5632,U,0,830
D,1048958,33,settle,0.5632,U,0,830
D,1049054,33,settle,0.5633,U,0,830
D,1049150,33,settle,0.5633,U,0,830
D,1049243,33,settle,0.5634,U,0,830
D,1049339,33,settle,0.5634,U,0,830
D,1049435,33,settle,0.5634,U,0,830
D,1049531,33,settle,0.5634,S,0,830
D,1049627,33,settle,0.5634,S,0,830
D,1049723,33,settle,0.5634,S,0,830
D,1049818,33,settle,0.5634,S,0,830
D,1049914,33,settle,0.5634,S,0,830
D,1050010,33,settle,0.5634,S,0,830
D,1050104,33,settle,0.5634,S,0,830
D,1050200,33,settle,0.5634,S,0,830
D,1050296,33,settle,0.5634,S,0,830
D,1050392,33,settle,0.5634,S,0,830
D,1050487,33,settle,0.5635,S,0,830
D,1050583,33,settle,0.5636,U,0,830
D,1050679,33,settle,0.5637,U,0,830
D,1050775,33,settle,0.5637,U,0,830
D,1050871,33,settle,0.5637,U,0,830
D,1050967,33,settle,0.5638,U,0,830
D,1051061,33,settle,0.5638,U,0,830
D,1051157,33,settle,0.5638,S,0,830
D,1051252,33,settle,0.5639,U,0,830
D,1051348,33,settle,0.5640,U,0,830
D,1051444,33,settle,0.5641,U,0,830
D,1051540,33,settle,0.5642,U,0,830
D,1051636,33,settle,0.5643,U,0,830
D,1051731,33,settle,0.5644,U,0,830
P,1052592,33,55.0,2,settled,0.5647
D,1052688,33,settle,0.5647,S,0,830
D,1052782,33,settle,0.5647,S,0,830
D,1052878,33,settle,0.5648,S,0,830
D,1052973,33,settle,0.5648,S,0,830
D,1053074,33,settle,0.5648,S,0,830
D,1053165,33,settle,0.5648,S,0,830
D,1053261,33,settle,0.5647,S,0,830
D,1053357,33,settle,0.5647,S,0,830
D,1053453,33,settle,0.5647,S,0,830
D,1053549,33,settle,0.5646,U,0,830
D,1053645,33,settle,0.5646,U,0,830
D,1053738,33,settle,0.5646,S,0,830
D,1053834,33,settle,0.5646,S,0,830
D,1053930,33,settle,0.5646,S,0,830
D,1054026,33,settle,0.5645,S,0,830
D,1054122,33,settle,0.5645,S,0,830
D,1054218,33,settle,0.5645,S,0,830
D,1054313,33,settle,0.5645,S,0,830
D,1054409,33,settle,0.5645,S,0,830
D,1054505,33,settle,0.5645,S,0,830
D,1054599,33,settle,0.5645,S,0,830
D,1054695,33,settle,0.5645,S,0,830
D,1054791,33,settle,0.5645,S,0,830
D,1054887,33,settle,0.5645,S,0,830
D,1054982,33,settle,0.5645,S,0,830
D,1055078,33,settle,0.5645,S,0,830
D,1055174,33,settle,0.5645,S,0,830
D,1055270,33,settle,0.5645,S,0,830
D,1055366,33,settle,0.5645,S,0,830
D,1055462,33,settle,0.5646,S,0,830
D,1055555,33,settle,0.5651,U,0,830
P,1058712,33,55.0,2,settled2,0.5672
R,33,C7,55.0,2,75,0.50,auger,0.5088,8.07,0.5647,0.5672,0.5647,20.6730,0,ok
E,1058720,=== trial 34 : C7 tilt 55.0 rep 2 rpm 55 halt 0.50 mode auger (cum 20.67 g) ===
P,1060534,34,55.0,2,tare0,0.0001
D,1060626,34,preroll,0.0001,S,0,830
D,1060721,34,preroll,0.0007,U,0,830
D,1060817,34,preroll,0.0008,U,0,830
D,1060911,34,preroll,0.0009,U,0,830
D,1061006,34,preroll,0.0010,U,0,830
D,1061102,34,preroll,0.0010,U,0,830
D,1061198,34,preroll,0.0011,U,0,830
D,1061294,34,preroll,0.0012,U,0,830
D,1061390,34,preroll,0.0013,U,0,830
D,1061486,34,preroll,0.0014,U,0,830
D,1061582,34,preroll,0.0015,U,0,830
D,1061677,34,preroll,0.0016,U,0,830
D,1061771,34,preroll,0.0016,U,0,830
D,1061867,34,preroll,0.0017,U,0,830
D,1061963,34,preroll,0.0018,U,0,830
D,1062059,34,preroll,0.0018,U,0,830
E,1062124,dispense start: mode auger rpm 55
D,1062155,34,dispense,0.0019,U,55,830
D,1062251,34,dispense,0.0018,U,55,830
D,1062346,34,dispense,0.0018,S,55,830
D,1062442,34,dispense,0.0018,S,55,830
D,1062538,34,dispense,0.0018,S,55,830
D,1062634,34,dispense,0.0019,S,55,830
D,1062727,34,dispense,0.0063,U,55,830
D,1062823,34,dispense,0.0094,U,55,830
D,1062919,34,dispense,0.0127,U,55,830
D,1063015,34,dispense,0.0159,U,55,830
D,1063111,34,dispense,0.0193,U,55,830
D,1063207,34,dispense,0.0225,U,55,830
D,1063302,34,dispense,0.0254,U,55,830
D,1063398,34,dispense,0.0286,U,55,830
D,1063494,34,dispense,0.0334,U,55,830
D,1063588,34,dispense,0.0402,U,55,830
D,1063684,34,dispense,0.0488,U,55,830
D,1063780,34,dispense,0.0587,U,55,830
D,1063876,34,dispense,0.0690,U,55,830
D,1063971,34,dispense,0.0783,U,55,830
D,1064067,34,dispense,0.0858,U,55,830
D,1064163,34,dispense,0.0916,U,55,830
D,1064259,34,dispense,0.0965,U,55,830
D,1064355,34,dispense,0.1010,U,55,830
D,1064448,34,dispense,0.1046,U,55,830
D,1064544,34,dispense,0.1072,U,55,830
D,1064640,34,dispense,0.1097,U,55,830
D,1064736,34,dispense,0.1130,U,55,830
D,1064832,34,dispense,0.1166,U,55,830
D,1064928,34,dispense,0.1203,U,55,830
D,1065024,34,dispense,0.1255,U,55,830
D,1065119,34,dispense,0.1336,U,55,830
D,1065215,34,dispense,0.1434,U,55,830
D,1065319,34,dispense,0.1522,U,55,830
D,1065412,34,dispense,0.1588,U,55,830
D,1065505,34,dispense,0.1632,U,55,830
D,1065598,34,dispense,0.1665,U,55,830
D,1065692,34,dispense,0.1696,U,55,830
D,1065788,34,dispense,0.1733,U,55,830
D,1065884,34,dispense,0.1774,U,55,830
D,1065980,34,dispense,0.1816,U,55,830
D,1066076,34,dispense,0.1862,U,55,830
D,1066172,34,dispense,0.1920,U,55,830
D,1066266,34,dispense,0.1986,U,55,830
D,1066361,34,dispense,0.2045,U,55,830
D,1066457,34,dispense,0.2097,U,55,830
D,1066553,34,dispense,0.2156,U,55,830
D,1066649,34,dispense,0.2222,U,55,830
D,1066745,34,dispense,0.2283,U,55,830
D,1066841,34,dispense,0.2325,U,55,830
D,1066936,34,dispense,0.2354,U,55,830
D,1067032,34,dispense,0.2388,U,55,830
D,1067126,34,dispense,0.2446,U,55,830
D,1067222,34,dispense,0.2538,U,55,830
D,1067318,34,dispense,0.2653,U,55,830
D,1067414,34,dispense,0.2766,U,55,830
D,1067510,34,dispense,0.2851,U,55,830
D,1067605,34,dispense,0.2900,U,55,830
D,1067701,34,dispense,0.2921,U,55,830
D,1067797,34,dispense,0.2937,U,55,830
D,1067893,34,dispense,0.2972,U,55,830
D,1067989,34,dispense,0.3036,U,55,830
D,1068083,34,dispense,0.3120,U,55,830
D,1068178,34,dispense,0.3210,U,55,830
D,1068274,34,dispense,0.3303,U,55,830
D,1068370,34,dispense,0.3397,U,55,830
D,1068466,34,dispense,0.3485,U,55,830
D,1068562,34,dispense,0.3557,U,55,830
D,1068658,34,dispense,0.3601,U,55,830
D,1068754,34,dispense,0.3619,U,55,830
D,1068849,34,dispense,0.3630,U,55,830
D,1068943,34,dispense,0.3655,U,55,830
D,1069039,34,dispense,0.3701,U,55,830
D,1069135,34,dispense,0.3754,U,55,830
D,1069231,34,dispense,0.3805,U,55,830
D,1069327,34,dispense,0.3861,U,55,830
D,1069422,34,dispense,0.3938,U,55,830
D,1069518,34,dispense,0.4037,U,55,830
D,1069614,34,dispense,0.4131,U,55,830
D,1069710,34,dispense,0.4192,U,55,830
D,1069806,34,dispense,0.4218,U,55,830
D,1069900,34,dispense,0.4230,U,55,830
D,1069996,34,dispense,0.4256,U,55,830
D,1070091,34,dispense,0.4313,U,55,830
D,1070187,34,dispense,0.4400,U,55,830
D,1070283,34,dispense,0.4498,U,55,830
D,1070379,34,dispense,0.4588,U,55,830
D,1070475,34,dispense,0.4673,U,55,830
D,1070571,34,dispense,0.4763,U,55,830
D,1070666,34,dispense,0.4858,U,55,830
D,1070760,34,dispense,0.4941,U,55,830
D,1070856,34,dispense,0.4995,U,55,830
D,1070952,34,dispense,0.5016,U,55,830
E,1070957,TRIGGER 0.5016 g at t=8.74 s -- ALL STOP
D,1071049,34,settle,0.5014,U,0,830
D,1071144,34,settle,0.5018,U,0,830
D,1071240,34,settle,0.5053,U,0,830
D,1071336,34,settle,0.5126,U,0,830
D,1071431,34,settle,0.5217,U,0,830
D,1071527,34,settle,0.5301,U,0,830
D,1071621,34,settle,0.5362,U,0,830
D,1071717,34,settle,0.5400,U,0,830
D,1071813,34,settle,0.5418,U,0,830
D,1071908,34,settle,0.5420,U,0,830
D,1072004,34,settle,0.5414,U,0,830
D,1072100,34,settle,0.5406,U,0,830
D,1072196,34,settle,0.5400,U,0,830
D,1072292,34,settle,0.5398,U,0,830
D,1072388,34,settle,0.5396,U,0,830
D,1072484,34,settle,0.5394,U,0,830
D,1072577,34,settle,0.5392,U,0,830
D,1072673,34,settle,0.5390,U,0,830
D,1072769,34,settle,0.5389,U,0,830
D,1072865,34,settle,0.5387,U,0,830
D,1072961,34,settle,0.5386,U,0,830
D,1073057,34,settle,0.5385,U,0,830
D,1073153,34,settle,0.5384,U,0,830
D,1073253,34,settle,0.5383,U,0,830
D,1073344,34,settle,0.5382,U,0,830
D,1073438,34,settle,0.5381,U,0,830
D,1073534,34,settle,0.5381,U,0,830
D,1073630,34,settle,0.5381,U,0,830
D,1073726,34,settle,0.5381,U,0,830
D,1073822,34,settle,0.5381,S,0,830
D,1073917,34,settle,0.5381,S,0,830
D,1074013,34,settle,0.5382,S,0,830
D,1074109,34,settle,0.5382,S,0,830
D,1074205,34,settle,0.5382,S,0,830
D,1074299,34,settle,0.5382,S,0,830
D,1074395,34,settle,0.5383,U,0,830
D,1074491,34,settle,0.5383,S,0,830
D,1074586,34,settle,0.5384,U,0,830
D,1074682,34,settle,0.5384,U,0,830
D,1074778,34,settle,0.5385,U,0,830
D,1074874,34,settle,0.5385,U,0,830
D,1074970,34,settle,0.5385,U,0,830
D,1075066,34,settle,0.5385,S,0,830
D,1075162,34,settle,0.5386,U,0,830
D,1075256,34,settle,0.5387,U,0,830
D,1075351,34,settle,0.5388,U,0,830
D,1075447,34,settle,0.5389,U,0,830
D,1075543,34,settle,0.5390,U,0,830
D,1075639,34,settle,0.5391,U,0,830
D,1075735,34,settle,0.5391,U,0,830
D,1075831,34,settle,0.5391,U,0,830
D,1075926,34,settle,0.5392,U,0,830
D,1076022,34,settle,0.5392,U,0,830
D,1076116,34,settle,0.5392,S,0,830
D,1076212,34,settle,0.5392,S,0,830
D,1076308,34,settle,0.5391,S,0,830
D,1076404,34,settle,0.5391,S,0,830
D,1076499,34,settle,0.5392,S,0,830
D,1076595,34,settle,0.5392,S,0,830
D,1076691,34,settle,0.5393,U,0,830
D,1076787,34,settle,0.5394,U,0,830
D,1076883,34,settle,0.5395,U,0,830
D,1076979,34,settle,0.5396,U,0,830
D,1077073,34,settle,0.5397,U,0,830
D,1077168,34,settle,0.5398,U,0,830
D,1077264,34,settle,0.5398,U,0,830
D,1077360,34,settle,0.5399,U,0,830
D,1077456,34,settle,0.5399,U,0,830
D,1077552,34,settle,0.5400,U,0,830
D,1077648,34,settle,0.5400,U,0,830
D,1077743,34,settle,0.5401,U,0,830
D,1077839,34,settle,0.5402,U,0,830
D,1077933,34,settle,0.5403,U,0,830
D,1078029,34,settle,0.5403,U,0,830
D,1078125,34,settle,0.5404,U,0,830
D,1078221,34,settle,0.5405,U,0,830
D,1078317,34,settle,0.5406,U,0,830
D,1078412,34,settle,0.5406,U,0,830
D,1078508,34,settle,0.5406,U,0,830
D,1078604,34,settle,0.5407,U,0,830
D,1078700,34,settle,0.5407,U,0,830
D,1078794,34,settle,0.5407,S,0,830
D,1078890,34,settle,0.5408,U,0,830
D,1078985,34,settle,0.5408,U,0,830
P,1079082,34,55.0,2,settled,0.5408
D,1079177,34,settle,0.5408,S,0,830
D,1079273,34,settle,0.5408,S,0,830
D,1079369,34,settle,0.5407,S,0,830
D,1079465,34,settle,0.5407,S,0,830
D,1079561,34,settle,0.5407,S,0,830
D,1079656,34,settle,0.5406,U,0,830
D,1079750,34,settle,0.5406,U,0,830
D,1079846,34,settle,0.5406,S,0,830
D,1079942,34,settle,0.5406,S,0,830
D,1080038,34,settle,0.5406,S,0,830
D,1080134,34,settle,0.5405,S,0,830
D,1080229,34,settle,0.5405,S,0,830
D,1080325,34,settle,0.5405,S,0,830
D,1080421,34,settle,0.5405,S,0,830
D,1080517,34,settle,0.5405,S,0,830
D,1080611,34,settle,0.5405,S,0,830
D,1080707,34,settle,0.5405,S,0,830
D,1080803,34,settle,0.5405,S,0,830
D,1080899,34,settle,0.5405,S,0,830
D,1080995,34,settle,0.5406,S,0,830
D,1081090,34,settle,0.5406,S,0,830
D,1081186,34,settle,0.5406,S,0,830
D,1081282,34,settle,0.5406,S,0,830
D,1081378,34,settle,0.5406,S,0,830
D,1081471,34,settle,0.5411,U,0,830
D,1081567,34,settle,0.5411,U,0,830
D,1081663,34,settle,0.5412,U,0,830
D,1081759,34,settle,0.5412,U,0,830
D,1081855,34,settle,0.5412,U,0,830
D,1081951,34,settle,0.5412,S,0,830
D,1082046,34,settle,0.5413,U,0,830
P,1082715,34,55.0,2,settled2,0.5416
R,34,C7,55.0,2,55,0.50,auger,0.5016,8.84,0.5408,0.5416,0.5408,21.2138,0,ok
E,1082724,=== trial 35 : C7 tilt 55.0 rep 2 rpm 30 halt 0.50 mode auger (cum 21.21 g) ===
P,1085687,35,55.0,2,tare0,0.0000
D,1085779,35,preroll,0.0000,S,0,830
D,1085873,35,preroll,0.0000,S,0,830
D,1085966,35,preroll,0.0000,S,0,830
D,1086062,35,preroll,0.0000,S,0,830
D,1086158,35,preroll,0.0000,S,0,830
D,1086254,35,preroll,0.0000,S,0,830
D,1086350,35,preroll,0.0000,S,0,830
D,1086446,35,preroll,0.0000,S,0,830
D,1086541,35,preroll,0.0000,S,0,830
D,1086637,35,preroll,0.0000,S,0,830
D,1086733,35,preroll,0.0000,S,0,830
D,1086829,35,preroll,0.0000,S,0,830
D,1086923,35,preroll,0.0000,S,0,830
D,1087019,35,preroll,0.0000,S,0,830
D,1087115,35,preroll,0.0000,S,0,830
D,1087222,35,preroll,0.0000,S,0,830
E,1087285,dispense start: mode auger rpm 30
D,1087402,35,dispense,0.0000,S,30,830
D,1087498,35,dispense,0.0000,S,30,830
D,1087594,35,dispense,0.0000,S,30,830
D,1087690,35,dispense,0.0000,S,30,830
D,1087784,35,dispense,0.0000,S,30,830
D,1087880,35,dispense,0.0000,S,30,830
D,1087975,35,dispense,0.0039,U,30,830
D,1088070,35,dispense,0.0038,U,30,830
D,1088166,35,dispense,0.0025,U,30,830
D,1088262,35,dispense,0.0018,U,30,830
D,1088358,35,dispense,0.0015,U,30,830
D,1088454,35,dispense,0.0018,U,30,830
D,1088550,35,dispense,0.0027,U,30,830
D,1088645,35,dispense,0.0116,U,30,830
D,1088739,35,dispense,0.0167,U,30,830
D,1088835,35,dispense,0.0203,U,30,830
D,1088931,35,dispense,0.0219,U,30,830
D,1089027,35,dispense,0.0227,U,30,830
D,1089123,35,dispense,0.0248,U,30,830
D,1089218,35,dispense,0.0292,U,30,830
D,1089314,35,dispense,0.0351,U,30,830
D,1089410,35,dispense,0.0414,U,30,830
D,1089506,35,dispense,0.0472,U,30,830
D,1089600,35,dispense,0.0522,U,30,830
D,1089696,35,dispense,0.0561,U,30,830
D,1089792,35,dispense,0.0581,U,30,830
D,1089887,35,dispense,0.0580,U,30,830
D,1089983,35,dispense,0.0572,U,30,830
D,1090079,35,dispense,0.0570,U,30,830
D,1090175,35,dispense,0.0585,U,30,830
D,1090271,35,dispense,0.0614,U,30,830
D,1090367,35,dispense,0.0648,U,30,830
D,1090460,35,dispense,0.0681,U,30,830
D,1090556,35,dispense,0.0708,U,30,830
D,1090652,35,dispense,0.0736,U,30,830
D,1090748,35,dispense,0.0776,U,30,830
D,1090844,35,dispense,0.0826,U,30,830
D,1090940,35,dispense,0.0879,U,30,830
D,1091036,35,dispense,0.0928,U,30,830
D,1091132,35,dispense,0.0974,U,30,830
D,1091227,35,dispense,0.1023,U,30,830
D,1091323,35,dispense,0.1072,U,30,830
D,1091417,35,dispense,0.1106,U,30,830
D,1091513,35,dispense,0.1119,U,30,830
D,1091609,35,dispense,0.1119,U,30,830
D,1091704,35,dispense,0.1128,U,30,830
D,1091800,35,dispense,0.1152,U,30,830
D,1091896,35,dispense,0.1187,U,30,830
D,1091992,35,dispense,0.1232,U,30,830
D,1092088,35,dispense,0.1289,U,30,830
D,1092184,35,dispense,0.1353,U,30,830
D,1092278,35,dispense,0.1409,U,30,830
D,1092374,35,dispense,0.1441,U,30,830
D,1092469,35,dispense,0.1449,U,30,830
D,1092565,35,dispense,0.1447,U,30,830
D,1092661,35,dispense,0.1452,U,30,830
D,1092757,35,dispense,0.1469,U,30,830
D,1092853,35,dispense,0.1494,U,30,830
D,1092948,35,dispense,0.1519,U,30,830
D,1093044,35,dispense,0.1545,U,30,830
D,1093138,35,dispense,0.1577,U,30,830
D,1093234,35,dispense,0.1621,U,30,830
D,1093330,35,dispense,0.1676,U,30,830
D,1093426,35,dispense,0.1742,U,30,830
D,1093522,35,dispense,0.1817,U,30,830
D,1093617,35,dispense,0.1900,U,30,830
D,1093713,35,dispense,0.1982,U,30,830
D,1093809,35,dispense,0.2053,U,30,830
D,1093905,35,dispense,0.2108,U,30,830
D,1094001,35,dispense,0.2154,U,30,830
D,1094095,35,dispense,0.2193,U,30,830
D,1094191,35,dispense,0.2225,U,30,830
D,1094286,35,dispense,0.2249,U,30,830
D,1094391,35,dispense,0.2259,U,30,830
D,1094483,35,dispense,0.2253,U,30,830
D,1094576,35,dispense,0.2233,U,30,830
D,1094670,35,dispense,0.2208,U,30,830
D,1094766,35,dispense,0.2187,U,30,830
D,1094862,35,dispense,0.2175,U,30,830
D,1094955,35,dispense,0.2174,U,30,830
D,1095051,35,dispense,0.2188,U,30,830
D,1095147,35,dispense,0.2223,U,30,830
D,1095243,35,dispense,0.2286,U,30,830
D,1095339,35,dispense,0.2372,U,30,830
D,1095434,35,dispense,0.2467,U,30,830
D,1095530,35,dispense,0.2550,U,30,830
D,1095626,35,dispense,0.2613,U,30,830
D,1095722,35,dispense,0.2656,U,30,830
D,1095818,35,dispense,0.2684,U,30,830
D,1095912,35,dispense,0.2698,U,30,830
D,1096008,35,dispense,0.2702,U,30,830
D,1096104,35,dispense,0.2696,U,30,830
D,1096199,35,dispense,0.2683,U,30,830
D,1096295,35,dispense,0.2669,U,30,830
D,1096391,35,dispense,0.2665,U,30,830
D,1096487,35,dispense,0.2668,U,30,830
D,1096583,35,dispense,0.2687,U,30,830
D,1096679,35,dispense,0.2700,U,30,830
D,1096772,35,dispense,0.2741,U,30,830
D,1096868,35,dispense,0.2773,U,30,830
D,1096964,35,dispense,0.2811,U,30,830
D,1097060,35,dispense,0.2859,U,30,830
D,1097156,35,dispense,0.2920,U,30,830
D,1097252,35,dispense,0.2986,U,30,830
D,1097347,35,dispense,0.3042,U,30,830
D,1097443,35,dispense,0.3076,U,30,830
D,1097539,35,dispense,0.3094,U,30,830
D,1097633,35,dispense,0.3112,U,30,830
D,1097729,35,dispense,0.3143,U,30,830
D,1097825,35,dispense,0.3190,U,30,830
D,1097921,35,dispense,0.3255,U,30,830
D,1098016,35,dispense,0.3335,U,30,830
D,1098112,35,dispense,0.3425,U,30,830
D,1098208,35,dispense,0.3516,U,30,830
D,1098304,35,dispense,0.3599,U,30,830
D,1098400,35,dispense,0.3650,U,30,830
D,1098496,35,dispense,0.3654,U,30,830
D,1098589,35,dispense,0.3618,U,30,830
D,1098685,35,dispense,0.3569,U,30,830
D,1098781,35,dispense,0.3529,U,30,830
D,1098877,35,dispense,0.3507,U,30,830
D,1098973,35,dispense,0.3501,U,30,830
D,1099069,35,dispense,0.3513,U,30,830
D,1099164,35,dispense,0.3543,U,30,830
D,1099260,35,dispense,0.3590,U,30,830
D,1099356,35,dispense,0.3646,U,30,830
D,1099450,35,dispense,0.3703,U,30,830
D,1099546,35,dispense,0.3758,U,30,830
D,1099642,35,dispense,0.3816,U,30,830
D,1099738,35,dispense,0.3882,U,30,830
D,1099833,35,dispense,0.3958,U,30,830
D,1099929,35,dispense,0.4036,U,30,830
D,1100025,35,dispense,0.4099,U,30,830
D,1100121,35,dispense,0.4140,U,30,830
D,1100217,35,dispense,0.4162,U,30,830
D,1100311,35,dispense,0.4178,U,30,830
D,1100406,35,dispense,0.4204,U,30,830
D,1100502,35,dispense,0.4243,U,30,830
D,1100598,35,dispense,0.4285,U,30,830
D,1100694,35,dispense,0.4310,U,30,830
D,1100790,35,dispense,0.4306,U,30,830
D,1100886,35,dispense,0.4283,U,30,830
D,1100982,35,dispense,0.4265,U,30,830
D,1101077,35,dispense,0.4271,U,30,830
D,1101173,35,dispense,0.4288,U,30,830
D,1101267,35,dispense,0.4312,U,30,830
D,1101371,35,dispense,0.4426,U,30,830
D,1101464,35,dispense,0.4487,U,30,830
D,1101557,35,dispense,0.4537,U,30,830
D,1101650,35,dispense,0.4576,U,30,830
D,1101747,35,dispense,0.4608,U,30,830
D,1101842,35,dispense,0.4638,U,30,830
D,1101938,35,dispense,0.4667,U,30,830
D,1102034,35,dispense,0.4697,U,30,830
D,1102128,35,dispense,0.4725,U,30,830
D,1102223,35,dispense,0.4747,U,30,830
D,1102319,35,dispense,0.4762,U,30,830
D,1102415,35,dispense,0.4771,U,30,830
D,1102511,35,dispense,0.4774,U,30,830
D,1102607,35,dispense,0.4776,U,30,830
D,1102703,35,dispense,0.4786,U,30,830
D,1102799,35,dispense,0.4805,U,30,830
D,1102894,35,dispense,0.4828,U,30,830
D,1102990,35,dispense,0.4851,U,30,830
D,1103084,35,dispense,0.4877,U,30,830
D,1103180,35,dispense,0.4910,U,30,830
D,1103276,35,dispense,0.4957,U,30,830
D,1103372,35,dispense,0.5016,U,30,830
E,1103377,TRIGGER 0.5016 g at t=16.00 s -- ALL STOP
D,1103469,35,settle,0.5084,U,0,830
D,1103563,35,settle,0.5152,U,0,830
D,1103659,35,settle,0.5212,U,0,830
D,1103755,35,settle,0.5261,U,0,830
D,1103851,35,settle,0.5298,U,0,830
D,1103945,35,settle,0.5332,U,0,830
D,1104041,35,settle,0.5364,U,0,830
D,1104136,35,settle,0.5393,U,0,830
D,1104232,35,settle,0.5415,U,0,830
D,1104328,35,settle,0.5427,U,0,830
D,1104424,35,settle,0.5431,U,0,830
D,1104520,35,settle,0.5430,U,0,830
D,1104616,35,settle,0.5430,U,0,830
D,1104711,35,settle,0.5429,U,0,830
D,1104805,35,settle,0.5429,U,0,830
D,1104901,35,settle,0.5428,U,0,830
D,1104997,35,settle,0.5428,U,0,830
D,1105093,35,settle,0.5428,U,0,830
D,1105189,35,settle,0.5428,S,0,830
D,1105285,35,settle,0.5429,S,0,830
D,1105381,35,settle,0.5430,U,0,830
D,1105477,35,settle,0.5430,U,0,830
D,1105572,35,settle,0.5431,U,0,830
D,1105668,35,settle,0.5431,U,0,830
D,1105762,35,settle,0.5431,U,0,830
D,1105858,35,settle,0.5431,S,0,830
D,1105954,35,settle,0.5431,S,0,830
D,1106050,35,settle,0.5431,S,0,830
D,1106146,35,settle,0.5431,S,0,830
D,1106241,35,settle,0.5431,S,0,830
D,1106337,35,settle,0.5432,S,0,830
D,1106433,35,settle,0.5432,S,0,830
D,1106529,35,settle,0.5432,S,0,830
D,1106623,35,settle,0.5432,S,0,830
D,1106719,35,settle,0.5432,S,0,830
D,1106815,35,settle,0.5432,S,0,830
D,1106911,35,settle,0.5432,S,0,830
D,1107006,35,settle,0.5432,S,0,830
D,1107102,35,settle,0.5432,S,0,830
D,1107198,35,settle,0.5432,S,0,830
D,1107294,35,settle,0.5432,S,0,830
D,1107390,35,settle,0.5432,S,0,830
D,1107484,35,settle,0.5432,S,0,830
D,1107579,35,settle,0.5432,S,0,830
D,1107675,35,settle,0.5432,S,0,830
D,1107771,35,settle,0.5432,S,0,830
D,1107867,35,settle,0.5432,S,0,830
D,1107963,35,settle,0.5436,U,0,830
D,1108059,35,settle,0.5437,U,0,830
D,1108154,35,settle,0.5437,U,0,830
D,1108250,35,settle,0.5437,U,0,830
D,1108346,35,settle,0.5438,U,0,830
D,1108440,35,settle,0.5438,U,0,830
D,1108536,35,settle,0.5438,S,0,830
D,1108632,35,settle,0.5439,U,0,830
D,1108727,35,settle,0.5439,U,0,830
D,1108823,35,settle,0.5440,U,0,830
D,1108919,35,settle,0.5441,U,0,830
D,1109015,35,settle,0.5443,U,0,830
D,1109111,35,settle,0.5444,U,0,830
D,1109207,35,settle,0.5445,U,0,830
D,1109301,35,settle,0.5445,U,0,830
D,1109396,35,settle,0.5446,U,0,830
D,1109492,35,settle,0.5447,U,0,830
D,1109588,35,settle,0.5448,U,0,830
D,1109684,35,settle,0.5449,U,0,830
D,1109780,35,settle,0.5448,U,0,830
D,1109876,35,settle,0.5448,U,0,830
D,1109972,35,settle,0.5447,U,0,830
D,1110067,35,settle,0.5447,U,0,830
D,1110163,35,settle,0.5447,U,0,830
D,1110257,35,settle,0.5447,S,0,830
D,1110353,35,settle,0.5447,S,0,830
D,1110449,35,settle,0.5447,S,0,830
D,1110545,35,settle,0.5447,S,0,830
D,1110640,35,settle,0.5447,S,0,830
D,1110736,35,settle,0.5447,S,0,830
D,1110832,35,settle,0.5447,S,0,830
D,1110928,35,settle,0.5447,S,0,830
D,1111024,35,settle,0.5446,S,0,830
D,1111118,35,settle,0.5446,S,0,830
D,1111213,35,settle,0.5446,S,0,830
D,1111310,35,settle,0.5445,U,0,830
D,1111405,35,settle,0.5444,U,0,830
P,1112074,35,55.0,2,settled,0.5443
D,1112178,35,settle,0.5443,S,0,830
D,1112373,35,settle,0.5444,U,0,830
D,1112553,35,settle,0.5444,S,0,830
D,1112649,35,settle,0.5444,S,0,830
D,1112745,35,settle,0.5444,S,0,830
D,1112841,35,settle,0.5444,S,0,830
D,1112935,35,settle,0.5444,S,0,830
D,1113031,35,settle,0.5444,S,0,830
D,1113127,35,settle,0.5444,S,0,830
D,1113223,35,settle,0.5445,S,0,830
D,1113318,35,settle,0.5447,U,0,830
D,1113414,35,settle,0.5448,U,0,830
D,1113510,35,settle,0.5448,U,0,830
D,1113606,35,settle,0.5449,U,0,830
D,1113701,35,settle,0.5449,U,0,830
D,1113795,35,settle,0.5449,U,0,830
D,1113891,35,settle,0.5449,S,0,830
D,1113987,35,settle,0.5449,S,0,830
D,1114083,35,settle,0.5450,S,0,830
D,1114179,35,settle,0.5450,S,0,830
D,1114274,35,settle,0.5451,U,0,830
D,1114370,35,settle,0.5452,U,0,830
D,1114466,35,settle,0.5453,U,0,830
D,1114562,35,settle,0.5454,U,0,830
D,1114656,35,settle,0.5455,U,0,830
D,1114752,35,settle,0.5456,U,0,830
D,1114848,35,settle,0.5457,U,0,830
D,1114943,35,settle,0.5459,U,0,830
D,1115039,35,settle,0.5460,U,0,830
P,1116092,35,55.0,2,settled2,0.5466
R,35,C7,55.0,2,30,0.50,auger,0.5016,16.10,0.5443,0.5466,0.5443,21.7581,0,ok
E,1116100,=== trial 36 : C7 tilt 55.0 rep 2 rpm 15 halt 0.50 mode auger (cum 21.76 g) ===
P,1117914,36,55.0,2,tare0,0.0000
D,1118006,36,preroll,0.0000,S,0,830
D,1118101,36,preroll,0.0000,S,0,830
D,1118196,36,preroll,0.0000,S,0,830
D,1118290,36,preroll,0.0000,S,0,830
D,1118386,36,preroll,0.0000,S,0,830
D,1118482,36,preroll,0.0000,S,0,830
D,1118578,36,preroll,0.0000,S,0,830
D,1118674,36,preroll,0.0000,S,0,830
D,1118770,36,preroll,0.0000,S,0,830
D,1118866,36,preroll,0.0000,S,0,830
D,1118961,36,preroll,0.0000,S,0,830
D,1119057,36,preroll,0.0000,S,0,830
D,1119151,36,preroll,0.0000,S,0,830
D,1119247,36,preroll,0.0000,S,0,830
D,1119343,36,preroll,0.0000,S,0,830
D,1119439,36,preroll,0.0000,S,0,830
E,1119504,dispense start: mode auger rpm 15
D,1119534,36,dispense,0.0000,S,15,830
D,1119630,36,dispense,0.0000,S,15,830
D,1119726,36,dispense,0.0000,S,15,830
D,1119822,36,dispense,0.0000,S,15,830
D,1119918,36,dispense,0.0000,S,15,830
D,1120014,36,dispense,0.0000,S,15,830
D,1120108,36,dispense,0.0000,S,15,830
D,1120203,36,dispense,0.0000,S,15,830
D,1120300,36,dispense,0.0000,S,15,830
D,1120395,36,dispense,0.0000,S,15,830
D,1120491,36,dispense,0.0006,U,15,830
D,1120586,36,dispense,0.0052,U,15,830
D,1120682,36,dispense,0.0054,U,15,830
D,1120778,36,dispense,0.0054,U,15,830
D,1120873,36,dispense,0.0054,U,15,830
D,1120967,36,dispense,0.0056,U,15,830
D,1121063,36,dispense,0.0057,U,15,830
D,1121159,36,dispense,0.0058,U,15,830
D,1121255,36,dispense,0.0059,U,15,830
D,1121351,36,dispense,0.0059,U,15,830
D,1121447,36,dispense,0.0059,U,15,830
D,1121543,36,dispense,0.0059,U,15,830
D,1121638,36,dispense,0.0059,S,15,830
D,1121734,36,dispense,0.0060,S,15,830
D,1121830,36,dispense,0.0061,U,15,830
D,1121924,36,dispense,0.0062,U,15,830
D,1122020,36,dispense,0.0065,U,15,830
D,1122115,36,dispense,0.0123,U,15,830
D,1122211,36,dispense,0.0149,U,15,830
D,1122307,36,dispense,0.0172,U,15,830
D,1122403,36,dispense,0.0192,U,15,830
D,1122499,36,dispense,0.0216,U,15,830
D,1122595,36,dispense,0.0250,U,15,830
D,1122690,36,dispense,0.0291,U,15,830
D,1122784,36,dispense,0.0335,U,15,830
D,1122880,36,dispense,0.0374,U,15,830
D,1122976,36,dispense,0.0404,U,15,830
D,1123072,36,dispense,0.0426,U,15,830
D,1123168,36,dispense,0.0443,U,15,830
D,1123264,36,dispense,0.0459,U,15,830
D,1123369,36,dispense,0.0477,U,15,830
D,1123461,36,dispense,0.0499,U,15,830
D,1123554,36,dispense,0.0526,U,15,830
D,1123647,36,dispense,0.0554,U,15,830
D,1123741,36,dispense,0.0577,U,15,830
D,1123837,36,dispense,0.0594,U,15,830
D,1123932,36,dispense,0.0606,U,15,830
D,1124028,36,dispense,0.0619,U,15,830
D,1124124,36,dispense,0.0637,U,15,830
D,1124220,36,dispense,0.0662,U,15,830
D,1124316,36,dispense,0.0692,U,15,830
D,1124412,36,dispense,0.0720,U,15,830
D,1124508,36,dispense,0.0741,U,15,830
D,1124602,36,dispense,0.0756,U,15,830
D,1124697,36,dispense,0.0765,U,15,830
D,1124793,36,dispense,0.0768,U,15,830
D,1124889,36,dispense,0.0766,U,15,830
D,1124985,36,dispense,0.0763,U,15,830
D,1125081,36,dispense,0.0761,U,15,830
D,1125177,36,dispense,0.0763,U,15,830
D,1125272,36,dispense,0.0765,U,15,830
D,1125368,36,dispense,0.0768,U,15,830
D,1125462,36,dispense,0.0770,U,15,830
D,1125558,36,dispense,0.0773,U,15,830
D,1125654,36,dispense,0.0776,U,15,830
D,1125750,36,dispense,0.0805,U,15,830
D,1125845,36,dispense,0.0819,U,15,830
D,1125941,36,dispense,0.0836,U,15,830
D,1126037,36,dispense,0.0856,U,15,830
D,1126133,36,dispense,0.0881,U,15,830
D,1126229,36,dispense,0.0910,U,15,830
D,1126323,36,dispense,0.0944,U,15,830
D,1126419,36,dispense,0.0979,U,15,830
D,1126514,36,dispense,0.1013,U,15,830
D,1126610,36,dispense,0.1043,U,15,830
D,1126706,36,dispense,0.1070,U,15,830
D,1126802,36,dispense,0.1093,U,15,830
D,1126898,36,dispense,0.1111,U,15,830
D,1126994,36,dispense,0.1128,U,15,830
D,1127089,36,dispense,0.1147,U,15,830
D,1127185,36,dispense,0.1173,U,15,830
D,1127279,36,dispense,0.1204,U,15,830
D,1127375,36,dispense,0.1239,U,15,830
D,1127471,36,dispense,0.1269,U,15,830
D,1127567,36,dispense,0.1290,U,15,830
D,1127663,36,dispense,0.1307,U,15,830
D,1127758,36,dispense,0.1328,U,15,830
D,1127854,36,dispense,0.1356,U,15,830
D,1127950,36,dispense,0.1388,U,15,830
D,1128046,36,dispense,0.1416,U,15,830
D,1128140,36,dispense,0.1436,U,15,830
D,1128236,36,dispense,0.1453,U,15,830
D,1128331,36,dispense,0.1470,U,15,830
D,1128427,36,dispense,0.1489,U,15,830
D,1128523,36,dispense,0.1508,U,15,830
D,1128619,36,dispense,0.1522,U,15,830
D,1128715,36,dispense,0.1527,U,15,830
D,1128811,36,dispense,0.1526,U,15,830
D,1128906,36,dispense,0.1524,U,15,830
D,1129002,36,dispense,0.1526,U,15,830
D,1129096,36,dispense,0.1529,U,15,830
D,1129192,36,dispense,0.1533,U,15,830
D,1129288,36,dispense,0.1536,U,15,830
D,1129384,36,dispense,0.1538,U,15,830
D,1129480,36,dispense,0.1539,U,15,830
D,1129575,36,dispense,0.1540,U,15,830
D,1129671,36,dispense,0.1541,U,15,830
D,1129767,36,dispense,0.1544,U,15,830
D,1129863,36,dispense,0.1548,U,15,830
D,1129957,36,dispense,0.1609,U,15,830
D,1130053,36,dispense,0.1634,U,15,830
D,1130149,36,dispense,0.1660,U,15,830
D,1130244,36,dispense,0.1684,U,15,830
D,1130348,36,dispense,0.1709,U,15,830
D,1130441,36,dispense,0.1734,U,15,830
D,1130534,36,dispense,0.1760,U,15,830
D,1130628,36,dispense,0.1786,U,15,830
D,1130723,36,dispense,0.1811,U,15,830
D,1130817,36,dispense,0.1838,U,15,830
D,1130913,36,dispense,0.1869,U,15,830
D,1131009,36,dispense,0.1901,U,15,830
D,1131105,36,dispense,0.1929,U,15,830
D,1131201,36,dispense,0.1950,U,15,830
D,1131297,36,dispense,0.1967,U,15,830
D,1131392,36,dispense,0.1987,U,15,830
D,1131488,36,dispense,0.2014,U,15,830
D,1131584,36,dispense,0.2049,U,15,830
D,1131680,36,dispense,0.2088,U,15,830
D,1131774,36,dispense,0.2125,U,15,830
D,1131870,36,dispense,0.2160,U,15,830
D,1131966,36,dispense,0.2190,U,15,830
D,1132061,36,dispense,0.2213,U,15,830
D,1132157,36,dispense,0.2224,U,15,830
D,1132253,36,dispense,0.2226,U,15,830
D,1132349,36,dispense,0.2221,U,15,830
D,1132445,36,dispense,0.2217,U,15,830
D,1132541,36,dispense,0.2219,U,15,830
D,1132634,36,dispense,0.2224,U,15,830
D,1132730,36,dispense,0.2231,U,15,830
D,1132826,36,dispense,0.2238,U,15,830
D,1132922,36,dispense,0.2268,U,15,830
D,1133018,36,dispense,0.2271,U,15,830
D,1133114,36,dispense,0.2272,U,15,830
D,1133210,36,dispense,0.2273,U,15,830
D,1133305,36,dispense,0.2275,U,15,830
D,1133401,36,dispense,0.2275,U,15,830
D,1133495,36,dispense,0.2276,U,15,830
D,1133591,36,dispense,0.2277,U,15,830
D,1133687,36,dispense,0.2280,U,15,830
D,1133783,36,dispense,0.2284,U,15,830
D,1133878,36,dispense,0.2329,U,15,830
D,1133974,36,dispense,0.2358,U,15,830
D,1134070,36,dispense,0.2387,U,15,830
D,1134166,36,dispense,0.2412,U,15,830
D,1134262,36,dispense,0.2432,U,15,830
D,1134358,36,dispense,0.2449,U,15,830
D,1134451,36,dispense,0.2469,U,15,830
D,1134547,36,dispense,0.2495,U,15,830
D,1134643,36,dispense,0.2525,U,15,830
D,1134739,36,dispense,0.2555,U,15,830
D,1134835,36,dispense,0.2587,U,15,830
D,1134931,36,dispense,0.2624,U,15,830
D,1135027,36,dispense,0.2662,U,15,830
D,1135122,36,dispense,0.2697,U,15,830
D,1135218,36,dispense,0.2728,U,15,830
D,1135312,36,dispense,0.2759,U,15,830
D,1135408,36,dispense,0.2791,U,15,830
D,1135504,36,dispense,0.2825,U,15,830
D,1135600,36,dispense,0.2855,U,15,830
D,1135695,36,dispense,0.2881,U,15,830
D,1135791,36,dispense,0.2906,U,15,830
D,1135887,36,dispense,0.2934,U,15,830
D,1135983,36,dispense,0.2962,U,15,830
D,1136079,36,dispense,0.2985,U,15,830
D,1136175,36,dispense,0.3000,U,15,830
D,1136269,36,dispense,0.3009,U,15,830
D,1136364,36,dispense,0.3022,U,15,830
D,1136460,36,dispense,0.3038,U,15,830
D,1136556,36,dispense,0.3056,U,15,830
D,1136652,36,dispense,0.3070,U,15,830
D,1136748,36,dispense,0.3078,U,15,830
D,1136844,36,dispense,0.3082,U,15,830
D,1136939,36,dispense,0.3086,U,15,830
D,1137036,36,dispense,0.3092,U,15,830
D,1137129,36,dispense,0.3094,U,15,830
D,1137225,36,dispense,0.3093,U,15,830
D,1137321,36,dispense,0.3091,U,15,830
D,1137425,36,dispense,0.3090,U,15,830
D,1137518,36,dispense,0.3089,U,15,830
D,1137611,36,dispense,0.3091,U,15,830
D,1137705,36,dispense,0.3093,U,15,830
D,1137800,36,dispense,0.3095,U,15,830
D,1137896,36,dispense,0.3098,U,15,830
D,1137990,36,dispense,0.3130,U,15,830
D,1138086,36,dispense,0.3148,U,15,830
D,1138181,36,dispense,0.3174,U,15,830
D,1138277,36,dispense,0.3203,U,15,830
D,1138373,36,dispense,0.3233,U,15,830
D,1138469,36,dispense,0.3260,U,15,830
D,1138565,36,dispense,0.3287,U,15,830
D,1138661,36,dispense,0.3317,U,15,830
D,1138757,36,dispense,0.3353,U,15,830
D,1138853,36,dispense,0.3394,U,15,830
D,1138946,36,dispense,0.3438,U,15,830
D,1139042,36,dispense,0.3479,U,15,830
D,1139138,36,dispense,0.3511,U,15,830
D,1139234,36,dispense,0.3532,U,15,830
D,1139330,36,dispense,0.3547,U,15,830
D,1139425,36,dispense,0.3564,U,15,830
D,1139521,36,dispense,0.3585,U,15,830
D,1139617,36,dispense,0.3607,U,15,830
D,1139713,36,dispense,0.3629,U,15,830
D,1139807,36,dispense,0.3653,U,15,830
D,1139903,36,dispense,0.3679,U,15,830
D,1139999,36,dispense,0.3702,U,15,830
D,1140094,36,dispense,0.3717,U,15,830
D,1140190,36,dispense,0.3724,U,15,830
D,1140286,36,dispense,0.3731,U,15,830
D,1140382,36,dispense,0.3744,U,15,830
D,1140478,36,dispense,0.3767,U,15,830
D,1140574,36,dispense,0.3792,U,15,830
D,1140667,36,dispense,0.3810,U,15,830
D,1140763,36,dispense,0.3819,U,15,830
D,1140859,36,dispense,0.3819,U,15,830
D,1140955,36,dispense,0.3816,U,15,830
D,1141051,36,dispense,0.3815,U,15,830
D,1141147,36,dispense,0.3815,U,15,830
D,1141243,36,dispense,0.3815,U,15,830
D,1141339,36,dispense,0.3816,U,15,830
D,1141434,36,dispense,0.3818,U,15,830
D,1141530,36,dispense,0.3820,U,15,830
D,1141624,36,dispense,0.3824,U,15,830
D,1141720,36,dispense,0.3827,U,15,830
D,1141816,36,dispense,0.3829,U,15,830
D,1141912,36,dispense,0.3832,U,15,830
D,1142008,36,dispense,0.3835,U,15,830
D,1142103,36,dispense,0.3883,U,15,830
D,1142199,36,dispense,0.3909,U,15,830
D,1142295,36,dispense,0.3936,U,15,830
D,1142391,36,dispense,0.3963,U,15,830
D,1142485,36,dispense,0.3993,U,15,830
D,1142580,36,dispense,0.4029,U,15,830
D,1142676,36,dispense,0.4069,U,15,830
D,1142772,36,dispense,0.4108,U,15,830
D,1142868,36,dispense,0.4140,U,15,830
D,1142964,36,dispense,0.4164,U,15,830
D,1143060,36,dispense,0.4181,U,15,830
D,1143156,36,dispense,0.4196,U,15,830
D,1143251,36,dispense,0.4218,U,15,830
D,1143347,36,dispense,0.4247,U,15,830
D,1143441,36,dispense,0.4280,U,15,830
D,1143537,36,dispense,0.4314,U,15,830
D,1143633,36,dispense,0.4347,U,15,830
D,1143729,36,dispense,0.4377,U,15,830
D,1143825,36,dispense,0.4404,U,15,830
D,1143920,36,dispense,0.4425,U,15,830
D,1144016,36,dispense,0.4439,U,15,830
D,1144112,36,dispense,0.4445,U,15,830
D,1144208,36,dispense,0.4454,U,15,830
D,1144302,36,dispense,0.4471,U,15,830
D,1144398,36,dispense,0.4496,U,15,830
D,1144503,36,dispense,0.4520,U,15,830
D,1144595,36,dispense,0.4537,U,15,830
D,1144688,36,dispense,0.4544,U,15,830
D,1144781,36,dispense,0.4546,U,15,830
D,1144877,36,dispense,0.4545,U,15,830
D,1144973,36,dispense,0.4542,U,15,830
D,1145068,36,dispense,0.4539,U,15,830
D,1145162,36,dispense,0.4539,U,15,830
D,1145258,36,dispense,0.4541,U,15,830
D,1145354,36,dispense,0.4544,U,15,830
D,1145450,36,dispense,0.4548,U,15,830
D,1145546,36,dispense,0.4552,U,15,830
D,1145642,36,dispense,0.4584,U,15,830
D,1145737,36,dispense,0.4591,U,15,830
D,1145833,36,dispense,0.4597,U,15,830
D,1145929,36,dispense,0.4609,U,15,830
D,1146025,36,dispense,0.4629,U,15,830
D,1146119,36,dispense,0.4656,U,15,830
D,1146214,36,dispense,0.4689,U,15,830
D,1146310,36,dispense,0.4722,U,15,830
D,1146406,36,dispense,0.4756,U,15,830
D,1146502,36,dispense,0.4787,U,15,830
D,1146598,36,dispense,0.4811,U,15,830
D,1146694,36,dispense,0.4828,U,15,830
D,1146790,36,dispense,0.4841,U,15,830
D,1146885,36,dispense,0.4860,U,15,830
D,1146979,36,dispense,0.4891,U,15,830
D,1147075,36,dispense,0.4930,U,15,830
D,1147171,36,dispense,0.4971,U,15,830
D,1147267,36,dispense,0.5005,U,15,830
E,1147272,TRIGGER 0.5005 g at t=27.67 s -- ALL STOP
D,1147364,36,settle,0.5031,U,0,830
D,1147459,36,settle,0.5053,U,0,830
D,1147554,36,settle,0.5074,U,0,830
D,1147650,36,settle,0.5096,U,0,830
D,1147746,36,settle,0.5123,U,0,830
D,1147840,36,settle,0.5154,U,0,830
D,1147936,36,settle,0.5184,U,0,830
D,1148032,36,settle,0.5209,U,0,830
D,1148127,36,settle,0.5225,U,0,830
D,1148223,36,settle,0.5230,U,0,830
D,1148319,36,settle,0.5227,U,0,830
D,1148415,36,settle,0.5224,U,0,830
D,1148511,36,settle,0.5222,U,0,830
D,1148607,36,settle,0.5223,U,0,830
D,1148703,36,settle,0.5225,U,0,830
D,1148796,36,settle,0.5227,U,0,830
D,1148893,36,settle,0.5229,U,0,830
D,1148988,36,settle,0.5230,U,0,830
D,1149084,36,settle,0.5230,U,0,830
D,1149180,36,settle,0.5230,U,0,830
D,1149276,36,settle,0.5229,U,0,830
D,1149372,36,settle,0.5228,U,0,830
D,1149467,36,settle,0.5227,U,0,830
D,1149563,36,settle,0.5227,U,0,830
D,1149657,36,settle,0.5226,U,0,830
D,1149753,36,settle,0.5225,U,0,830
D,1149849,36,settle,0.5224,U,0,830
D,1149945,36,settle,0.5224,U,0,830
D,1150041,36,settle,0.5224,U,0,830
D,1150137,36,settle,0.5224,U,0,830
D,1150232,36,settle,0.5224,S,0,830
D,1150329,36,settle,0.5223,S,0,830
D,1150424,36,settle,0.5223,S,0,830
D,1150520,36,settle,0.5223,S,0,830
D,1150614,36,settle,0.5224,S,0,830
D,1150710,36,settle,0.5223,S,0,830
D,1150805,36,settle,0.5223,S,0,830
D,1150901,36,settle,0.5222,U,0,830
D,1150997,36,settle,0.5221,U,0,830
D,1151093,36,settle,0.5221,U,0,830
D,1151189,36,settle,0.5221,U,0,830
D,1151285,36,settle,0.5221,U,0,830
D,1151381,36,settle,0.5221,S,0,830
D,1151474,36,settle,0.5222,S,0,830
D,1151571,36,settle,0.5222,S,0,830
D,1151666,36,settle,0.5223,U,0,830
D,1151762,36,settle,0.5223,U,0,830
D,1151858,36,settle,0.5223,U,0,830
D,1151954,36,settle,0.5223,S,0,830
D,1152050,36,settle,0.5223,S,0,830
D,1152146,36,settle,0.5224,S,0,830
D,1152241,36,settle,0.5224,S,0,830
D,1152335,36,settle,0.5224,S,0,830
D,1152431,36,settle,0.5224,S,0,830
D,1152527,36,settle,0.5225,U,0,830
D,1152623,36,settle,0.5225,S,0,830
D,1152719,36,settle,0.5226,U,0,830
D,1152814,36,settle,0.5227,U,0,830
D,1152910,36,settle,0.5227,U,0,830
D,1153006,36,settle,0.5228,U,0,830
D,1153102,36,settle,0.5229,U,0,830
D,1153198,36,settle,0.5230,U,0,830
D,1153291,36,settle,0.5231,U,0,830
D,1153387,36,settle,0.5231,U,0,830
D,1153483,36,settle,0.5231,U,0,830
D,1153579,36,settle,0.5231,U,0,830
D,1153675,36,settle,0.5231,S,0,830
D,1153771,36,settle,0.5230,S,0,830
D,1153867,36,settle,0.5231,S,0,830
D,1153963,36,settle,0.5231,S,0,830
D,1154058,36,settle,0.5231,S,0,830
D,1154152,36,settle,0.5231,S,0,830
D,1154248,36,settle,0.5231,S,0,830
D,1154344,36,settle,0.5231,S,0,830
D,1154440,36,settle,0.5231,S,0,830
D,1154540,36,settle,0.5232,S,0,830
D,1154631,36,settle,0.5232,S,0,830
D,1154727,36,settle,0.5232,S,0,830
D,1154823,36,settle,0.5232,S,0,830
D,1154919,36,settle,0.5232,S,0,830
D,1155015,36,settle,0.5231,S,0,830
D,1155109,36,settle,0.5231,S,0,830
D,1155205,36,settle,0.5231,S,0,830
D,1155300,36,settle,0.5230,U,0,830
P,1155588,36,55.0,2,settled,0.5230
D,1155684,36,settle,0.5230,S,0,830
D,1155780,36,settle,0.5231,S,0,830
D,1155876,36,settle,0.5231,S,0,830
D,1155969,36,settle,0.5231,S,0,830
D,1156065,36,settle,0.5231,S,0,830
D,1156161,36,settle,0.5231,S,0,830
D,1156257,36,settle,0.5231,S,0,830
D,1156353,36,settle,0.5231,S,0,830
D,1156449,36,settle,0.5231,S,0,830
D,1156545,36,settle,0.5231,S,0,830
D,1156641,36,settle,0.5231,S,0,830
D,1156736,36,settle,0.5231,S,0,830
D,1156830,36,settle,0.5231,S,0,830
D,1156926,36,settle,0.5231,S,0,830
D,1157022,36,settle,0.5235,U,0,830
D,1157117,36,settle,0.5236,U,0,830
D,1157213,36,settle,0.5237,U,0,830
D,1157309,36,settle,0.5237,U,0,830
D,1157405,36,settle,0.5237,U,0,830
D,1157501,36,settle,0.5237,U,0,830
D,1157597,36,settle,0.5237,S,0,830
D,1157692,36,settle,0.5237,S,0,830
D,1157786,36,settle,0.5237,S,0,830
D,1157882,36,settle,0.5237,S,0,830
D,1157978,36,settle,0.5237,S,0,830
D,1158074,36,settle,0.5238,S,0,830
D,1158170,36,settle,0.5238,S,0,830
D,1158266,36,settle,0.5239,U,0,830
D,1158361,36,settle,0.5239,U,0,830
D,1158457,36,settle,0.5239,U,0,830
D,1158553,36,settle,0.5239,S,0,830
P,1158648,36,55.0,2,settled2,0.5239
R,36,C7,55.0,2,15,0.50,auger,0.5005,27.77,0.5230,0.5239,0.5230,22.2811,0,ok
E,1158655,=== trial 37 : C7 tilt 55.0 rep 3 rpm 15 halt 0.50 mode auger (cum 22.28 g) ===
P,1160469,37,55.0,3,tare0,0.0000
D,1160561,37,preroll,0.0000,S,0,830
D,1160656,37,preroll,0.0000,S,0,830
D,1160752,37,preroll,0.0000,S,0,830
D,1160847,37,preroll,0.0002,U,0,830
D,1160943,37,preroll,0.0002,U,0,830
D,1161039,37,preroll,0.0002,U,0,830
D,1161135,37,preroll,0.0002,U,0,830
D,1161231,37,preroll,0.0001,S,0,830
D,1161325,37,preroll,0.0001,S,0,830
D,1161420,37,preroll,0.0001,S,0,830
D,1161516,37,preroll,0.0000,U,0,830
D,1161612,37,preroll,0.0000,U,0,830
D,1161708,37,preroll,0.0000,S,0,830
D,1161804,37,preroll,0.0000,S,0,830
D,1161900,37,preroll,0.0000,S,0,830
D,1161996,37,preroll,0.0000,S,0,830
E,1162061,dispense start: mode auger rpm 15
D,1162091,37,dispense,0.0000,S,15,830
D,1162187,37,dispense,0.0000,S,15,830
D,1162281,37,dispense,0.0000,S,15,830
D,1162377,37,dispense,0.0000,S,15,830
D,1162473,37,dispense,0.0006,U,15,830
D,1162569,37,dispense,0.0008,U,15,830
D,1162664,37,dispense,0.0011,U,15,830
D,1162760,37,dispense,0.0062,U,15,830
D,1162856,37,dispense,0.0069,U,15,830
D,1162952,37,dispense,0.0069,U,15,830
D,1163047,37,dispense,0.0068,U,15,830
D,1163141,37,dispense,0.0069,U,15,830
D,1163237,37,dispense,0.0072,U,15,830
D,1163333,37,dispense,0.0076,U,15,830
D,1163429,37,dispense,0.0079,U,15,830
D,1163525,37,dispense,0.0083,U,15,830
D,1163620,37,dispense,0.0104,U,15,830
D,1163716,37,dispense,0.0109,U,15,830
D,1163812,37,dispense,0.0116,U,15,830
D,1163908,37,dispense,0.0120,U,15,830
D,1164002,37,dispense,0.0123,U,15,830
D,1164098,37,dispense,0.0125,U,15,830
D,1164194,37,dispense,0.0126,U,15,830
D,1164289,37,dispense,0.0126,U,15,830
D,1164385,37,dispense,0.0127,U,15,830
D,1164481,37,dispense,0.0128,U,15,830
D,1164577,37,dispense,0.0130,U,15,830
D,1164673,37,dispense,0.0132,U,15,830
D,1164769,37,dispense,0.0174,U,15,830
D,1164864,37,dispense,0.0194,U,15,830
D,1164958,37,dispense,0.0220,U,15,830
D,1165054,37,dispense,0.0252,U,15,830
D,1165150,37,dispense,0.0286,U,15,830
D,1165246,37,dispense,0.0320,U,15,830
D,1165342,37,dispense,0.0351,U,15,830
D,1165437,37,dispense,0.0381,U,15,830
D,1165533,37,dispense,0.0411,U,15,830
D,1165638,37,dispense,0.0441,U,15,830
D,1165730,37,dispense,0.0470,U,15,830
D,1165823,37,dispense,0.0498,U,15,830
D,1165916,37,dispense,0.0526,U,15,830
D,1166011,37,dispense,0.0555,U,15,830
D,1166106,37,dispense,0.0585,U,15,830
D,1166202,37,dispense,0.0614,U,15,830
D,1166298,37,dispense,0.0642,U,15,830
D,1166394,37,dispense,0.0668,U,15,830
D,1166490,37,dispense,0.0694,U,15,830
D,1166586,37,dispense,0.0723,U,15,830
D,1166680,37,dispense,0.0756,U,15,830
D,1166775,37,dispense,0.0789,U,15,830
D,1166871,37,dispense,0.0818,U,15,830
D,1166967,37,dispense,0.0838,U,15,830
D,1167063,37,dispense,0.0850,U,15,830
D,1167159,37,dispense,0.0857,U,15,830
D,1167255,37,dispense,0.0861,U,15,830
D,1167350,37,dispense,0.0865,U,15,830
D,1167446,37,dispense,0.0871,U,15,830
D,1167542,37,dispense,0.0878,U,15,830
D,1167636,37,dispense,0.0880,U,15,830
D,1167732,37,dispense,0.0882,U,15,830
D,1167828,37,dispense,0.0884,U,15,830
D,1167924,37,dispense,0.0885,U,15,830
D,1168020,37,dispense,0.0886,U,15,830
D,1168115,37,dispense,0.0887,U,15,830
D,1168211,37,dispense,0.0888,U,15,830
D,1168307,37,dispense,0.0889,U,15,830
D,1168403,37,dispense,0.0891,U,15,830
D,1168497,37,dispense,0.0893,U,15,830
D,1168593,37,dispense,0.0895,U,15,830
D,1168689,37,dispense,0.0897,U,15,830
D,1168784,37,dispense,0.0944,U,15,830
D,1168880,37,dispense,0.0965,U,15,830
D,1168976,37,dispense,0.0993,U,15,830
D,1169072,37,dispense,0.1028,U,15,830
D,1169167,37,dispense,0.1065,U,15,830
D,1169263,37,dispense,0.1103,U,15,830
D,1169359,37,dispense,0.1138,U,15,830
D,1169453,37,dispense,0.1170,U,15,830
D,1169549,37,dispense,0.1198,U,15,830
D,1169645,37,dispense,0.1228,U,15,830
D,1169741,37,dispense,0.1261,U,15,830
D,1169836,37,dispense,0.1295,U,15,830
D,1169932,37,dispense,0.1325,U,15,830
D,1170028,37,dispense,0.1351,U,15,830
D,1170124,37,dispense,0.1377,U,15,830
D,1170220,37,dispense,0.1407,U,15,830
D,1170314,37,dispense,0.1442,U,15,830
D,1170409,37,dispense,0.1477,U,15,830
D,1170505,37,dispense,0.1507,U,15,830
D,1170601,37,dispense,0.1534,U,15,830
D,1170697,37,dispense,0.1560,U,15,830
D,1170793,37,dispense,0.1587,U,15,830
D,1170889,37,dispense,0.1609,U,15,830
D,1170984,37,dispense,0.1624,U,15,830
D,1171081,37,dispense,0.1633,U,15,830
D,1171174,37,dispense,0.1644,U,15,830
D,1171270,37,dispense,0.1661,U,15,830
D,1171366,37,dispense,0.1681,U,15,830
D,1171462,37,dispense,0.1696,U,15,830
D,1171558,37,dispense,0.1700,U,15,830
D,1171653,37,dispense,0.1696,U,15,830
D,1171749,37,dispense,0.1691,U,15,830
D,1171845,37,dispense,0.1689,U,15,830
D,1171941,37,dispense,0.1690,U,15,830
D,1172037,37,dispense,0.1692,U,15,830
D,1172131,37,dispense,0.1695,U,15,830
D,1172227,37,dispense,0.1697,U,15,830
D,1172322,37,dispense,0.1699,U,15,830
D,1172418,37,dispense,0.1701,U,15,830
D,1172514,37,dispense,0.1704,U,15,830
D,1172610,37,dispense,0.1707,U,15,830
D,1172714,37,dispense,0.1743,U,15,830
D,1172807,37,dispense,0.1757,U,15,830
D,1172900,37,dispense,0.1772,U,15,830
D,1172993,37,dispense,0.1787,U,15,830
D,1173087,37,dispense,0.1802,U,15,830
D,1173183,37,dispense,0.1822,U,15,830
D,1173279,37,dispense,0.1849,U,15,830
D,1173375,37,dispense,0.1885,U,15,830
D,1173471,37,dispense,0.1925,U,15,830
D,1173567,37,dispense,0.1964,U,15,830
D,1173662,37,dispense,0.2003,U,15,830
D,1173758,37,dispense,0.2044,U,15,830
D,1173852,37,dispense,0.2086,U,15,830
D,1173948,37,dispense,0.2124,U,15,830
D,1174044,37,dispense,0.2151,U,15,830
D,1174140,37,dispense,0.2167,U,15,830
D,1174235,37,dispense,0.2177,U,15,830
D,1174331,37,dispense,0.2190,U,15,830
D,1174427,37,dispense,0.2211,U,15,830
D,1174523,37,dispense,0.2241,U,15,830
D,1174619,37,dispense,0.2277,U,15,830
D,1174715,37,dispense,0.2310,U,15,830
D,1174809,37,dispense,0.2338,U,15,830
D,1174904,37,dispense,0.2360,U,15,830
D,1175000,37,dispense,0.2379,U,15,830
D,1175096,37,dispense,0.2399,U,15,830
D,1175192,37,dispense,0.2424,U,15,830
D,1175288,37,dispense,0.2449,U,15,830
D,1175384,37,dispense,0.2472,U,15,830
D,1175479,37,dispense,0.2488,U,15,830
D,1175575,37,dispense,0.2495,U,15,830
D,1175669,37,dispense,0.2496,U,15,830
D,1175765,37,dispense,0.2492,U,15,830
D,1175861,37,dispense,0.2487,U,15,830
D,1175957,37,dispense,0.2485,U,15,830
D,1176052,37,dispense,0.2482,U,15,830
D,1176148,37,dispense,0.2480,U,15,830
D,1176244,37,dispense,0.2478,U,15,830
D,1176340,37,dispense,0.2477,U,15,830
D,1176436,37,dispense,0.2477,U,15,830
D,1176532,37,dispense,0.2478,U,15,830
D,1176626,37,dispense,0.2481,U,15,830
D,1176721,37,dispense,0.2519,U,15,830
D,1176817,37,dispense,0.2544,U,15,830
D,1176913,37,dispense,0.2574,U,15,830
D,1177009,37,dispense,0.2610,U,15,830
D,1177105,37,dispense,0.2647,U,15,830
D,1177201,37,dispense,0.2679,U,15,830
D,1177296,37,dispense,0.2705,U,15,830
D,1177392,37,dispense,0.2730,U,15,830
D,1177486,37,dispense,0.2755,U,15,830
D,1177582,37,dispense,0.2783,U,15,830
D,1177678,37,dispense,0.2809,U,15,830
D,1177774,37,dispense,0.2833,U,15,830
D,1177870,37,dispense,0.2856,U,15,830
D,1177965,37,dispense,0.2883,U,15,830
D,1178061,37,dispense,0.2917,U,15,830
D,1178157,37,dispense,0.2953,U,15,830
D,1178253,37,dispense,0.2982,U,15,830
D,1178347,37,dispense,0.2999,U,15,830
D,1178443,37,dispense,0.3006,U,15,830
D,1178538,37,dispense,0.3014,U,15,830
D,1178634,37,dispense,0.3026,U,15,830
D,1178730,37,dispense,0.3042,U,15,830
D,1178826,37,dispense,0.3058,U,15,830
D,1178922,37,dispense,0.3075,U,15,830
D,1179018,37,dispense,0.3100,U,15,830
D,1179113,37,dispense,0.3132,U,15,830
D,1179209,37,dispense,0.3166,U,15,830
D,1179303,37,dispense,0.3191,U,15,830
D,1179399,37,dispense,0.3204,U,15,830
D,1179495,37,dispense,0.3208,U,15,830
D,1179591,37,dispense,0.3208,U,15,830
D,1179687,37,dispense,0.3207,U,15,830
D,1179792,37,dispense,0.3206,U,15,830
D,1179884,37,dispense,0.3206,U,15,830
D,1179977,37,dispense,0.3206,U,15,830
D,1180070,37,dispense,0.3206,U,15,830
D,1180164,37,dispense,0.3207,S,15,830
D,1180260,37,dispense,0.3207,S,15,830
D,1180356,37,dispense,0.3208,U,15,830
D,1180451,37,dispense,0.3208,U,15,830
D,1180547,37,dispense,0.3209,U,15,830
D,1180643,37,dispense,0.3211,U,15,830
D,1180739,37,dispense,0.3255,U,15,830
D,1180835,37,dispense,0.3287,U,15,830
D,1180931,37,dispense,0.3322,U,15,830
D,1181024,37,dispense,0.3356,U,15,830
D,1181120,37,dispense,0.3389,U,15,830
D,1181216,37,dispense,0.3423,U,15,830
D,1181312,37,dispense,0.3457,U,15,830
D,1181408,37,dispense,0.3489,U,15,830
D,1181504,37,dispense,0.3517,U,15,830
D,1181599,37,dispense,0.3545,U,15,830
D,1181695,37,dispense,0.3575,U,15,830
D,1181791,37,dispense,0.3610,U,15,830
D,1181887,37,dispense,0.3647,U,15,830
D,1181981,37,dispense,0.3682,U,15,830
D,1182077,37,dispense,0.3712,U,15,830
D,1182172,37,dispense,0.3738,U,15,830
D,1182268,37,dispense,0.3763,U,15,830
D,1182364,37,dispense,0.3790,U,15,830
D,1182460,37,dispense,0.3820,U,15,830
D,1182556,37,dispense,0.3850,U,15,830
D,1182652,37,dispense,0.3877,U,15,830
D,1182748,37,dispense,0.3900,U,15,830
D,1182841,37,dispense,0.3921,U,15,830
D,1182937,37,dispense,0.3940,U,15,830
D,1183033,37,dispense,0.3956,U,15,830
D,1183129,37,dispense,0.3968,U,15,830
D,1183225,37,dispense,0.3978,U,15,830
D,1183321,37,dispense,0.3986,U,15,830
D,1183416,37,dispense,0.3996,U,15,830
D,1183512,37,dispense,0.4007,U,15,830
D,1183608,37,dispense,0.4019,U,15,830
D,1183704,37,dispense,0.4028,U,15,830
D,1183798,37,dispense,0.4034,U,15,830
D,1183894,37,dispense,0.4035,U,15,830
D,1183990,37,dispense,0.4034,U,15,830
D,1184085,37,dispense,0.4030,U,15,830
D,1184181,37,dispense,0.4029,U,15,830
D,1184277,37,dispense,0.4029,U,15,830
D,1184373,37,dispense,0.4031,U,15,830
D,1184469,37,dispense,0.4035,U,15,830
D,1184565,37,dispense,0.4038,U,15,830
D,1184658,37,dispense,0.4068,U,15,830
D,1184755,37,dispense,0.4083,U,15,830
D,1184850,37,dispense,0.4105,U,15,830
D,1184946,37,dispense,0.4134,U,15,830
D,1185042,37,dispense,0.4166,U,15,830
D,1185138,37,dispense,0.4199,U,15,830
D,1185234,37,dispense,0.4233,U,15,830
D,1185329,37,dispense,0.4269,U,15,830
D,1185425,37,dispense,0.4303,U,15,830
D,1185519,37,dispense,0.4330,U,15,830
D,1185615,37,dispense,0.4349,U,15,830
D,1185711,37,dispense,0.4370,U,15,830
D,1185807,37,dispense,0.4397,U,15,830
D,1185902,37,dispense,0.4428,U,15,830
D,1185998,37,dispense,0.4453,U,15,830
D,1186094,37,dispense,0.4468,U,15,830
D,1186190,37,dispense,0.4479,U,15,830
D,1186286,37,dispense,0.4495,U,15,830
D,1186382,37,dispense,0.4516,U,15,830
D,1186476,37,dispense,0.4544,U,15,830
D,1186571,37,dispense,0.4580,U,15,830
D,1186667,37,dispense,0.4621,U,15,830
D,1186772,37,dispense,0.4662,U,15,830
D,1186864,37,dispense,0.4689,U,15,830
D,1186957,37,dispense,0.4699,U,15,830
D,1187051,37,dispense,0.4697,U,15,830
D,1187146,37,dispense,0.4693,U,15,830
D,1187242,37,dispense,0.4694,U,15,830
D,1187336,37,dispense,0.4703,U,15,830
D,1187432,37,dispense,0.4710,U,15,830
D,1187528,37,dispense,0.4717,U,15,830
D,1187624,37,dispense,0.4741,U,15,830
D,1187720,37,dispense,0.4748,U,15,830
D,1187815,37,dispense,0.4752,U,15,830
D,1187911,37,dispense,0.4753,U,15,830
D,1188007,37,dispense,0.4754,U,15,830
D,1188103,37,dispense,0.4754,U,15,830
D,1188199,37,dispense,0.4754,U,15,830
D,1188293,37,dispense,0.4754,U,15,830
D,1188389,37,dispense,0.4756,U,15,830
D,1188484,37,dispense,0.4758,U,15,830
D,1188580,37,dispense,0.4761,U,15,830
D,1188676,37,dispense,0.4792,U,15,830
D,1188772,37,dispense,0.4809,U,15,830
D,1188868,37,dispense,0.4827,U,15,830
D,1188964,37,dispense,0.4847,U,15,830
D,1189059,37,dispense,0.4866,U,15,830
D,1189153,37,dispense,0.4884,U,15,830
D,1189249,37,dispense,0.4906,U,15,830
D,1189345,37,dispense,0.4935,U,15,830
D,1189441,37,dispense,0.4974,U,15,830
D,1189537,37,dispense,0.5020,U,15,830
E,1189542,TRIGGER 0.5020 g at t=27.39 s -- ALL STOP
D,1189634,37,settle,0.5067,U,0,830
D,1189728,37,settle,0.5110,U,0,830
D,1189824,37,settle,0.5147,U,0,830
D,1189920,37,settle,0.5180,U,0,830
D,1190014,37,settle,0.5210,U,0,830
D,1190110,37,settle,0.5237,U,0,830
D,1190205,37,settle,0.5264,U,0,830
D,1190301,37,settle,0.5290,U,0,830
D,1190397,37,settle,0.5311,U,0,830
D,1190493,37,settle,0.5322,U,0,830
D,1190589,37,settle,0.5323,U,0,830
D,1190685,37,settle,0.5320,U,0,830
D,1190781,37,settle,0.5317,U,0,830
D,1190877,37,settle,0.5316,U,0,830
D,1190970,37,settle,0.5316,U,0,830
D,1191066,37,settle,0.5316,U,0,830
D,1191162,37,settle,0.5315,U,0,830
D,1191258,37,settle,0.5315,U,0,830
D,1191354,37,settle,0.5315,S,0,830
D,1191450,37,settle,0.5315,S,0,830
D,1191546,37,settle,0.5315,S,0,830
D,1191641,37,settle,0.5315,S,0,830
D,1191737,37,settle,0.5314,S,0,830
D,1191831,37,settle,0.5313,U,0,830
D,1191927,37,settle,0.5313,U,0,830
D,1192023,37,settle,0.5312,U,0,830
D,1192119,37,settle,0.5312,U,0,830
D,1192215,37,settle,0.5312,U,0,830
D,1192311,37,settle,0.5312,S,0,830
D,1192406,37,settle,0.5312,S,0,830
D,1192502,37,settle,0.5312,S,0,830
D,1192598,37,settle,0.5313,S,0,830
D,1192692,37,settle,0.5313,S,0,830
D,1192788,37,settle,0.5314,U,0,830
D,1192884,37,settle,0.5314,U,0,830
D,1192980,37,settle,0.5314,U,0,830
D,1193076,37,settle,0.5315,U,0,830
D,1193171,37,settle,0.5315,U,0,830
D,1193267,37,settle,0.5316,U,0,830
D,1193363,37,settle,0.5320,U,0,830
D,1193459,37,settle,0.5321,U,0,830
D,1193555,37,settle,0.5322,U,0,830
D,1193648,37,settle,0.5323,U,0,830
D,1193744,37,settle,0.5324,U,0,830
D,1193840,37,settle,0.5326,U,0,830
D,1193936,37,settle,0.5327,U,0,830
D,1194032,37,settle,0.5328,U,0,830
D,1194128,37,settle,0.5329,U,0,830
D,1194223,37,settle,0.5330,U,0,830
D,1194319,37,settle,0.5331,U,0,830
D,1194415,37,settle,0.5331,U,0,830
D,1194509,37,settle,0.5332,U,0,830
D,1194605,37,settle,0.5332,U,0,830
D,1194701,37,settle,0.5333,U,0,830
D,1194797,37,settle,0.5333,U,0,830
D,1194892,37,settle,0.5333,U,0,830
D,1194988,37,settle,0.5332,S,0,830
D,1195084,37,settle,0.5332,S,0,830
D,1195180,37,settle,0.5331,U,0,830
D,1195276,37,settle,0.5331,U,0,830
D,1195370,37,settle,0.5331,U,0,830
D,1195466,37,settle,0.5331,S,0,830
D,1195561,37,settle,0.5331,S,0,830
D,1195657,37,settle,0.5330,S,0,830
D,1195753,37,settle,0.5331,S,0,830
D,1195849,37,settle,0.5331,S,0,830
D,1195945,37,settle,0.5331,S,0,830
D,1196041,37,settle,0.5331,S,0,830
D,1196136,37,settle,0.5332,U,0,830
D,1196233,37,settle,0.5332,S,0,830
D,1196326,37,settle,0.5332,S,0,830
D,1196422,37,settle,0.5332,S,0,830
D,1196518,37,settle,0.5332,S,0,830
D,1196614,37,settle,0.5332,S,0,830
D,1196710,37,settle,0.5333,S,0,830
D,1196806,37,settle,0.5333,S,0,830
D,1196913,37,settle,0.5333,S,0,830
D,1197093,37,settle,0.5333,S,0,830
D,1197187,37,settle,0.5333,S,0,830
D,1197283,37,settle,0.5333,S,0,830
D,1197379,37,settle,0.5333,S,0,830
D,1197475,37,settle,0.5333,S,0,830
D,1197571,37,settle,0.5333,S,0,830
P,1197667,37,55.0,3,settled,0.5333
D,1197762,37,settle,0.5333,S,0,830
D,1197858,37,settle,0.5332,S,0,830
D,1197954,37,settle,0.5332,S,0,830
D,1198049,37,settle,0.5328,U,0,830
D,1198143,37,settle,0.5328,U,0,830
D,1198239,37,settle,0.5327,U,0,830
D,1198335,37,settle,0.5327,U,0,830
D,1198431,37,settle,0.5327,U,0,830
D,1198527,37,settle,0.5327,S,0,830
D,1198622,37,settle,0.5328,S,0,830
D,1198718,37,settle,0.5328,S,0,830
D,1198814,37,settle,0.5329,U,0,830
D,1198910,37,settle,0.5330,U,0,830
D,1199004,37,settle,0.5331,U,0,830
D,1199099,37,settle,0.5367,U,0,830
D,1199195,37,settle,0.5365,U,0,830
D,1199291,37,settle,0.5362,U,0,830
D,1199387,37,settle,0.5358,U,0,830
D,1199483,37,settle,0.5354,U,0,830
D,1199579,37,settle,0.5350,U,0,830
D,1199674,37,settle,0.5328,U,0,830
D,1199770,37,settle,0.5325,U,0,830
D,1199864,37,settle,0.5324,U,0,830
D,1199960,37,settle,0.5324,U,0,830
D,1200056,37,settle,0.5324,U,0,830
D,1200152,37,settle,0.5325,U,0,830
D,1200247,37,settle,0.5326,U,0,830
D,1200343,37,settle,0.5327,U,0,830
D,1200439,37,settle,0.5329,U,0,830
D,1200535,37,settle,0.5331,U,0,830
D,1200631,37,settle,0.5332,U,0,830
P,1201300,37,55.0,3,settled2,0.5335
R,37,C7,55.0,3,15,0.50,auger,0.5020,27.49,0.5333,0.5335,0.5333,22.8144,0,ok
E,1201308,=== trial 38 : C7 tilt 55.0 rep 3 rpm 30 halt 0.50 mode auger (cum 22.81 g) ===
P,1206372,38,55.0,3,tare0,0.0008
D,1206465,38,preroll,0.0007,U,0,830
D,1206560,38,preroll,0.0007,U,0,830
D,1206655,38,preroll,0.0006,U,0,830
D,1206751,38,preroll,0.0006,U,0,830
D,1206847,38,preroll,0.0005,U,0,830
D,1206943,38,preroll,0.0005,U,0,830
D,1207037,38,preroll,0.0005,U,0,830
D,1207133,38,preroll,0.0004,U,0,830
D,1207229,38,preroll,0.0003,U,0,830
D,1207324,38,preroll,0.0003,U,0,830
D,1207420,38,preroll,0.0002,U,0,830
D,1207516,38,preroll,0.0001,U,0,830
D,1207612,38,preroll,0.0001,U,0,830
D,1207708,38,preroll,-0.0001,U,0,830
D,1207804,38,preroll,-0.0001,U,0,830
D,1207899,38,preroll,-0.0001,U,0,830
E,1207965,dispense start: mode auger rpm 30
D,1207994,38,dispense,-0.0001,U,30,830
D,1208089,38,dispense,-0.0001,U,30,830
D,1208185,38,dispense,0.0000,S,30,830
D,1208281,38,dispense,0.0000,S,30,830
D,1208377,38,dispense,0.0001,U,30,830
D,1208473,38,dispense,0.0001,U,30,830
D,1208568,38,dispense,0.0002,U,30,830
D,1208664,38,dispense,0.0003,U,30,830
D,1208760,38,dispense,0.0066,U,30,830
D,1208853,38,dispense,0.0083,U,30,830
D,1208949,38,dispense,0.0099,U,30,830
D,1209045,38,dispense,0.0118,U,30,830
D,1209141,38,dispense,0.0147,U,30,830
D,1209237,38,dispense,0.0182,U,30,830
D,1209333,38,dispense,0.0216,U,30,830
D,1209429,38,dispense,0.0242,U,30,830
D,1209524,38,dispense,0.0266,U,30,830
D,1209620,38,dispense,0.0302,U,30,830
D,1209716,38,dispense,0.0358,U,30,830
D,1209821,38,dispense,0.0424,U,30,830
D,1209913,38,dispense,0.0479,U,30,830
D,1210006,38,dispense,0.0507,U,30,830
D,1210099,38,dispense,0.0502,U,30,830
D,1210193,38,dispense,0.0477,U,30,830
D,1210289,38,dispense,0.0456,U,30,830
D,1210385,38,dispense,0.0465,U,30,830
D,1210481,38,dispense,0.0486,U,30,830
D,1210577,38,dispense,0.0569,U,30,830
D,1210671,38,dispense,0.0627,U,30,830
D,1210766,38,dispense,0.0671,U,30,830
D,1210862,38,dispense,0.0700,U,30,830
D,1210958,38,dispense,0.0722,U,30,830
D,1211054,38,dispense,0.0744,U,30,830
D,1211150,38,dispense,0.0770,U,30,830
D,1211246,38,dispense,0.0806,U,30,830
D,1211341,38,dispense,0.0848,U,30,830
D,1211437,38,dispense,0.0888,U,30,830
D,1211531,38,dispense,0.0916,U,30,830
D,1211627,38,dispense,0.0926,U,30,830
D,1211723,38,dispense,0.0920,U,30,830
D,1211819,38,dispense,0.0902,U,30,830
D,1211915,38,dispense,0.0884,U,30,830
D,1212010,38,dispense,0.0880,U,30,830
D,1212106,38,dispense,0.0890,U,30,830
D,1212202,38,dispense,0.0923,U,30,830
D,1212298,38,dispense,0.0971,U,30,830
D,1212394,38,dispense,0.1027,U,30,830
D,1212488,38,dispense,0.1088,U,30,830
D,1212583,38,dispense,0.1154,U,30,830
D,1212679,38,dispense,0.1221,U,30,830
D,1212775,38,dispense,0.1286,U,30,830
D,1212871,38,dispense,0.1345,U,30,830
D,1212967,38,dispense,0.1400,U,30,830
D,1213063,38,dispense,0.1451,U,30,830
D,1213159,38,dispense,0.1495,U,30,830
D,1213254,38,dispense,0.1530,U,30,830
D,1213348,38,dispense,0.1557,U,30,830
D,1213444,38,dispense,0.1577,U,30,830
D,1213540,38,dispense,0.1586,U,30,830
D,1213636,38,dispense,0.1579,U,30,830
D,1213732,38,dispense,0.1555,U,30,830
D,1213827,38,dispense,0.1523,U,30,830
D,1213923,38,dispense,0.1498,U,30,830
D,1214019,38,dispense,0.1492,U,30,830
D,1214115,38,dispense,0.1514,U,30,830
D,1214209,38,dispense,0.1561,U,30,830
D,1214305,38,dispense,0.1622,U,30,830
D,1214400,38,dispense,0.1686,U,30,830
D,1214496,38,dispense,0.1753,U,30,830
D,1214592,38,dispense,0.1823,U,30,830
D,1214688,38,dispense,0.1897,U,30,830
D,1214784,38,dispense,0.1971,U,30,830
D,1214880,38,dispense,0.2046,U,30,830
D,1214976,38,dispense,0.2120,U,30,830
D,1215071,38,dispense,0.2187,U,30,830
D,1215165,38,dispense,0.2240,U,30,830
D,1215261,38,dispense,0.2280,U,30,830
D,1215357,38,dispense,0.2311,U,30,830
D,1215453,38,dispense,0.2335,U,30,830
D,1215549,38,dispense,0.2350,U,30,830
D,1215644,38,dispense,0.2354,U,30,830
D,1215741,38,dispense,0.2348,U,30,830
D,1215836,38,dispense,0.2339,U,30,830
D,1215932,38,dispense,0.2339,U,30,830
D,1216026,38,dispense,0.2350,U,30,830
D,1216122,38,dispense,0.2406,U,30,830
D,1216218,38,dispense,0.2467,U,30,830
D,1216313,38,dispense,0.2531,U,30,830
D,1216409,38,dispense,0.2588,U,30,830
D,1216505,38,dispense,0.2636,U,30,830
D,1216601,38,dispense,0.2676,U,30,830
D,1216697,38,dispense,0.2710,U,30,830
D,1216793,38,dispense,0.2742,U,30,830
D,1216898,38,dispense,0.2772,U,30,830
D,1216990,38,dispense,0.2803,U,30,830
D,1217083,38,dispense,0.2839,U,30,830
D,1217176,38,dispense,0.2878,U,30,830
D,1217270,38,dispense,0.2917,U,30,830
D,1217366,38,dispense,0.2946,U,30,830
D,1217462,38,dispense,0.2962,U,30,830
D,1217557,38,dispense,0.2966,U,30,830
D,1217653,38,dispense,0.2961,U,30,830
D,1217749,38,dispense,0.2952,U,30,830
D,1217843,38,dispense,0.2941,U,30,830
D,1217939,38,dispense,0.2936,U,30,830
D,1218035,38,dispense,0.2929,U,30,830
D,1218130,38,dispense,0.2949,U,30,830
D,1218226,38,dispense,0.2972,U,30,830
D,1218322,38,dispense,0.3061,U,30,830
D,1218418,38,dispense,0.3131,U,30,830
D,1218514,38,dispense,0.3192,U,30,830
D,1218610,38,dispense,0.3241,U,30,830
D,1218704,38,dispense,0.3281,U,30,830
D,1218799,38,dispense,0.3315,U,30,830
D,1218895,38,dispense,0.3345,U,30,830
D,1218991,38,dispense,0.3380,U,30,830
D,1219087,38,dispense,0.3428,U,30,830
D,1219183,38,dispense,0.3489,U,30,830
D,1219279,38,dispense,0.3550,U,30,830
D,1219374,38,dispense,0.3593,U,30,830
D,1219470,38,dispense,0.3617,U,30,830
D,1219566,38,dispense,0.3628,U,30,830
D,1219660,38,dispense,0.3630,U,30,830
D,1219756,38,dispense,0.3624,U,30,830
D,1219852,38,dispense,0.3610,U,30,830
D,1219948,38,dispense,0.3595,U,30,830
D,1220044,38,dispense,0.3593,U,30,830
D,1220139,38,dispense,0.3599,U,30,830
D,1220235,38,dispense,0.3620,U,30,830
D,1220331,38,dispense,0.3635,U,30,830
D,1220427,38,dispense,0.3690,U,30,830
D,1220521,38,dispense,0.3740,U,30,830
D,1220617,38,dispense,0.3796,U,30,830
D,1220712,38,dispense,0.3849,U,30,830
D,1220808,38,dispense,0.3890,U,30,830
D,1220904,38,dispense,0.3925,U,30,830
D,1221000,38,dispense,0.3963,U,30,830
D,1221096,38,dispense,0.4015,U,30,830
D,1221191,38,dispense,0.4076,U,30,830
D,1221287,38,dispense,0.4138,U,30,830
D,1221381,38,dispense,0.4194,U,30,830
D,1221477,38,dispense,0.4238,U,30,830
D,1221573,38,dispense,0.4269,U,30,830
D,1221669,38,dispense,0.4283,U,30,830
D,1221765,38,dispense,0.4284,U,30,830
D,1221861,38,dispense,0.4280,U,30,830
D,1221956,38,dispense,0.4284,U,30,830
D,1222052,38,dispense,0.4304,U,30,830
D,1222148,38,dispense,0.4340,U,30,830
D,1222244,38,dispense,0.4390,U,30,830
D,1222338,38,dispense,0.4452,U,30,830
D,1222433,38,dispense,0.4521,U,30,830
D,1222530,38,dispense,0.4593,U,30,830
D,1222625,38,dispense,0.4662,U,30,830
D,1222721,38,dispense,0.4724,U,30,830
D,1222817,38,dispense,0.4776,U,30,830
D,1222913,38,dispense,0.4821,U,30,830
D,1223009,38,dispense,0.4865,U,30,830
D,1223105,38,dispense,0.4908,U,30,830
D,1223198,38,dispense,0.4947,U,30,830
D,1223294,38,dispense,0.4977,U,30,830
D,1223390,38,dispense,0.4996,U,30,830
D,1223486,38,dispense,0.5002,U,30,830
E,1223491,TRIGGER 0.5002 g at t=15.43 s -- ALL STOP
D,1223583,38,settle,0.4995,U,0,830
D,1223678,38,settle,0.4975,U,0,830
D,1223773,38,settle,0.4949,U,0,830
D,1223869,38,settle,0.4928,U,0,830
D,1223965,38,settle,0.4927,U,0,830
D,1224066,38,settle,0.4955,U,0,830
D,1224155,38,settle,0.5005,U,0,830
D,1224251,38,settle,0.5064,U,0,830
D,1224347,38,settle,0.5114,U,0,830
D,1224442,38,settle,0.5143,U,0,830
D,1224538,38,settle,0.5153,U,0,830
D,1224634,38,settle,0.5150,U,0,830
D,1224730,38,settle,0.5143,U,0,830
D,1224826,38,settle,0.5139,U,0,830
D,1224922,38,settle,0.5136,U,0,830
D,1225015,38,settle,0.5136,U,0,830
D,1225111,38,settle,0.5136,U,0,830
D,1225207,38,settle,0.5137,U,0,830
D,1225303,38,settle,0.5137,U,0,830
D,1225399,38,settle,0.5138,U,0,830
D,1225495,38,settle,0.5139,U,0,830
D,1225591,38,settle,0.5140,U,0,830
D,1225686,38,settle,0.5141,U,0,830
D,1225782,38,settle,0.5142,U,0,830
D,1225876,38,settle,0.5144,U,0,830
D,1225972,38,settle,0.5146,U,0,830
D,1226068,38,settle,0.5148,U,0,830
D,1226164,38,settle,0.5150,U,0,830
D,1226260,38,settle,0.5151,U,0,830
D,1226355,38,settle,0.5152,U,0,830
D,1226451,38,settle,0.5152,U,0,830
D,1226547,38,settle,0.5152,U,0,830
D,1226643,38,settle,0.5152,U,0,830
D,1226739,38,settle,0.5153,U,0,830
D,1226833,38,settle,0.5153,S,0,830
D,1226929,38,settle,0.5154,U,0,830
D,1227025,38,settle,0.5155,U,0,830
D,1227120,38,settle,0.5156,U,0,830
D,1227216,38,settle,0.5156,U,0,830
D,1227312,38,settle,0.5156,U,0,830
D,1227408,38,settle,0.5157,U,0,830
D,1227504,38,settle,0.5157,U,0,830
D,1227600,38,settle,0.5157,S,0,830
D,1227693,38,settle,0.5157,S,0,830
D,1227789,38,settle,0.5156,S,0,830
D,1227885,38,settle,0.5156,S,0,830
D,1227981,38,settle,0.5155,U,0,830
D,1228077,38,settle,0.5154,U,0,830
D,1228173,38,settle,0.5153,U,0,830
D,1228269,38,settle,0.5153,U,0,830
D,1228365,38,settle,0.5153,U,0,830
D,1228460,38,settle,0.5153,U,0,830
D,1228554,38,settle,0.5153,S,0,830
D,1228650,38,settle,0.5153,S,0,830
D,1228746,38,settle,0.5153,S,0,830
D,1228842,38,settle,0.5153,S,0,830
D,1228938,38,settle,0.5153,S,0,830
D,1229034,38,settle,0.5153,S,0,830
D,1229129,38,settle,0.5153,S,0,830
D,1229225,38,settle,0.5153,S,0,830
D,1229321,38,settle,0.5153,S,0,830
D,1229417,38,settle,0.5153,S,0,830
D,1229511,38,settle,0.5153,S,0,830
D,1229607,38,settle,0.5153,S,0,830
D,1229703,38,settle,0.5153,S,0,830
D,1229799,38,settle,0.5153,S,0,830
D,1229894,38,settle,0.5154,S,0,830
D,1229990,38,settle,0.5158,U,0,830
D,1230086,38,settle,0.5158,U,0,830
D,1230181,38,settle,0.5157,U,0,830
D,1230277,38,settle,0.5157,U,0,830
D,1230371,38,settle,0.5157,U,0,830
D,1230467,38,settle,0.5157,S,0,830
D,1230563,38,settle,0.5158,S,0,830
D,1230659,38,settle,0.5158,S,0,830
D,1230755,38,settle,0.5159,U,0,830
D,1230851,38,settle,0.5159,U,0,830
D,1230946,38,settle,0.5159,U,0,830
D,1231042,38,settle,0.5159,S,0,830
D,1231138,38,settle,0.5160,U,0,830
D,1231234,38,settle,0.5160,S,0,830
D,1231328,38,settle,0.5160,S,0,830
D,1231424,38,settle,0.5160,S,0,830
D,1231519,38,settle,0.5160,S,0,830
P,1231616,38,55.0,3,settled,0.5160
D,1231711,38,settle,0.5159,S,0,830
D,1231807,38,settle,0.5159,S,0,830
D,1231903,38,settle,0.5159,S,0,830
D,1231999,38,settle,0.5159,S,0,830
D,1232095,38,settle,0.5161,U,0,830
D,1232188,38,settle,0.5163,U,0,830
D,1232284,38,settle,0.5164,U,0,830
D,1232380,38,settle,0.5164,U,0,830
D,1232476,38,settle,0.5164,U,0,830
D,1232572,38,settle,0.5165,U,0,830
D,1232668,38,settle,0.5165,U,0,830
D,1232763,38,settle,0.5165,S,0,830
D,1232859,38,settle,0.5165,S,0,830
D,1232955,38,settle,0.5165,S,0,830
D,1233049,38,settle,0.5165,S,0,830
D,1233145,38,settle,0.5165,S,0,830
D,1233241,38,settle,0.5166,S,0,830
D,1233336,38,settle,0.5166,S,0,830
D,1233432,38,settle,0.5166,S,0,830
D,1233528,38,settle,0.5166,S,0,830
D,1233624,38,settle,0.5167,U,0,830
D,1233720,38,settle,0.5167,S,0,830
D,1233816,38,settle,0.5166,S,0,830
D,1233911,38,settle,0.5166,S,0,830
D,1234005,38,settle,0.5165,U,0,830
D,1234101,38,settle,0.5164,U,0,830
D,1234197,38,settle,0.5164,U,0,830
D,1234293,38,settle,0.5164,U,0,830
D,1234389,38,settle,0.5164,U,0,830
D,1234485,38,settle,0.5164,S,0,830
D,1234580,38,settle,0.5164,S,0,830
P,1234677,38,55.0,3,settled2,0.5165
R,38,C7,55.0,3,30,0.50,auger,0.5002,15.53,0.5160,0.5165,0.5160,23.3304,0,ok
E,1234685,=== trial 39 : C7 tilt 55.0 rep 3 rpm 55 halt 0.50 mode auger (cum 23.33 g) ===
P,1237648,39,55.0,3,tare0,0.0000
D,1237740,39,preroll,0.0000,S,0,830
D,1237831,39,preroll,0.0000,S,0,830
D,1237939,39,preroll,0.0000,S,0,830
D,1238119,39,preroll,0.0000,S,0,830
D,1238215,39,preroll,0.0000,S,0,830
D,1238310,39,preroll,0.0000,S,0,830
D,1238406,39,preroll,0.0000,S,0,830
D,1238500,39,preroll,0.0000,S,0,830
D,1238596,39,preroll,0.0002,U,0,830
D,1238692,39,preroll,0.0002,U,0,830
D,1238788,39,preroll,0.0002,U,0,830
D,1238883,39,preroll,0.0002,U,0,830
D,1238979,39,preroll,0.0002,U,0,830
D,1239075,39,preroll,0.0002,S,0,830
D,1239171,39,preroll,0.0002,S,0,830
E,1239236,dispense start: mode auger rpm 55
D,1239267,39,dispense,0.0001,S,55,830
D,1239361,39,dispense,0.0001,S,55,830
D,1239457,39,dispense,0.0001,S,55,830
D,1239552,39,dispense,0.0001,S,55,830
D,1239648,39,dispense,0.0002,S,55,830
D,1239744,39,dispense,0.0002,S,55,830
D,1239840,39,dispense,0.0003,U,55,830
D,1239936,39,dispense,0.0004,U,55,830
D,1240032,39,dispense,0.0005,U,55,830
D,1240127,39,dispense,0.0081,U,55,830
D,1240221,39,dispense,0.0153,U,55,830
D,1240317,39,dispense,0.0250,U,55,830
D,1240413,39,dispense,0.0351,U,55,830
D,1240508,39,dispense,0.0436,U,55,830
D,1240604,39,dispense,0.0495,U,55,830
D,1240700,39,dispense,0.0530,U,55,830
D,1240796,39,dispense,0.0550,U,55,830
D,1240892,39,dispense,0.0565,U,55,830
D,1240988,39,dispense,0.0580,U,55,830
D,1241084,39,dispense,0.0608,U,55,830
D,1241177,39,dispense,0.0662,U,55,830
D,1241273,39,dispense,0.0739,U,55,830
D,1241369,39,dispense,0.0810,U,55,830
D,1241465,39,dispense,0.0852,U,55,830
D,1241561,39,dispense,0.0874,U,55,830
D,1241656,39,dispense,0.0902,U,55,830
D,1241752,39,dispense,0.0952,U,55,830
D,1241848,39,dispense,0.1016,U,55,830
D,1241944,39,dispense,0.1078,U,55,830
D,1242038,39,dispense,0.1128,U,55,830
D,1242134,39,dispense,0.1171,U,55,830
D,1242230,39,dispense,0.1226,U,55,830
D,1242325,39,dispense,0.1296,U,55,830
D,1242421,39,dispense,0.1366,U,55,830
D,1242517,39,dispense,0.1426,U,55,830
D,1242613,39,dispense,0.1485,U,55,830
D,1242709,39,dispense,0.1560,U,55,830
D,1242805,39,dispense,0.1647,U,55,830
D,1242901,39,dispense,0.1732,U,55,830
D,1242994,39,dispense,0.1800,U,55,830
D,1243090,39,dispense,0.1846,U,55,830
D,1243186,39,dispense,0.1868,U,55,830
D,1243282,39,dispense,0.1871,U,55,830
D,1243378,39,dispense,0.1878,U,55,830
D,1243474,39,dispense,0.1914,U,55,830
D,1243569,39,dispense,0.1996,U,55,830
D,1243665,39,dispense,0.2118,U,55,830
D,1243761,39,dispense,0.2258,U,55,830
D,1243855,39,dispense,0.2386,U,55,830
D,1243951,39,dispense,0.2475,U,55,830
D,1244047,39,dispense,0.2517,U,55,830
D,1244142,39,dispense,0.2524,U,55,830
D,1244238,39,dispense,0.2515,U,55,830
D,1244334,39,dispense,0.2511,U,55,830
D,1244430,39,dispense,0.2526,U,55,830
D,1244526,39,dispense,0.2566,U,55,830
D,1244622,39,dispense,0.2629,U,55,830
D,1244716,39,dispense,0.2709,U,55,830
D,1244811,39,dispense,0.2804,U,55,830
D,1244907,39,dispense,0.2913,U,55,830
D,1245003,39,dispense,0.3024,U,55,830
D,1245099,39,dispense,0.3113,U,55,830
D,1245195,39,dispense,0.3159,U,55,830
D,1245291,39,dispense,0.3161,U,55,830
D,1245387,39,dispense,0.3150,U,55,830
D,1245482,39,dispense,0.3161,U,55,830
D,1245586,39,dispense,0.3210,U,55,830
D,1245679,39,dispense,0.3278,U,55,830
D,1245772,39,dispense,0.3341,U,55,830
D,1245865,39,dispense,0.3394,U,55,830
D,1245960,39,dispense,0.3450,U,55,830
D,1246055,39,dispense,0.3510,U,55,830
D,1246151,39,dispense,0.3562,U,55,830
D,1246247,39,dispense,0.3594,U,55,830
D,1246343,39,dispense,0.3613,U,55,830
D,1246439,39,dispense,0.3637,U,55,830
D,1246533,39,dispense,0.3682,U,55,830
D,1246628,39,dispense,0.3763,U,55,830
D,1246724,39,dispense,0.3875,U,55,830
D,1246820,39,dispense,0.3995,U,55,830
D,1246916,39,dispense,0.4106,U,55,830
D,1247012,39,dispense,0.4201,U,55,830
D,1247108,39,dispense,0.4284,U,55,830
D,1247204,39,dispense,0.4354,U,55,830
D,1247299,39,dispense,0.4406,U,55,830
D,1247394,39,dispense,0.4438,U,55,830
D,1247489,39,dispense,0.4459,U,55,830
D,1247585,39,dispense,0.4485,U,55,830
D,1247681,39,dispense,0.4524,U,55,830
D,1247777,39,dispense,0.4579,U,55,830
D,1247872,39,dispense,0.4648,U,55,830
D,1247968,39,dispense,0.4723,U,55,830
D,1248064,39,dispense,0.4804,U,55,830
D,1248160,39,dispense,0.4891,U,55,830
D,1248256,39,dispense,0.4985,U,55,830
D,1248350,39,dispense,0.5074,U,55,830
E,1248355,TRIGGER 0.5074 g at t=9.02 s -- ALL STOP
D,1248447,39,settle,0.5144,U,0,830
D,1248541,39,settle,0.5189,U,0,830
D,1248637,39,settle,0.5216,U,0,830
D,1248733,39,settle,0.5239,U,0,830
D,1248829,39,settle,0.5270,U,0,830
D,1248925,39,settle,0.5306,U,0,830
D,1249021,39,settle,0.5334,U,0,830
D,1249116,39,settle,0.5343,U,0,830
D,1249210,39,settle,0.5338,U,0,830
D,1249306,39,settle,0.5325,U,0,830
D,1249402,39,settle,0.5311,U,0,830
D,1249498,39,settle,0.5305,U,0,830
D,1249594,39,settle,0.5290,U,0,830
D,1249690,39,settle,0.5286,U,0,830
D,1249786,39,settle,0.5284,U,0,830
D,1249881,39,settle,0.5283,U,0,830
D,1249977,39,settle,0.5282,U,0,830
D,1250073,39,settle,0.5281,U,0,830
D,1250167,39,settle,0.5279,U,0,830
D,1250263,39,settle,0.5278,U,0,830
D,1250359,39,settle,0.5276,U,0,830
D,1250454,39,settle,0.5276,U,0,830
D,1250550,39,settle,0.5276,U,0,830
D,1250646,39,settle,0.5277,U,0,830
D,1250742,39,settle,0.5278,U,0,830
D,1250838,39,settle,0.5279,U,0,830
D,1250934,39,settle,0.5280,U,0,830
D,1251028,39,settle,0.5282,U,0,830
D,1251123,39,settle,0.5283,U,0,830
D,1251219,39,settle,0.5283,U,0,830
D,1251315,39,settle,0.5283,U,0,830
D,1251411,39,settle,0.5283,U,0,830
D,1251507,39,settle,0.5282,S,0,830
D,1251603,39,settle,0.5282,S,0,830
D,1251699,39,settle,0.5283,S,0,830
D,1251795,39,settle,0.5283,S,0,830
D,1251889,39,settle,0.5284,U,0,830
D,1251984,39,settle,0.5284,U,0,830
D,1252080,39,settle,0.5285,U,0,830
D,1252176,39,settle,0.5287,U,0,830
D,1252272,39,settle,0.5288,U,0,830
D,1252368,39,settle,0.5289,U,0,830
D,1252464,39,settle,0.5291,U,0,830
D,1252559,39,settle,0.5291,U,0,830
D,1252655,39,settle,0.5291,U,0,830
D,1252751,39,settle,0.5291,U,0,830
D,1252845,39,settle,0.5289,U,0,830
D,1252940,39,settle,0.5268,U,0,830
D,1253036,39,settle,0.5267,U,0,830
D,1253132,39,settle,0.5267,U,0,830
D,1253228,39,settle,0.5268,U,0,830
D,1253324,39,settle,0.5269,U,0,830
D,1253420,39,settle,0.5270,U,0,830
D,1253515,39,settle,0.5271,U,0,830
D,1253611,39,settle,0.5272,U,0,830
D,1253705,39,settle,0.5273,U,0,830
D,1253801,39,settle,0.5273,U,0,830
D,1253897,39,settle,0.5273,U,0,830
D,1253993,39,settle,0.5274,U,0,830
D,1254089,39,settle,0.5274,U,0,830
D,1254185,39,settle,0.5275,U,0,830
D,1254280,39,settle,0.5276,U,0,830
D,1254376,39,settle,0.5276,U,0,830
D,1254472,39,settle,0.5276,U,0,830
D,1254566,39,settle,0.5277,U,0,830
D,1254662,39,settle,0.5277,U,0,830
D,1254758,39,settle,0.5277,S,0,830
D,1254854,39,settle,0.5278,U,0,830
D,1254950,39,settle,0.5279,U,0,830
D,1255045,39,settle,0.5281,U,0,830
D,1255141,39,settle,0.5282,U,0,830
D,1255237,39,settle,0.5284,U,0,830
D,1255333,39,settle,0.5286,U,0,830
D,1255429,39,settle,0.5288,U,0,830
D,1255523,39,settle,0.5289,U,0,830
D,1255630,39,settle,0.5290,U,0,830
D,1255810,39,settle,0.5292,U,0,830
D,1255906,39,settle,0.5292,U,0,830
D,1256002,39,settle,0.5292,U,0,830
D,1256098,39,settle,0.5292,U,0,830
D,1256194,39,settle,0.5292,S,0,830
D,1256289,39,settle,0.5293,S,0,830
D,1256383,39,settle,0.5293,S,0,830
P,1257054,39,55.0,3,settled,0.5294
D,1257150,39,settle,0.5293,U,0,830
D,1257246,39,settle,0.5292,U,0,830
D,1257340,39,settle,0.5292,U,0,830
D,1257435,39,settle,0.5291,U,0,830
D,1257532,39,settle,0.5291,U,0,830
D,1257627,39,settle,0.5291,U,0,830
D,1257723,39,settle,0.5292,S,0,830
D,1257819,39,settle,0.5292,S,0,830
D,1257915,39,settle,0.5292,S,0,830
D,1258011,39,settle,0.5292,S,0,830
D,1258107,39,settle,0.5292,S,0,830
D,1258201,39,settle,0.5292,S,0,830
D,1258296,39,settle,0.5293,S,0,830
D,1258392,39,settle,0.5293,S,0,830
D,1258488,39,settle,0.5293,S,0,830
D,1258584,39,settle,0.5293,S,0,830
D,1258680,39,settle,0.5293,S,0,830
D,1258776,39,settle,0.5294,S,0,830
D,1258871,39,settle,0.5294,S,0,830
D,1258968,39,settle,0.5294,S,0,830
D,1259061,39,settle,0.5294,S,0,830
D,1259157,39,settle,0.5297,U,0,830
D,1259253,39,settle,0.5297,U,0,830
D,1259348,39,settle,0.5297,U,0,830
D,1259444,39,settle,0.5297,U,0,830
D,1259540,39,settle,0.5298,U,0,830
D,1259636,39,settle,0.5298,S,0,830
D,1259732,39,settle,0.5299,U,0,830
D,1259828,39,settle,0.5299,U,0,830
D,1259924,39,settle,0.5300,U,0,830
D,1260017,39,settle,0.5300,U,0,830
P,1260305,39,55.0,3,settled2,0.5299
R,39,C7,55.0,3,55,0.50,auger,0.5074,9.12,0.5294,0.5299,0.5294,23.8598,0,ok
E,1260313,=== trial 40 : C7 tilt 55.0 rep 3 rpm 75 halt 0.50 mode auger (cum 23.86 g) ===
P,1263278,40,55.0,3,tare0,-0.0001
D,1263370,40,preroll,-0.0001,S,0,830
D,1263462,40,preroll,-0.0001,S,0,830
D,1263556,40,preroll,-0.0001,S,0,830
D,1263651,40,preroll,0.0000,S,0,830
D,1263747,40,preroll,0.0001,U,0,830
D,1263843,40,preroll,0.0001,U,0,830
D,1263939,40,preroll,0.0000,S,0,830
D,1264035,40,preroll,0.0000,S,0,830
D,1264131,40,preroll,0.0000,S,0,830
D,1264227,40,preroll,0.0000,S,0,830
D,1264323,40,preroll,0.0000,S,0,830
D,1264418,40,preroll,0.0000,S,0,830
D,1264512,40,preroll,0.0000,S,0,830
D,1264608,40,preroll,0.0000,S,0,830
D,1264704,40,preroll,0.0001,S,0,830
D,1264800,40,preroll,0.0001,S,0,830
E,1264865,dispense start: mode auger rpm 75
D,1264896,40,dispense,0.0001,S,75,830
D,1264991,40,dispense,0.0004,U,75,830
D,1265087,40,dispense,0.0004,U,75,830
D,1265183,40,dispense,0.0004,U,75,830
D,1265279,40,dispense,0.0004,U,75,830
D,1265373,40,dispense,0.0004,U,75,830
D,1265469,40,dispense,0.0005,S,75,830
D,1265564,40,dispense,0.0049,U,75,830
D,1265660,40,dispense,0.0081,U,75,830
D,1265756,40,dispense,0.0128,U,75,830
D,1265851,40,dispense,0.0192,U,75,830
D,1265947,40,dispense,0.0266,U,75,830
D,1266043,40,dispense,0.0342,U,75,830
D,1266139,40,dispense,0.0412,U,75,830
D,1266233,40,dispense,0.0481,U,75,830
D,1266329,40,dispense,0.0556,U,75,830
D,1266425,40,dispense,0.0636,U,75,830
D,1266521,40,dispense,0.0720,U,75,830
D,1266616,40,dispense,0.0814,U,75,830
D,1266712,40,dispense,0.0918,U,75,830
D,1266808,40,dispense,0.1013,U,75,830
D,1266904,40,dispense,0.1068,U,75,830
D,1267000,40,dispense,0.1084,U,75,830
D,1267095,40,dispense,0.1096,U,75,830
D,1267189,40,dispense,0.1144,U,75,830
D,1267285,40,dispense,0.1236,U,75,830
D,1267381,40,dispense,0.1349,U,75,830
D,1267477,40,dispense,0.1458,U,75,830
D,1267573,40,dispense,0.1538,U,75,830
D,1267678,40,dispense,0.1582,U,75,830
D,1267770,40,dispense,0.1600,U,75,830
D,1267863,40,dispense,0.1622,U,75,830
D,1267956,40,dispense,0.1676,U,75,830
D,1268050,40,dispense,0.1771,U,75,830
D,1268146,40,dispense,0.1890,U,75,830
D,1268242,40,dispense,0.2002,U,75,830
D,1268338,40,dispense,0.2082,U,75,830
D,1268433,40,dispense,0.2122,U,75,830
D,1268529,40,dispense,0.2133,U,75,830
D,1268625,40,dispense,0.2138,U,75,830
D,1268721,40,dispense,0.2162,U,75,830
D,1268817,40,dispense,0.2225,U,75,830
D,1268910,40,dispense,0.2333,U,75,830
D,1269006,40,dispense,0.2471,U,75,830
D,1269102,40,dispense,0.2612,U,75,830
D,1269198,40,dispense,0.2731,U,75,830
D,1269294,40,dispense,0.2812,U,75,830
D,1269390,40,dispense,0.2856,U,75,830
D,1269486,40,dispense,0.2884,U,75,830
D,1269582,40,dispense,0.2921,U,75,830
D,1269677,40,dispense,0.2984,U,75,830
D,1269773,40,dispense,0.3077,U,75,830
D,1269867,40,dispense,0.3193,U,75,830
D,1269963,40,dispense,0.3313,U,75,830
D,1270059,40,dispense,0.3409,U,75,830
D,1270155,40,dispense,0.3464,U,75,830
D,1270251,40,dispense,0.3484,U,75,830
D,1270346,40,dispense,0.3495,U,75,830
D,1270442,40,dispense,0.3522,U,75,830
D,1270538,40,dispense,0.3584,U,75,830
D,1270634,40,dispense,0.3680,U,75,830
D,1270728,40,dispense,0.3787,U,75,830
D,1270824,40,dispense,0.3880,U,75,830
D,1270919,40,dispense,0.3948,U,75,830
D,1271015,40,dispense,0.3996,U,75,830
D,1271111,40,dispense,0.4038,U,75,830
D,1271207,40,dispense,0.4086,U,75,830
D,1271303,40,dispense,0.4157,U,75,830
D,1271399,40,dispense,0.4260,U,75,830
D,1271494,40,dispense,0.4381,U,75,830
D,1271590,40,dispense,0.4492,U,75,830
D,1271684,40,dispense,0.4574,U,75,830
D,1271780,40,dispense,0.4622,U,75,830
D,1271876,40,dispense,0.4650,U,75,830
D,1271972,40,dispense,0.4684,U,75,830
D,1272068,40,dispense,0.4746,U,75,830
D,1272163,40,dispense,0.4838,U,75,830
D,1272259,40,dispense,0.4940,U,75,830
D,1272355,40,dispense,0.5029,U,75,830
E,1272360,TRIGGER 0.5029 g at t=7.40 s -- ALL STOP
D,1272452,40,settle,0.5092,U,0,830
D,1272545,40,settle,0.5139,U,0,830
D,1272641,40,settle,0.5192,U,0,830
D,1272736,40,settle,0.5274,U,0,830
D,1272832,40,settle,0.5386,U,0,830
D,1272928,40,settle,0.5504,U,0,830
D,1273024,40,settle,0.5591,U,0,830
D,1273120,40,settle,0.5617,U,0,830
D,1273216,40,settle,0.5586,U,0,830
D,1273311,40,settle,0.5528,U,0,830
D,1273405,40,settle,0.5476,U,0,830
D,1273501,40,settle,0.5446,U,0,830
D,1273597,40,settle,0.5434,U,0,830
D,1273693,40,settle,0.5429,U,0,830
D,1273789,40,settle,0.5424,U,0,830
D,1273885,40,settle,0.5419,U,0,830
D,1273980,40,settle,0.5417,U,0,830
D,1274076,40,settle,0.5419,U,0,830
D,1274172,40,settle,0.5421,U,0,830
D,1274268,40,settle,0.5423,U,0,830
D,1274362,40,settle,0.5425,U,0,830
D,1274458,40,settle,0.5426,U,0,830
D,1274554,40,settle,0.5426,U,0,830
D,1274650,40,settle,0.5426,U,0,830
D,1274745,40,settle,0.5425,U,0,830
D,1274841,40,settle,0.5424,U,0,830
D,1274937,40,settle,0.5422,U,0,830
D,1275033,40,settle,0.5421,U,0,830
D,1275129,40,settle,0.5420,U,0,830
D,1275223,40,settle,0.5419,U,0,830
D,1275319,40,settle,0.5418,U,0,830
D,1275414,40,settle,0.5418,U,0,830
D,1275510,40,settle,0.5417,U,0,830
D,1275606,40,settle,0.5417,U,0,830
D,1275702,40,settle,0.5417,U,0,830
D,1275798,40,settle,0.5417,S,0,830
D,1275894,40,settle,0.5416,U,0,830
D,1275989,40,settle,0.5416,S,0,830
D,1276083,40,settle,0.5415,U,0,830
D,1276179,40,settle,0.5413,U,0,830
D,1276280,40,settle,0.5412,U,0,830
D,1276371,40,settle,0.5412,U,0,830
D,1276467,40,settle,0.5411,U,0,830
D,1276563,40,settle,0.5411,U,0,830
D,1276658,40,settle,0.5412,S,0,830
D,1276754,40,settle,0.5413,U,0,830
D,1276850,40,settle,0.5413,U,0,830
D,1276946,40,settle,0.5414,U,0,830
D,1277040,40,settle,0.5414,U,0,830
D,1277136,40,settle,0.5413,S,0,830
D,1277232,40,settle,0.5413,S,0,830
D,1277327,40,settle,0.5413,S,0,830
D,1277423,40,settle,0.5413,S,0,830
D,1277519,40,settle,0.5412,U,0,830
D,1277615,40,settle,0.5412,S,0,830
D,1277711,40,settle,0.5412,S,0,830
D,1277807,40,settle,0.5411,U,0,830
D,1277900,40,settle,0.5411,U,0,830
D,1277996,40,settle,0.5411,S,0,830
D,1278092,40,settle,0.5411,S,0,830
D,1278188,40,settle,0.5411,S,0,830
D,1278284,40,settle,0.5411,S,0,830
D,1278380,40,settle,0.5411,S,0,830
D,1278476,40,settle,0.5411,S,0,830
D,1278572,40,settle,0.5411,S,0,830
D,1278667,40,settle,0.5411,S,0,830
D,1278763,40,settle,0.5411,S,0,830
D,1278857,40,settle,0.5411,S,0,830
D,1278953,40,settle,0.5411,S,0,830
D,1279049,40,settle,0.5412,S,0,830
D,1279145,40,settle,0.5412,S,0,830
D,1279240,40,settle,0.5418,U,0,830
D,1279336,40,settle,0.5419,U,0,830
D,1279432,40,settle,0.5420,U,0,830
D,1279528,40,settle,0.5421,U,0,830
D,1279624,40,settle,0.5422,U,0,830
D,1279718,40,settle,0.5423,U,0,830
D,1279813,40,settle,0.5424,U,0,830
D,1279909,40,settle,0.5425,U,0,830
D,1280005,40,settle,0.5426,U,0,830
D,1280101,40,settle,0.5426,U,0,830
D,1280197,40,settle,0.5426,U,0,830
D,1280293,40,settle,0.5427,U,0,830
D,1280389,40,settle,0.5426,S,0,830
P,1280485,40,55.0,3,settled,0.5426
D,1280578,40,settle,0.5426,S,0,830
D,1280674,40,settle,0.5427,S,0,830
D,1280770,40,settle,0.5427,S,0,830
D,1280866,40,settle,0.5428,U,0,830
D,1280961,40,settle,0.5428,U,0,830
D,1281058,40,settle,0.5427,S,0,830
D,1281153,40,settle,0.5427,S,0,830
D,1281249,40,settle,0.5427,S,0,830
D,1281345,40,settle,0.5427,S,0,830
D,1281441,40,settle,0.5427,S,0,830
D,1281535,40,settle,0.5426,S,0,830
D,1281631,40,settle,0.5426,S,0,830
D,1281726,40,settle,0.5426,S,0,830
D,1281822,40,settle,0.5426,S,0,830
D,1281918,40,settle,0.5426,S,0,830
D,1282014,40,settle,0.5426,S,0,830
D,1282110,40,settle,0.5427,S,0,830
D,1282206,40,settle,0.5427,S,0,830
D,1282301,40,settle,0.5427,S,0,830
D,1282395,40,settle,0.5427,S,0,830
D,1282491,40,settle,0.5427,S,0,830
D,1282587,40,settle,0.5427,S,0,830
D,1282683,40,settle,0.5427,S,0,830
D,1282779,40,settle,0.5427,S,0,830
D,1282875,40,settle,0.5427,S,0,830
D,1282971,40,settle,0.5427,S,0,830
D,1283067,40,settle,0.5427,S,0,830
D,1283162,40,settle,0.5427,S,0,830
D,1283256,40,settle,0.5427,S,0,830
D,1283352,40,settle,0.5427,S,0,830
D,1283448,40,settle,0.5427,S,0,830
P,1283545,40,55.0,3,settled2,0.5427
R,40,C7,55.0,3,75,0.50,auger,0.5029,7.50,0.5426,0.5427,0.5426,24.4024,0,ok
E,1283553,=== trial 41 : C8 tilt 55.0 rep 1 rpm 55 halt 0.50 mode auger (cum 24.40 g) ===
P,1286515,41,55.0,1,tare0,0.0000
D,1286607,41,preroll,0.0000,S,0,830
D,1286701,41,preroll,0.0000,S,0,830
D,1286796,41,preroll,0.0000,S,0,830
D,1286890,41,preroll,0.0000,S,0,830
D,1286986,41,preroll,0.0000,S,0,830
D,1287082,41,preroll,0.0000,S,0,830
D,1287178,41,preroll,0.0000,S,0,830
D,1287273,41,preroll,0.0004,U,0,830
D,1287369,41,preroll,0.0004,U,0,830
D,1287465,41,preroll,0.0004,U,0,830
D,1287561,41,preroll,0.0004,U,0,830
D,1287657,41,preroll,0.0004,U,0,830
D,1287751,41,preroll,0.0004,S,0,830
D,1287846,41,preroll,0.0004,S,0,830
D,1287942,41,preroll,0.0003,S,0,830
D,1288038,41,preroll,0.0003,S,0,830
E,1288104,dispense start: mode auger rpm 55
D,1288134,41,dispense,0.0002,U,55,830
D,1288230,41,dispense,0.0001,U,55,830
D,1288326,41,dispense,0.0001,U,55,830
D,1288421,41,dispense,0.0001,U,55,830
D,1288518,41,dispense,0.0002,S,55,830
D,1288613,41,dispense,0.0044,U,55,830
D,1288707,41,dispense,0.0079,U,55,830
D,1288802,41,dispense,0.0121,U,55,830
D,1288898,41,dispense,0.0161,U,55,830
D,1288994,41,dispense,0.0201,U,55,830
D,1289090,41,dispense,0.0247,U,55,830
D,1289186,41,dispense,0.0304,U,55,830
D,1289290,41,dispense,0.0362,U,55,830
D,1289383,41,dispense,0.0412,U,55,830
D,1289476,41,dispense,0.0460,U,55,830
D,1289569,41,dispense,0.0521,U,55,830
D,1289663,41,dispense,0.0598,U,55,830
D,1289759,41,dispense,0.0681,U,55,830
D,1289855,41,dispense,0.0756,U,55,830
D,1289951,41,dispense,0.0820,U,55,830
D,1290047,41,dispense,0.0877,U,55,830
D,1290142,41,dispense,0.0932,U,55,830
D,1290238,41,dispense,0.0988,U,55,830
D,1290334,41,dispense,0.1040,U,55,830
D,1290428,41,dispense,0.1084,U,55,830
D,1290524,41,dispense,0.1122,U,55,830
D,1290620,41,dispense,0.1164,U,55,830
D,1290715,41,dispense,0.1222,U,55,830
D,1290811,41,dispense,0.1303,U,55,830
D,1290907,41,dispense,0.1399,U,55,830
D,1291003,41,dispense,0.1500,U,55,830
D,1291099,41,dispense,0.1599,U,55,830
D,1291195,41,dispense,0.1693,U,55,830
D,1291290,41,dispense,0.1773,U,55,830
D,1291384,41,dispense,0.1826,U,55,830
D,1291480,41,dispense,0.1852,U,55,830
D,1291576,41,dispense,0.1867,U,55,830
D,1291672,41,dispense,0.1894,U,55,830
D,1291768,41,dispense,0.1936,U,55,830
D,1291864,41,dispense,0.1982,U,55,830
D,1291959,41,dispense,0.2027,U,55,830
D,1292055,41,dispense,0.2075,U,55,830
D,1292151,41,dispense,0.2134,U,55,830
D,1292245,41,dispense,0.2201,U,55,830
D,1292341,41,dispense,0.2263,U,55,830
D,1292437,41,dispense,0.2310,U,55,830
D,1292532,41,dispense,0.2339,U,55,830
D,1292628,41,dispense,0.2361,U,55,830
D,1292724,41,dispense,0.2400,U,55,830
D,1292820,41,dispense,0.2474,U,55,830
D,1292916,41,dispense,0.2577,U,55,830
D,1293012,41,dispense,0.2683,U,55,830
D,1293108,41,dispense,0.2774,U,55,830
D,1293201,41,dispense,0.2853,U,55,830
D,1293297,41,dispense,0.2930,U,55,830
D,1293393,41,dispense,0.3006,U,55,830
D,1293489,41,dispense,0.3075,U,55,830
D,1293585,41,dispense,0.3133,U,55,830
D,1293681,41,dispense,0.3178,U,55,830
D,1293776,41,dispense,0.3212,U,55,830
D,1293872,41,dispense,0.3242,U,55,830
D,1293968,41,dispense,0.3281,U,55,830
D,1294062,41,dispense,0.3336,U,55,830
D,1294158,41,dispense,0.3406,U,55,830
D,1294254,41,dispense,0.3484,U,55,830
D,1294349,41,dispense,0.3565,U,55,830
D,1294445,41,dispense,0.3635,U,55,830
D,1294541,41,dispense,0.3687,U,55,830
D,1294637,41,dispense,0.3720,U,55,830
D,1294733,41,dispense,0.3744,U,55,830
D,1294829,41,dispense,0.3769,U,55,830
D,1294923,41,dispense,0.3804,U,55,830
D,1295018,41,dispense,0.3863,U,55,830
D,1295114,41,dispense,0.3948,U,55,830
D,1295210,41,dispense,0.4044,U,55,830
D,1295306,41,dispense,0.4137,U,55,830
D,1295402,41,dispense,0.4232,U,55,830
D,1295498,41,dispense,0.4340,U,55,830
D,1295594,41,dispense,0.4451,U,55,830
D,1295689,41,dispense,0.4547,U,55,830
D,1295785,41,dispense,0.4616,U,55,830
D,1295879,41,dispense,0.4661,U,55,830
D,1295975,41,dispense,0.4692,U,55,830
D,1296071,41,dispense,0.4716,U,55,830
D,1296167,41,dispense,0.4737,U,55,830
D,1296262,41,dispense,0.4759,U,55,830
D,1296367,41,dispense,0.4780,U,55,830
D,1296459,41,dispense,0.4803,U,55,830
D,1296552,41,dispense,0.4842,U,55,830
D,1296646,41,dispense,0.4908,U,55,830
D,1296740,41,dispense,0.4999,U,55,830
D,1296835,41,dispense,0.5100,U,55,830
E,1296839,TRIGGER 0.5100 g at t=8.64 s -- ALL STOP
D,1296932,41,settle,0.5186,U,0,830
D,1297027,41,settle,0.5241,U,0,830
D,1297123,41,settle,0.5270,U,0,830
D,1297219,41,settle,0.5292,U,0,830
D,1297315,41,settle,0.5325,U,0,830
D,1297411,41,settle,0.5370,U,0,830
D,1297507,41,settle,0.5419,U,0,830
D,1297600,41,settle,0.5463,U,0,830
D,1297696,41,settle,0.5492,U,0,830
D,1297792,41,settle,0.5502,U,0,830
D,1297888,41,settle,0.5497,U,0,830
D,1297984,41,settle,0.5486,U,0,830
D,1298079,41,settle,0.5478,U,0,830
D,1298175,41,settle,0.5475,U,0,830
D,1298271,41,settle,0.5476,U,0,830
D,1298367,41,settle,0.5477,U,0,830
D,1298463,41,settle,0.5478,U,0,830
D,1298557,41,settle,0.5479,U,0,830
D,1298653,41,settle,0.5479,U,0,830
D,1298749,41,settle,0.5480,U,0,830
D,1298844,41,settle,0.5481,U,0,830
D,1298940,41,settle,0.5481,U,0,830
D,1299036,41,settle,0.5481,U,0,830
D,1299132,41,settle,0.5481,U,0,830
D,1299228,41,settle,0.5481,S,0,830
D,1299324,41,settle,0.5482,S,0,830
D,1299418,41,settle,0.5482,S,0,830
D,1299513,41,settle,0.5482,S,0,830
D,1299609,41,settle,0.5481,S,0,830
D,1299705,41,settle,0.5481,S,0,830
D,1299801,41,settle,0.5481,S,0,830
D,1299897,41,settle,0.5481,S,0,830
D,1299993,41,settle,0.5482,S,0,830
D,1300089,41,settle,0.5484,U,0,830
D,1300185,41,settle,0.5485,U,0,830
D,1300280,41,settle,0.5485,U,0,830
D,1300374,41,settle,0.5485,U,0,830
D,1300470,41,settle,0.5484,U,0,830
D,1300566,41,settle,0.5483,U,0,830
D,1300662,41,settle,0.5483,U,0,830
D,1300758,41,settle,0.5483,U,0,830
D,1300854,41,settle,0.5483,U,0,830
D,1300949,41,settle,0.5483,S,0,830
D,1301045,41,settle,0.5483,S,0,830
D,1301141,41,settle,0.5484,S,0,830
D,1301235,41,settle,0.5484,S,0,830
D,1301331,41,settle,0.5487,U,0,830
D,1301427,41,settle,0.5487,U,0,830
D,1301522,41,settle,0.5488,U,0,830
D,1301618,41,settle,0.5489,U,0,830
D,1301714,41,settle,0.5489,U,0,830
D,1301810,41,settle,0.5488,S,0,830
D,1301906,41,settle,0.5487,U,0,830
D,1302002,41,settle,0.5485,U,0,830
D,1302095,41,settle,0.5485,U,0,830
D,1302191,41,settle,0.5485,U,0,830
D,1302287,41,settle,0.5485,U,0,830
D,1302383,41,settle,0.5485,U,0,830
D,1302479,41,settle,0.5485,S,0,830
D,1302575,41,settle,0.5485,S,0,830
D,1302671,41,settle,0.5485,S,0,830
D,1302767,41,settle,0.5485,S,0,830
D,1302863,41,settle,0.5485,S,0,830
D,1302958,41,settle,0.5485,S,0,830
D,1303052,41,settle,0.5485,S,0,830
D,1303148,41,settle,0.5485,S,0,830
D,1303244,41,settle,0.5483,U,0,830
D,1303339,41,settle,0.5482,U,0,830
D,1303435,41,settle,0.5481,U,0,830
D,1303531,41,settle,0.5481,U,0,830
D,1303627,41,settle,0.5481,U,0,830
D,1303723,41,settle,0.5482,S,0,830
D,1303819,41,settle,0.5482,S,0,830
D,1303913,41,settle,0.5482,S,0,830
D,1304008,41,settle,0.5482,S,0,830
D,1304104,41,settle,0.5482,S,0,830
D,1304200,41,settle,0.5482,S,0,830
D,1304296,41,settle,0.5482,S,0,830
D,1304392,41,settle,0.5482,S,0,830
D,1304488,41,settle,0.5482,S,0,830
D,1304584,41,settle,0.5482,S,0,830
D,1304679,41,settle,0.5481,S,0,830
D,1304773,41,settle,0.5480,U,0,830
D,1304869,41,settle,0.5479,U,0,830
P,1305730,41,55.0,1,settled,0.5475
D,1305825,41,settle,0.5475,S,0,830
D,1305921,41,settle,0.5475,S,0,830
D,1306017,41,settle,0.5475,S,0,830
D,1306113,41,settle,0.5475,S,0,830
D,1306209,41,settle,0.5475,S,0,830
D,1306305,41,settle,0.5475,S,0,830
D,1306400,41,settle,0.5475,S,0,830
D,1306496,41,settle,0.5475,S,0,830
D,1306590,41,settle,0.5475,S,0,830
D,1306686,41,settle,0.5475,S,0,830
D,1306782,41,settle,0.5475,S,0,830
D,1306878,41,settle,0.5475,S,0,830
D,1306974,41,settle,0.5475,S,0,830
D,1307070,41,settle,0.5475,S,0,830
D,1307165,41,settle,0.5475,S,0,830
D,1307261,41,settle,0.5476,S,0,830
D,1307357,41,settle,0.5476,S,0,830
D,1307453,41,settle,0.5476,S,0,830
D,1307547,41,settle,0.5475,S,0,830
D,1307643,41,settle,0.5475,S,0,830
D,1307739,41,settle,0.5475,S,0,830
D,1307834,41,settle,0.5475,S,0,830
D,1307930,41,settle,0.5475,S,0,830
D,1308026,41,settle,0.5475,S,0,830
D,1308122,41,settle,0.5475,S,0,830
D,1308218,41,settle,0.5475,S,0,830
D,1308319,41,settle,0.5475,S,0,830
D,1308408,41,settle,0.5475,S,0,830
D,1308504,41,settle,0.5475,S,0,830
D,1308599,41,settle,0.5475,S,0,830
D,1308695,41,settle,0.5475,S,0,830
P,1308792,41,55.0,1,settled2,0.5475
R,41,C8,55.0,1,55,0.50,auger,0.5100,8.74,0.5475,0.5475,0.5475,24.9499,0,ok
E,1308799,=== trial 42 : C8 tilt 55.0 rep 1 rpm 55 halt 0.50 mode rot (cum 24.95 g) ===
P,1310612,42,55.0,1,tare0,0.0000
D,1310704,42,preroll,0.0000,S,0,830
D,1310800,42,preroll,0.0000,S,0,830
D,1310896,42,preroll,0.0000,S,0,830
D,1310992,42,preroll,0.0000,S,0,830
D,1311086,42,preroll,0.0000,S,0,830
D,1311182,42,preroll,0.0000,S,0,830
D,1311278,42,preroll,0.0000,S,0,830
D,1311373,42,preroll,0.0000,S,0,830
D,1311469,42,preroll,0.0000,S,0,830
D,1311565,42,preroll,0.0000,S,0,830
D,1311661,42,preroll,0.0000,S,0,830
D,1311757,42,preroll,0.0000,S,0,830
D,1311853,42,preroll,0.0000,S,0,830
D,1311947,42,preroll,0.0000,S,0,830
D,1312042,42,preroll,0.0000,S,0,830
D,1312138,42,preroll,0.0000,S,0,830
E,1312203,dispense start: mode rot rpm 55
D,1312234,42,dispense,0.0000,S,55,830
D,1312330,42,dispense,0.0000,S,55,830
D,1312426,42,dispense,0.0000,S,55,830
D,1312522,42,dispense,0.0000,S,55,831
D,1312618,42,dispense,0.0000,S,55,831
D,1312713,42,dispense,0.0000,S,55,831
D,1312809,42,dispense,0.0000,S,55,832
D,1312902,42,dispense,0.0045,U,55,832
D,1312997,42,dispense,0.0100,U,55,832
D,1313093,42,dispense,0.0198,U,55,833
D,1313189,42,dispense,0.0329,U,55,833
D,1313285,42,dispense,0.0459,U,55,833
D,1313381,42,dispense,0.0556,U,55,834
D,1313477,42,dispense,0.0604,U,55,834
D,1313572,42,dispense,0.0606,U,55,834
D,1313668,42,dispense,0.0585,U,55,835
D,1313762,42,dispense,0.0587,U,55,835
D,1313858,42,dispense,0.0645,U,55,835
D,1313954,42,dispense,0.0748,U,55,836
D,1314050,42,dispense,0.0851,U,55,836
D,1314146,42,dispense,0.0917,U,55,836
D,1314241,42,dispense,0.0949,U,55,837
D,1314337,42,dispense,0.0975,U,55,837
D,1314433,42,dispense,0.1023,U,55,837
D,1314529,42,dispense,0.1090,U,55,838
D,1314625,42,dispense,0.1147,U,55,838
D,1314719,42,dispense,0.1172,U,55,838
D,1314814,42,dispense,0.1180,U,55,839
D,1314910,42,dispense,0.1202,U,55,839
D,1315006,42,dispense,0.1252,U,55,839
D,1315102,42,dispense,0.1321,U,55,840
D,1315198,42,dispense,0.1401,U,55,840
D,1315294,42,dispense,0.1492,U,55,840
D,1315390,42,dispense,0.1588,U,55,841
D,1315486,42,dispense,0.1677,U,55,841
D,1315579,42,dispense,0.1747,U,55,841
D,1315675,42,dispense,0.1800,U,55,842
D,1315771,42,dispense,0.1838,U,55,842
D,1315867,42,dispense,0.1869,U,55,842
D,1315963,42,dispense,0.1909,U,55,843
D,1316058,42,dispense,0.1980,U,55,843
D,1316154,42,dispense,0.2089,U,55,843
D,1316250,42,dispense,0.2222,U,55,844
D,1316346,42,dispense,0.2354,U,55,844
D,1316440,42,dispense,0.2461,U,55,844
D,1316536,42,dispense,0.2532,U,55,845
D,1316632,42,dispense,0.2568,U,55,845
D,1316727,42,dispense,0.2573,U,55,845
D,1316823,42,dispense,0.2560,U,55,846
D,1316919,42,dispense,0.2557,U,55,846
D,1317015,42,dispense,0.2590,U,55,846
D,1317111,42,dispense,0.2671,U,55,847
D,1317207,42,dispense,0.2787,U,55,847
D,1317303,42,dispense,0.2917,U,55,847
D,1317396,42,dispense,0.3042,U,55,848
D,1317492,42,dispense,0.3148,U,55,848
D,1317588,42,dispense,0.3220,U,55,848
D,1317684,42,dispense,0.3260,U,55,849
D,1317780,42,dispense,0.3286,U,55,849
D,1317876,42,dispense,0.3323,U,55,849
D,1317972,42,dispense,0.3382,U,55,850
D,1318067,42,dispense,0.3456,U,55,850
D,1318163,42,dispense,0.3525,U,55,850
D,1318257,42,dispense,0.3576,U,55,851
D,1318353,42,dispense,0.3611,U,55,851
D,1318449,42,dispense,0.3648,U,55,851
D,1318545,42,dispense,0.3698,U,55,852
D,1318650,42,dispense,0.3761,U,55,852
D,1318742,42,dispense,0.3834,U,55,852
D,1318833,42,dispense,0.3904,U,55,853
D,1318928,42,dispense,0.3963,U,55,853
D,1319024,42,dispense,0.4006,U,55,853
D,1319120,42,dispense,0.4040,U,55,854
D,1319213,42,dispense,0.4081,U,55,854
D,1319309,42,dispense,0.4138,U,55,854
D,1319405,42,dispense,0.4209,U,55,855
D,1319501,42,dispense,0.4284,U,55,855
D,1319597,42,dispense,0.4358,U,55,855
D,1319693,42,dispense,0.4435,U,55,856
D,1319789,42,dispense,0.4522,U,55,856
D,1319884,42,dispense,0.4610,U,55,856
D,1319980,42,dispense,0.4681,U,55,857
D,1320074,42,dispense,0.4726,U,55,857
D,1320170,42,dispense,0.4753,U,55,857
D,1320266,42,dispense,0.4792,U,55,858
D,1320362,42,dispense,0.4866,U,55,858
D,1320457,42,dispense,0.4982,U,55,858
D,1320553,42,dispense,0.5131,U,55,859
E,1320558,TRIGGER 0.5131 g at t=8.32 s -- ALL STOP
D,1320650,42,settle,0.5302,U,0,859
D,1320745,42,settle,0.5475,U,0,859
D,1320841,42,settle,0.5621,U,0,859
D,1320935,42,settle,0.5724,U,0,859
D,1321030,42,settle,0.5780,U,0,859
D,1321126,42,settle,0.5785,U,0,859
D,1321222,42,settle,0.5725,U,0,859
D,1321318,42,settle,0.5602,U,0,859
D,1321414,42,settle,0.5448,U,0,859
D,1321510,42,settle,0.5314,U,0,859
D,1321606,42,settle,0.5228,U,0,859
D,1321701,42,settle,0.5186,U,0,859
D,1321797,42,settle,0.5170,U,0,859
D,1321891,42,settle,0.5163,U,0,859
D,1321987,42,settle,0.5160,U,0,859
D,1322083,42,settle,0.5159,U,0,859
D,1322179,42,settle,0.5159,U,0,859
D,1322275,42,settle,0.5161,U,0,859
D,1322371,42,settle,0.5162,U,0,859
D,1322466,42,settle,0.5162,U,0,859
D,1322562,42,settle,0.5162,U,0,859
D,1322658,42,settle,0.5162,U,0,859
D,1322752,42,settle,0.5162,S,0,859
D,1322848,42,settle,0.5162,S,0,859
D,1322944,42,settle,0.5163,S,0,859
D,1323040,42,settle,0.5164,U,0,859
D,1323135,42,settle,0.5165,U,0,859
D,1323231,42,settle,0.5166,U,0,859
D,1323327,42,settle,0.5167,U,0,859
D,1323423,42,settle,0.5167,U,0,859
D,1323519,42,settle,0.5168,U,0,859
D,1323613,42,settle,0.5168,U,0,859
D,1323708,42,settle,0.5168,U,0,859
D,1323804,42,settle,0.5168,S,0,859
D,1323900,42,settle,0.5168,S,0,859
D,1323996,42,settle,0.5168,S,0,859
D,1324092,42,settle,0.5169,S,0,859
D,1324188,42,settle,0.5170,U,0,859
D,1324284,42,settle,0.5172,U,0,859
D,1324379,42,settle,0.5173,U,0,859
D,1324475,42,settle,0.5174,U,0,859
D,1324569,42,settle,0.5175,U,0,859
D,1324665,42,settle,0.5176,U,0,859
D,1324761,42,settle,0.5176,U,0,859
D,1324857,42,settle,0.5177,U,0,859
D,1324953,42,settle,0.5177,U,0,859
D,1325048,42,settle,0.5177,U,0,859
D,1325144,42,settle,0.5178,U,0,859
D,1325240,42,settle,0.5178,U,0,859
D,1325336,42,settle,0.5178,S,0,859
D,1325430,42,settle,0.5178,S,0,859
D,1325526,42,settle,0.5179,U,0,859
D,1325621,42,settle,0.5179,S,0,859
D,1325717,42,settle,0.5180,U,0,859
D,1325813,42,settle,0.5181,U,0,859
D,1325909,42,settle,0.5181,U,0,859
D,1326005,42,settle,0.5182,U,0,859
D,1326101,42,settle,0.5182,U,0,859
D,1326197,42,settle,0.5181,S,0,859
D,1326293,42,settle,0.5181,S,0,859
D,1326386,42,settle,0.5181,S,0,859
D,1326482,42,settle,0.5181,S,0,859
D,1326578,42,settle,0.5181,S,0,859
D,1326674,42,settle,0.5181,S,0,859
D,1326770,42,settle,0.5180,S,0,859
D,1326866,42,settle,0.5180,S,0,859
D,1326961,42,settle,0.5180,S,0,859
D,1327057,42,settle,0.5180,S,0,859
D,1327153,42,settle,0.5180,S,0,859
D,1327247,42,settle,0.5180,S,0,859
D,1327343,42,settle,0.5180,S,0,859
D,1327439,42,settle,0.5180,S,0,859
D,1327535,42,settle,0.5180,S,0,859
D,1327630,42,settle,0.5180,S,0,859
D,1327726,42,settle,0.5180,S,0,859
D,1327822,42,settle,0.5180,S,0,859
D,1327918,42,settle,0.5180,S,0,859
D,1328014,42,settle,0.5180,S,0,859
D,1328108,42,settle,0.5180,S,0,859
D,1328204,42,settle,0.5179,S,0,859
D,1328300,42,settle,0.5179,S,0,859
D,1328395,42,settle,0.5179,S,0,859
D,1328491,42,settle,0.5179,S,0,859
D,1328587,42,settle,0.5179,S,0,859
P,1328684,42,55.0,1,settled,0.5179
D,1328779,42,settle,0.5179,S,0,859
D,1328875,42,settle,0.5179,S,0,859
D,1328971,42,settle,0.5179,S,0,859
D,1329064,42,settle,0.5179,S,0,859
D,1329160,42,settle,0.5179,S,0,859
D,1329256,42,settle,0.5179,S,0,859
D,1329352,42,settle,0.5179,S,0,859
D,1329448,42,settle,0.5179,S,0,859
D,1329544,42,settle,0.5179,S,0,859
D,1329640,42,settle,0.5179,S,0,859
D,1329736,42,settle,0.5179,S,0,859
D,1329838,42,settle,0.5179,S,0,859
D,1330032,42,settle,0.5179,S,0,859
D,1330213,42,settle,0.5179,S,0,859
D,1330309,42,settle,0.5179,S,0,859
D,1330405,42,settle,0.5179,S,0,859
D,1330500,42,settle,0.5179,S,0,859
D,1330596,42,settle,0.5175,U,0,859
D,1330691,42,settle,0.5175,U,0,859
D,1330785,42,settle,0.5175,U,0,859
D,1330881,42,settle,0.5175,U,0,859
D,1330977,42,settle,0.5176,U,0,859
D,1331073,42,settle,0.5176,S,0,859
D,1331169,42,settle,0.5176,S,0,859
D,1331264,42,settle,0.5176,S,0,859
D,1331360,42,settle,0.5175,S,0,859
D,1331456,42,settle,0.5175,S,0,859
D,1331552,42,settle,0.5175,S,0,859
D,1331648,42,settle,0.5175,S,0,859
P,1331743,42,55.0,1,settled2,0.5176
R,42,C8,55.0,1,55,0.50,rot,0.5131,8.36,0.5179,0.5176,0.5179,25.4678,29,ok
E,1331750,=== trial 43 : C8 tilt 55.0 rep 2 rpm 55 halt 0.50 mode rot (cum 25.47 g) ===
P,1337193,43,55.0,2,tare0,0.0006
D,1337289,43,preroll,0.0006,S,0,859
D,1337384,43,preroll,0.0006,S,0,859
D,1337480,43,preroll,0.0006,S,0,859
D,1337576,43,preroll,0.0006,S,0,859
D,1337672,43,preroll,0.0005,S,0,859
D,1337768,43,preroll,0.0004,U,0,859
D,1337864,43,preroll,0.0004,U,0,859
D,1337958,43,preroll,0.0003,U,0,859
D,1338053,43,preroll,0.0002,U,0,859
D,1338149,43,preroll,0.0001,U,0,859
D,1338245,43,preroll,0.0001,U,0,859
D,1338341,43,preroll,0.0001,U,0,859
D,1338437,43,preroll,0.0000,U,0,859
D,1338533,43,preroll,0.0000,U,0,859
D,1338629,43,preroll,0.0000,S,0,859
D,1338724,43,preroll,0.0000,S,0,859
E,1338789,dispense start: mode rot rpm 55
D,1338820,43,dispense,0.0000,S,55,859
D,1338914,43,dispense,0.0000,S,55,859
D,1339010,43,dispense,0.0000,S,55,859
D,1339106,43,dispense,0.0000,S,55,860
D,1339202,43,dispense,0.0000,S,55,860
D,1339298,43,dispense,0.0001,S,55,860
D,1339394,43,dispense,0.0001,S,55,861
D,1339489,43,dispense,0.0006,U,55,861
D,1339585,43,dispense,0.0107,U,55,861
D,1339680,43,dispense,0.0206,U,55,862
D,1339774,43,dispense,0.0331,U,55,862
D,1339870,43,dispense,0.0462,U,55,862
D,1339966,43,dispense,0.0596,U,55,863
D,1340062,43,dispense,0.0743,U,55,863
D,1340158,43,dispense,0.0904,U,55,863
D,1340253,43,dispense,0.1057,U,55,864
D,1340349,43,dispense,0.1165,U,55,864
D,1340445,43,dispense,0.1205,U,55,864
D,1340541,43,dispense,0.1193,U,55,865
D,1340637,43,dispense,0.1172,U,55,865
D,1340731,43,dispense,0.1176,U,55,865
D,1340827,43,dispense,0.1213,U,55,866
D,1340922,43,dispense,0.1272,U,55,866
D,1341018,43,dispense,0.1355,U,55,866
D,1341114,43,dispense,0.1472,U,55,867
D,1341210,43,dispense,0.1619,U,55,867
D,1341306,43,dispense,0.1761,U,55,867
D,1341402,43,dispense,0.1855,U,55,868
D,1341497,43,dispense,0.1891,U,55,868
D,1341591,43,dispense,0.1891,U,55,868
D,1341687,43,dispense,0.1880,U,55,869
D,1341783,43,dispense,0.1876,U,55,869
D,1341879,43,dispense,0.1895,U,55,869
D,1341975,43,dispense,0.1958,U,55,870
D,1342070,43,dispense,0.2071,U,55,870
D,1342166,43,dispense,0.2215,U,55,870
D,1342262,43,dispense,0.2357,U,55,871
D,1342367,43,dispense,0.2467,U,55,871
D,1342459,43,dispense,0.2532,U,55,871
D,1342655,43,dispense,0.2562,U,55,872
D,1342748,43,dispense,0.2563,U,55,872
D,1342841,43,dispense,0.2582,U,55,872
D,1342932,43,dispense,0.2631,U,55,873
D,1343027,43,dispense,0.2711,U,55,873
D,1343123,43,dispense,0.2815,U,55,873
D,1343219,43,dispense,0.2929,U,55,874
D,1343314,43,dispense,0.3032,U,55,874
D,1343408,43,dispense,0.3108,U,55,874
D,1343504,43,dispense,0.3163,U,55,875
D,1343600,43,dispense,0.3218,U,55,875
D,1343696,43,dispense,0.3286,U,55,875
D,1343792,43,dispense,0.3356,U,55,876
D,1343888,43,dispense,0.3415,U,55,876
D,1343983,43,dispense,0.3455,U,55,876
D,1344079,43,dispense,0.3487,U,55,877
D,1344175,43,dispense,0.3528,U,55,877
D,1344269,43,dispense,0.3593,U,55,877
D,1344365,43,dispense,0.3682,U,55,878
D,1344461,43,dispense,0.3787,U,55,878
D,1344556,43,dispense,0.3894,U,55,878
D,1344652,43,dispense,0.3982,U,55,879
D,1344748,43,dispense,0.4038,U,55,879
D,1344844,43,dispense,0.4063,U,55,879
D,1344940,43,dispense,0.4072,U,55,880
D,1345036,43,dispense,0.4080,U,55,880
D,1345130,43,dispense,0.4100,U,55,880
D,1345226,43,dispense,0.4140,U,55,881
D,1345321,43,dispense,0.4203,U,55,881
D,1345417,43,dispense,0.4290,U,55,881
D,1345513,43,dispense,0.4399,U,55,882
D,1345609,43,dispense,0.4515,U,55,882
D,1345705,43,dispense,0.4613,U,55,882
D,1345800,43,dispense,0.4672,U,55,883
D,1345896,43,dispense,0.4690,U,55,883
D,1345992,43,dispense,0.4695,U,55,883
D,1346086,43,dispense,0.4720,U,55,884
D,1346182,43,dispense,0.4779,U,55,884
D,1346278,43,dispense,0.4858,U,55,884
D,1346373,43,dispense,0.4926,U,55,885
D,1346470,43,dispense,0.4960,U,55,885
D,1346565,43,dispense,0.4973,U,55,885
D,1346661,43,dispense,0.4998,U,55,886
D,1346757,43,dispense,0.5058,U,55,886
E,1346762,TRIGGER 0.5058 g at t=7.88 s -- ALL STOP
D,1346854,43,settle,0.5142,U,0,886
D,1346947,43,settle,0.5223,U,0,886
D,1347042,43,settle,0.5283,U,0,886
D,1347139,43,settle,0.5321,U,0,886
D,1347234,43,settle,0.5340,U,0,886
D,1347330,43,settle,0.5326,U,0,886
D,1347426,43,settle,0.5271,U,0,886
D,1347522,43,settle,0.5186,U,0,886
D,1347618,43,settle,0.5101,U,0,886
D,1347713,43,settle,0.5042,U,0,886
D,1347809,43,settle,0.5012,U,0,886
D,1347903,43,settle,0.5001,U,0,886
D,1347999,43,settle,0.4997,U,0,886
D,1348095,43,settle,0.4997,U,0,886
D,1348191,43,settle,0.4997,U,0,886
D,1348287,43,settle,0.4995,U,0,886
D,1348382,43,settle,0.4991,U,0,886
D,1348478,43,settle,0.4989,U,0,886
D,1348574,43,settle,0.4988,U,0,886
D,1348670,43,settle,0.4988,U,0,886
D,1348764,43,settle,0.4989,U,0,886
D,1348860,43,settle,0.4989,U,0,886
D,1348956,43,settle,0.4989,S,0,886
D,1349051,43,settle,0.4988,S,0,886
D,1349147,43,settle,0.4986,U,0,886
D,1349243,43,settle,0.4984,U,0,886
D,1349339,43,settle,0.4983,U,0,886
D,1349435,43,settle,0.4983,U,0,886
D,1349531,43,settle,0.4982,U,0,886
D,1349625,43,settle,0.4982,U,0,886
D,1349721,43,settle,0.4981,U,0,886
D,1349816,43,settle,0.4981,U,0,886
D,1349912,43,settle,0.4981,U,0,886
D,1350008,43,settle,0.4981,S,0,886
D,1350104,43,settle,0.4980,U,0,886
D,1350200,43,settle,0.4980,S,0,886
D,1350296,43,settle,0.4980,S,0,886
D,1350392,43,settle,0.4980,S,0,886
D,1350487,43,settle,0.4980,S,0,886
D,1350581,43,settle,0.4980,S,0,886
D,1350677,43,settle,0.4979,S,0,886
D,1350773,43,settle,0.4978,U,0,886
D,1350869,43,settle,0.4978,U,0,886
D,1350965,43,settle,0.4978,U,0,886
D,1351060,43,settle,0.4979,S,0,886
D,1351156,43,settle,0.4980,U,0,886
D,1351252,43,settle,0.4980,U,0,886
D,1351348,43,settle,0.4980,U,0,886
D,1351442,43,settle,0.4981,U,0,886
D,1351538,43,settle,0.4981,U,0,886
D,1351634,43,settle,0.4981,S,0,886
D,1351729,43,settle,0.4981,S,0,886
D,1351825,43,settle,0.4981,S,0,886
D,1351921,43,settle,0.4981,S,0,886
D,1352017,43,settle,0.4981,S,0,886
D,1352113,43,settle,0.4982,S,0,886
D,1352209,43,settle,0.4982,S,0,886
D,1352309,43,settle,0.4982,S,0,886
D,1352399,43,settle,0.4982,S,0,886
D,1352494,43,settle,0.4984,U,0,886
D,1352590,43,settle,0.4985,U,0,886
D,1352686,43,settle,0.4986,U,0,886
D,1352782,43,settle,0.4987,U,0,886
D,1352877,43,settle,0.4987,U,0,886
D,1352974,43,settle,0.4988,U,0,886
D,1353069,43,settle,0.4988,U,0,886
D,1353165,43,settle,0.4988,U,0,886
D,1353259,43,settle,0.4987,S,0,886
D,1353355,43,settle,0.4986,U,0,886
D,1353451,43,settle,0.4986,U,0,886
D,1353546,43,settle,0.4986,U,0,886
D,1353642,43,settle,0.4987,S,0,886
D,1353738,43,settle,0.4988,U,0,886
D,1353834,43,settle,0.4989,U,0,886
D,1353930,43,settle,0.4990,U,0,886
D,1354026,43,settle,0.4990,U,0,886
D,1354119,43,settle,0.4990,U,0,886
D,1354215,43,settle,0.4991,U,0,886
D,1354311,43,settle,0.4990,S,0,886
D,1354407,43,settle,0.4990,S,0,886
D,1354503,43,settle,0.4989,U,0,886
D,1354599,43,settle,0.4988,U,0,886
D,1354695,43,settle,0.4987,U,0,886
D,1354791,43,settle,0.4987,U,0,886
P,1355268,43,55.0,2,settled,0.4986
D,1355364,43,settle,0.4987,S,0,886
D,1355460,43,settle,0.4987,S,0,886
D,1355555,43,settle,0.4986,S,0,886
D,1355651,43,settle,0.4986,S,0,886
D,1355747,43,settle,0.4985,U,0,886
D,1355843,43,settle,0.4985,U,0,886
D,1355936,43,settle,0.4985,U,0,886
D,1356033,43,settle,0.4985,S,0,886
D,1356128,43,settle,0.4985,S,0,886
D,1356224,43,settle,0.4985,S,0,886
D,1356320,43,settle,0.4985,S,0,886
D,1356416,43,settle,0.4986,S,0,886
D,1356512,43,settle,0.4987,U,0,886
D,1356608,43,settle,0.4988,U,0,886
D,1356704,43,settle,0.4988,U,0,886
D,1356797,43,settle,0.4990,U,0,886
D,1356893,43,settle,0.4990,U,0,886
D,1356989,43,settle,0.4991,U,0,886
D,1357085,43,settle,0.4991,U,0,886
D,1357181,43,settle,0.4992,U,0,886
D,1357276,43,settle,0.4993,U,0,886
D,1357372,43,settle,0.4993,U,0,886
D,1357468,43,settle,0.4993,U,0,886
D,1357564,43,settle,0.4993,U,0,886
D,1357660,43,settle,0.4992,S,0,886
D,1357754,43,settle,0.4992,S,0,886
D,1357849,43,settle,0.4991,U,0,886
D,1357945,43,settle,0.4991,U,0,886
D,1358041,43,settle,0.4991,U,0,886
D,1358137,43,settle,0.4991,S,0,886
D,1358233,43,settle,0.4991,S,0,886
P,1358330,43,55.0,2,settled2,0.4992
R,43,C8,55.0,2,55,0.50,rot,0.5058,7.98,0.4986,0.4992,0.4986,25.9664,27,ok
E,1358338,=== trial 44 : C8 tilt 55.0 rep 2 rpm 55 halt 0.50 mode auger (cum 25.97 g) ===
P,1360151,44,55.0,2,tare0,0.0000
D,1360243,44,preroll,0.0000,S,0,886
D,1360338,44,preroll,0.0000,S,0,886
D,1360431,44,preroll,0.0000,S,0,886
D,1360528,44,preroll,0.0000,S,0,886
D,1360623,44,preroll,0.0000,S,0,886
D,1360719,44,preroll,0.0000,S,0,886
D,1360815,44,preroll,0.0000,S,0,886
D,1360911,44,preroll,0.0000,S,0,886
D,1361007,44,preroll,0.0000,S,0,886
D,1361103,44,preroll,0.0000,S,0,886
D,1361198,44,preroll,0.0000,S,0,886
D,1361292,44,preroll,0.0000,S,0,886
D,1361388,44,preroll,0.0000,S,0,886
D,1361484,44,preroll,0.0000,S,0,886
D,1361580,44,preroll,0.0000,S,0,886
D,1361676,44,preroll,0.0000,S,0,886
E,1361740,dispense start: mode auger rpm 55
D,1361772,44,dispense,0.0000,S,55,886
D,1361867,44,dispense,0.0000,S,55,886
D,1361964,44,dispense,0.0000,S,55,886
D,1362059,44,dispense,0.0004,U,55,886
D,1362155,44,dispense,0.0004,U,55,886
D,1362248,44,dispense,0.0005,U,55,886
D,1362344,44,dispense,0.0006,U,55,886
D,1362440,44,dispense,0.0088,U,55,886
D,1362535,44,dispense,0.0156,U,55,886
D,1362631,44,dispense,0.0245,U,55,886
D,1362727,44,dispense,0.0351,U,55,886
D,1362823,44,dispense,0.0472,U,55,886
D,1362919,44,dispense,0.0599,U,55,886
D,1363015,44,dispense,0.0713,U,55,886
D,1363108,44,dispense,0.0791,U,55,886
D,1363204,44,dispense,0.0830,U,55,886
D,1363300,44,dispense,0.0850,U,55,886
D,1363396,44,dispense,0.0876,U,55,886
D,1363492,44,dispense,0.0920,U,55,886
D,1363588,44,dispense,0.0970,U,55,886
D,1363684,44,dispense,0.1006,U,55,886
D,1363780,44,dispense,0.1026,U,55,886
D,1363875,44,dispense,0.1047,U,55,886
D,1363969,44,dispense,0.1089,U,55,886
D,1364065,44,dispense,0.1154,U,55,886
D,1364161,44,dispense,0.1230,U,55,886
D,1364266,44,dispense,0.1298,U,55,886
D,1364358,44,dispense,0.1337,U,55,886
D,1364451,44,dispense,0.1336,U,55,886
D,1364544,44,dispense,0.1309,U,55,886
D,1364640,44,dispense,0.1292,U,55,886
D,1364736,44,dispense,0.1312,U,55,886
D,1364832,44,dispense,0.1371,U,55,886
D,1364926,44,dispense,0.1448,U,55,886
D,1365022,44,dispense,0.1522,U,55,886
D,1365117,44,dispense,0.1582,U,55,886
D,1365213,44,dispense,0.1626,U,55,886
D,1365309,44,dispense,0.1655,U,55,886
D,1365405,44,dispense,0.1683,U,55,886
D,1365501,44,dispense,0.1717,U,55,886
D,1365597,44,dispense,0.1750,U,55,886
D,1365692,44,dispense,0.1773,U,55,886
D,1365786,44,dispense,0.1798,U,55,886
D,1365882,44,dispense,0.1847,U,55,886
D,1365978,44,dispense,0.1932,U,55,886
D,1366074,44,dispense,0.2038,U,55,886
D,1366170,44,dispense,0.2140,U,55,886
D,1366265,44,dispense,0.2214,U,55,886
D,1366361,44,dispense,0.2244,U,55,886
D,1366457,44,dispense,0.2228,U,55,886
D,1366553,44,dispense,0.2186,U,55,886
D,1366647,44,dispense,0.2154,U,55,886
D,1366743,44,dispense,0.2158,U,55,886
D,1366839,44,dispense,0.2199,U,55,886
D,1366934,44,dispense,0.2255,U,55,886
D,1367030,44,dispense,0.2309,U,55,886
D,1367126,44,dispense,0.2371,U,55,886
D,1367222,44,dispense,0.2460,U,55,886
D,1367318,44,dispense,0.2569,U,55,886
D,1367414,44,dispense,0.2659,U,55,886
D,1367510,44,dispense,0.2696,U,55,886
D,1367603,44,dispense,0.2683,U,55,886
D,1367699,44,dispense,0.2657,U,55,886
D,1367795,44,dispense,0.2654,U,55,886
D,1367891,44,dispense,0.2686,U,55,886
D,1367987,44,dispense,0.2743,U,55,886
D,1368083,44,dispense,0.2807,U,55,886
D,1368178,44,dispense,0.2873,U,55,886
D,1368274,44,dispense,0.2944,U,55,886
D,1368370,44,dispense,0.3013,U,55,886
D,1368464,44,dispense,0.3059,U,55,886
D,1368560,44,dispense,0.3072,U,55,886
D,1368656,44,dispense,0.3065,U,55,886
D,1368751,44,dispense,0.3070,U,55,886
D,1368847,44,dispense,0.3106,U,55,886
D,1368943,44,dispense,0.3170,U,55,886
D,1369039,44,dispense,0.3245,U,55,886
D,1369135,44,dispense,0.3312,U,55,886
D,1369231,44,dispense,0.3368,U,55,886
D,1369327,44,dispense,0.3414,U,55,886
D,1369420,44,dispense,0.3450,U,55,886
D,1369516,44,dispense,0.3475,U,55,886
D,1369612,44,dispense,0.3493,U,55,886
D,1369708,44,dispense,0.3515,U,55,886
D,1369804,44,dispense,0.3549,U,55,886
D,1369900,44,dispense,0.3588,U,55,886
D,1369995,44,dispense,0.3629,U,55,886
D,1370091,44,dispense,0.3675,U,55,886
D,1370187,44,dispense,0.3729,U,55,886
D,1370281,44,dispense,0.3785,U,55,886
D,1370377,44,dispense,0.3826,U,55,886
D,1370473,44,dispense,0.3850,U,55,886
D,1370569,44,dispense,0.3870,U,55,886
D,1370664,44,dispense,0.3893,U,55,886
D,1370760,44,dispense,0.3916,U,55,886
D,1370856,44,dispense,0.3938,U,55,886
D,1370952,44,dispense,0.3971,U,55,886
D,1371048,44,dispense,0.4018,U,55,886
D,1371142,44,dispense,0.4070,U,55,886
D,1371237,44,dispense,0.4120,U,55,886
D,1371342,44,dispense,0.4165,U,55,886
D,1371434,44,dispense,0.4212,U,55,886
D,1371527,44,dispense,0.4265,U,55,886
D,1371621,44,dispense,0.4320,U,55,886
D,1371717,44,dispense,0.4368,U,55,886
D,1371813,44,dispense,0.4409,U,55,886
D,1371908,44,dispense,0.4448,U,55,886
D,1372004,44,dispense,0.4488,U,55,886
D,1372098,44,dispense,0.4516,U,55,886
D,1372194,44,dispense,0.4528,U,55,886
D,1372290,44,dispense,0.4540,U,55,886
D,1372386,44,dispense,0.4572,U,55,886
D,1372481,44,dispense,0.4627,U,55,886
D,1372577,44,dispense,0.4699,U,55,886
D,1372673,44,dispense,0.4780,U,55,886
D,1372769,44,dispense,0.4862,U,55,886
D,1372865,44,dispense,0.4935,U,55,886
D,1372959,44,dispense,0.4983,U,55,886
D,1373054,44,dispense,0.5001,U,55,886
E,1373059,TRIGGER 0.5001 g at t=11.22 s -- ALL STOP
D,1373151,44,settle,0.4999,U,0,886
D,1373246,44,settle,0.5001,U,0,886
D,1373342,44,settle,0.5028,U,0,886
D,1373438,44,settle,0.5075,U,0,886
D,1373534,44,settle,0.5116,U,0,886
D,1373630,44,settle,0.5122,U,0,886
D,1373725,44,settle,0.5085,U,0,886
D,1373819,44,settle,0.5022,U,0,886
D,1373915,44,settle,0.4961,U,0,886
D,1374011,44,settle,0.4917,U,0,886
D,1374107,44,settle,0.4890,U,0,886
D,1374203,44,settle,0.4873,U,0,886
D,1374298,44,settle,0.4860,U,0,886
D,1374395,44,settle,0.4850,U,0,886
D,1374490,44,settle,0.4842,U,0,886
D,1374586,44,settle,0.4839,U,0,886
D,1374682,44,settle,0.4843,U,0,886
D,1374776,44,settle,0.4850,U,0,886
D,1374872,44,settle,0.4854,U,0,886
D,1374967,44,settle,0.4856,U,0,886
D,1375063,44,settle,0.4856,U,0,886
D,1375159,44,settle,0.4854,U,0,886
D,1375255,44,settle,0.4852,U,0,886
D,1375351,44,settle,0.4849,U,0,886
D,1375447,44,settle,0.4847,U,0,886
D,1375543,44,settle,0.4846,U,0,886
D,1375637,44,settle,0.4846,U,0,886
D,1375732,44,settle,0.4847,U,0,886
D,1375828,44,settle,0.4847,U,0,886
D,1375924,44,settle,0.4848,U,0,886
D,1376020,44,settle,0.4849,U,0,886
D,1376116,44,settle,0.4851,U,0,886
D,1376212,44,settle,0.4852,U,0,886
D,1376308,44,settle,0.4853,U,0,886
D,1376403,44,settle,0.4854,U,0,886
D,1376499,44,settle,0.4855,U,0,886
D,1376593,44,settle,0.4856,U,0,886
D,1376689,44,settle,0.4857,U,0,886
D,1376785,44,settle,0.4857,U,0,886
D,1376881,44,settle,0.4857,U,0,886
D,1376977,44,settle,0.4856,S,0,886
D,1377073,44,settle,0.4856,S,0,886
D,1377168,44,settle,0.4856,S,0,886
D,1377264,44,settle,0.4857,S,0,886
D,1377360,44,settle,0.4859,U,0,886
D,1377454,44,settle,0.4861,U,0,886
D,1377550,44,settle,0.4863,U,0,886
D,1377646,44,settle,0.4863,U,0,886
D,1377741,44,settle,0.4863,U,0,886
D,1377837,44,settle,0.4863,U,0,886
D,1377933,44,settle,0.4862,S,0,886
D,1378029,44,settle,0.4861,U,0,886
D,1378125,44,settle,0.4860,U,0,886
D,1378221,44,settle,0.4859,U,0,886
D,1378315,44,settle,0.4857,U,0,886
D,1378410,44,settle,0.4856,U,0,886
D,1378506,44,settle,0.4856,U,0,886
D,1378602,44,settle,0.4856,U,0,886
D,1378698,44,settle,0.4856,U,0,886
D,1378794,44,settle,0.4855,U,0,886
D,1378890,44,settle,0.4855,S,0,886
D,1378986,44,settle,0.4855,S,0,886
D,1379081,44,settle,0.4855,S,0,886
D,1379177,44,settle,0.4854,U,0,886
D,1379271,44,settle,0.4853,U,0,886
D,1379367,44,settle,0.4852,U,0,886
D,1379463,44,settle,0.4851,U,0,886
D,1379559,44,settle,0.4850,U,0,886
D,1379654,44,settle,0.4851,U,0,886
D,1379750,44,settle,0.4851,U,0,886
D,1379846,44,settle,0.4852,U,0,886
D,1379942,44,settle,0.4853,U,0,886
D,1380038,44,settle,0.4854,U,0,886
D,1380132,44,settle,0.4855,U,0,886
D,1380227,44,settle,0.4855,U,0,886
D,1380323,44,settle,0.4855,U,0,886
D,1380419,44,settle,0.4855,U,0,886
D,1380515,44,settle,0.4855,S,0,886
D,1380611,44,settle,0.4855,S,0,886
D,1380707,44,settle,0.4855,S,0,886
D,1380803,44,settle,0.4855,S,0,886
D,1380899,44,settle,0.4855,S,0,886
D,1380992,44,settle,0.4856,S,0,886
D,1381088,44,settle,0.4856,S,0,886
P,1381185,44,55.0,2,settled,0.4856
D,1381280,44,settle,0.4856,S,0,886
D,1381376,44,settle,0.4856,S,0,886
D,1381471,44,settle,0.4856,S,0,886
D,1381567,44,settle,0.4856,S,0,886
D,1381663,44,settle,0.4856,S,0,886
D,1381759,44,settle,0.4855,S,0,886
D,1381855,44,settle,0.4855,S,0,886
D,1381949,44,settle,0.4855,S,0,886
D,1382044,44,settle,0.4854,U,0,886
D,1382153,44,settle,0.4854,U,0,886
D,1382332,44,settle,0.4854,S,0,886
D,1382428,44,settle,0.4854,S,0,886
D,1382524,44,settle,0.4855,S,0,886
D,1382620,44,settle,0.4855,S,0,886
D,1382716,44,settle,0.4855,S,0,886
D,1382810,44,settle,0.4856,U,0,886
D,1382905,44,settle,0.4856,U,0,886
D,1383001,44,settle,0.4856,S,0,886
D,1383097,44,settle,0.4856,S,0,886
D,1383193,44,settle,0.4857,U,0,886
D,1383289,44,settle,0.4857,S,0,886
D,1383385,44,settle,0.4857,S,0,886
D,1383480,44,settle,0.4860,U,0,886
D,1383576,44,settle,0.4861,U,0,886
D,1383672,44,settle,0.4861,U,0,886
D,1383766,44,settle,0.4861,U,0,886
D,1383862,44,settle,0.4861,U,0,886
D,1383958,44,settle,0.4861,S,0,886
D,1384053,44,settle,0.4861,S,0,886
D,1384149,44,settle,0.4861,S,0,886
P,1384246,44,55.0,2,settled2,0.4860
R,44,C8,55.0,2,55,0.50,auger,0.5001,11.32,0.4856,0.4860,0.4856,26.4520,0,ok
E,1384253,=== trial 45 : C8 tilt 55.0 rep 3 rpm 55 halt 0.50 mode auger (cum 26.45 g) ===
P,1386067,45,55.0,3,tare0,0.0000
D,1386159,45,preroll,0.0000,S,0,886
D,1386254,45,preroll,0.0000,S,0,886
D,1386350,45,preroll,0.0000,S,0,886
D,1386443,45,preroll,0.0003,U,0,886
D,1386539,45,preroll,0.0004,U,0,886
D,1386635,45,preroll,0.0005,U,0,886
D,1386731,45,preroll,0.0006,U,0,886
D,1386827,45,preroll,0.0007,U,0,886
D,1386923,45,preroll,0.0008,U,0,886
D,1387019,45,preroll,0.0008,U,0,886
D,1387114,45,preroll,0.0008,U,0,886
D,1387210,45,preroll,-0.0006,U,0,886
D,1387304,45,preroll,-0.0006,U,0,886
D,1387399,45,preroll,-0.0006,U,0,886
D,1387495,45,preroll,-0.0005,U,0,886
D,1387591,45,preroll,-0.0003,U,0,886
E,1387656,dispense start: mode auger rpm 55
D,1387688,45,dispense,-0.0001,U,55,886
D,1387783,45,dispense,0.0001,U,55,886
D,1387879,45,dispense,0.0002,U,55,886
D,1387975,45,dispense,0.0002,U,55,886
D,1388071,45,dispense,0.0002,U,55,886
D,1388164,45,dispense,0.0004,U,55,886
D,1388260,45,dispense,0.0073,U,55,886
D,1388356,45,dispense,0.0159,U,55,886
D,1388452,45,dispense,0.0264,U,55,886
D,1388548,45,dispense,0.0371,U,55,886
D,1388643,45,dispense,0.0478,U,55,886
D,1388739,45,dispense,0.0586,U,55,886
D,1388835,45,dispense,0.0685,U,55,886
D,1388931,45,dispense,0.0755,U,55,886
D,1389027,45,dispense,0.0791,U,55,886
D,1389121,45,dispense,0.0808,U,55,886
D,1389216,45,dispense,0.0829,U,55,886
D,1389312,45,dispense,0.0863,U,55,886
D,1389408,45,dispense,0.0913,U,55,886
D,1389504,45,dispense,0.0980,U,55,886
D,1389600,45,dispense,0.1067,U,55,886
D,1389696,45,dispense,0.1158,U,55,886
D,1389792,45,dispense,0.1224,U,55,886
D,1389887,45,dispense,0.1250,U,55,886
D,1389981,45,dispense,0.1238,U,55,886
D,1390077,45,dispense,0.1209,U,55,886
D,1390173,45,dispense,0.1184,U,55,886
D,1390269,45,dispense,0.1188,U,55,886
D,1390365,45,dispense,0.1214,U,55,886
D,1390460,45,dispense,0.1335,U,55,886
D,1390556,45,dispense,0.1457,U,55,886
D,1390652,45,dispense,0.1574,U,55,886
D,1390748,45,dispense,0.1652,U,55,886
D,1390842,45,dispense,0.1668,U,55,886
D,1390938,45,dispense,0.1625,U,55,886
D,1391033,45,dispense,0.1558,U,55,886
D,1391129,45,dispense,0.1510,U,55,886
D,1391225,45,dispense,0.1504,U,55,886
D,1391321,45,dispense,0.1535,U,55,886
D,1391417,45,dispense,0.1589,U,55,886
D,1391513,45,dispense,0.1658,U,55,886
D,1391609,45,dispense,0.1744,U,55,886
D,1391704,45,dispense,0.1840,U,55,886
D,1391798,45,dispense,0.1932,U,55,886
D,1391894,45,dispense,0.2003,U,55,886
D,1391990,45,dispense,0.2051,U,55,886
D,1392086,45,dispense,0.2083,U,55,886
D,1392182,45,dispense,0.2107,U,55,886
D,1392277,45,dispense,0.2130,U,55,886
D,1392385,45,dispense,0.2151,U,55,886
D,1392477,45,dispense,0.2177,U,55,886
D,1392570,45,dispense,0.2211,U,55,886
D,1392663,45,dispense,0.2255,U,55,886
D,1392756,45,dispense,0.2307,U,55,886
D,1392851,45,dispense,0.2365,U,55,886
D,1392946,45,dispense,0.2416,U,55,886
D,1393042,45,dispense,0.2449,U,55,886
D,1393138,45,dispense,0.2469,U,55,886
D,1393234,45,dispense,0.2484,U,55,886
D,1393330,45,dispense,0.2502,U,55,886
D,1393426,45,dispense,0.2526,U,55,886
D,1393521,45,dispense,0.2560,U,55,886
D,1393616,45,dispense,0.2603,U,55,886
D,1393711,45,dispense,0.2651,U,55,886
D,1393807,45,dispense,0.2706,U,55,886
D,1393903,45,dispense,0.2775,U,55,886
D,1393999,45,dispense,0.2856,U,55,886
D,1394095,45,dispense,0.2935,U,55,886
D,1394191,45,dispense,0.3000,U,55,886
D,1394286,45,dispense,0.3048,U,55,886
D,1394382,45,dispense,0.3081,U,55,886
D,1394476,45,dispense,0.3102,U,55,886
D,1394572,45,dispense,0.3118,U,55,886
D,1394668,45,dispense,0.3146,U,55,886
D,1394763,45,dispense,0.3197,U,55,886
D,1394859,45,dispense,0.3271,U,55,886
D,1394955,45,dispense,0.3355,U,55,886
D,1395051,45,dispense,0.3440,U,55,886
D,1395147,45,dispense,0.3516,U,55,886
D,1395243,45,dispense,0.3569,U,55,886
D,1395337,45,dispense,0.3585,U,55,886
D,1395432,45,dispense,0.3562,U,55,886
D,1395528,45,dispense,0.3515,U,55,886
D,1395624,45,dispense,0.3473,U,55,886
D,1395720,45,dispense,0.3461,U,55,886
D,1395816,45,dispense,0.3498,U,55,886
D,1395912,45,dispense,0.3592,U,55,886
D,1396008,45,dispense,0.3739,U,55,886
D,1396103,45,dispense,0.3915,U,55,886
D,1396199,45,dispense,0.4067,U,55,886
D,1396293,45,dispense,0.4144,U,55,886
D,1396389,45,dispense,0.4136,U,55,886
D,1396485,45,dispense,0.4078,U,55,886
D,1396581,45,dispense,0.4014,U,55,886
D,1396676,45,dispense,0.3964,U,55,886
D,1396772,45,dispense,0.3937,U,55,886
D,1396868,45,dispense,0.3945,U,55,886
D,1396964,45,dispense,0.4005,U,55,886
D,1397060,45,dispense,0.4118,U,55,886
D,1397154,45,dispense,0.4256,U,55,886
D,1397250,45,dispense,0.4372,U,55,886
D,1397345,45,dispense,0.4432,U,55,886
D,1397441,45,dispense,0.4440,U,55,886
D,1397537,45,dispense,0.4420,U,55,886
D,1397633,45,dispense,0.4398,U,55,886
D,1397729,45,dispense,0.4391,U,55,886
D,1397825,45,dispense,0.4409,U,55,886
D,1397920,45,dispense,0.4435,U,55,886
D,1398016,45,dispense,0.4547,U,55,886
D,1398110,45,dispense,0.4652,U,55,886
D,1398206,45,dispense,0.4749,U,55,886
D,1398302,45,dispense,0.4822,U,55,886
D,1398398,45,dispense,0.4868,U,55,886
D,1398493,45,dispense,0.4890,U,55,886
D,1398589,45,dispense,0.4892,U,55,886
D,1398685,45,dispense,0.4879,U,55,886
D,1398781,45,dispense,0.4864,U,55,886
D,1398877,45,dispense,0.4863,U,55,886
D,1398971,45,dispense,0.4879,U,55,886
D,1399067,45,dispense,0.4964,U,55,886
D,1399162,45,dispense,0.5052,U,55,886
E,1399167,TRIGGER 0.5052 g at t=11.42 s -- ALL STOP
D,1399259,45,settle,0.5135,U,0,886
D,1399354,45,settle,0.5202,U,0,886
D,1399450,45,settle,0.5251,U,0,886
D,1399550,45,settle,0.5280,U,0,886
D,1399642,45,settle,0.5282,U,0,886
D,1399737,45,settle,0.5248,U,0,886
D,1399831,45,settle,0.5170,U,0,886
D,1399927,45,settle,0.5051,U,0,886
D,1400023,45,settle,0.4923,U,0,886
D,1400119,45,settle,0.4821,U,0,886
D,1400215,45,settle,0.4760,U,0,886
D,1400311,45,settle,0.4730,U,0,886
D,1400406,45,settle,0.4717,U,0,886
D,1400502,45,settle,0.4712,U,0,886
D,1400598,45,settle,0.4714,U,0,886
D,1400694,45,settle,0.4721,U,0,886
D,1400788,45,settle,0.4728,U,0,886
D,1400884,45,settle,0.4730,U,0,886
D,1400980,45,settle,0.4732,U,0,886
D,1401075,45,settle,0.4732,U,0,886
D,1401171,45,settle,0.4732,U,0,886
D,1401267,45,settle,0.4730,U,0,886
D,1401363,45,settle,0.4729,U,0,886
D,1401459,45,settle,0.4726,U,0,886
D,1401555,45,settle,0.4724,U,0,886
D,1401649,45,settle,0.4722,U,0,886
D,1401745,45,settle,0.4720,U,0,886
D,1401840,45,settle,0.4719,U,0,886
D,1401936,45,settle,0.4717,U,0,886
D,1402032,45,settle,0.4716,U,0,886
D,1402128,45,settle,0.4715,U,0,886
D,1402224,45,settle,0.4714,U,0,886
D,1402320,45,settle,0.4713,U,0,886
D,1402416,45,settle,0.4713,U,0,886
D,1402509,45,settle,0.4713,U,0,886
D,1402605,45,settle,0.4713,U,0,886
D,1402701,45,settle,0.4712,U,0,886
D,1402797,45,settle,0.4711,U,0,886
D,1402893,45,settle,0.4710,U,0,886
D,1402989,45,settle,0.4710,U,0,886
D,1403084,45,settle,0.4710,U,0,886
D,1403180,45,settle,0.4710,U,0,886
D,1403276,45,settle,0.4710,S,0,886
D,1403372,45,settle,0.4711,S,0,886
D,1403466,45,settle,0.4711,S,0,886
D,1403562,45,settle,0.4712,U,0,886
D,1403658,45,settle,0.4713,U,0,886
D,1403754,45,settle,0.4714,U,0,886
D,1403849,45,settle,0.4716,U,0,886
D,1403945,45,settle,0.4716,U,0,886
D,1404041,45,settle,0.4719,U,0,886
D,1404137,45,settle,0.4720,U,0,886
D,1404233,45,settle,0.4722,U,0,886
D,1404326,45,settle,0.4723,U,0,886
D,1404422,45,settle,0.4725,U,0,886
D,1404518,45,settle,0.4726,U,0,886
D,1404614,45,settle,0.4727,U,0,886
D,1404710,45,settle,0.4728,U,0,886
D,1404806,45,settle,0.4728,U,0,886
D,1404902,45,settle,0.4729,U,0,886
D,1404998,45,settle,0.4728,U,0,886
D,1405093,45,settle,0.4728,S,0,886
D,1405189,45,settle,0.4727,U,0,886
D,1405283,45,settle,0.4727,U,0,886
D,1405379,45,settle,0.4728,S,0,886
D,1405475,45,settle,0.4728,S,0,886
D,1405570,45,settle,0.4728,S,0,886
D,1405666,45,settle,0.4728,S,0,886
D,1405762,45,settle,0.4727,S,0,886
D,1405858,45,settle,0.4727,S,0,886
D,1405954,45,settle,0.4726,U,0,886
D,1406050,45,settle,0.4725,U,0,886
D,1406144,45,settle,0.4725,U,0,886
D,1406240,45,settle,0.4724,U,0,886
D,1406335,45,settle,0.4724,U,0,886
D,1406431,45,settle,0.4722,U,0,886
D,1406527,45,settle,0.4721,U,0,886
D,1406623,45,settle,0.4721,U,0,886
D,1406719,45,settle,0.4720,U,0,886
D,1406814,45,settle,0.4720,U,0,886
D,1406910,45,settle,0.4721,S,0,886
D,1407004,45,settle,0.4721,S,0,886
D,1407100,45,settle,0.4723,U,0,886
D,1407196,45,settle,0.4724,U,0,886
P,1409205,45,55.0,3,settled,0.4742
D,1409301,45,settle,0.4741,S,0,886
D,1409396,45,settle,0.4740,U,0,886
D,1409492,45,settle,0.4739,U,0,886
D,1409588,45,settle,0.4738,U,0,886
D,1409682,45,settle,0.4736,U,0,886
D,1409778,45,settle,0.4736,U,0,886
D,1409874,45,settle,0.4735,U,0,886
D,1409969,45,settle,0.4736,U,0,886
D,1410065,45,settle,0.4736,U,0,886
D,1410161,45,settle,0.4736,S,0,886
D,1410257,45,settle,0.4736,S,0,886
D,1410353,45,settle,0.4736,S,0,886
D,1410449,45,settle,0.4735,S,0,886
D,1410544,45,settle,0.4734,U,0,886
D,1410638,45,settle,0.4733,U,0,886
D,1410734,45,settle,0.4732,U,0,886
D,1410830,45,settle,0.4731,U,0,886
D,1410926,45,settle,0.4729,U,0,886
D,1411022,45,settle,0.4728,U,0,886
D,1411118,45,settle,0.4727,U,0,886
D,1411213,45,settle,0.4727,U,0,886
D,1411309,45,settle,0.4727,U,0,886
D,1411405,45,settle,0.4727,U,0,886
D,1411499,45,settle,0.4726,U,0,886
D,1411595,45,settle,0.4726,S,0,886
D,1411691,45,settle,0.4726,S,0,886
D,1411786,45,settle,0.4725,U,0,886
D,1411882,45,settle,0.4725,U,0,886
D,1411978,45,settle,0.4725,S,0,886
D,1412074,45,settle,0.4726,S,0,886
D,1412170,45,settle,0.4727,U,0,886
P,1413030,45,55.0,3,settled2,0.4731
R,45,C8,55.0,3,55,0.50,auger,0.5052,11.52,0.4742,0.4731,0.4742,26.9262,0,ok
E,1413038,=== trial 46 : C8 tilt 55.0 rep 3 rpm 55 halt 0.50 mode rot (cum 26.93 g) ===
P,1417150,46,55.0,3,tare0,0.0000
D,1417242,46,preroll,0.0000,S,0,886
D,1417334,46,preroll,0.0000,S,0,886
D,1417430,46,preroll,0.0000,S,0,886
D,1417526,46,preroll,0.0000,S,0,886
D,1417622,46,preroll,0.0000,S,0,886
D,1417717,46,preroll,0.0000,S,0,886
D,1417812,46,preroll,0.0004,U,0,886
D,1417907,46,preroll,0.0005,U,0,886
D,1418002,46,preroll,0.0006,U,0,886
D,1418098,46,preroll,0.0007,U,0,886
D,1418194,46,preroll,0.0007,U,0,886
D,1418290,46,preroll,0.0008,U,0,886
D,1418386,46,preroll,0.0008,U,0,886
D,1418482,46,preroll,0.0008,U,0,886
D,1418578,46,preroll,0.0008,S,0,886
D,1418671,46,preroll,0.0008,S,0,886
E,1418737,dispense start: mode rot rpm 55
D,1418768,46,dispense,0.0007,S,55,886
D,1418863,46,dispense,0.0006,U,55,886
D,1418959,46,dispense,0.0005,U,55,886
D,1419055,46,dispense,0.0004,U,55,887
D,1419151,46,dispense,0.0003,U,55,887
D,1419246,46,dispense,0.0002,U,55,887
D,1419342,46,dispense,0.0032,U,55,888
D,1419438,46,dispense,0.0064,U,55,888
D,1419534,46,dispense,0.0115,U,55,888
D,1419627,46,dispense,0.0197,U,55,889
D,1419723,46,dispense,0.0319,U,55,889
D,1419819,46,dispense,0.0472,U,55,889
D,1419915,46,dispense,0.0631,U,55,890
D,1420011,46,dispense,0.0781,U,55,890
D,1420107,46,dispense,0.0923,U,55,890
D,1420202,46,dispense,0.1057,U,55,891
D,1420298,46,dispense,0.1158,U,55,891
D,1420394,46,dispense,0.1200,U,55,891
D,1420488,46,dispense,0.1184,U,55,892
D,1420584,46,dispense,0.1138,U,55,892
D,1420680,46,dispense,0.1098,U,55,892
D,1420776,46,dispense,0.1093,U,55,893
D,1420872,46,dispense,0.1139,U,55,893
D,1420967,46,dispense,0.1231,U,55,893
D,1421063,46,dispense,0.1349,U,55,894
D,1421159,46,dispense,0.1474,U,55,894
D,1421255,46,dispense,0.1599,U,55,894
D,1421349,46,dispense,0.1708,U,55,895
D,1421444,46,dispense,0.1775,U,55,895
D,1421540,46,dispense,0.1782,U,55,895
D,1421636,46,dispense,0.1747,U,55,896
D,1421732,46,dispense,0.1710,U,55,896
D,1421828,46,dispense,0.1696,U,55,896
D,1421924,46,dispense,0.1703,U,55,897
D,1422019,46,dispense,0.1725,U,55,897
D,1422115,46,dispense,0.1769,U,55,897
D,1422211,46,dispense,0.1838,U,55,898
D,1422305,46,dispense,0.1918,U,55,898
D,1422401,46,dispense,0.1991,U,55,898
D,1422497,46,dispense,0.2051,U,55,899
D,1422593,46,dispense,0.2103,U,55,899
D,1422688,46,dispense,0.2147,U,55,899
D,1422784,46,dispense,0.2178,U,55,900
D,1422880,46,dispense,0.2194,U,55,900
D,1422976,46,dispense,0.2202,U,55,900
D,1423072,46,dispense,0.2219,U,55,901
D,1423166,46,dispense,0.2258,U,55,901
D,1423261,46,dispense,0.2321,U,55,901
D,1423357,46,dispense,0.2403,U,55,902
D,1423453,46,dispense,0.2496,U,55,902
D,1423549,46,dispense,0.2577,U,55,902
D,1423645,46,dispense,0.2615,U,55,903
D,1423750,46,dispense,0.2605,U,55,903
D,1423842,46,dispense,0.2586,U,55,903
D,1423933,46,dispense,0.2610,U,55,904
D,1424026,46,dispense,0.2695,U,55,904
D,1424122,46,dispense,0.2817,U,55,904
D,1424218,46,dispense,0.2938,U,55,905
D,1424314,46,dispense,0.3031,U,55,905
D,1424410,46,dispense,0.3093,U,55,905
D,1424505,46,dispense,0.3136,U,55,906
D,1424601,46,dispense,0.3167,U,55,906
D,1424697,46,dispense,0.3186,U,55,906
D,1424793,46,dispense,0.3192,U,55,907
D,1424889,46,dispense,0.3190,U,55,907
D,1424983,46,dispense,0.3192,U,55,907
D,1425079,46,dispense,0.3202,U,55,908
D,1425175,46,dispense,0.3224,U,55,908
D,1425270,46,dispense,0.3263,U,55,908
D,1425366,46,dispense,0.3321,U,55,909
D,1425462,46,dispense,0.3391,U,55,909
D,1425558,46,dispense,0.3466,U,55,909
D,1425654,46,dispense,0.3539,U,55,910
D,1425749,46,dispense,0.3600,U,55,910
D,1425843,46,dispense,0.3640,U,55,910
D,1425939,46,dispense,0.3658,U,55,911
D,1426035,46,dispense,0.3663,U,55,911
D,1426131,46,dispense,0.3665,U,55,911
D,1426227,46,dispense,0.3677,U,55,912
D,1426323,46,dispense,0.3706,U,55,912
D,1426419,46,dispense,0.3760,U,55,912
D,1426514,46,dispense,0.3845,U,55,913
D,1426610,46,dispense,0.3956,U,55,913
D,1426706,46,dispense,0.4069,U,55,913
D,1426800,46,dispense,0.4151,U,55,914
D,1426896,46,dispense,0.4182,U,55,914
D,1426991,46,dispense,0.4172,U,55,914
D,1427088,46,dispense,0.4154,U,55,915
D,1427183,46,dispense,0.4152,U,55,915
D,1427279,46,dispense,0.4171,U,55,915
D,1427376,46,dispense,0.4209,U,55,916
D,1427471,46,dispense,0.4272,U,55,916
D,1427567,46,dispense,0.4367,U,55,916
D,1427661,46,dispense,0.4478,U,55,917
D,1427756,46,dispense,0.4573,U,55,917
D,1427852,46,dispense,0.4628,U,55,917
D,1427948,46,dispense,0.4652,U,55,918
D,1428044,46,dispense,0.4676,U,55,918
D,1428140,46,dispense,0.4719,U,55,918
D,1428236,46,dispense,0.4777,U,55,919
D,1428331,46,dispense,0.4826,U,55,919
D,1428427,46,dispense,0.4852,U,55,919
D,1428521,46,dispense,0.4866,U,55,920
D,1428617,46,dispense,0.4891,U,55,920
D,1428713,46,dispense,0.4938,U,55,920
D,1428809,46,dispense,0.5004,U,55,921
E,1428814,TRIGGER 0.5004 g at t=10.04 s -- ALL STOP
D,1428906,46,settle,0.5082,U,0,921
D,1429000,46,settle,0.5161,U,0,921
D,1429096,46,settle,0.5225,U,0,921
D,1429192,46,settle,0.5254,U,0,921
D,1429288,46,settle,0.5244,U,0,921
D,1429384,46,settle,0.5205,U,0,921
D,1429478,46,settle,0.5151,U,0,921
D,1429573,46,settle,0.5090,U,0,921
D,1429669,46,settle,0.5034,U,0,921
D,1429765,46,settle,0.4989,U,0,921
D,1429861,46,settle,0.4959,U,0,921
D,1429957,46,settle,0.4940,U,0,921
D,1430053,46,settle,0.4928,U,0,921
D,1430148,46,settle,0.4922,U,0,921
D,1430244,46,settle,0.4919,U,0,921
D,1430338,46,settle,0.4916,U,0,921
D,1430434,46,settle,0.4911,U,0,921
D,1430530,46,settle,0.4907,U,0,921
D,1430626,46,settle,0.4906,U,0,921
D,1430722,46,settle,0.4906,U,0,921
D,1430817,46,settle,0.4907,U,0,921
D,1430913,46,settle,0.4909,U,0,921
D,1431009,46,settle,0.4911,U,0,921
D,1431105,46,settle,0.4913,U,0,921
D,1431199,46,settle,0.4915,U,0,921
D,1431295,46,settle,0.4918,U,0,921
D,1431391,46,settle,0.4919,U,0,921
D,1431487,46,settle,0.4920,U,0,921
D,1431582,46,settle,0.4920,U,0,921
D,1431678,46,settle,0.4921,U,0,921
D,1431774,46,settle,0.4921,U,0,921
D,1431870,46,settle,0.4921,U,0,921
D,1431966,46,settle,0.4921,S,0,921
D,1432062,46,settle,0.4922,U,0,921
D,1432156,46,settle,0.4922,S,0,921
D,1432251,46,settle,0.4923,U,0,921
D,1432347,46,settle,0.4924,U,0,921
D,1432443,46,settle,0.4925,U,0,921
D,1432539,46,settle,0.4926,U,0,921
D,1432635,46,settle,0.4927,U,0,921
D,1432731,46,settle,0.4928,U,0,921
D,1432826,46,settle,0.4928,U,0,921
D,1432922,46,settle,0.4928,U,0,921
D,1433016,46,settle,0.4928,U,0,921
D,1433112,46,settle,0.4927,S,0,921
D,1433208,46,settle,0.4926,U,0,921
D,1433310,46,settle,0.4926,U,0,921
D,1433400,46,settle,0.4925,U,0,921
D,1433495,46,settle,0.4925,U,0,921
D,1433591,46,settle,0.4925,U,0,921
D,1433687,46,settle,0.4925,S,0,921
D,1433783,46,settle,0.4924,U,0,921
D,1433877,46,settle,0.4924,S,0,921
D,1433973,46,settle,0.4924,S,0,921
D,1434069,46,settle,0.4923,U,0,921
D,1434164,46,settle,0.4923,U,0,921
D,1434260,46,settle,0.4923,S,0,921
D,1434356,46,settle,0.4921,U,0,921
D,1434452,46,settle,0.4921,U,0,921
D,1434548,46,settle,0.4921,U,0,921
D,1434644,46,settle,0.4921,U,0,921
D,1434740,46,settle,0.4921,U,0,921
D,1434833,46,settle,0.4922,S,0,921
D,1434929,46,settle,0.4923,U,0,921
D,1435025,46,settle,0.4924,U,0,921
D,1435121,46,settle,0.4924,U,0,921
D,1435217,46,settle,0.4925,U,0,921
D,1435313,46,settle,0.4925,U,0,921
D,1435409,46,settle,0.4926,U,0,921
D,1435504,46,settle,0.4926,U,0,921
D,1435600,46,settle,0.4926,U,0,921
D,1435694,46,settle,0.4926,S,0,921
D,1435790,46,settle,0.4926,S,0,921
D,1435886,46,settle,0.4927,S,0,921
D,1435982,46,settle,0.4927,S,0,921
D,1436077,46,settle,0.4927,S,0,921
D,1436173,46,settle,0.4927,S,0,921
D,1436269,46,settle,0.4927,S,0,921
D,1436365,46,settle,0.4927,S,0,921
D,1436461,46,settle,0.4927,S,0,921
D,1436556,46,settle,0.4927,S,0,921
D,1436651,46,settle,0.4927,S,0,921
D,1436746,46,settle,0.4927,S,0,921
D,1436842,46,settle,0.4927,S,0,921
P,1436939,46,55.0,3,settled,0.4926
D,1437034,46,settle,0.4926,S,0,921
D,1437130,46,settle,0.4925,U,0,921
D,1437226,46,settle,0.4925,U,0,921
D,1437321,46,settle,0.4922,U,0,921
D,1437417,46,settle,0.4922,U,0,921
D,1437511,46,settle,0.4923,U,0,921
D,1437607,46,settle,0.4924,U,0,921
D,1437703,46,settle,0.4924,U,0,921
D,1437799,46,settle,0.4925,U,0,921
D,1437895,46,settle,0.4925,U,0,921
D,1437990,46,settle,0.4925,U,0,921
D,1438086,46,settle,0.4926,U,0,921
D,1438182,46,settle,0.4926,U,0,921
D,1438278,46,settle,0.4926,S,0,921
D,1438372,46,settle,0.4926,S,0,921
D,1438468,46,settle,0.4927,U,0,921
D,1438563,46,settle,0.4927,S,0,921
D,1438659,46,settle,0.4927,S,0,921
D,1438755,46,settle,0.4930,U,0,921
D,1438851,46,settle,0.4931,U,0,921
D,1438947,46,settle,0.4933,U,0,921
D,1439043,46,settle,0.4934,U,0,921
D,1439138,46,settle,0.4935,U,0,921
D,1439234,46,settle,0.4936,U,0,921
D,1439328,46,settle,0.4936,U,0,921
D,1439424,46,settle,0.4937,U,0,921
D,1439520,46,settle,0.4937,U,0,921
D,1439616,46,settle,0.4937,U,0,921
D,1439711,46,settle,0.4936,S,0,921
D,1439807,46,settle,0.4936,S,0,921
D,1439903,46,settle,0.4935,U,0,921
P,1440189,46,55.0,3,settled2,0.4936
R,46,C8,55.0,3,55,0.50,rot,0.5004,10.08,0.4926,0.4936,0.4926,27.4188,35,ok
E,1440197,=== trial 47 : C8 tilt 55.0 rep 4 rpm 55 halt 0.50 mode rot (cum 27.42 g) ===
P,1444500,47,55.0,4,tare0,0.0001
D,1444593,47,preroll,0.0001,S,0,921
D,1444683,47,preroll,0.0001,S,0,921
D,1444779,47,preroll,0.0000,U,0,921
D,1444875,47,preroll,0.0000,U,0,921
D,1444971,47,preroll,0.0000,S,0,921
D,1445067,47,preroll,0.0000,S,0,921
D,1445163,47,preroll,0.0000,S,0,921
D,1445259,47,preroll,0.0000,S,0,921
D,1445355,47,preroll,0.0000,S,0,921
D,1445450,47,preroll,0.0000,S,0,921
D,1445544,47,preroll,0.0000,S,0,921
D,1445640,47,preroll,0.0000,S,0,921
D,1445736,47,preroll,0.0000,S,0,921
D,1445831,47,preroll,0.0004,U,0,921
D,1445927,47,preroll,0.0005,U,0,921
D,1446023,47,preroll,0.0005,U,0,921
E,1446088,dispense start: mode rot rpm 55
D,1446120,47,dispense,0.0005,U,55,921
D,1446215,47,dispense,0.0005,U,55,921
D,1446311,47,dispense,0.0005,S,55,921
D,1446407,47,dispense,0.0004,S,55,922
D,1446500,47,dispense,0.0004,S,55,922
D,1446596,47,dispense,0.0005,S,55,922
D,1446692,47,dispense,0.0006,U,55,923
D,1446788,47,dispense,0.0069,U,55,923
D,1446893,47,dispense,0.0137,U,55,923
D,1447075,47,dispense,0.0353,U,55,924
D,1447171,47,dispense,0.0467,U,55,924
D,1447267,47,dispense,0.0563,U,55,924
D,1447361,47,dispense,0.0645,U,55,925
D,1447456,47,dispense,0.0719,U,55,925
D,1447552,47,dispense,0.0780,U,55,925
D,1447648,47,dispense,0.0812,U,55,926
D,1447744,47,dispense,0.0817,U,55,926
D,1447840,47,dispense,0.0817,U,55,926
D,1447936,47,dispense,0.0835,U,55,927
D,1448032,47,dispense,0.0878,U,55,927
D,1448127,47,dispense,0.0935,U,55,927
D,1448223,47,dispense,0.0994,U,55,928
D,1448317,47,dispense,0.1056,U,55,928
D,1448413,47,dispense,0.1124,U,55,928
D,1448509,47,dispense,0.1191,U,55,929
D,1448605,47,dispense,0.1245,U,55,929
D,1448701,47,dispense,0.1275,U,55,929
D,1448796,47,dispense,0.1286,U,55,930
D,1448892,47,dispense,0.1290,U,55,930
D,1448988,47,dispense,0.1302,U,55,930
D,1449084,47,dispense,0.1335,U,55,931
D,1449178,47,dispense,0.1390,U,55,931
D,1449274,47,dispense,0.1460,U,55,931
D,1449369,47,dispense,0.1534,U,55,932
D,1449465,47,dispense,0.1609,U,55,932
D,1449561,47,dispense,0.1688,U,55,932
D,1449657,47,dispense,0.1763,U,55,933
D,1449753,47,dispense,0.1814,U,55,933
D,1449849,47,dispense,0.1831,U,55,933
D,1449944,47,dispense,0.1829,U,55,934
D,1450038,47,dispense,0.1829,U,55,934
D,1450134,47,dispense,0.1843,U,55,934
D,1450230,47,dispense,0.1876,U,55,935
D,1450326,47,dispense,0.1927,U,55,935
D,1450422,47,dispense,0.1996,U,55,935
D,1450518,47,dispense,0.2083,U,55,936
D,1450613,47,dispense,0.2183,U,55,936
D,1450709,47,dispense,0.2288,U,55,936
D,1450805,47,dispense,0.2379,U,55,937
D,1450901,47,dispense,0.2436,U,55,937
D,1450995,47,dispense,0.2451,U,55,937
D,1451091,47,dispense,0.2435,U,55,938
D,1451186,47,dispense,0.2419,U,55,938
D,1451282,47,dispense,0.2433,U,55,938
D,1451378,47,dispense,0.2487,U,55,939
D,1451474,47,dispense,0.2567,U,55,939
D,1451570,47,dispense,0.2645,U,55,939
D,1451666,47,dispense,0.2706,U,55,940
D,1451762,47,dispense,0.2752,U,55,940
D,1451855,47,dispense,0.2787,U,55,940
D,1451951,47,dispense,0.2808,U,55,941
D,1452047,47,dispense,0.2813,U,55,941
D,1452143,47,dispense,0.2817,U,55,941
D,1452239,47,dispense,0.2845,U,55,942
D,1452335,47,dispense,0.2904,U,55,942
D,1452430,47,dispense,0.2981,U,55,942
D,1452526,47,dispense,0.3055,U,55,943
D,1452622,47,dispense,0.3115,U,55,943
D,1452716,47,dispense,0.3163,U,55,943
D,1452812,47,dispense,0.3205,U,55,944
D,1452908,47,dispense,0.3244,U,55,944
D,1453004,47,dispense,0.3273,U,55,944
D,1453099,47,dispense,0.3297,U,55,945
D,1453195,47,dispense,0.3332,U,55,945
D,1453291,47,dispense,0.3391,U,55,945
D,1453387,47,dispense,0.3469,U,55,946
D,1453483,47,dispense,0.3549,U,55,946
D,1453579,47,dispense,0.3615,U,55,946
D,1453672,47,dispense,0.3663,U,55,947
D,1453768,47,dispense,0.3701,U,55,947
D,1453864,47,dispense,0.3745,U,55,947
D,1453960,47,dispense,0.3797,U,55,948
D,1454056,47,dispense,0.3838,U,55,948
D,1454152,47,dispense,0.3849,U,55,948
D,1454247,47,dispense,0.3831,U,55,949
D,1454343,47,dispense,0.3807,U,55,949
D,1454439,47,dispense,0.3804,U,55,949
D,1454533,47,dispense,0.3841,U,55,950
D,1454629,47,dispense,0.3919,U,55,950
D,1454725,47,dispense,0.4022,U,55,950
D,1454821,47,dispense,0.4132,U,55,951
D,1454928,47,dispense,0.4237,U,55,951
D,1455020,47,dispense,0.4330,U,55,951
D,1455111,47,dispense,0.4404,U,55,952
D,1455204,47,dispense,0.4454,U,55,952
D,1455300,47,dispense,0.4476,U,55,952
D,1455396,47,dispense,0.4481,U,55,953
D,1455489,47,dispense,0.4485,U,55,953
D,1455585,47,dispense,0.4501,U,55,953
D,1455681,47,dispense,0.4532,U,55,954
D,1455777,47,dispense,0.4577,U,55,954
D,1455873,47,dispense,0.4632,U,55,954
D,1455969,47,dispense,0.4697,U,55,955
D,1456065,47,dispense,0.4770,U,55,955
D,1456160,47,dispense,0.4842,U,55,955
D,1456256,47,dispense,0.4897,U,55,956
D,1456350,47,dispense,0.4929,U,55,956
D,1456446,47,dispense,0.4947,U,55,956
D,1456542,47,dispense,0.4972,U,55,957
D,1456638,47,dispense,0.5018,U,55,957
E,1456643,TRIGGER 0.5018 g at t=10.46 s -- ALL STOP
D,1456735,47,settle,0.5081,U,0,957
D,1456830,47,settle,0.5147,U,0,957
D,1456925,47,settle,0.5200,U,0,957
D,1457021,47,settle,0.5238,U,0,957
D,1457117,47,settle,0.5267,U,0,957
D,1457211,47,settle,0.5288,U,0,957
D,1457307,47,settle,0.5284,U,0,957
D,1457402,47,settle,0.5237,U,0,957
D,1457498,47,settle,0.5154,U,0,957
D,1457594,47,settle,0.5066,U,0,957
D,1457690,47,settle,0.5002,U,0,957
D,1457786,47,settle,0.4967,U,0,957
D,1457882,47,settle,0.4952,U,0,957
D,1457977,47,settle,0.4945,U,0,957
D,1458074,47,settle,0.4941,U,0,957
D,1458167,47,settle,0.4940,U,0,957
D,1458263,47,settle,0.4945,U,0,957
D,1458359,47,settle,0.4954,U,0,957
D,1458455,47,settle,0.4959,U,0,957
D,1458551,47,settle,0.4963,U,0,957
D,1458647,47,settle,0.4964,U,0,957
D,1458742,47,settle,0.4963,U,0,957
D,1458838,47,settle,0.4962,U,0,957
D,1458934,47,settle,0.4961,U,0,957
D,1459028,47,settle,0.4960,U,0,957
D,1459124,47,settle,0.4959,U,0,957
D,1459220,47,settle,0.4957,U,0,957
D,1459316,47,settle,0.4956,U,0,957
D,1459411,47,settle,0.4955,U,0,957
D,1459507,47,settle,0.4954,U,0,957
D,1459603,47,settle,0.4955,U,0,957
D,1459699,47,settle,0.4956,U,0,957
D,1459795,47,settle,0.4957,U,0,957
D,1459889,47,settle,0.4977,U,0,957
D,1459984,47,settle,0.4978,U,0,957
D,1460080,47,settle,0.4978,U,0,957
D,1460176,47,settle,0.4978,U,0,957
D,1460272,47,settle,0.4977,U,0,957
D,1460368,47,settle,0.4977,S,0,957
D,1460464,47,settle,0.4976,U,0,957
D,1460560,47,settle,0.4976,U,0,957
D,1460655,47,settle,0.4975,U,0,957
D,1460751,47,settle,0.4974,U,0,957
D,1460845,47,settle,0.4974,U,0,957
D,1460941,47,settle,0.4973,U,0,957
D,1461037,47,settle,0.4974,U,0,957
D,1461133,47,settle,0.4974,S,0,957
D,1461229,47,settle,0.4975,U,0,957
D,1461325,47,settle,0.4975,U,0,957
D,1461420,47,settle,0.4975,U,0,957
D,1461516,47,settle,0.4975,S,0,957
D,1461612,47,settle,0.4975,S,0,957
D,1461706,47,settle,0.4976,S,0,957
D,1461802,47,settle,0.4977,U,0,957
D,1461898,47,settle,0.4978,U,0,957
D,1461993,47,settle,0.4978,U,0,957
D,1462090,47,settle,0.4978,U,0,957
D,1462185,47,settle,0.4978,U,0,957
D,1462281,47,settle,0.4978,S,0,957
D,1462377,47,settle,0.4977,S,0,957
D,1462473,47,settle,0.4977,S,0,957
D,1462567,47,settle,0.4977,S,0,957
D,1462663,47,settle,0.4977,S,0,957
D,1462758,47,settle,0.4977,S,0,957
D,1462854,47,settle,0.4977,S,0,957
D,1462950,47,settle,0.4977,S,0,957
D,1463046,47,settle,0.4977,S,0,957
D,1463142,47,settle,0.4977,S,0,957
D,1463237,47,settle,0.4980,U,0,957
D,1463333,47,settle,0.4981,U,0,957
D,1463429,47,settle,0.4983,U,0,957
D,1463523,47,settle,0.4983,U,0,957
D,1463619,47,settle,0.4983,U,0,957
D,1463715,47,settle,0.4983,U,0,957
D,1463811,47,settle,0.4982,S,0,957
D,1463906,47,settle,0.4982,S,0,957
D,1464002,47,settle,0.4982,S,0,957
D,1464098,47,settle,0.4982,S,0,957
D,1464194,47,settle,0.4983,S,0,957
D,1464290,47,settle,0.4983,S,0,957
D,1464384,47,settle,0.4983,S,0,957
D,1464479,47,settle,0.4983,S,0,957
D,1464576,47,settle,0.4983,S,0,957
D,1464671,47,settle,0.4982,S,0,957
P,1464768,47,55.0,4,settled,0.4982
D,1464863,47,settle,0.4982,S,0,957
D,1464959,47,settle,0.4982,S,0,957
D,1465055,47,settle,0.4982,S,0,957
D,1465150,47,settle,0.4981,S,0,957
D,1465246,47,settle,0.4981,S,0,957
D,1465340,47,settle,0.4981,S,0,957
D,1465436,47,settle,0.4981,S,0,957
D,1465532,47,settle,0.4980,U,0,957
D,1465628,47,settle,0.4980,S,0,957
D,1465724,47,settle,0.4980,S,0,957
D,1465820,47,settle,0.4980,S,0,957
D,1465915,47,settle,0.4980,S,0,957
D,1466011,47,settle,0.4980,S,0,957
D,1466107,47,settle,0.4980,S,0,957
D,1466207,47,settle,0.4980,S,0,957
D,1466297,47,settle,0.4980,S,0,957
D,1466393,47,settle,0.4980,S,0,957
D,1466488,47,settle,0.4980,S,0,957
D,1466584,47,settle,0.4980,S,0,957
D,1466680,47,settle,0.4980,S,0,957
D,1466776,47,settle,0.4980,S,0,957
D,1466872,47,settle,0.4980,S,0,957
D,1466968,47,settle,0.4980,S,0,957
D,1467062,47,settle,0.4980,S,0,957
D,1467157,47,settle,0.4985,U,0,957
D,1467253,47,settle,0.4985,U,0,957
D,1467349,47,settle,0.4986,U,0,957
D,1467445,47,settle,0.4986,U,0,957
D,1467540,47,settle,0.4985,U,0,957
D,1467636,47,settle,0.4968,U,0,957
D,1467732,47,settle,0.4966,U,0,957
P,1468784,47,55.0,4,settled2,0.4980
R,47,C8,55.0,4,55,0.50,rot,0.5018,10.56,0.4982,0.4980,0.4982,27.9170,36,ok
E,1468792,=== trial 48 : C8 tilt 55.0 rep 4 rpm 55 halt 0.50 mode auger (cum 27.92 g) ===
P,1475190,48,55.0,4,tare0,0.0000
D,1475286,48,preroll,0.0000,S,0,957
D,1475382,48,preroll,0.0001,S,0,957
D,1475478,48,preroll,0.0001,S,0,957
D,1475574,48,preroll,0.0001,S,0,957
D,1475669,48,preroll,0.0001,S,0,957
D,1475765,48,preroll,0.0002,U,0,957
D,1475861,48,preroll,0.0002,S,0,957
D,1475957,48,preroll,0.0004,U,0,957
D,1476051,48,preroll,0.0004,U,0,957
D,1476147,48,preroll,0.0004,U,0,957
D,1476242,48,preroll,0.0004,U,0,957
D,1476338,48,preroll,0.0004,U,0,957
D,1476434,48,preroll,0.0003,S,0,957
D,1476530,48,preroll,0.0002,U,0,957
D,1476626,48,preroll,0.0001,U,0,957
D,1476722,48,preroll,0.0001,U,0,957
E,1476788,dispense start: mode auger rpm 55
D,1476818,48,dispense,0.0001,U,55,957
D,1476911,48,dispense,0.0001,U,55,957
D,1477007,48,dispense,0.0000,U,55,957
D,1477103,48,dispense,0.0000,S,55,957
D,1477199,48,dispense,0.0000,S,55,957
D,1477295,48,dispense,0.0001,S,55,957
D,1477390,48,dispense,0.0050,U,55,957
D,1477486,48,dispense,0.0094,U,55,957
D,1477582,48,dispense,0.0163,U,55,957
D,1477678,48,dispense,0.0260,U,55,957
D,1477774,48,dispense,0.0369,U,55,957
D,1477867,48,dispense,0.0466,U,55,957
D,1477963,48,dispense,0.0536,U,55,957
D,1478059,48,dispense,0.0590,U,55,957
D,1478155,48,dispense,0.0645,U,55,957
D,1478251,48,dispense,0.0698,U,55,957
D,1478347,48,dispense,0.0743,U,55,957
D,1478443,48,dispense,0.0795,U,55,957
D,1478538,48,dispense,0.0868,U,55,957
D,1478634,48,dispense,0.0953,U,55,957
D,1478728,48,dispense,0.1019,U,55,957
D,1478824,48,dispense,0.1046,U,55,957
D,1478920,48,dispense,0.1041,U,55,957
D,1479016,48,dispense,0.1022,U,55,957
D,1479111,48,dispense,0.1010,U,55,957
D,1479216,48,dispense,0.1016,U,55,957
D,1479308,48,dispense,0.1032,U,55,957
D,1479401,48,dispense,0.1108,U,55,957
D,1479495,48,dispense,0.1193,U,55,957
D,1479591,48,dispense,0.1295,U,55,957
D,1479685,48,dispense,0.1402,U,55,957
D,1479780,48,dispense,0.1497,U,55,957
D,1479876,48,dispense,0.1562,U,55,957
D,1479972,48,dispense,0.1585,U,55,957
D,1480068,48,dispense,0.1563,U,55,957
D,1480164,48,dispense,0.1516,U,55,957
D,1480260,48,dispense,0.1482,U,55,957
D,1480355,48,dispense,0.1491,U,55,957
D,1480451,48,dispense,0.1553,U,55,957
D,1480545,48,dispense,0.1654,U,55,957
D,1480641,48,dispense,0.1774,U,55,957
D,1480737,48,dispense,0.1884,U,55,957
D,1480833,48,dispense,0.1948,U,55,957
D,1480929,48,dispense,0.1953,U,55,957
D,1481024,48,dispense,0.1923,U,55,957
D,1481120,48,dispense,0.1897,U,55,957
D,1481216,48,dispense,0.1905,U,55,957
D,1481312,48,dispense,0.1948,U,55,957
D,1481406,48,dispense,0.2011,U,55,957
D,1481502,48,dispense,0.2081,U,55,957
D,1481597,48,dispense,0.2155,U,55,957
D,1481693,48,dispense,0.2234,U,55,957
D,1481789,48,dispense,0.2304,U,55,957
D,1481885,48,dispense,0.2346,U,55,957
D,1481981,48,dispense,0.2356,U,55,957
D,1482077,48,dispense,0.2350,U,55,957
D,1482172,48,dispense,0.2350,U,55,957
D,1482268,48,dispense,0.2363,U,55,957
D,1482362,48,dispense,0.2393,U,55,957
D,1482458,48,dispense,0.2442,U,55,957
D,1482554,48,dispense,0.2507,U,55,957
D,1482650,48,dispense,0.2579,U,55,957
D,1482746,48,dispense,0.2641,U,55,957
D,1482841,48,dispense,0.2686,U,55,957
D,1482937,48,dispense,0.2717,U,55,957
D,1483033,48,dispense,0.2738,U,55,957
D,1483129,48,dispense,0.2753,U,55,957
D,1483223,48,dispense,0.2770,U,55,957
D,1483319,48,dispense,0.2793,U,55,957
D,1483414,48,dispense,0.2828,U,55,957
D,1483510,48,dispense,0.2877,U,55,957
D,1483606,48,dispense,0.2944,U,55,957
D,1483702,48,dispense,0.3019,U,55,957
D,1483798,48,dispense,0.3090,U,55,957
D,1483894,48,dispense,0.3154,U,55,957
D,1483990,48,dispense,0.3225,U,55,957
D,1484083,48,dispense,0.3311,U,55,957
D,1484179,48,dispense,0.3393,U,55,957
D,1484275,48,dispense,0.3445,U,55,957
D,1484371,48,dispense,0.3458,U,55,957
D,1484467,48,dispense,0.3448,U,55,957
D,1484563,48,dispense,0.3445,U,55,957
D,1484658,48,dispense,0.3473,U,55,957
D,1484754,48,dispense,0.3537,U,55,957
D,1484850,48,dispense,0.3624,U,55,957
D,1484946,48,dispense,0.3723,U,55,957
D,1485040,48,dispense,0.3830,U,55,957
D,1485136,48,dispense,0.3933,U,55,957
D,1485231,48,dispense,0.4011,U,55,957
D,1485327,48,dispense,0.4042,U,55,957
D,1485423,48,dispense,0.4031,U,55,957
D,1485519,48,dispense,0.4005,U,55,957
D,1485615,48,dispense,0.3985,U,55,957
D,1485711,48,dispense,0.3981,U,55,957
D,1485807,48,dispense,0.3996,U,55,957
D,1485901,48,dispense,0.4036,U,55,957
D,1485996,48,dispense,0.4105,U,55,957
D,1486092,48,dispense,0.4198,U,55,957
D,1486196,48,dispense,0.4289,U,55,957
D,1486289,48,dispense,0.4345,U,55,957
D,1486382,48,dispense,0.4348,U,55,957
D,1486475,48,dispense,0.4311,U,55,957
D,1486571,48,dispense,0.4264,U,55,957
D,1486667,48,dispense,0.4233,U,55,957
D,1486763,48,dispense,0.4233,U,55,957
D,1486857,48,dispense,0.4270,U,55,957
D,1486953,48,dispense,0.4342,U,55,957
D,1487049,48,dispense,0.4436,U,55,957
D,1487144,48,dispense,0.4536,U,55,957
D,1487240,48,dispense,0.4622,U,55,957
D,1487336,48,dispense,0.4682,U,55,957
D,1487432,48,dispense,0.4717,U,55,957
D,1487528,48,dispense,0.4745,U,55,957
D,1487624,48,dispense,0.4779,U,55,957
D,1487718,48,dispense,0.4819,U,55,957
D,1487814,48,dispense,0.4855,U,55,957
D,1487909,48,dispense,0.4884,U,55,957
D,1488005,48,dispense,0.4915,U,55,957
D,1488101,48,dispense,0.4953,U,55,957
D,1488197,48,dispense,0.4995,U,55,957
D,1488293,48,dispense,0.5038,U,55,957
E,1488298,TRIGGER 0.5038 g at t=11.42 s -- ALL STOP
D,1488390,48,settle,0.5083,U,0,957
D,1488484,48,settle,0.5126,U,0,957
D,1488578,48,settle,0.5163,U,0,957
D,1488674,48,settle,0.5192,U,0,957
D,1488770,48,settle,0.5205,U,0,957
D,1488866,48,settle,0.5187,U,0,957
D,1488961,48,settle,0.5132,U,0,957
D,1489058,48,settle,0.5052,U,0,957
D,1489153,48,settle,0.4973,U,0,957
D,1489249,48,settle,0.4915,U,0,957
D,1489345,48,settle,0.4882,U,0,957
D,1489441,48,settle,0.4869,U,0,957
D,1489535,48,settle,0.4865,U,0,957
D,1489630,48,settle,0.4868,U,0,957
D,1489726,48,settle,0.4875,U,0,957
D,1489822,48,settle,0.4885,U,0,957
D,1489918,48,settle,0.4889,U,0,957
D,1490014,48,settle,0.4890,U,0,957
D,1490110,48,settle,0.4889,U,0,957
D,1490206,48,settle,0.4885,U,0,957
D,1490302,48,settle,0.4880,U,0,957
D,1490395,48,settle,0.4848,U,0,957
D,1490491,48,settle,0.4846,U,0,957
D,1490587,48,settle,0.4848,U,0,957
D,1490683,48,settle,0.4852,U,0,957
D,1490779,48,settle,0.4854,U,0,957
D,1490875,48,settle,0.4855,U,0,957
D,1490970,48,settle,0.4855,U,0,957
D,1491066,48,settle,0.4855,U,0,957
D,1491162,48,settle,0.4854,U,0,957
D,1491256,48,settle,0.4854,S,0,957
D,1491352,48,settle,0.4853,U,0,957
D,1491448,48,settle,0.4852,U,0,957
D,1491544,48,settle,0.4851,U,0,957
D,1491639,48,settle,0.4851,U,0,957
D,1491735,48,settle,0.4852,U,0,957
D,1491831,48,settle,0.4852,S,0,957
D,1491927,48,settle,0.4853,U,0,957
D,1492023,48,settle,0.4855,U,0,957
D,1492119,48,settle,0.4856,U,0,957
D,1492213,48,settle,0.4858,U,0,957
D,1492309,48,settle,0.4860,U,0,957
D,1492404,48,settle,0.4861,U,0,957
D,1492500,48,settle,0.4862,U,0,957
D,1492596,48,settle,0.4863,U,0,957
D,1492692,48,settle,0.4865,U,0,957
D,1492788,48,settle,0.4866,U,0,957
D,1492884,48,settle,0.4867,U,0,957
D,1492979,48,settle,0.4868,U,0,957
D,1493073,48,settle,0.4868,U,0,957
D,1493169,48,settle,0.4870,U,0,957
D,1493265,48,settle,0.4871,U,0,957
D,1493361,48,settle,0.4873,U,0,957
D,1493457,48,settle,0.4875,U,0,957
D,1493552,48,settle,0.4878,U,0,957
D,1493648,48,settle,0.4880,U,0,957
D,1493744,48,settle,0.4881,U,0,957
D,1493840,48,settle,0.4882,U,0,957
D,1493936,48,settle,0.4882,U,0,957
D,1494030,48,settle,0.4882,U,0,957
D,1494126,48,settle,0.4881,S,0,957
D,1494221,48,settle,0.4880,U,0,957
D,1494317,48,settle,0.4880,U,0,957
D,1494413,48,settle,0.4879,U,0,957
D,1494509,48,settle,0.4878,U,0,957
D,1494605,48,settle,0.4877,U,0,957
D,1494701,48,settle,0.4877,U,0,957
D,1494797,48,settle,0.4877,U,0,957
D,1494890,48,settle,0.4877,U,0,957
D,1494986,48,settle,0.4877,S,0,957
D,1495082,48,settle,0.4877,S,0,957
D,1495178,48,settle,0.4876,S,0,957
D,1495274,48,settle,0.4876,S,0,957
D,1495370,48,settle,0.4875,U,0,957
D,1495465,48,settle,0.4874,U,0,957
D,1495561,48,settle,0.4874,U,0,957
D,1495657,48,settle,0.4874,U,0,957
D,1495751,48,settle,0.4874,U,0,957
D,1495847,48,settle,0.4875,S,0,957
D,1495943,48,settle,0.4876,U,0,957
D,1496039,48,settle,0.4878,U,0,957
D,1496135,48,settle,0.4879,U,0,957
D,1496230,48,settle,0.4880,U,0,957
D,1496326,48,settle,0.4880,U,0,957
P,1497574,48,55.0,4,settled,0.4890
D,1497667,48,settle,0.4889,U,0,957
D,1497760,48,settle,0.4888,U,0,957
D,1497856,48,settle,0.4887,U,0,957
D,1497951,48,settle,0.4885,U,0,957
D,1498047,48,settle,0.4884,U,0,957
D,1498143,48,settle,0.4883,U,0,957
D,1498239,48,settle,0.4883,U,0,957
D,1498335,48,settle,0.4882,U,0,957
D,1498429,48,settle,0.4880,U,0,957
D,1498524,48,settle,0.4880,U,0,957
D,1498620,48,settle,0.4881,U,0,957
D,1498716,48,settle,0.4911,U,0,957
D,1498812,48,settle,0.4909,U,0,957
D,1498907,48,settle,0.4904,U,0,957
D,1499003,48,settle,0.4900,U,0,957
D,1499099,48,settle,0.4897,U,0,957
D,1499195,48,settle,0.4894,U,0,957
D,1499291,48,settle,0.4891,U,0,957
D,1499385,48,settle,0.4889,U,0,957
D,1499481,48,settle,0.4887,U,0,957
D,1499577,48,settle,0.4886,U,0,957
D,1499672,48,settle,0.4885,U,0,957
D,1499768,48,settle,0.4885,U,0,957
D,1499864,48,settle,0.4886,U,0,957
D,1499960,48,settle,0.4886,S,0,957
D,1500056,48,settle,0.4887,U,0,957
D,1500152,48,settle,0.4887,U,0,957
D,1500246,48,settle,0.4887,U,0,957
D,1500342,48,settle,0.4886,S,0,957
D,1500437,48,settle,0.4886,S,0,957
D,1500533,48,settle,0.4886,S,0,957
P,1500630,48,55.0,4,settled2,0.4887
R,48,C8,55.0,4,55,0.50,auger,0.5038,11.52,0.4890,0.4887,0.4890,28.4060,0,ok
E,1500637,=== trial 49 : C8 tilt 55.0 rep 1 rpm 30 halt 0.00 mode taponly (cum 28.41 g) ===
P,1504940,49,55.0,1,tare0,0.0000
D,1505032,49,preroll,0.0000,S,0,957
D,1505124,49,preroll,0.0000,S,0,957
D,1505220,49,preroll,0.0000,S,0,957
D,1505316,49,preroll,0.0000,S,0,957
D,1505412,49,preroll,0.0000,S,0,957
D,1505507,49,preroll,0.0000,S,0,957
D,1505601,49,preroll,-0.0002,U,0,957
D,1505697,49,preroll,-0.0002,U,0,957
D,1505793,49,preroll,-0.0001,S,0,957
D,1505889,49,preroll,-0.0001,S,0,957
D,1505985,49,preroll,0.0000,U,0,957
D,1506080,49,preroll,0.0000,U,0,957
D,1506176,49,preroll,0.0000,U,0,957
D,1506272,49,preroll,0.0000,S,0,957
D,1506368,49,preroll,0.0000,S,0,957
D,1506464,49,preroll,0.0000,S,0,957
E,1506529,prime: 3.0 rev @ 30 rpm
D,1506559,49,prime,-0.0001,S,30,957
D,1506653,49,prime,-0.0001,S,30,957
D,1506749,49,prime,-0.0001,S,30,957
D,1506845,49,prime,-0.0001,S,30,957
D,1506941,49,prime,0.0000,S,30,957
D,1507037,49,prime,0.0000,S,30,957
D,1507133,49,prime,0.0001,U,30,957
D,1507229,49,prime,0.0001,U,30,957
D,1507324,49,prime,0.0084,U,30,957
D,1507418,49,prime,0.0120,U,30,957
D,1507514,49,prime,0.0142,U,30,957
D,1507609,49,prime,0.0152,U,30,957
D,1507705,49,prime,0.0163,U,30,957
D,1507801,49,prime,0.0188,U,30,957
D,1507897,49,prime,0.0232,U,30,957
D,1507993,49,prime,0.0292,U,30,957
D,1508089,49,prime,0.0358,U,30,957
D,1508185,49,prime,0.0414,U,30,957
D,1508280,49,prime,0.0450,U,30,957
D,1508374,49,prime,0.0469,U,30,957
D,1508470,49,prime,0.0482,U,30,957
D,1508566,49,prime,0.0491,U,30,957
D,1508662,49,prime,0.0493,U,30,957
D,1508758,49,prime,0.0483,U,30,957
D,1508853,49,prime,0.0470,U,30,957
D,1508949,49,prime,0.0465,U,30,957
D,1509045,49,prime,0.0464,U,30,957
D,1509153,49,prime,0.0468,U,30,957
D,1509245,49,prime,0.0477,U,30,957
D,1509338,49,prime,0.0551,U,30,957
D,1509431,49,prime,0.0592,U,30,957
D,1509524,49,prime,0.0634,U,30,957
D,1509618,49,prime,0.0676,U,30,957
D,1509714,49,prime,0.0716,U,30,957
D,1509810,49,prime,0.0756,U,30,957
D,1509906,49,prime,0.0804,U,30,957
D,1510002,49,prime,0.0863,U,30,957
D,1510095,49,prime,0.0920,U,30,957
D,1510191,49,prime,0.0961,U,30,957
D,1510287,49,prime,0.0981,U,30,957
D,1510383,49,prime,0.0986,U,30,957
D,1510479,49,prime,0.0987,U,30,957
D,1510575,49,prime,0.0988,U,30,957
D,1510671,49,prime,0.0995,U,30,957
D,1510766,49,prime,0.1006,U,30,957
D,1510862,49,prime,0.1013,U,30,957
D,1510958,49,prime,0.1012,U,30,957
D,1511052,49,prime,0.1011,U,30,957
D,1511148,49,prime,0.1012,U,30,957
D,1511244,49,prime,0.1016,U,30,957
D,1511339,49,prime,0.1066,U,30,957
D,1511435,49,prime,0.1104,U,30,957
D,1511531,49,prime,0.1146,U,30,957
D,1511627,49,prime,0.1188,U,30,957
D,1511723,49,prime,0.1228,U,30,957
D,1511819,49,prime,0.1267,U,30,957
D,1511913,49,prime,0.1310,U,30,957
D,1512008,49,prime,0.1360,U,30,957
D,1512104,49,prime,0.1419,U,30,957
D,1512200,49,prime,0.1480,U,30,957
D,1512296,49,prime,0.1531,U,30,957
D,1512392,49,prime,0.1562,U,30,957
D,1512488,49,prime,0.1572,U,30,957
D,1512583,49,prime,0.1564,U,30,957
D,1512679,49,settle,0.1546,U,0,957
D,1512773,49,settle,0.1528,U,0,957
D,1512869,49,settle,0.1514,U,0,957
D,1512965,49,settle,0.1509,U,0,957
D,1513061,49,settle,0.1517,U,0,957
D,1513156,49,settle,0.1536,U,0,957
D,1513253,49,settle,0.1546,U,0,957
D,1513348,49,settle,0.1567,U,0,957
D,1513444,49,settle,0.1566,U,0,957
D,1513540,49,settle,0.1559,U,0,957
D,1513636,49,settle,0.1552,U,0,957
D,1513730,49,settle,0.1550,U,0,957
D,1513825,49,settle,0.1549,U,0,957
D,1513921,49,settle,0.1549,U,0,957
D,1514017,49,settle,0.1549,U,0,957
D,1514113,49,settle,0.1549,U,0,957
D,1514209,49,settle,0.1549,S,0,957
D,1514305,49,settle,0.1548,S,0,957
D,1514401,49,settle,0.1548,S,0,957
D,1514497,49,settle,0.1548,S,0,957
D,1514590,49,settle,0.1548,S,0,957
P,1514687,49,55.0,1,primed,0.1549
D,1514782,49,taptail,0.1549,S,0,958
D,1514878,49,taptail,0.1550,U,0,958
D,1514974,49,taptail,0.1550,U,0,958
D,1515070,49,taptail,0.1551,U,0,958
D,1515166,49,taptail,0.1552,U,0,958
D,1515261,49,taptail,0.1555,U,0,958
D,1515357,49,taptail,0.1627,U,0,958
D,1515453,49,taptail,0.1656,U,0,958
D,1515547,49,taptail,0.1670,U,0,958
D,1515642,49,taptail,0.1662,U,0,958
D,1515738,49,taptail,0.1641,U,0,958
P,1517939,49,55.0,1,tap1,0.1619
D,1518035,49,taptail,0.1620,S,0,959
D,1518131,49,taptail,0.1620,S,0,959
D,1518225,49,taptail,0.1621,U,0,959
D,1518321,49,taptail,0.1621,U,0,959
D,1518417,49,taptail,0.1622,U,0,959
D,1518512,49,taptail,0.1622,U,0,959
D,1518608,49,taptail,0.1624,U,0,959
D,1518704,49,taptail,0.1679,U,0,959
D,1518799,49,taptail,0.1683,U,0,959
D,1518895,49,taptail,0.1672,U,0,959
D,1518991,49,taptail,0.1653,U,0,959
P,1521190,49,55.0,1,tap2,0.1615
D,1521286,49,taptail,0.1614,U,0,960
D,1521382,49,taptail,0.1614,U,0,960
D,1521478,49,taptail,0.1613,U,0,960
D,1521573,49,taptail,0.1613,U,0,960
D,1521669,49,taptail,0.1614,S,0,960
D,1521763,49,taptail,0.1616,U,0,960
D,1521858,49,taptail,0.1661,U,0,960
D,1521954,49,taptail,0.1682,U,0,960
D,1522050,49,taptail,0.1690,U,0,960
D,1522146,49,taptail,0.1684,U,0,960
D,1522242,49,taptail,0.1671,U,0,960
P,1528458,49,55.0,1,tap3,0.1655
D,1528554,49,taptail,0.1654,S,0,961
D,1528650,49,taptail,0.1653,U,0,961
D,1528746,49,taptail,0.1652,U,0,961
D,1528841,49,taptail,0.1651,U,0,961
D,1528935,49,taptail,0.1651,U,0,961
D,1529031,49,taptail,0.1651,U,0,961
D,1529127,49,taptail,0.1696,U,0,961
D,1529223,49,taptail,0.1723,U,0,961
D,1529318,49,taptail,0.1735,U,0,961
D,1529414,49,taptail,0.1728,U,0,961
D,1529510,49,taptail,0.1712,U,0,961
P,1530563,49,55.0,1,tap4,0.1680
D,1530659,49,taptail,0.1679,S,0,962
D,1530752,49,taptail,0.1678,U,0,962
D,1530848,49,taptail,0.1677,U,0,962
D,1530944,49,taptail,0.1676,U,0,962
D,1531040,49,taptail,0.1676,U,0,962
D,1531136,49,taptail,0.1677,U,0,962
D,1531232,49,taptail,0.1680,U,0,962
D,1531327,49,taptail,0.1726,U,0,962
D,1531423,49,taptail,0.1737,U,0,962
D,1531519,49,taptail,0.1735,U,0,962
D,1531613,49,taptail,0.1725,U,0,962
P,1538212,49,55.0,1,tap5,0.1706
D,1538308,49,taptail,0.1706,S,0,963
D,1538404,49,taptail,0.1707,S,0,963
D,1538500,49,taptail,0.1708,U,0,963
D,1538596,49,taptail,0.1708,U,0,963
D,1538692,49,taptail,0.1710,U,0,963
D,1538786,49,taptail,0.1711,U,0,963
D,1538881,49,taptail,0.1714,U,0,963
D,1538977,49,taptail,0.1770,U,0,963
D,1539073,49,taptail,0.1779,U,0,963
D,1539168,49,taptail,0.1775,U,0,963
D,1539264,49,taptail,0.1763,U,0,963
P,1540890,49,55.0,1,tap6,0.1727
D,1540986,49,taptail,0.1727,S,0,964
D,1541082,49,taptail,0.1727,S,0,964
D,1541178,49,taptail,0.1728,U,0,964
D,1541273,49,taptail,0.1728,S,0,964
D,1541369,49,taptail,0.1730,U,0,964
D,1541463,49,taptail,0.1782,U,0,964
D,1541559,49,taptail,0.1823,U,0,964
D,1541655,49,taptail,0.1862,U,0,964
D,1541750,49,taptail,0.1877,U,0,964
D,1541846,49,taptail,0.1860,U,0,964
D,1541942,49,taptail,0.1824,U,0,964
P,1543951,49,55.0,1,tap7,0.1755
D,1544047,49,taptail,0.1754,U,0,965
D,1544141,49,taptail,0.1753,U,0,965
D,1544237,49,taptail,0.1753,U,0,965
D,1544333,49,taptail,0.1752,U,0,965
D,1544428,49,taptail,0.1753,U,0,965
D,1544524,49,taptail,0.1795,U,0,965
D,1544620,49,taptail,0.1831,U,0,965
D,1544716,49,taptail,0.1866,U,0,965
D,1544811,49,taptail,0.1887,U,0,965
D,1544907,49,taptail,0.1892,U,0,965
D,1545003,49,taptail,0.1886,U,0,965
P,1547967,49,55.0,1,tap8,0.1858
D,1548063,49,taptail,0.1858,S,0,966
D,1548159,49,taptail,0.1858,S,0,966
D,1548254,49,taptail,0.1858,S,0,966
D,1548350,49,taptail,0.1857,S,0,966
D,1548446,49,taptail,0.1857,S,0,966
D,1548542,49,taptail,0.1858,S,0,966
D,1548635,49,taptail,0.1910,U,0,966
D,1548731,49,taptail,0.1924,U,0,966
D,1548827,49,taptail,0.1924,U,0,966
D,1548923,49,taptail,0.1912,U,0,966
D,1549019,49,taptail,0.1895,U,0,966
P,1550648,49,55.0,1,tap9,0.1855
D,1550740,49,taptail,0.1856,U,0,967
D,1550836,49,taptail,0.1856,U,0,967
D,1550932,49,taptail,0.1856,U,0,967
D,1551028,49,taptail,0.1856,S,0,967
D,1551124,49,taptail,0.1857,U,0,967
D,1551219,49,taptail,0.1858,U,0,967
D,1551313,49,taptail,0.1860,U,0,967
D,1551409,49,taptail,0.1932,U,0,967
D,1551505,49,taptail,0.1951,U,0,967
D,1551600,49,taptail,0.1950,U,0,967
D,1551696,49,taptail,0.1935,U,0,967
P,1556191,49,55.0,1,tap10,0.1893
D,1556287,49,taptail,0.1893,S,0,968
D,1556383,49,taptail,0.1894,U,0,968
D,1556479,49,taptail,0.1894,U,0,968
D,1556575,49,taptail,0.1895,U,0,968
D,1556671,49,taptail,0.1896,U,0,968
D,1556764,49,taptail,0.1952,U,0,968
D,1556860,49,taptail,0.1986,U,0,968
D,1556956,49,taptail,0.2012,U,0,968
D,1557052,49,taptail,0.2015,U,0,968
D,1557148,49,taptail,0.1991,U,0,968
D,1557243,49,taptail,0.1956,U,0,968
P,1559252,49,55.0,1,tap11,0.1916
D,1559348,49,taptail,0.1916,S,0,969
D,1559442,49,taptail,0.1915,U,0,969
D,1559538,49,taptail,0.1915,U,0,969
D,1559634,49,taptail,0.1915,U,0,969
D,1559730,49,taptail,0.1915,S,0,969
D,1559826,49,taptail,0.1916,S,0,969
D,1559921,49,taptail,0.1917,U,0,969
D,1560017,49,taptail,0.1919,U,0,969
D,1560113,49,taptail,0.1955,U,0,969
D,1560209,49,taptail,0.1955,U,0,969
D,1560302,49,taptail,0.1949,U,0,969
P,1562312,49,55.0,1,tap12,0.1927
D,1562407,49,taptail,0.1927,S,0,970
D,1562503,49,taptail,0.1927,S,0,970
D,1562599,49,taptail,0.1927,S,0,970
D,1562695,49,taptail,0.1927,S,0,970
D,1562791,49,taptail,0.1927,S,0,970
D,1562887,49,taptail,0.1927,S,0,970
D,1562980,49,taptail,0.1928,S,0,970
D,1563076,49,taptail,0.1978,U,0,970
D,1563172,49,taptail,0.1994,U,0,970
D,1563268,49,taptail,0.1991,U,0,970
D,1563363,49,taptail,0.1973,U,0,970
P,1564803,49,55.0,1,tap13,0.1945
D,1564893,49,taptail,0.1944,S,0,971
D,1564989,49,taptail,0.1943,U,0,971
D,1565085,49,taptail,0.1942,U,0,971
D,1565181,49,taptail,0.1942,U,0,971
D,1565277,49,taptail,0.1943,U,0,971
D,1565373,49,taptail,0.1944,U,0,971
D,1565468,49,taptail,0.1985,U,0,971
D,1565564,49,taptail,0.2008,U,0,971
D,1565658,49,taptail,0.2024,U,0,971
D,1565754,49,taptail,0.2025,U,0,971
D,1565849,49,taptail,0.2012,U,0,971
P,1569580,49,55.0,1,tap14,0.1985
D,1569676,49,taptail,0.1984,S,0,972
D,1569771,49,taptail,0.1983,U,0,972
D,1569867,49,taptail,0.1983,U,0,972
D,1569963,49,taptail,0.1983,U,0,972
D,1570059,49,taptail,0.1982,U,0,972
D,1570153,49,taptail,0.1982,U,0,972
D,1570249,49,taptail,0.2033,U,0,972
D,1570344,49,taptail,0.2060,U,0,972
D,1570440,49,taptail,0.2069,U,0,972
D,1570536,49,taptail,0.2053,U,0,972
D,1570632,49,taptail,0.2026,U,0,972
P,1572641,49,55.0,1,tap15,0.1957
P,1575223,49,55.0,1,settled,0.1970
D,1575319,49,settle,0.1970,S,0,972
D,1575414,49,settle,0.1970,S,0,972
D,1575510,49,settle,0.1971,S,0,972
D,1575604,49,settle,0.1972,U,0,972
D,1575700,49,settle,0.1972,U,0,972
D,1575796,49,settle,0.1971,S,0,972
D,1575892,49,settle,0.1970,U,0,972
D,1575988,49,settle,0.1969,U,0,972
D,1576084,49,settle,0.1967,U,0,972
D,1576179,49,settle,0.1967,U,0,972
D,1576275,49,settle,0.1967,U,0,972
D,1576371,49,settle,0.1967,U,0,972
D,1576465,49,settle,0.1966,U,0,972
D,1576561,49,settle,0.1966,S,0,972
D,1576656,49,settle,0.1965,U,0,972
D,1576752,49,settle,0.1964,U,0,972
D,1576848,49,settle,0.1964,U,0,972
D,1576944,49,settle,0.1964,U,0,972
D,1577040,49,settle,0.1963,U,0,972
D,1577136,49,settle,0.1962,U,0,972
D,1577232,49,settle,0.1961,U,0,972
D,1577326,49,settle,0.1960,U,0,972
D,1577421,49,settle,0.1960,U,0,972
D,1577517,49,settle,0.1959,U,0,972
D,1577613,49,settle,0.1960,U,0,972
D,1577709,49,settle,0.1961,U,0,972
D,1577805,49,settle,0.1962,U,0,972
D,1577901,49,settle,0.1963,U,0,972
D,1577996,49,settle,0.1965,U,0,972
D,1578092,49,settle,0.1966,U,0,972
D,1578188,49,settle,0.1966,U,0,972
P,1582491,49,55.0,1,settled2,0.1983
R,49,C8,55.0,1,30,0.00,taponly,0.1549,75.97,0.1970,0.1983,0.1970,28.6030,15,taponly
E,1582499,=== trial 50 : C8 tilt 55.0 rep 2 rpm 30 halt 0.00 mode taponly (cum 28.60 g) ===
E,1593570,no stable frame for tare0
P,1594654,50,55.0,2,tare0,nan
D,1594731,50,preroll,0.0000,S,0,972
D,1594827,50,preroll,0.0000,S,0,972
D,1594923,50,preroll,-0.0001,S,0,972
D,1595020,50,preroll,-0.0001,S,0,972
D,1595115,50,preroll,-0.0001,S,0,972
D,1595211,50,preroll,0.0000,S,0,972
D,1595305,50,preroll,0.0000,S,0,972
D,1595400,50,preroll,0.0000,S,0,972
D,1595496,50,preroll,0.0000,S,0,972
D,1595592,50,preroll,0.0000,S,0,972
D,1595688,50,preroll,0.0000,S,0,972
D,1595784,50,preroll,0.0000,S,0,972
D,1595880,50,preroll,0.0000,S,0,972
D,1595975,50,preroll,0.0001,S,0,972
D,1596071,50,preroll,0.0004,U,0,972
D,1596165,50,preroll,0.0005,U,0,972
E,1596231,prime: 3.0 rev @ 30 rpm
D,1596261,50,prime,0.0005,U,30,972
D,1596357,50,prime,0.0005,U,30,972
D,1596453,50,prime,0.0005,U,30,972
D,1596548,50,prime,0.0005,S,30,972
D,1596644,50,prime,0.0004,S,30,972
D,1596740,50,prime,0.0005,S,30,972
D,1596835,50,prime,0.0050,U,30,972
D,1596931,50,prime,0.0069,U,30,972
D,1597025,50,prime,0.0069,U,30,972
D,1597121,50,prime,0.0048,U,30,972
D,1597217,50,prime,0.0019,U,30,972
D,1597313,50,prime,0.0007,U,30,972
D,1597409,50,prime,-0.0017,U,30,972
D,1597505,50,prime,-0.0018,U,30,972
D,1597601,50,prime,-0.0008,U,30,972
D,1597696,50,prime,0.0011,U,30,972
D,1597792,50,prime,0.0041,U,30,972
D,1597888,50,prime,0.0077,U,30,972
D,1597982,50,prime,0.0112,U,30,972
D,1598077,50,prime,0.0141,U,30,972
D,1598174,50,prime,0.0163,U,30,972
D,1598269,50,prime,0.0176,U,30,972
D,1598365,50,prime,0.0178,U,30,972
D,1598461,50,prime,0.0171,U,30,972
D,1598557,50,prime,0.0166,U,30,972
D,1598653,50,prime,0.0170,U,30,972
D,1598748,50,prime,0.0177,U,30,972
D,1598842,50,prime,0.0186,U,30,972
D,1598938,50,prime,0.0218,U,30,972
D,1599034,50,prime,0.0232,U,30,972
D,1599130,50,prime,0.0251,U,30,972
D,1599226,50,prime,0.0277,U,30,972
D,1599321,50,prime,0.0310,U,30,972
D,1599417,50,prime,0.0348,U,30,972
D,1599513,50,prime,0.0393,U,30,972
D,1599609,50,prime,0.0443,U,30,972
D,1599705,50,prime,0.0495,U,30,972
D,1599799,50,prime,0.0539,U,30,972
D,1599895,50,prime,0.0573,U,30,972
D,1599990,50,prime,0.0598,U,30,972
D,1600086,50,prime,0.0618,U,30,972
D,1600182,50,prime,0.0637,U,30,972
D,1600278,50,prime,0.0657,U,30,972
D,1600374,50,prime,0.0676,U,30,972
D,1600470,50,prime,0.0691,U,30,972
D,1600566,50,prime,0.0696,U,30,972
D,1600659,50,prime,0.0695,U,30,972
D,1600755,50,prime,0.0694,U,30,972
D,1600851,50,prime,0.0707,U,30,972
D,1600947,50,prime,0.0736,U,30,972
D,1601043,50,prime,0.0774,U,30,972
D,1601139,50,prime,0.0809,U,30,972
D,1601234,50,prime,0.0836,U,30,972
D,1601330,50,prime,0.0858,U,30,972
D,1601426,50,prime,0.0878,U,30,972
D,1601520,50,prime,0.0906,U,30,972
D,1601616,50,prime,0.0949,U,30,972
D,1601712,50,prime,0.1009,U,30,972
D,1601808,50,prime,0.1079,U,30,972
D,1601903,50,prime,0.1140,U,30,972
D,1602008,50,prime,0.1175,U,30,972
D,1602100,50,prime,0.1185,U,30,972
D,1602193,50,prime,0.1178,U,30,972
D,1602287,50,prime,0.1165,U,30,972
D,1602383,50,settle,0.1149,U,0,972
D,1602477,50,settle,0.1135,U,0,972
D,1602572,50,settle,0.1132,U,0,972
D,1602668,50,settle,0.1145,U,0,972
D,1602764,50,settle,0.1171,U,0,972
D,1602860,50,settle,0.1185,U,0,972
D,1602956,50,settle,0.1222,U,0,972
D,1603052,50,settle,0.1236,U,0,972
D,1603147,50,settle,0.1244,U,0,972
D,1603243,50,settle,0.1251,U,0,972
D,1603337,50,settle,0.1260,U,0,972
D,1603433,50,settle,0.1267,U,0,972
D,1603529,50,settle,0.1267,U,0,972
D,1603625,50,settle,0.1258,U,0,972
D,1603720,50,settle,0.1253,U,0,972
D,1603816,50,settle,0.1249,U,0,972
D,1603912,50,settle,0.1245,U,0,972
D,1604008,50,settle,0.1224,U,0,972
D,1604104,50,settle,0.1211,U,0,972
D,1604198,50,settle,0.1199,U,0,972
D,1604294,50,settle,0.1193,U,0,972
P,1605729,50,55.0,2,primed,0.1201
D,1605825,50,taptail,0.1201,S,0,973
D,1605921,50,taptail,0.1201,S,0,973
D,1606015,50,taptail,0.1200,S,0,973
D,1606111,50,taptail,0.1201,S,0,973
D,1606207,50,taptail,0.1201,S,0,973
D,1606303,50,taptail,0.1202,U,0,973
D,1606398,50,taptail,0.1243,U,0,973
D,1606494,50,taptail,0.1264,U,0,973
D,1606590,50,taptail,0.1281,U,0,973
D,1606686,50,taptail,0.1288,U,0,973
D,1606781,50,taptail,0.1280,U,0,973
P,1609172,50,55.0,2,tap1,0.1252
D,1609268,50,taptail,0.1251,S,0,974
D,1609364,50,taptail,0.1252,S,0,974
D,1609460,50,taptail,0.1253,U,0,974
D,1609555,50,taptail,0.1253,U,0,974
D,1609649,50,taptail,0.1255,U,0,974
D,1609745,50,taptail,0.1257,U,0,974
D,1609841,50,taptail,0.1326,U,0,974
D,1609937,50,taptail,0.1362,U,0,974
D,1610032,50,taptail,0.1378,U,0,974
D,1610128,50,taptail,0.1366,U,0,974
D,1610224,50,taptail,0.1337,U,0,974
P,1613379,50,55.0,2,tap2,0.1296
D,1613475,50,taptail,0.1297,U,0,975
D,1613571,50,taptail,0.1297,U,0,975
D,1613667,50,taptail,0.1297,U,0,975
D,1613763,50,taptail,0.1296,S,0,975
D,1613858,50,taptail,0.1296,S,0,975
D,1613954,50,taptail,0.1297,S,0,975
D,1614050,50,taptail,0.1357,U,0,975
D,1614144,50,taptail,0.1393,U,0,975
D,1614239,50,taptail,0.1407,U,0,975
D,1614335,50,taptail,0.1392,U,0,975
D,1614431,50,taptail,0.1362,U,0,975
P,1615675,50,55.0,2,tap3,0.1321
D,1615771,50,taptail,0.1321,S,0,976
D,1615877,50,taptail,0.1321,S,0,976
D,1616057,50,taptail,0.1322,S,0,976
D,1616153,50,taptail,0.1323,U,0,976
D,1616248,50,taptail,0.1326,U,0,976
D,1616344,50,taptail,0.1394,U,0,976
D,1616440,50,taptail,0.1416,U,0,976
D,1616536,50,taptail,0.1420,U,0,976
D,1616632,50,taptail,0.1406,U,0,976
D,1616727,50,taptail,0.1386,U,0,976
P,1618353,50,55.0,2,tap4,0.1349
D,1618449,50,taptail,0.1348,U,0,977
D,1618543,50,taptail,0.1348,U,0,977
D,1618639,50,taptail,0.1348,U,0,977
D,1618735,50,taptail,0.1348,U,0,977
D,1618830,50,taptail,0.1350,U,0,977
D,1618926,50,taptail,0.1400,U,0,977
D,1619022,50,taptail,0.1457,U,0,977
D,1619118,50,taptail,0.1524,U,0,977
D,1619213,50,taptail,0.1575,U,0,977
D,1619309,50,taptail,0.1594,U,0,977
D,1619405,50,taptail,0.1586,U,0,977
P,1621031,50,55.0,2,tap5,0.1572
D,1621127,50,taptail,0.1571,U,0,978
D,1621221,50,taptail,0.1569,U,0,978
D,1621316,50,taptail,0.1568,U,0,978
D,1621412,50,taptail,0.1567,U,0,978
D,1621508,50,taptail,0.1566,U,0,978
D,1621604,50,taptail,0.1567,U,0,978
D,1621700,50,taptail,0.1567,U,0,978
D,1621795,50,taptail,0.1603,U,0,978
D,1621891,50,taptail,0.1610,U,0,978
D,1621987,50,taptail,0.1605,U,0,978
D,1622083,50,taptail,0.1593,U,0,978
P,1623708,50,55.0,2,tap6,0.1573
D,1623804,50,taptail,0.1574,U,0,979
D,1623900,50,taptail,0.1574,U,0,979
D,1623994,50,taptail,0.1575,U,0,979
D,1624090,50,taptail,0.1576,U,0,979
D,1624186,50,taptail,0.1577,U,0,979
D,1624281,50,taptail,0.1625,U,0,979
D,1624377,50,taptail,0.1648,U,0,979
D,1624473,50,taptail,0.1661,U,0,979
D,1624569,50,taptail,0.1656,U,0,979
D,1624665,50,taptail,0.1634,U,0,979
D,1624760,50,taptail,0.1609,U,0,979
P,1626768,50,55.0,2,tap7,0.1593
D,1626863,50,taptail,0.1593,S,0,980
D,1626959,50,taptail,0.1593,S,0,980
D,1627055,50,taptail,0.1594,S,0,980
D,1627151,50,taptail,0.1595,U,0,980
D,1627247,50,taptail,0.1597,U,0,980
D,1627342,50,taptail,0.1630,U,0,980
D,1627438,50,taptail,0.1649,U,0,980
D,1627532,50,taptail,0.1671,U,0,980
D,1627628,50,taptail,0.1684,U,0,980
D,1627724,50,taptail,0.1681,U,0,980
D,1627819,50,taptail,0.1666,U,0,980
P,1630412,50,55.0,2,tap8,0.1630
D,1630594,50,taptail,0.1631,S,0,981
D,1630689,50,taptail,0.1632,U,0,981
D,1630786,50,taptail,0.1632,U,0,981
D,1630881,50,taptail,0.1633,U,0,981
D,1630977,50,taptail,0.1633,U,0,981
D,1631073,50,taptail,0.1634,U,0,981
D,1631166,50,taptail,0.1704,U,0,981
D,1631262,50,taptail,0.1700,U,0,981
D,1631358,50,taptail,0.1683,U,0,981
D,1631454,50,taptail,0.1664,U,0,981
P,1634611,50,55.0,2,tap9,0.1642
D,1634705,50,taptail,0.1641,S,0,982
D,1634801,50,taptail,0.1640,U,0,982
D,1634897,50,taptail,0.1639,U,0,982
D,1634992,50,taptail,0.1639,U,0,982
D,1635088,50,taptail,0.1639,U,0,982
D,1635184,50,taptail,0.1639,U,0,982
D,1635280,50,taptail,0.1686,U,0,982
D,1635375,50,taptail,0.1711,U,0,982
D,1635471,50,taptail,0.1725,U,0,982
D,1635565,50,taptail,0.1719,U,0,982
D,1635661,50,taptail,0.1700,U,0,982
P,1637670,50,55.0,2,tap10,0.1669
D,1637766,50,taptail,0.1669,S,0,983
D,1637862,50,taptail,0.1668,S,0,983
D,1637958,50,taptail,0.1667,U,0,983
D,1638053,50,taptail,0.1666,U,0,983
D,1638149,50,taptail,0.1666,U,0,983
D,1638245,50,taptail,0.1666,U,0,983
D,1638339,50,taptail,0.1667,S,0,983
D,1638434,50,taptail,0.1704,U,0,983
D,1638530,50,taptail,0.1716,U,0,983
D,1638626,50,taptail,0.1715,U,0,983
D,1638722,50,taptail,0.1705,U,0,983
P,1641304,50,55.0,2,tap11,0.1666
D,1641400,50,taptail,0.1667,S,0,984
D,1641496,50,taptail,0.1667,S,0,984
D,1641592,50,taptail,0.1668,U,0,984
D,1641688,50,taptail,0.1668,U,0,984
D,1641784,50,taptail,0.1668,U,0,984
D,1641877,50,taptail,0.1669,U,0,984
D,1641973,50,taptail,0.1732,U,0,984
D,1642069,50,taptail,0.1755,U,0,984
D,1642165,50,taptail,0.1765,U,0,984
D,1642260,50,taptail,0.1757,U,0,984
D,1642356,50,taptail,0.1743,U,0,984
P,1644938,50,55.0,2,tap12,0.1706
D,1645034,50,taptail,0.1706,S,0,985
D,1645226,50,taptail,0.1707,S,0,985
D,1645322,50,taptail,0.1708,U,0,985
D,1645418,50,taptail,0.1710,U,0,985
D,1645511,50,taptail,0.1713,U,0,985
D,1645607,50,taptail,0.1805,U,0,985
D,1645703,50,taptail,0.1843,U,0,985
D,1645798,50,taptail,0.1860,U,0,985
D,1645895,50,taptail,0.1852,U,0,985
D,1645990,50,taptail,0.1831,U,0,985
P,1648189,50,55.0,2,tap13,0.1815
D,1648285,50,taptail,0.1815,S,0,986
D,1648381,50,taptail,0.1814,S,0,986
D,1648477,50,taptail,0.1814,S,0,986
D,1648572,50,taptail,0.1812,U,0,986
D,1648669,50,taptail,0.1811,U,0,986
D,1648764,50,taptail,0.1810,U,0,986
D,1648860,50,taptail,0.1811,U,0,986
D,1648955,50,taptail,0.1854,U,0,986
D,1649049,50,taptail,0.1859,U,0,986
D,1649145,50,taptail,0.1851,U,0,986
D,1649241,50,taptail,0.1837,U,0,986
P,1652207,50,55.0,2,tap14,0.1852
D,1652302,50,taptail,0.1851,S,0,987
D,1652398,50,taptail,0.1851,S,0,987
D,1652494,50,taptail,0.1851,S,0,987
D,1652590,50,taptail,0.1851,S,0,987
D,1652684,50,taptail,0.1850,U,0,987
D,1652780,50,taptail,0.1850,S,0,987
D,1652875,50,taptail,0.1850,S,0,987
D,1652972,50,taptail,0.1850,S,0,987
D,1653067,50,taptail,0.1849,U,0,987
D,1653163,50,taptail,0.1781,U,0,987
D,1653258,50,taptail,0.1741,U,0,987
P,1655841,50,55.0,2,tap15,0.1695
P,1657658,50,55.0,2,settled,0.1692
D,1657754,50,settle,0.1691,U,0,987
D,1657850,50,settle,0.1689,U,0,987
D,1657945,50,settle,0.1687,U,0,987
D,1658039,50,settle,0.1686,U,0,987
D,1658135,50,settle,0.1685,U,0,987
D,1658231,50,settle,0.1685,U,0,987
D,1658327,50,settle,0.1685,U,0,987
D,1658423,50,settle,0.1686,S,0,987
D,1658519,50,settle,0.1686,S,0,987
D,1658614,50,settle,0.1687,U,0,987
D,1658710,50,settle,0.1689,U,0,987
D,1658806,50,settle,0.1689,U,0,987
D,1658900,50,settle,0.1690,U,0,987
D,1658996,50,settle,0.1691,U,0,987
D,1659092,50,settle,0.1691,U,0,987
D,1659187,50,settle,0.1692,U,0,987
D,1659283,50,settle,0.1692,U,0,987
D,1659379,50,settle,0.1692,U,0,987
D,1659487,50,settle,0.1691,S,0,987
D,1659667,50,settle,0.1691,S,0,987
D,1659761,50,settle,0.1691,S,0,987
D,1659856,50,settle,0.1691,S,0,987
D,1659952,50,settle,0.1692,S,0,987
D,1660048,50,settle,0.1692,S,0,987
D,1660144,50,settle,0.1692,S,0,987
D,1660240,50,settle,0.1693,U,0,987
D,1660336,50,settle,0.1693,U,0,987
D,1660431,50,settle,0.1693,S,0,987
D,1660527,50,settle,0.1693,S,0,987
D,1660623,50,settle,0.1693,S,0,987
P,1660718,50,55.0,2,settled2,0.1692
R,50,C8,55.0,2,30,0.00,taponly,0.1201,64.49,0.1692,0.1692,0.1692,28.7722,15,taponly
E,1660725,=== trial 51 : B4 tilt 40.0 rep 1 rpm 55 halt 0.00 mode cont (cum 28.77 g) ===
P,1667700,51,40.0,1,tare0,0.0000
D,1667795,51,preroll,0.0001,S,0,987
D,1667889,51,preroll,0.0002,U,0,987
D,1667985,51,preroll,0.0002,U,0,987
D,1668081,51,preroll,0.0003,U,0,987
D,1668177,51,preroll,0.0002,U,0,987
D,1668274,51,preroll,0.0002,S,0,987
D,1668369,51,preroll,0.0002,S,0,987
D,1668465,51,preroll,0.0001,U,0,987
D,1668560,51,preroll,0.0001,U,0,987
D,1668656,51,preroll,0.0001,S,0,987
D,1668750,51,preroll,0.0000,U,0,987
D,1668846,51,preroll,0.0000,U,0,987
D,1668942,51,preroll,0.0000,S,0,987
D,1669038,51,preroll,0.0000,S,0,987
D,1669134,51,preroll,0.0000,S,0,987
D,1669229,51,preroll,0.0000,S,0,987
E,1669294,dispense start: mode cont rpm 55
D,1669325,51,dispense,0.0000,S,55,987
D,1669421,51,dispense,0.0000,S,55,987
D,1669517,51,dispense,0.0002,U,55,987
D,1669613,51,dispense,0.0003,U,55,987
D,1669706,51,dispense,0.0025,U,55,987
D,1669802,51,dispense,0.0028,U,55,987
D,1669898,51,dispense,0.0034,U,55,987
D,1669993,51,dispense,0.0048,U,55,987
D,1670089,51,dispense,0.0076,U,55,987
D,1670185,51,dispense,0.0130,U,55,987
D,1670281,51,dispense,0.0217,U,55,987
D,1670377,51,dispense,0.0325,U,55,987
D,1670473,51,dispense,0.0424,U,55,987
D,1670567,51,dispense,0.0489,U,55,987
D,1670662,51,dispense,0.0517,U,55,987
D,1670758,51,dispense,0.0526,U,55,987
D,1670854,51,dispense,0.0536,U,55,987
D,1670950,51,dispense,0.0558,U,55,987
D,1671046,51,dispense,0.0590,U,55,987
D,1671142,51,dispense,0.0625,U,55,987
D,1671237,51,dispense,0.0662,U,55,987
D,1671333,51,dispense,0.0705,U,55,987
D,1671427,51,dispense,0.0757,U,55,987
D,1671523,51,dispense,0.0820,U,55,987
D,1671619,51,dispense,0.0888,U,55,987
D,1671715,51,dispense,0.0951,U,55,987
D,1671820,51,dispense,0.0994,U,55,987
D,1671912,51,dispense,0.1020,U,55,987
D,1672005,51,dispense,0.1042,U,55,987
D,1672098,51,dispense,0.1072,U,55,987
D,1672194,51,dispense,0.1108,U,55,987
D,1672290,51,dispense,0.1141,U,55,987
D,1672384,51,dispense,0.1168,U,55,987
D,1672479,51,dispense,0.1198,U,55,987
D,1672575,51,dispense,0.1243,U,55,987
D,1672671,51,dispense,0.1301,U,55,987
D,1672767,51,dispense,0.1355,U,55,987
D,1672863,51,dispense,0.1389,U,55,987
D,1672959,51,dispense,0.1403,U,55,987
D,1673055,51,dispense,0.1411,U,55,987
D,1673150,51,dispense,0.1425,U,55,987
D,1673244,51,dispense,0.1448,U,55,987
D,1673340,51,dispense,0.1481,U,55,987
D,1673436,51,dispense,0.1530,U,55,987
D,1673532,51,dispense,0.1594,U,55,987
D,1673628,51,dispense,0.1662,U,55,987
D,1673723,51,dispense,0.1726,U,55,987
D,1673819,51,dispense,0.1779,U,55,987
D,1673915,51,dispense,0.1821,U,55,987
D,1674011,51,dispense,0.1857,U,55,987
D,1674105,51,dispense,0.1890,U,55,987
D,1674201,51,dispense,0.1924,U,55,987
D,1674297,51,dispense,0.1957,U,55,987
D,1674393,51,dispense,0.1991,U,55,987
D,1674488,51,dispense,0.2031,U,55,987
D,1674584,51,dispense,0.2081,U,55,987
D,1674680,51,dispense,0.2136,U,55,987
D,1674776,51,dispense,0.2196,U,55,987
D,1674872,51,dispense,0.2262,U,55,987
D,1674967,51,dispense,0.2327,U,55,987
D,1675061,51,dispense,0.2379,U,55,987
D,1675157,51,dispense,0.2412,U,55,987
D,1675253,51,dispense,0.2438,U,55,987
D,1675349,51,dispense,0.2473,U,55,987
D,1675445,51,dispense,0.2516,U,55,987
E,1675449,continuous 6.1 s done
D,1675541,51,settle,0.2558,U,0,987
D,1675636,51,settle,0.2596,U,0,987
D,1675732,51,settle,0.2638,U,0,987
D,1675828,51,settle,0.2690,U,0,987
D,1675922,51,settle,0.2748,U,0,987
D,1676018,51,settle,0.2788,U,0,987
D,1676114,51,settle,0.2783,U,0,987
D,1676210,51,settle,0.2723,U,0,987
D,1676305,51,settle,0.2630,U,0,987
D,1676401,51,settle,0.2541,U,0,987
D,1676497,51,settle,0.2481,U,0,987
D,1676593,51,settle,0.2450,U,0,987
D,1676689,51,settle,0.2437,U,0,987
D,1676785,51,settle,0.2430,U,0,987
D,1676879,51,settle,0.2425,U,0,987
D,1676974,51,settle,0.2424,U,0,987
D,1677070,51,settle,0.2428,U,0,987
D,1677166,51,settle,0.2434,U,0,987
D,1677262,51,settle,0.2437,U,0,987
D,1677358,51,settle,0.2438,U,0,987
D,1677454,51,settle,0.2439,U,0,987
D,1677549,51,settle,0.2439,U,0,987
D,1677645,51,settle,0.2440,U,0,987
D,1677739,51,settle,0.2441,U,0,987
D,1677835,51,settle,0.2441,U,0,987
D,1677931,51,settle,0.2441,U,0,987
D,1678027,51,settle,0.2440,S,0,987
D,1678123,51,settle,0.2439,U,0,987
D,1678218,51,settle,0.2439,U,0,987
D,1678314,51,settle,0.2438,U,0,987
D,1678410,51,settle,0.2438,U,0,987
D,1678506,51,settle,0.2437,U,0,987
D,1678600,51,settle,0.2437,U,0,987
D,1678696,51,settle,0.2437,U,0,987
D,1678792,51,settle,0.2437,S,0,987
D,1678887,51,settle,0.2437,S,0,987
D,1678983,51,settle,0.2437,S,0,987
D,1679079,51,settle,0.2438,S,0,987
D,1679175,51,settle,0.2438,S,0,987
D,1679271,51,settle,0.2438,S,0,987
D,1679367,51,settle,0.2438,S,0,987
D,1679463,51,settle,0.2438,S,0,987
D,1679557,51,settle,0.2438,S,0,987
D,1679652,51,settle,0.2438,S,0,987
D,1679748,51,settle,0.2438,S,0,987
D,1679844,51,settle,0.2438,S,0,987
D,1679940,51,settle,0.2438,S,0,987
D,1680036,51,settle,0.2438,S,0,987
D,1680132,51,settle,0.2438,S,0,987
D,1680228,51,settle,0.2439,S,0,987
D,1680324,51,settle,0.2439,S,0,987
D,1680417,51,settle,0.2442,U,0,987
D,1680513,51,settle,0.2444,U,0,987
D,1680609,51,settle,0.2446,U,0,987
D,1680705,51,settle,0.2447,U,0,987
D,1680800,51,settle,0.2449,U,0,987
D,1680896,51,settle,0.2451,U,0,987
D,1680992,51,settle,0.2452,U,0,987
D,1681088,51,settle,0.2453,U,0,987
D,1681184,51,settle,0.2454,U,0,987
D,1681290,51,settle,0.2454,U,0,987
D,1681469,51,settle,0.2454,U,0,987
D,1681565,51,settle,0.2454,S,0,987
D,1681661,51,settle,0.2454,S,0,987
D,1681757,51,settle,0.2456,U,0,987
D,1681853,51,settle,0.2458,U,0,987
D,1681948,51,settle,0.2490,U,0,987
D,1682044,51,settle,0.2486,U,0,987
D,1682140,51,settle,0.2473,U,0,987
D,1682234,51,settle,0.2464,U,0,987
D,1682330,51,settle,0.2457,U,0,987
D,1682425,51,settle,0.2438,U,0,987
D,1682521,51,settle,0.2444,U,0,987
D,1682617,51,settle,0.2454,U,0,987
D,1682713,51,settle,0.2459,U,0,987
D,1682809,51,settle,0.2462,U,0,987
D,1682905,51,settle,0.2463,U,0,987
D,1683001,51,settle,0.2464,U,0,987
D,1683094,51,settle,0.2463,U,0,987
D,1683191,51,settle,0.2464,U,0,987
D,1683286,51,settle,0.2465,U,0,987
D,1683382,51,settle,0.2466,U,0,987
D,1683478,51,settle,0.2467,U,0,987
P,1683955,51,40.0,1,settled,0.2466
D,1684051,51,settle,0.2466,S,0,987
D,1684147,51,settle,0.2465,U,0,987
D,1684243,51,settle,0.2465,U,0,987
D,1684339,51,settle,0.2464,U,0,987
D,1684435,51,settle,0.2464,U,0,987
D,1684530,51,settle,0.2464,U,0,987
D,1684627,51,settle,0.2464,S,0,987
D,1684722,51,settle,0.2463,U,0,987
D,1684818,51,settle,0.2463,S,0,987
D,1684912,51,settle,0.2463,S,0,987
D,1685008,51,settle,0.2463,S,0,987
D,1685104,51,settle,0.2463,S,0,987
D,1685199,51,settle,0.2462,S,0,987
D,1685295,51,settle,0.2461,U,0,987
D,1685391,51,settle,0.2460,U,0,987
D,1685487,51,settle,0.2460,U,0,987
D,1685583,51,settle,0.2460,U,0,987
D,1685679,51,settle,0.2460,U,0,987
D,1685772,51,settle,0.2459,U,0,987
D,1685868,51,settle,0.2458,U,0,987
D,1685964,51,settle,0.2458,U,0,987
D,1686060,51,settle,0.2458,U,0,987
D,1686156,51,settle,0.2459,S,0,987
D,1686252,51,settle,0.2460,U,0,987
D,1686347,51,settle,0.2478,U,0,987
D,1686443,51,settle,0.2471,U,0,987
D,1686539,51,settle,0.2468,U,0,987
D,1686635,51,settle,0.2466,U,0,987
D,1686729,51,settle,0.2464,U,0,987
D,1686825,51,settle,0.2463,U,0,987
D,1686920,51,settle,0.2463,U,0,987
P,1689121,51,40.0,1,settled2,0.2479
R,51,B4,40.0,1,55,0.00,cont,0.2516,6.16,0.2466,0.2479,0.2466,29.0188,0,cont_done
E,1689129,=== trial 52 : B4 tilt 55.0 rep 1 rpm 55 halt 0.00 mode cont (cum 29.02 g) ===
P,1692564,52,55.0,1,tare0,0.0000
D,1692660,52,preroll,0.0000,S,0,987
D,1692755,52,preroll,0.0000,S,0,987
D,1692851,52,preroll,0.0000,S,0,987
D,1692945,52,preroll,0.0000,S,0,987
D,1693041,52,preroll,0.0000,S,0,987
D,1693137,52,preroll,-0.0003,U,0,987
D,1693232,52,preroll,-0.0004,U,0,987
D,1693328,52,preroll,-0.0004,U,0,987
D,1693424,52,preroll,-0.0004,U,0,987
D,1693520,52,preroll,-0.0004,U,0,987
D,1693616,52,preroll,-0.0003,S,0,987
D,1693712,52,preroll,-0.0001,U,0,987
D,1693808,52,preroll,0.0000,U,0,987
D,1693901,52,preroll,0.0001,U,0,987
D,1693997,52,preroll,0.0001,U,0,987
D,1694093,52,preroll,0.0001,U,0,987
E,1694158,dispense start: mode cont rpm 55
D,1694189,52,dispense,0.0002,U,55,987
D,1694285,52,dispense,0.0006,U,55,987
D,1694381,52,dispense,0.0008,U,55,987
D,1694476,52,dispense,0.0010,U,55,987
D,1694572,52,dispense,0.0011,U,55,987
D,1694668,52,dispense,0.0013,U,55,987
D,1694762,52,dispense,0.0015,U,55,987
D,1694858,52,dispense,0.0018,U,55,987
D,1694953,52,dispense,0.0114,U,55,987
D,1695061,52,dispense,0.0169,U,55,987
D,1695153,52,dispense,0.0236,U,55,987
D,1695246,52,dispense,0.0307,U,55,987
D,1695339,52,dispense,0.0372,U,55,987
D,1695433,52,dispense,0.0431,U,55,987
D,1695528,52,dispense,0.0496,U,55,987
D,1695622,52,dispense,0.0573,U,55,987
D,1695718,52,dispense,0.0659,U,55,987
D,1695814,52,dispense,0.0748,U,55,987
D,1695910,52,dispense,0.0831,U,55,987
D,1696006,52,dispense,0.0891,U,55,987
D,1696101,52,dispense,0.0908,U,55,987
D,1696197,52,dispense,0.0886,U,55,987
D,1696293,52,dispense,0.0855,U,55,987
D,1696389,52,dispense,0.0844,U,55,987
D,1696485,52,dispense,0.0857,U,55,987
D,1696579,52,dispense,0.0869,U,55,987
D,1696675,52,dispense,0.0884,U,55,987
D,1696770,52,dispense,0.0969,U,55,987
D,1696866,52,dispense,0.1061,U,55,987
D,1696962,52,dispense,0.1175,U,55,987
D,1697058,52,dispense,0.1277,U,55,987
D,1697154,52,dispense,0.1339,U,55,987
D,1697250,52,dispense,0.1360,U,55,987
D,1697345,52,dispense,0.1358,U,55,987
D,1697439,52,dispense,0.1353,U,55,987
D,1697535,52,dispense,0.1358,U,55,987
D,1697631,52,dispense,0.1379,U,55,987
D,1697727,52,dispense,0.1418,U,55,987
D,1697823,52,dispense,0.1473,U,55,987
D,1697919,52,dispense,0.1534,U,55,987
D,1698014,52,dispense,0.1594,U,55,987
D,1698110,52,dispense,0.1649,U,55,987
D,1698206,52,dispense,0.1698,U,55,987
D,1698300,52,dispense,0.1737,U,55,987
D,1698396,52,dispense,0.1766,U,55,987
D,1698492,52,dispense,0.1792,U,55,987
D,1698587,52,dispense,0.1817,U,55,987
D,1698683,52,dispense,0.1847,U,55,987
D,1698779,52,dispense,0.1889,U,55,987
D,1698875,52,dispense,0.1942,U,55,987
D,1698971,52,dispense,0.2002,U,55,987
D,1699067,52,dispense,0.2066,U,55,987
D,1699162,52,dispense,0.2134,U,55,987
D,1699256,52,dispense,0.2194,U,55,987
D,1699352,52,dispense,0.2226,U,55,987
D,1699448,52,dispense,0.2229,U,55,987
D,1699544,52,dispense,0.2222,U,55,987
D,1699640,52,dispense,0.2231,U,55,987
D,1699735,52,dispense,0.2268,U,55,987
D,1699831,52,dispense,0.2324,U,55,987
D,1699927,52,dispense,0.2386,U,55,987
D,1700023,52,dispense,0.2450,U,55,987
D,1700117,52,dispense,0.2519,U,55,987
D,1700213,52,dispense,0.2587,U,55,987
D,1700309,52,dispense,0.2644,U,55,987
E,1700313,continuous 6.1 s done
D,1700405,52,settle,0.2677,U,0,987
D,1700500,52,settle,0.2688,U,0,987
D,1700596,52,settle,0.2685,U,0,987
D,1700692,52,settle,0.2682,U,0,987
D,1700788,52,settle,0.2681,U,0,987
D,1700884,52,settle,0.2678,U,0,987
D,1700980,52,settle,0.2672,U,0,987
D,1701073,52,settle,0.2637,U,0,987
D,1701169,52,settle,0.2597,U,0,987
D,1701265,52,settle,0.2553,U,0,987
D,1701361,52,settle,0.2516,U,0,987
D,1701457,52,settle,0.2492,U,0,987
D,1701553,52,settle,0.2479,U,0,987
D,1701648,52,settle,0.2471,U,0,987
D,1701744,52,settle,0.2466,U,0,987
D,1701840,52,settle,0.2463,U,0,987
D,1701934,52,settle,0.2461,U,0,987
D,1702030,52,settle,0.2459,U,0,987
D,1702126,52,settle,0.2458,U,0,987
D,1702222,52,settle,0.2456,U,0,987
D,1702318,52,settle,0.2453,U,0,987
D,1702413,52,settle,0.2449,U,0,987
D,1702509,52,settle,0.2447,U,0,987
D,1702605,52,settle,0.2446,U,0,987
D,1702701,52,settle,0.2446,U,0,987
D,1702795,52,settle,0.2446,U,0,987
D,1702891,52,settle,0.2447,U,0,987
D,1702987,52,settle,0.2447,S,0,987
D,1703082,52,settle,0.2447,S,0,987
D,1703178,52,settle,0.2448,U,0,987
D,1703274,52,settle,0.2449,U,0,987
D,1703375,52,settle,0.2449,U,0,987
D,1703466,52,settle,0.2450,U,0,987
D,1703562,52,settle,0.2450,U,0,987
D,1703658,52,settle,0.2450,U,0,987
D,1703752,52,settle,0.2450,S,0,987
D,1703847,52,settle,0.2450,S,0,987
D,1703943,52,settle,0.2450,S,0,987
D,1704039,52,settle,0.2450,S,0,987
D,1704135,52,settle,0.2450,S,0,987
D,1704231,52,settle,0.2450,S,0,987
D,1704327,52,settle,0.2450,S,0,987
D,1704422,52,settle,0.2452,U,0,987
D,1704518,52,settle,0.2453,U,0,987
D,1704612,52,settle,0.2454,U,0,987
D,1704708,52,settle,0.2455,U,0,987
D,1704804,52,settle,0.2456,U,0,987
D,1704900,52,settle,0.2456,U,0,987
D,1704996,52,settle,0.2457,U,0,987
D,1705091,52,settle,0.2457,U,0,987
D,1705187,52,settle,0.2457,U,0,987
D,1705283,52,settle,0.2457,S,0,987
D,1705379,52,settle,0.2458,U,0,987
D,1705473,52,settle,0.2458,S,0,987
D,1705569,52,settle,0.2458,S,0,987
D,1705665,52,settle,0.2457,S,0,987
D,1705760,52,settle,0.2457,S,0,987
D,1705856,52,settle,0.2457,S,0,987
D,1705952,52,settle,0.2457,S,0,987
D,1706048,52,settle,0.2457,S,0,987
D,1706144,52,settle,0.2458,S,0,987
D,1706240,52,settle,0.2458,S,0,987
D,1706335,52,settle,0.2458,S,0,987
D,1706429,52,settle,0.2458,S,0,987
D,1706525,52,settle,0.2458,S,0,987
D,1706621,52,settle,0.2458,S,0,987
D,1706717,52,settle,0.2457,S,0,987
D,1706813,52,settle,0.2457,S,0,987
D,1706908,52,settle,0.2457,S,0,987
D,1707005,52,settle,0.2457,S,0,987
D,1707100,52,settle,0.2456,U,0,987
D,1707196,52,settle,0.2456,S,0,987
D,1707290,52,settle,0.2456,S,0,987
D,1707386,52,settle,0.2456,S,0,987
D,1707482,52,settle,0.2456,S,0,987
D,1707577,52,settle,0.2456,S,0,987
D,1707674,52,settle,0.2457,S,0,987
D,1707769,52,settle,0.2457,S,0,987
D,1707865,52,settle,0.2457,S,0,987
D,1707961,52,settle,0.2457,S,0,987
D,1708057,52,settle,0.2458,U,0,987
D,1708153,52,settle,0.2458,S,0,987
D,1708247,52,settle,0.2458,S,0,987
D,1708342,52,settle,0.2458,S,0,987
P,1708439,52,55.0,1,settled,0.2458
D,1708534,52,settle,0.2462,U,0,987
D,1708630,52,settle,0.2464,U,0,987
D,1708725,52,settle,0.2491,U,0,987
D,1708821,52,settle,0.2496,U,0,987
D,1708917,52,settle,0.2502,U,0,987
D,1709013,52,settle,0.2510,U,0,987
D,1709106,52,settle,0.2512,U,0,987
D,1709202,52,settle,0.2513,U,0,987
D,1709298,52,settle,0.2514,U,0,987
D,1709394,52,settle,0.2513,U,0,987
D,1709490,52,settle,0.2512,U,0,987
D,1709586,52,settle,0.2510,U,0,987
D,1709682,52,settle,0.2506,U,0,987
D,1709777,52,settle,0.2471,U,0,987
D,1709873,52,settle,0.2465,U,0,987
D,1709967,52,settle,0.2464,U,0,987
D,1710063,52,settle,0.2464,U,0,987
D,1710159,52,settle,0.2462,U,0,987
D,1710255,52,settle,0.2460,U,0,987
D,1710351,52,settle,0.2458,U,0,987
D,1710446,52,settle,0.2456,U,0,987
D,1710542,52,settle,0.2456,U,0,987
D,1710638,52,settle,0.2456,U,0,987
D,1710734,52,settle,0.2456,U,0,987
D,1710830,52,settle,0.2456,U,0,987
D,1710924,52,settle,0.2457,S,0,987
D,1711020,52,settle,0.2457,S,0,987
D,1711115,52,settle,0.2458,U,0,987
D,1711211,52,settle,0.2460,U,0,987
D,1711307,52,settle,0.2461,U,0,987
D,1711403,52,settle,0.2462,U,0,987
P,1711691,52,55.0,1,settled2,0.2461
R,52,B4,55.0,1,55,0.00,cont,0.2644,6.16,0.2458,0.2461,0.2458,29.2646,0,cont_done
E,1711699,=== trial 53 : B4 tilt 70.0 rep 1 rpm 55 halt 0.00 mode cont (cum 29.26 g) ===
P,1721731,53,70.0,1,tare0,0.0010
D,1721826,53,preroll,0.0009,U,0,987
D,1721922,53,preroll,0.0007,U,0,987
D,1722018,53,preroll,0.0006,U,0,987
D,1722114,53,preroll,0.0005,U,0,987
D,1722210,53,preroll,0.0003,U,0,987
D,1722306,53,preroll,0.0002,U,0,987
D,1722401,53,preroll,0.0001,U,0,987
D,1722495,53,preroll,0.0000,U,0,987
D,1722591,53,preroll,-0.0001,U,0,987
D,1722687,53,preroll,-0.0002,U,0,987
D,1722783,53,preroll,-0.0002,U,0,987
D,1722879,53,preroll,-0.0003,U,0,987
D,1722975,53,preroll,-0.0004,U,0,987
D,1723070,53,preroll,-0.0004,U,0,987
D,1723166,53,preroll,-0.0005,U,0,987
D,1723262,53,preroll,-0.0005,U,0,987
E,1723327,dispense start: mode cont rpm 55
D,1723359,53,dispense,-0.0006,U,55,987
D,1723452,53,dispense,-0.0007,U,55,987
D,1723548,53,dispense,-0.0008,U,55,987
D,1723643,53,dispense,-0.0008,U,55,987
D,1723739,53,dispense,-0.0009,U,55,987
D,1723835,53,dispense,-0.0008,U,55,987
D,1723931,53,dispense,-0.0007,U,55,987
D,1724026,53,dispense,0.0056,U,55,987
D,1724122,53,dispense,0.0115,U,55,987
D,1724218,53,dispense,0.0211,U,55,987
D,1724312,53,dispense,0.0343,U,55,987
D,1724408,53,dispense,0.0497,U,55,987
D,1724504,53,dispense,0.0644,U,55,987
D,1724599,53,dispense,0.0750,U,55,987
D,1724695,53,dispense,0.0795,U,55,987
D,1724791,53,dispense,0.0787,U,55,987
D,1724887,53,dispense,0.0759,U,55,987
D,1724983,53,dispense,0.0739,U,55,987
D,1725079,53,dispense,0.0739,U,55,987
D,1725175,53,dispense,0.0761,U,55,987
D,1725268,53,dispense,0.0784,U,55,987
D,1725364,53,dispense,0.0877,U,55,987
D,1725460,53,dispense,0.0963,U,55,987
D,1725556,53,dispense,0.1047,U,55,987
D,1725652,53,dispense,0.1111,U,55,987
D,1725748,53,dispense,0.1149,U,55,987
D,1725844,53,dispense,0.1168,U,55,987
D,1725939,53,dispense,0.1180,U,55,987
D,1726035,53,dispense,0.1192,U,55,987
D,1726129,53,dispense,0.1208,U,55,987
D,1726225,53,dispense,0.1228,U,55,987
D,1726321,53,dispense,0.1252,U,55,987
D,1726417,53,dispense,0.1279,U,55,987
D,1726512,53,dispense,0.1312,U,55,987
D,1726608,53,dispense,0.1355,U,55,987
D,1726704,53,dispense,0.1409,U,55,987
D,1726800,53,dispense,0.1468,U,55,987
D,1726896,53,dispense,0.1523,U,55,987
D,1726990,53,dispense,0.1569,U,55,987
D,1727085,53,dispense,0.1607,U,55,987
D,1727181,53,dispense,0.1639,U,55,987
D,1727277,53,dispense,0.1669,U,55,987
D,1727373,53,dispense,0.1703,U,55,987
D,1727481,53,dispense,0.1744,U,55,987
D,1727573,53,dispense,0.1792,U,55,987
D,1727666,53,dispense,0.1854,U,55,987
D,1727759,53,dispense,0.1938,U,55,987
D,1727852,53,dispense,0.2038,U,55,987
D,1727946,53,dispense,0.2128,U,55,987
D,1728042,53,dispense,0.2186,U,55,987
D,1728138,53,dispense,0.2210,U,55,987
D,1728234,53,dispense,0.2215,U,55,987
D,1728329,53,dispense,0.2215,U,55,987
D,1728425,53,dispense,0.2219,U,55,987
D,1728521,53,dispense,0.2236,U,55,987
D,1728617,53,dispense,0.2274,U,55,987
D,1728713,53,dispense,0.2345,U,55,987
D,1728807,53,dispense,0.2446,U,55,987
D,1728903,53,dispense,0.2553,U,55,987
D,1728998,53,dispense,0.2637,U,55,987
D,1729094,53,dispense,0.2683,U,55,987
D,1729190,53,dispense,0.2701,U,55,987
D,1729286,53,dispense,0.2706,U,55,987
D,1729382,53,dispense,0.2708,U,55,987
D,1729478,53,dispense,0.2710,U,55,987
E,1729482,continuous 6.1 s done
D,1729574,53,settle,0.2721,U,0,987
D,1729667,53,settle,0.2751,U,0,987
D,1729763,53,settle,0.2813,U,0,987
D,1729859,53,settle,0.2908,U,0,987
D,1729955,53,settle,0.3013,U,0,987
D,1730051,53,settle,0.3080,U,0,987
D,1730146,53,settle,0.3066,U,0,987
D,1730242,53,settle,0.2974,U,0,987
D,1730338,53,settle,0.2850,U,0,987
D,1730434,53,settle,0.2745,U,0,987
D,1730530,53,settle,0.2685,U,0,987
D,1730624,53,settle,0.2664,U,0,987
D,1730720,53,settle,0.2669,U,0,987
D,1730815,53,settle,0.2685,U,0,987
D,1730911,53,settle,0.2703,U,0,987
D,1731007,53,settle,0.2713,U,0,987
D,1731103,53,settle,0.2711,U,0,987
D,1731199,53,settle,0.2700,U,0,987
D,1731295,53,settle,0.2683,U,0,987
D,1731390,53,settle,0.2675,U,0,987
D,1731484,53,settle,0.2654,U,0,987
D,1731580,53,settle,0.2647,U,0,987
D,1731676,53,settle,0.2643,U,0,987
D,1731772,53,settle,0.2642,U,0,987
D,1731868,53,settle,0.2644,U,0,987
D,1731964,53,settle,0.2649,U,0,987
D,1732059,53,settle,0.2652,U,0,987
D,1732155,53,settle,0.2654,U,0,987
D,1732251,53,settle,0.2656,U,0,987
D,1732347,53,settle,0.2657,U,0,987
D,1732441,53,settle,0.2658,U,0,987
D,1732537,53,settle,0.2658,U,0,987
D,1732633,53,settle,0.2659,U,0,987
D,1732728,53,settle,0.2659,U,0,987
D,1732824,53,settle,0.2660,U,0,987
D,1732920,53,settle,0.2659,S,0,987
D,1733016,53,settle,0.2658,U,0,987
D,1733112,53,settle,0.2658,U,0,987
D,1733208,53,settle,0.2657,U,0,987
D,1733302,53,settle,0.2657,U,0,987
D,1733398,53,settle,0.2657,U,0,987
D,1733493,53,settle,0.2657,S,0,987
D,1733589,53,settle,0.2657,S,0,987
D,1733685,53,settle,0.2656,S,0,987
D,1733781,53,settle,0.2656,S,0,987
D,1733877,53,settle,0.2656,S,0,987
D,1733973,53,settle,0.2656,S,0,987
D,1734069,53,settle,0.2656,S,0,987
D,1734163,53,settle,0.2656,S,0,987
D,1734258,53,settle,0.2656,S,0,987
D,1734354,53,settle,0.2656,S,0,987
D,1734450,53,settle,0.2656,S,0,987
D,1734546,53,settle,0.2656,S,0,987
D,1734642,53,settle,0.2656,S,0,987
D,1734738,53,settle,0.2656,S,0,987
D,1734834,53,settle,0.2656,S,0,987
D,1734929,53,settle,0.2656,S,0,987
D,1735025,53,settle,0.2656,S,0,987
D,1735119,53,settle,0.2656,S,0,987
D,1735215,53,settle,0.2656,S,0,987
D,1735311,53,settle,0.2656,S,0,987
D,1735407,53,settle,0.2656,S,0,987
D,1735503,53,settle,0.2656,S,0,987
D,1735598,53,settle,0.2656,S,0,987
D,1735694,53,settle,0.2656,S,0,987
D,1735790,53,settle,0.2656,S,0,987
D,1735886,53,settle,0.2656,S,0,987
D,1735980,53,settle,0.2656,S,0,987
D,1736075,53,settle,0.2651,U,0,987
D,1736171,53,settle,0.2649,U,0,987
D,1736267,53,settle,0.2648,U,0,987
D,1736363,53,settle,0.2647,U,0,987
D,1736459,53,settle,0.2646,U,0,987
D,1736555,53,settle,0.2645,U,0,987
D,1736650,53,settle,0.2645,U,0,987
D,1736746,53,settle,0.2645,U,0,987
D,1736840,53,settle,0.2645,U,0,987
D,1736936,53,settle,0.2645,S,0,987
D,1737032,53,settle,0.2646,S,0,987
D,1737128,53,settle,0.2646,S,0,987
D,1737224,53,settle,0.2646,S,0,987
D,1737319,53,settle,0.2645,S,0,987
D,1737415,53,settle,0.2645,S,0,987
D,1737511,53,settle,0.2644,U,0,987
P,1738953,53,70.0,1,settled,0.2656
D,1739046,53,settle,0.2656,S,0,987
D,1739136,53,settle,0.2657,S,0,987
D,1739232,53,settle,0.2658,U,0,987
D,1739328,53,settle,0.2659,U,0,987
D,1739424,53,settle,0.2660,U,0,987
D,1739520,53,settle,0.2660,U,0,987
D,1739614,53,settle,0.2660,U,0,987
D,1739710,53,settle,0.2661,U,0,987
D,1739805,53,settle,0.2662,U,0,987
D,1739901,53,settle,0.2663,U,0,987
D,1739997,53,settle,0.2694,U,0,987
D,1740093,53,settle,0.2691,U,0,987
D,1740188,53,settle,0.2683,U,0,987
D,1740284,53,settle,0.2679,U,0,987
D,1740380,53,settle,0.2676,U,0,987
D,1740474,53,settle,0.2674,U,0,987
D,1740570,53,settle,0.2674,U,0,987
D,1740666,53,settle,0.2673,U,0,987
D,1740761,53,settle,0.2672,U,0,987
D,1740858,53,settle,0.2672,U,0,987
D,1740953,53,settle,0.2671,U,0,987
D,1741049,53,settle,0.2670,U,0,987
D,1741145,53,settle,0.2670,U,0,987
D,1741241,53,settle,0.2670,U,0,987
D,1741335,53,settle,0.2669,U,0,987
D,1741431,53,settle,0.2668,U,0,987
D,1741527,53,settle,0.2667,U,0,987
D,1741622,53,settle,0.2666,U,0,987
D,1741718,53,settle,0.2665,U,0,987
D,1741814,53,settle,0.2665,U,0,987
D,1741910,53,settle,0.2665,U,0,987
P,1742579,53,70.0,1,settled2,0.2664
R,53,B4,70.0,1,55,0.00,cont,0.2710,6.16,0.2656,0.2664,0.2656,29.5302,0,cont_done
E,1742587,=== trial 54 : B4 tilt 70.0 rep 2 rpm 55 halt 0.00 mode cont (cum 29.53 g) ===
P,1746702,54,70.0,2,tare0,0.0002
D,1746794,54,preroll,0.0003,S,0,987
D,1746989,54,preroll,0.0004,U,0,987
D,1747170,54,preroll,0.0005,U,0,987
D,1747265,54,preroll,0.0007,U,0,987
D,1747361,54,preroll,0.0009,U,0,987
D,1747457,54,preroll,0.0011,U,0,987
D,1747553,54,preroll,0.0014,U,0,987
D,1747647,54,preroll,0.0017,U,0,987
D,1747743,54,preroll,0.0019,U,0,987
D,1747838,54,preroll,0.0021,U,0,987
D,1747934,54,preroll,0.0022,U,0,987
D,1748030,54,preroll,0.0011,U,0,987
D,1748125,54,preroll,0.0008,U,0,987
D,1748221,54,preroll,0.0011,U,0,987
E,1748287,dispense start: mode cont rpm 55
D,1748317,54,dispense,0.0018,U,55,987
D,1748413,54,dispense,0.0021,U,55,987
D,1748507,54,dispense,0.0021,U,55,987
D,1748603,54,dispense,0.0020,U,55,987
D,1748699,54,dispense,0.0017,U,55,987
D,1748795,54,dispense,0.0016,U,55,987
D,1748890,54,dispense,0.0017,U,55,987
D,1748986,54,dispense,0.0023,U,55,987
D,1749082,54,dispense,0.0106,U,55,987
D,1749178,54,dispense,0.0163,U,55,987
D,1749274,54,dispense,0.0237,U,55,987
D,1749369,54,dispense,0.0324,U,55,987
D,1749463,54,dispense,0.0414,U,55,987
D,1749559,54,dispense,0.0495,U,55,987
D,1749655,54,dispense,0.0571,U,55,987
D,1749751,54,dispense,0.0652,U,55,987
D,1749847,54,dispense,0.0739,U,55,987
D,1749942,54,dispense,0.0820,U,55,987
D,1750038,54,dispense,0.0870,U,55,987
D,1750134,54,dispense,0.0878,U,55,987
D,1750230,54,dispense,0.0853,U,55,987
D,1750324,54,dispense,0.0823,U,55,987
D,1750420,54,dispense,0.0816,U,55,987
D,1750516,54,dispense,0.0846,U,55,987
D,1750611,54,dispense,0.0877,U,55,987
D,1750708,54,dispense,0.0990,U,55,987
D,1750813,54,dispense,0.1069,U,55,987
D,1750905,54,dispense,0.1136,U,55,987
D,1750998,54,dispense,0.1193,U,55,987
D,1751091,54,dispense,0.1240,U,55,987
D,1751184,54,dispense,0.1271,U,55,987
D,1751280,54,dispense,0.1285,U,55,987
D,1751376,54,dispense,0.1292,U,55,987
D,1751472,54,dispense,0.1308,U,55,987
D,1751568,54,dispense,0.1341,U,55,987
D,1751664,54,dispense,0.1391,U,55,987
D,1751760,54,dispense,0.1449,U,55,987
D,1751855,54,dispense,0.1500,U,55,987
D,1751951,54,dispense,0.1540,U,55,987
D,1752047,54,dispense,0.1580,U,55,987
D,1752141,54,dispense,0.1639,U,55,987
D,1752237,54,dispense,0.1717,U,55,987
D,1752333,54,dispense,0.1794,U,55,987
D,1752428,54,dispense,0.1849,U,55,987
D,1752524,54,dispense,0.1880,U,55,987
D,1752620,54,dispense,0.1893,U,55,987
D,1752716,54,dispense,0.1903,U,55,987
D,1752812,54,dispense,0.1919,U,55,987
D,1752908,54,dispense,0.1954,U,55,987
D,1753002,54,dispense,0.2022,U,55,987
D,1753097,54,dispense,0.2125,U,55,987
D,1753193,54,dispense,0.2244,U,55,987
D,1753289,54,dispense,0.2345,U,55,987
D,1753385,54,dispense,0.2400,U,55,987
D,1753481,54,dispense,0.2404,U,55,987
D,1753577,54,dispense,0.2378,U,55,987
D,1753672,54,dispense,0.2344,U,55,987
D,1753769,54,dispense,0.2319,U,55,987
D,1753862,54,dispense,0.2311,U,55,987
D,1753958,54,dispense,0.2327,U,55,987
D,1754054,54,dispense,0.2372,U,55,987
D,1754150,54,dispense,0.2451,U,55,987
D,1754246,54,dispense,0.2558,U,55,987
D,1754342,54,dispense,0.2671,U,55,987
D,1754437,54,dispense,0.2752,U,55,987
E,1754441,continuous 6.1 s done
D,1754533,54,settle,0.2778,U,0,987
D,1754629,54,settle,0.2761,U,0,987
D,1754725,54,settle,0.2732,U,0,987
D,1754819,54,settle,0.2719,U,0,987
D,1754914,54,settle,0.2724,U,0,987
D,1755010,54,settle,0.2730,U,0,987
D,1755106,54,settle,0.2717,U,0,987
D,1755202,54,settle,0.2676,U,0,987
D,1755298,54,settle,0.2622,U,0,987
D,1755394,54,settle,0.2570,U,0,987
D,1755490,54,settle,0.2532,U,0,987
D,1755586,54,settle,0.2508,U,0,987
D,1755679,54,settle,0.2492,U,0,987
D,1755775,54,settle,0.2484,U,0,987
D,1755871,54,settle,0.2482,U,0,987
D,1755967,54,settle,0.2485,U,0,987
D,1756063,54,settle,0.2491,U,0,987
D,1756159,54,settle,0.2498,U,0,987
D,1756254,54,settle,0.2501,U,0,987
D,1756350,54,settle,0.2503,U,0,987
D,1756446,54,settle,0.2504,U,0,987
D,1756542,54,settle,0.2505,U,0,987
D,1756636,54,settle,0.2505,U,0,987
D,1756732,54,settle,0.2506,U,0,987
D,1756828,54,settle,0.2506,U,0,987
D,1756923,54,settle,0.2507,U,0,987
D,1757019,54,settle,0.2507,U,0,987
D,1757115,54,settle,0.2508,U,0,987
D,1757211,54,settle,0.2510,U,0,987
D,1757307,54,settle,0.2511,U,0,987
D,1757403,54,settle,0.2511,U,0,987
D,1757497,54,settle,0.2511,U,0,987
D,1757593,54,settle,0.2510,U,0,987
D,1757688,54,settle,0.2509,U,0,987
D,1757784,54,settle,0.2487,U,0,987
D,1757880,54,settle,0.2488,U,0,987
D,1757976,54,settle,0.2493,U,0,987
D,1758072,54,settle,0.2495,U,0,987
D,1758167,54,settle,0.2497,U,0,987
D,1758263,54,settle,0.2498,U,0,987
D,1758357,54,settle,0.2499,U,0,987
D,1758453,54,settle,0.2500,U,0,987
D,1758549,54,settle,0.2501,U,0,987
D,1758645,54,settle,0.2503,U,0,987
D,1758741,54,settle,0.2505,U,0,987
D,1758836,54,settle,0.2508,U,0,987
D,1758932,54,settle,0.2544,U,0,987
D,1759028,54,settle,0.2550,U,0,987
D,1759124,54,settle,0.2548,U,0,987
D,1759220,54,settle,0.2539,U,0,987
D,1759313,54,settle,0.2533,U,0,987
D,1759409,54,settle,0.2527,U,0,987
D,1759505,54,settle,0.2504,U,0,987
D,1759601,54,settle,0.2498,U,0,987
D,1759697,54,settle,0.2496,U,0,987
D,1759793,54,settle,0.2495,U,0,987
D,1759889,54,settle,0.2494,U,0,987
D,1759984,54,settle,0.2494,U,0,987
D,1760080,54,settle,0.2494,U,0,987
D,1760174,54,settle,0.2495,S,0,987
D,1760366,54,settle,0.2496,U,0,987
D,1760462,54,settle,0.2496,U,0,987
D,1760558,54,settle,0.2497,U,0,987
D,1760653,54,settle,0.2499,U,0,987
D,1760749,54,settle,0.2501,U,0,987
D,1760845,54,settle,0.2502,U,0,987
D,1760941,54,settle,0.2503,U,0,987
D,1761035,54,settle,0.2504,U,0,987
D,1761131,54,settle,0.2504,U,0,987
D,1761227,54,settle,0.2504,U,0,987
D,1761322,54,settle,0.2504,U,0,987
D,1761418,54,settle,0.2503,S,0,987
D,1761514,54,settle,0.2502,U,0,987
D,1761610,54,settle,0.2501,U,0,987
D,1761706,54,settle,0.2500,U,0,987
D,1761802,54,settle,0.2499,U,0,987
D,1761898,54,settle,0.2498,U,0,987
D,1761992,54,settle,0.2498,U,0,987
D,1762087,54,settle,0.2498,U,0,987
D,1762183,54,settle,0.2516,U,0,987
D,1762279,54,settle,0.2517,U,0,987
D,1762374,54,settle,0.2510,U,0,987
D,1762470,54,settle,0.2498,U,0,987
P,1764096,54,70.0,2,settled,0.2499
D,1764192,54,settle,0.2499,S,0,987
D,1764288,54,settle,0.2500,U,0,987
D,1764384,54,settle,0.2499,S,0,987
D,1764479,54,settle,0.2500,S,0,987
D,1764575,54,settle,0.2501,U,0,987
D,1764669,54,settle,0.2502,U,0,987
D,1764765,54,settle,0.2504,U,0,987
D,1764860,54,settle,0.2535,U,0,987
D,1764956,54,settle,0.2533,U,0,987
D,1765052,54,settle,0.2531,U,0,987
D,1765148,54,settle,0.2529,U,0,987
D,1765244,54,settle,0.2526,U,0,987
D,1765340,54,settle,0.2522,U,0,987
D,1765436,54,settle,0.2519,U,0,987
D,1765530,54,settle,0.2516,U,0,987
D,1765626,54,settle,0.2513,U,0,987
D,1765721,54,settle,0.2510,U,0,987
D,1765817,54,settle,0.2508,U,0,987
D,1765913,54,settle,0.2507,U,0,987
D,1766009,54,settle,0.2507,U,0,987
D,1766105,54,settle,0.2508,U,0,987
D,1766201,54,settle,0.2509,U,0,987
D,1766296,54,settle,0.2509,U,0,987
D,1766392,54,settle,0.2510,U,0,987
D,1766486,54,settle,0.2509,U,0,987
D,1766582,54,settle,0.2509,S,0,987
D,1766678,54,settle,0.2509,S,0,987
D,1766774,54,settle,0.2510,S,0,987
D,1766870,54,settle,0.2510,S,0,987
D,1766966,54,settle,0.2510,S,0,987
D,1767061,54,settle,0.2542,U,0,987
P,1768113,54,70.0,2,settled2,0.2504
R,54,B4,70.0,2,55,0.00,cont,0.2752,6.16,0.2499,0.2504,0.2499,29.7801,0,cont_done
E,1768121,=== trial 55 : B4 tilt 55.0 rep 2 rpm 55 halt 0.00 mode cont (cum 29.78 g) ===
E,1779715,no stable frame for tare0
P,1780788,55,55.0,2,tare0,nan
D,1781861,55,preroll,nan,X,0,987
D,1782994,55,preroll,nan,X,0,987
E,1783057,dispense start: mode cont rpm 55
D,1784131,55,dispense,nan,X,55,987
D,1785205,55,dispense,nan,X,55,987
D,1786279,55,dispense,nan,X,55,987
D,1787364,55,dispense,nan,X,55,987
D,1788437,55,dispense,nan,X,55,987
D,1789511,55,dispense,nan,X,55,987
D,1790585,55,dispense,nan,X,55,987
E,1790588,continuous 6.5 s done
D,1790682,55,settle,0.5755,U,0,987
D,1790777,55,settle,0.5780,U,0,987
D,1790873,55,settle,0.5799,U,0,987
D,1790968,55,settle,0.5814,U,0,987
D,1791064,55,settle,0.5820,U,0,987
D,1791160,55,settle,0.5810,U,0,987
D,1791256,55,settle,0.5777,U,0,987
D,1791352,55,settle,0.5724,U,0,987
D,1791448,55,settle,0.5665,U,0,987
D,1791541,55,settle,0.5616,U,0,987
D,1791637,55,settle,0.5583,U,0,987
D,1791733,55,settle,0.5562,U,0,987
D,1791829,55,settle,0.5548,U,0,987
D,1791925,55,settle,0.5539,U,0,987
D,1792021,55,settle,0.5533,U,0,987
D,1792117,55,settle,0.5531,U,0,987
D,1792212,55,settle,0.5530,U,0,987
D,1792308,55,settle,0.5532,U,0,987
D,1792402,55,settle,0.5534,U,0,987
D,1792498,55,settle,0.5536,U,0,987
D,1792594,55,settle,0.5538,U,0,987
D,1792690,55,settle,0.5540,U,0,987
D,1792786,55,settle,0.5542,U,0,987
D,1792881,55,settle,0.5543,U,0,987
D,1792977,55,settle,0.5543,U,0,987
D,1793073,55,settle,0.5543,U,0,987
D,1793169,55,settle,0.5543,U,0,987
D,1793265,55,settle,0.5543,S,0,987
D,1793359,55,settle,0.5543,S,0,987
D,1793455,55,settle,0.5543,S,0,987
D,1793550,55,settle,0.5543,S,0,987
D,1793646,55,settle,0.5544,S,0,987
D,1793742,55,settle,0.5544,S,0,987
D,1793838,55,settle,0.5546,U,0,987
D,1793934,55,settle,0.5547,U,0,987
D,1794029,55,settle,0.5590,U,0,987
D,1794125,55,settle,0.5597,U,0,987
D,1794219,55,settle,0.5598,U,0,987
D,1794315,55,settle,0.5595,U,0,987
D,1794411,55,settle,0.5591,U,0,987
D,1794507,55,settle,0.5588,U,0,987
D,1794603,55,settle,0.5585,U,0,987
D,1794699,55,settle,0.5581,U,0,987
D,1794794,55,settle,0.5578,U,0,987
D,1794890,55,settle,0.5575,U,0,987
D,1794986,55,settle,0.5573,U,0,987
D,1795080,55,settle,0.5571,U,0,987
D,1795176,55,settle,0.5569,U,0,987
D,1795272,55,settle,0.5568,U,0,987
D,1795368,55,settle,0.5569,U,0,987
D,1795463,55,settle,0.5570,U,0,987
D,1795559,55,settle,0.5572,U,0,987
D,1795655,55,settle,0.5599,U,0,987
D,1795751,55,settle,0.5595,U,0,987
D,1795846,55,settle,0.5586,U,0,987
D,1795942,55,settle,0.5582,U,0,987
D,1796036,55,settle,0.5579,U,0,987
D,1796132,55,settle,0.5577,U,0,987
D,1796228,55,settle,0.5574,U,0,987
D,1796324,55,settle,0.5571,U,0,987
D,1796420,55,settle,0.5568,U,0,987
D,1796516,55,settle,0.5566,U,0,987
D,1796612,55,settle,0.5564,U,0,987
D,1796707,55,settle,0.5563,U,0,987
D,1796803,55,settle,0.5562,U,0,987
D,1796897,55,settle,0.5563,U,0,987
D,1796993,55,settle,0.5564,U,0,987
D,1797089,55,settle,0.5592,U,0,987
D,1797184,55,settle,0.5602,U,0,987
D,1797280,55,settle,0.5605,U,0,987
D,1797376,55,settle,0.5600,U,0,987
D,1797472,55,settle,0.5587,U,0,987
D,1797568,55,settle,0.5578,U,0,987
D,1797664,55,settle,0.5558,U,0,987
D,1797760,55,settle,0.5554,U,0,987
D,1797853,55,settle,0.5556,U,0,987
D,1797949,55,settle,0.5560,U,0,987
D,1798045,55,settle,0.5560,U,0,987
D,1798141,55,settle,0.5559,U,0,987
D,1798237,55,settle,0.5558,U,0,987
D,1798333,55,settle,0.5556,U,0,987
D,1798429,55,settle,0.5555,U,0,987
D,1798524,55,settle,0.5555,U,0,987
D,1798620,55,settle,0.5555,U,0,987
P,1801775,55,55.0,2,settled,0.5569
D,1801872,55,settle,0.5569,S,0,987
D,1801967,55,settle,0.5569,S,0,987
D,1802063,55,settle,0.5568,S,0,987
D,1802159,55,settle,0.5567,U,0,987
D,1802253,55,settle,0.5566,U,0,987
D,1802348,55,settle,0.5565,U,0,987
D,1802444,55,settle,0.5565,U,0,987
D,1802540,55,settle,0.5565,U,0,987
D,1802636,55,settle,0.5564,U,0,987
D,1802732,55,settle,0.5564,U,0,987
D,1802828,55,settle,0.5564,S,0,987
D,1802924,55,settle,0.5564,S,0,987
D,1803019,55,settle,0.5563,U,0,987
D,1803115,55,settle,0.5562,U,0,987
D,1803209,55,settle,0.5562,U,0,987
D,1803305,55,settle,0.5561,U,0,987
D,1803401,55,settle,0.5561,U,0,987
D,1803497,55,settle,0.5561,U,0,987
D,1803592,55,settle,0.5562,S,0,987
D,1803688,55,settle,0.5562,S,0,987
D,1803784,55,settle,0.5563,U,0,987
D,1803880,55,settle,0.5564,U,0,987
D,1803976,55,settle,0.5564,U,0,987
D,1804070,55,settle,0.5565,U,0,987
D,1804166,55,settle,0.5566,U,0,987
D,1804261,55,settle,0.5566,U,0,987
D,1804357,55,settle,0.5566,U,0,987
D,1804453,55,settle,0.5567,U,0,987
D,1804549,55,settle,0.5569,U,0,987
D,1804645,55,settle,0.5571,U,0,987
D,1804741,55,settle,0.5572,U,0,987
P,1807895,55,55.0,2,settled2,0.5579
R,55,B4,55.0,2,55,0.00,cont,nan,7.53,0.5569,0.5579,0.5569,30.3370,0,cont_done
E,1807903,=== trial 56 : B4 tilt 40.0 rep 2 rpm 55 halt 0.00 mode cont (cum 30.34 g) ===
P,1812105,56,40.0,2,tare0,-0.0005
D,1812199,56,preroll,-0.0004,S,0,987
D,1812295,56,preroll,-0.0004,S,0,987
D,1812390,56,preroll,-0.0003,U,0,987
D,1812486,56,preroll,-0.0002,U,0,987
D,1812582,56,preroll,-0.0001,U,0,987
D,1812677,56,preroll,0.0044,U,0,987
D,1812773,56,preroll,0.0052,U,0,987
D,1812869,56,preroll,0.0054,U,0,987
D,1812965,56,preroll,0.0054,U,0,987
D,1813059,56,preroll,0.0053,U,0,987
D,1813155,56,preroll,0.0051,U,0,987
D,1813251,56,preroll,0.0048,U,0,987
D,1813346,56,preroll,0.0044,U,0,987
D,1813442,56,preroll,0.0042,U,0,987
D,1813538,56,preroll,0.0040,U,0,987
D,1813634,56,preroll,0.0040,U,0,987
E,1813699,dispense start: mode cont rpm 55
D,1813730,56,dispense,0.0039,U,55,987
D,1813826,56,dispense,0.0038,U,55,987
D,1813920,56,dispense,0.0037,U,55,987
D,1814015,56,dispense,0.0036,U,55,987
D,1814111,56,dispense,0.0035,U,55,987
D,1814207,56,dispense,0.0036,U,55,987
D,1814303,56,dispense,0.0037,U,55,987
D,1814408,56,dispense,0.0078,U,55,987
D,1814501,56,dispense,0.0118,U,55,987
D,1814594,56,dispense,0.0177,U,55,987
D,1814687,56,dispense,0.0258,U,55,987
D,1814782,56,dispense,0.0361,U,55,987
D,1814876,56,dispense,0.0485,U,55,987
D,1814972,56,dispense,0.0622,U,55,987
D,1815067,56,dispense,0.0750,U,55,987
D,1815163,56,dispense,0.0842,U,55,987
D,1815259,56,dispense,0.0888,U,55,987
D,1815355,56,dispense,0.0907,U,55,987
D,1815451,56,dispense,0.0928,U,55,987
D,1815547,56,dispense,0.0960,U,55,987
D,1815643,56,dispense,0.1000,U,55,987
D,1815736,56,dispense,0.1043,U,55,987
D,1815832,56,dispense,0.1095,U,55,987
D,1815928,56,dispense,0.1161,U,55,987
D,1816024,56,dispense,0.1239,U,55,987
D,1816120,56,dispense,0.1305,U,55,987
D,1816216,56,dispense,0.1331,U,55,987
D,1816312,56,dispense,0.1310,U,55,987
D,1816407,56,dispense,0.1265,U,55,987
D,1816503,56,dispense,0.1229,U,55,987
D,1816597,56,dispense,0.1226,U,55,987
D,1816693,56,dispense,0.1258,U,55,987
D,1816789,56,dispense,0.1311,U,55,987
D,1816885,56,dispense,0.1374,U,55,987
D,1816980,56,dispense,0.1445,U,55,987
D,1817076,56,dispense,0.1525,U,55,987
D,1817172,56,dispense,0.1602,U,55,987
D,1817268,56,dispense,0.1652,U,55,987
D,1817364,56,dispense,0.1659,U,55,987
D,1817460,56,dispense,0.1636,U,55,987
D,1817554,56,dispense,0.1614,U,55,987
D,1817649,56,dispense,0.1615,U,55,987
D,1817745,56,dispense,0.1641,U,55,987
D,1817841,56,dispense,0.1660,U,55,987
D,1817937,56,dispense,0.1729,U,55,987
D,1818033,56,dispense,0.1792,U,55,987
D,1818128,56,dispense,0.1868,U,55,987
D,1818225,56,dispense,0.1945,U,55,987
D,1818320,56,dispense,0.2005,U,55,987
D,1818414,56,dispense,0.2038,U,55,987
D,1818510,56,dispense,0.2048,U,55,987
D,1818606,56,dispense,0.2051,U,55,987
D,1818702,56,dispense,0.2064,U,55,987
D,1818797,56,dispense,0.2098,U,55,987
D,1818893,56,dispense,0.2152,U,55,987
D,1818989,56,dispense,0.2219,U,55,987
D,1819085,56,dispense,0.2285,U,55,987
D,1819181,56,dispense,0.2341,U,55,987
D,1819275,56,dispense,0.2386,U,55,987
D,1819371,56,dispense,0.2425,U,55,987
D,1819466,56,dispense,0.2462,U,55,987
D,1819562,56,dispense,0.2499,U,55,987
D,1819658,56,dispense,0.2540,U,55,987
D,1819754,56,dispense,0.2583,U,55,987
D,1819850,56,dispense,0.2624,U,55,987
E,1819854,continuous 6.1 s done
D,1819946,56,settle,0.2661,U,0,987
D,1820042,56,settle,0.2702,U,0,987
D,1820137,56,settle,0.2750,U,0,987
D,1820231,56,settle,0.2800,U,0,987
D,1820327,56,settle,0.2843,U,0,987
D,1820423,56,settle,0.2869,U,0,987
D,1820519,56,settle,0.2866,U,0,987
D,1820615,56,settle,0.2823,U,0,987
D,1820710,56,settle,0.2743,U,0,987
D,1820806,56,settle,0.2656,U,0,987
D,1820902,56,settle,0.2590,U,0,987
D,1820998,56,settle,0.2553,U,0,987
D,1821092,56,settle,0.2535,U,0,987
D,1821188,56,settle,0.2527,U,0,987
D,1821284,56,settle,0.2525,U,0,987
D,1821379,56,settle,0.2527,U,0,987
D,1821475,56,settle,0.2533,U,0,987
D,1821571,56,settle,0.2537,U,0,987
D,1821667,56,settle,0.2537,U,0,987
D,1821763,56,settle,0.2535,U,0,987
D,1821859,56,settle,0.2532,U,0,987
D,1821955,56,settle,0.2529,U,0,987
D,1822048,56,settle,0.2527,U,0,987
D,1822144,56,settle,0.2526,U,0,987
D,1822240,56,settle,0.2527,U,0,987
D,1822336,56,settle,0.2528,U,0,987
D,1822437,56,settle,0.2531,U,0,987
D,1822527,56,settle,0.2559,U,0,987
D,1822623,56,settle,0.2568,U,0,987
D,1822719,56,settle,0.2574,U,0,987
D,1822815,56,settle,0.2577,U,0,987
D,1822909,56,settle,0.2574,U,0,987
D,1823005,56,settle,0.2571,U,0,987
D,1823101,56,settle,0.2568,U,0,987
D,1823196,56,settle,0.2566,U,0,987
D,1823292,56,settle,0.2564,U,0,987
D,1823388,56,settle,0.2564,U,0,987
D,1823484,56,settle,0.2563,U,0,987
D,1823580,56,settle,0.2562,U,0,987
D,1823676,56,settle,0.2561,U,0,987
D,1823770,56,settle,0.2559,U,0,987
D,1823866,56,settle,0.2557,U,0,987
D,1823961,56,settle,0.2556,U,0,987
D,1824057,56,settle,0.2555,U,0,987
D,1824153,56,settle,0.2554,U,0,987
D,1824249,56,settle,0.2553,U,0,987
D,1824345,56,settle,0.2553,U,0,987
D,1824441,56,settle,0.2552,U,0,987
D,1824536,56,settle,0.2552,U,0,987
D,1824632,56,settle,0.2551,U,0,987
D,1824726,56,settle,0.2550,U,0,987
D,1824822,56,settle,0.2548,U,0,987
D,1824918,56,settle,0.2547,U,0,987
D,1825014,56,settle,0.2546,U,0,987
D,1825110,56,settle,0.2546,U,0,987
D,1825206,56,settle,0.2547,U,0,987
D,1825301,56,settle,0.2547,S,0,987
D,1825397,56,settle,0.2547,S,0,987
D,1825493,56,settle,0.2546,S,0,987
D,1825587,56,settle,0.2546,S,0,987
D,1825683,56,settle,0.2545,U,0,987
D,1825778,56,settle,0.2520,U,0,987
D,1825874,56,settle,0.2519,U,0,987
D,1825970,56,settle,0.2522,U,0,987
D,1826066,56,settle,0.2531,U,0,987
D,1826162,56,settle,0.2538,U,0,987
D,1826257,56,settle,0.2545,U,0,987
D,1826353,56,settle,0.2569,U,0,987
D,1826447,56,settle,0.2576,U,0,987
D,1826543,56,settle,0.2577,U,0,987
D,1826639,56,settle,0.2573,U,0,987
D,1826735,56,settle,0.2565,U,0,987
D,1826831,56,settle,0.2561,U,0,987
D,1826927,56,settle,0.2556,U,0,987
D,1827022,56,settle,0.2539,U,0,987
D,1827118,56,settle,0.2536,U,0,987
D,1827214,56,settle,0.2537,U,0,987
D,1827310,56,settle,0.2542,U,0,987
D,1827404,56,settle,0.2544,U,0,987
D,1827499,56,settle,0.2545,U,0,987
D,1827595,56,settle,0.2546,U,0,987
D,1827691,56,settle,0.2547,U,0,987
D,1827787,56,settle,0.2546,U,0,987
D,1827883,56,settle,0.2546,U,0,987
P,1828935,56,40.0,2,settled,0.2548
D,1829031,56,settle,0.2548,S,0,987
D,1829127,56,settle,0.2548,S,0,987
D,1829221,56,settle,0.2547,U,0,987
D,1829317,56,settle,0.2547,U,0,987
D,1829413,56,settle,0.2547,S,0,987
D,1829509,56,settle,0.2547,S,0,987
D,1829605,56,settle,0.2546,U,0,987
D,1829700,56,settle,0.2546,S,0,987
D,1829796,56,settle,0.2546,S,0,987
D,1829892,56,settle,0.2545,U,0,987
D,1829988,56,settle,0.2545,U,0,987
D,1830082,56,settle,0.2545,S,0,987
D,1830178,56,settle,0.2544,U,0,987
D,1830273,56,settle,0.2541,U,0,987
D,1830369,56,settle,0.2540,U,0,987
D,1830465,56,settle,0.2538,U,0,987
D,1830561,56,settle,0.2537,U,0,987
D,1830657,56,settle,0.2536,U,0,987
D,1830753,56,settle,0.2534,U,0,987
D,1830849,56,settle,0.2533,U,0,987
D,1830942,56,settle,0.2532,U,0,987
D,1831038,56,settle,0.2531,U,0,987
D,1831134,56,settle,0.2531,U,0,987
D,1831230,56,settle,0.2530,U,0,987
D,1831326,56,settle,0.2531,U,0,987
D,1831422,56,settle,0.2531,S,0,987
D,1831517,56,settle,0.2532,U,0,987
D,1831613,56,settle,0.2533,U,0,987
D,1831709,56,settle,0.2534,U,0,987
D,1831805,56,settle,0.2535,U,0,987
D,1831899,56,settle,0.2536,U,0,987
P,1832186,56,40.0,2,settled2,0.2535
R,56,B4,40.0,2,55,0.00,cont,0.2624,6.16,0.2548,0.2535,0.2548,30.5918,0,cont_done
E,1832195,=== trial 57 : B5 tilt 55.0 rep 2 rpm 55 halt 0.00 mode cont (cum 30.59 g) ===
P,1840323,57,55.0,2,tare0,0.0004
D,1840416,57,preroll,0.0004,S,0,987
D,1840507,57,preroll,0.0004,S,0,987
D,1840603,57,preroll,0.0005,S,0,987
D,1840699,57,preroll,0.0005,S,0,987
D,1840793,57,preroll,0.0006,U,0,987
D,1840888,57,preroll,0.0007,U,0,987
D,1840984,57,preroll,0.0008,U,0,987
D,1841080,57,preroll,0.0009,U,0,987
D,1841176,57,preroll,0.0009,U,0,987
D,1841272,57,preroll,0.0010,U,0,987
D,1841367,57,preroll,0.0010,U,0,987
D,1841463,57,preroll,0.0010,U,0,987
D,1841559,57,preroll,0.0011,U,0,987
D,1841655,57,preroll,0.0012,U,0,987
D,1841749,57,preroll,0.0012,U,0,987
D,1841845,57,preroll,0.0013,U,0,987
E,1841911,dispense start: mode cont rpm 55
D,1841942,57,dispense,0.0012,U,55,987
D,1842037,57,dispense,0.0012,S,55,987
D,1842132,57,dispense,0.0011,U,55,987
D,1842228,57,dispense,0.0011,U,55,987
D,1842324,57,dispense,0.0010,U,55,987
D,1842420,57,dispense,0.0011,S,55,987
D,1842516,57,dispense,0.0011,S,55,987
D,1842609,57,dispense,0.0050,U,55,987
D,1842705,57,dispense,0.0094,U,55,987
D,1842801,57,dispense,0.0163,U,55,987
D,1842897,57,dispense,0.0254,U,55,987
D,1842992,57,dispense,0.0354,U,55,987
D,1843088,57,dispense,0.0449,U,55,987
D,1843184,57,dispense,0.0534,U,55,987
D,1843280,57,dispense,0.0608,U,55,987
D,1843376,57,dispense,0.0674,U,55,987
D,1843470,57,dispense,0.0743,U,55,987
D,1843565,57,dispense,0.0823,U,55,987
D,1843662,57,dispense,0.0908,U,55,987
D,1843757,57,dispense,0.0973,U,55,987
D,1843853,57,dispense,0.0999,U,55,987
D,1843949,57,dispense,0.0991,U,55,987
D,1844045,57,dispense,0.0969,U,55,987
D,1844141,57,dispense,0.0953,U,55,987
D,1844236,57,dispense,0.0949,U,55,987
D,1844332,57,dispense,0.0958,U,55,987
D,1844426,57,dispense,0.0977,U,55,987
D,1844522,57,dispense,0.1102,U,55,987
D,1844618,57,dispense,0.1213,U,55,987
D,1844714,57,dispense,0.1330,U,55,987
D,1844810,57,dispense,0.1427,U,55,987
D,1844906,57,dispense,0.1478,U,55,987
D,1845001,57,dispense,0.1474,U,55,987
D,1845097,57,dispense,0.1433,U,55,987
D,1845193,57,dispense,0.1394,U,55,987
D,1845287,57,dispense,0.1384,U,55,987
D,1845383,57,dispense,0.1408,U,55,987
D,1845479,57,dispense,0.1456,U,55,987
D,1845574,57,dispense,0.1523,U,55,987
D,1845670,57,dispense,0.1609,U,55,987
D,1845766,57,dispense,0.1708,U,55,987
D,1845862,57,dispense,0.1801,U,55,987
D,1845958,57,dispense,0.1862,U,55,987
D,1846053,57,dispense,0.1879,U,55,987
D,1846158,57,dispense,0.1864,U,55,987
D,1846250,57,dispense,0.1842,U,55,987
D,1846343,57,dispense,0.1841,U,55,987
D,1846436,57,dispense,0.1870,U,55,987
D,1846531,57,dispense,0.1895,U,55,987
D,1846627,57,dispense,0.1977,U,55,987
D,1846723,57,dispense,0.2024,U,55,987
D,1846818,57,dispense,0.2059,U,55,987
D,1846914,57,dispense,0.2092,U,55,987
D,1847010,57,dispense,0.2129,U,55,987
D,1847104,57,dispense,0.2167,U,55,987
D,1847200,57,dispense,0.2200,U,55,987
D,1847296,57,dispense,0.2228,U,55,987
D,1847391,57,dispense,0.2251,U,55,987
D,1847487,57,dispense,0.2279,U,55,987
D,1847583,57,dispense,0.2321,U,55,987
D,1847679,57,dispense,0.2382,U,55,987
D,1847775,57,dispense,0.2454,U,55,987
D,1847871,57,dispense,0.2521,U,55,987
D,1847965,57,dispense,0.2583,U,55,987
D,1848060,57,dispense,0.2644,U,55,987
E,1848064,continuous 6.1 s done
D,1848157,57,settle,0.2707,U,0,987
D,1848252,57,settle,0.2760,U,0,987
D,1848348,57,settle,0.2798,U,0,987
D,1848444,57,settle,0.2820,U,0,987
D,1848539,57,settle,0.2825,U,0,987
D,1848635,57,settle,0.2805,U,0,987
D,1848731,57,settle,0.2754,U,0,987
D,1848827,57,settle,0.2674,U,0,987
D,1848921,57,settle,0.2586,U,0,987
D,1849017,57,settle,0.2513,U,0,987
D,1849113,57,settle,0.2464,U,0,987
D,1849209,57,settle,0.2437,U,0,987
D,1849304,57,settle,0.2425,U,0,987
D,1849400,57,settle,0.2424,U,0,987
D,1849496,57,settle,0.2430,U,0,987
D,1849592,57,settle,0.2436,U,0,987
D,1849688,57,settle,0.2438,U,0,987
D,1849781,57,settle,0.2438,U,0,987
D,1849877,57,settle,0.2437,U,0,987
D,1849973,57,settle,0.2437,U,0,987
D,1850069,57,settle,0.2438,U,0,987
D,1850165,57,settle,0.2439,U,0,987
D,1850261,57,settle,0.2439,U,0,987
D,1850357,57,settle,0.2438,S,0,987
D,1850453,57,settle,0.2437,U,0,987
D,1850548,57,settle,0.2436,U,0,987
D,1850642,57,settle,0.2436,U,0,987
D,1850738,57,settle,0.2436,U,0,987
D,1850834,57,settle,0.2437,S,0,987
D,1850930,57,settle,0.2439,U,0,987
D,1851026,57,settle,0.2440,U,0,987
D,1851122,57,settle,0.2442,U,0,987
D,1851218,57,settle,0.2442,U,0,987
D,1851313,57,settle,0.2443,U,0,987
D,1851409,57,settle,0.2444,U,0,987
D,1851505,57,settle,0.2445,U,0,987
D,1851599,57,settle,0.2447,U,0,987
D,1851695,57,settle,0.2448,U,0,987
D,1851791,57,settle,0.2449,U,0,987
D,1851887,57,settle,0.2449,U,0,987
D,1851982,57,settle,0.2449,U,0,987
D,1852078,57,settle,0.2432,U,0,987
D,1852174,57,settle,0.2433,U,0,987
D,1852269,57,settle,0.2436,U,0,987
D,1852365,57,settle,0.2439,U,0,987
D,1852459,57,settle,0.2442,U,0,987
D,1852555,57,settle,0.2446,U,0,987
D,1852651,57,settle,0.2448,U,0,987
D,1852747,57,settle,0.2450,U,0,987
D,1852843,57,settle,0.2449,U,0,987
D,1852939,57,settle,0.2449,U,0,987
D,1853035,57,settle,0.2447,U,0,987
D,1853130,57,settle,0.2447,U,0,987
D,1853226,57,settle,0.2448,U,0,987
D,1853322,57,settle,0.2448,S,0,987
D,1853416,57,settle,0.2449,U,0,987
D,1853512,57,settle,0.2449,U,0,987
D,1853608,57,settle,0.2449,U,0,987
D,1853704,57,settle,0.2448,S,0,987
D,1853799,57,settle,0.2448,S,0,987
D,1853895,57,settle,0.2448,S,0,987
D,1853991,57,settle,0.2448,S,0,987
D,1854087,57,settle,0.2448,S,0,987
D,1854183,57,settle,0.2449,S,0,987
D,1854277,57,settle,0.2450,U,0,987
D,1854372,57,settle,0.2452,U,0,987
D,1854468,57,settle,0.2479,U,0,987
D,1854564,57,settle,0.2474,U,0,987
D,1854660,57,settle,0.2470,U,0,987
D,1854756,57,settle,0.2466,U,0,987
D,1854851,57,settle,0.2462,U,0,987
D,1854947,57,settle,0.2458,U,0,987
D,1855043,57,settle,0.2438,U,0,987
D,1855137,57,settle,0.2431,U,0,987
D,1855233,57,settle,0.2428,U,0,987
D,1855329,57,settle,0.2429,U,0,987
D,1855424,57,settle,0.2430,U,0,987
D,1855520,57,settle,0.2432,U,0,987
D,1855616,57,settle,0.2433,U,0,987
D,1855712,57,settle,0.2434,U,0,987
D,1855808,57,settle,0.2435,U,0,987
D,1855904,57,settle,0.2436,U,0,987
D,1856000,57,settle,0.2436,U,0,987
D,1856094,57,settle,0.2437,U,0,987
P,1856381,57,55.0,2,settled,0.2436
D,1856477,57,settle,0.2436,S,0,987
D,1856573,57,settle,0.2436,S,0,987
D,1856669,57,settle,0.2436,S,0,987
D,1856764,57,settle,0.2436,S,0,987
D,1856865,57,settle,0.2437,S,0,987
D,1856954,57,settle,0.2437,S,0,987
D,1857050,57,settle,0.2438,U,0,987
D,1857146,57,settle,0.2440,U,0,987
D,1857242,57,settle,0.2441,U,0,987
D,1857338,57,settle,0.2442,U,0,987
D,1857434,57,settle,0.2442,U,0,987
D,1857529,57,settle,0.2442,U,0,987
D,1857625,57,settle,0.2443,U,0,987
D,1857721,57,settle,0.2443,U,0,987
D,1857815,57,settle,0.2444,U,0,987
D,1857911,57,settle,0.2444,U,0,987
D,1858007,57,settle,0.2445,U,0,987
D,1858102,57,settle,0.2446,U,0,987
D,1858198,57,settle,0.2446,U,0,987
D,1858294,57,settle,0.2447,U,0,987
D,1858390,57,settle,0.2448,U,0,987
D,1858486,57,settle,0.2449,U,0,987
D,1858582,57,settle,0.2450,U,0,987
D,1858678,57,settle,0.2451,U,0,987
D,1858771,57,settle,0.2452,U,0,987
D,1858867,57,settle,0.2452,U,0,987
D,1858963,57,settle,0.2452,U,0,987
D,1859059,57,settle,0.2450,U,0,987
D,1859155,57,settle,0.2449,U,0,987
D,1859251,57,settle,0.2449,U,0,987
D,1859347,57,settle,0.2449,U,0,987
P,1859632,57,55.0,2,settled2,0.2450
R,57,B5,55.0,2,55,0.00,cont,0.2644,6.16,0.2436,0.2450,0.2436,30.8354,0,cont_done
E,1859640,=== trial 58 : B5 tilt 55.0 rep 3 rpm 55 halt 0.00 mode cont (cum 30.84 g) ===
P,1861453,58,55.0,3,tare0,0.0000
D,1861545,58,preroll,0.0000,S,0,987
D,1861641,58,preroll,0.0000,S,0,987
D,1861737,58,preroll,0.0000,S,0,987
D,1861833,58,preroll,0.0000,S,0,987
D,1861929,58,preroll,0.0000,S,0,987
D,1862025,58,preroll,0.0000,S,0,987
D,1862120,58,preroll,0.0000,S,0,987
D,1862216,58,preroll,0.0000,S,0,987
D,1862310,58,preroll,0.0000,S,0,987
D,1862406,58,preroll,0.0000,S,0,987
D,1862502,58,preroll,0.0000,S,0,987
D,1862598,58,preroll,0.0000,S,0,987
D,1862694,58,preroll,0.0000,S,0,987
D,1862789,58,preroll,0.0000,S,0,987
D,1862885,58,preroll,0.0000,S,0,987
D,1862981,58,preroll,0.0000,S,0,987
E,1863046,dispense start: mode cont rpm 55
D,1863078,58,dispense,0.0005,U,55,987
D,1863172,58,dispense,0.0005,U,55,987
D,1863266,58,dispense,0.0005,U,55,987
D,1863362,58,dispense,0.0005,U,55,987
D,1863458,58,dispense,0.0005,U,55,987
D,1863554,58,dispense,0.0004,S,55,987
D,1863650,58,dispense,0.0005,S,55,987
D,1863745,58,dispense,0.0006,U,55,987
D,1863841,58,dispense,0.0075,U,55,987
D,1863937,58,dispense,0.0161,U,55,987
D,1864033,58,dispense,0.0297,U,55,987
D,1864126,58,dispense,0.0468,U,55,987
D,1864222,58,dispense,0.0630,U,55,987
D,1864318,58,dispense,0.0736,U,55,987
D,1864414,58,dispense,0.0774,U,55,987
D,1864510,58,dispense,0.0766,U,55,987
D,1864606,58,dispense,0.0751,U,55,987
D,1864701,58,dispense,0.0760,U,55,987
D,1864797,58,dispense,0.0799,U,55,987
D,1864893,58,dispense,0.0859,U,55,987
D,1864987,58,dispense,0.0930,U,55,987
D,1865083,58,dispense,0.1013,U,55,987
D,1865179,58,dispense,0.1111,U,55,987
D,1865275,58,dispense,0.1215,U,55,987
D,1865370,58,dispense,0.1301,U,55,987
D,1865466,58,dispense,0.1345,U,55,987
D,1865562,58,dispense,0.1341,U,55,987
D,1865658,58,dispense,0.1309,U,55,987
D,1865754,58,dispense,0.1277,U,55,987
D,1865850,58,dispense,0.1259,U,55,987
D,1865943,58,dispense,0.1256,U,55,987
D,1866039,58,dispense,0.1270,U,55,987
D,1866135,58,dispense,0.1308,U,55,987
D,1866231,58,dispense,0.1377,U,55,987
D,1866327,58,dispense,0.1472,U,55,987
D,1866423,58,dispense,0.1572,U,55,987
D,1866519,58,dispense,0.1649,U,55,987
D,1866614,58,dispense,0.1689,U,55,987
D,1866710,58,dispense,0.1699,U,55,987
D,1866804,58,dispense,0.1699,U,55,987
D,1866900,58,dispense,0.1704,U,55,987
D,1866996,58,dispense,0.1724,U,55,987
D,1867092,58,dispense,0.1765,U,55,987
D,1867187,58,dispense,0.1826,U,55,987
D,1867283,58,dispense,0.1895,U,55,987
D,1867391,58,dispense,0.1958,U,55,987
D,1867483,58,dispense,0.2007,U,55,987
D,1867576,58,dispense,0.2044,U,55,987
D,1867669,58,dispense,nan,X,55,987
D,1867761,58,dispense,nan,X,55,987
D,1867856,58,dispense,nan,X,55,987
D,1867952,58,dispense,nan,X,55,987
D,1868048,58,dispense,nan,X,55,987
D,1868144,58,dispense,nan,X,55,987
D,1868240,58,dispense,nan,X,55,987
D,1868336,58,dispense,nan,X,55,987
D,1868431,58,dispense,nan,X,55,987
D,1868527,58,dispense,nan,X,55,987
D,1868621,58,dispense,nan,X,55,987
D,1868717,58,dispense,nan,X,55,987
D,1868813,58,dispense,nan,X,55,987
D,1868909,58,dispense,nan,X,55,987
D,1869005,58,dispense,nan,X,55,987
D,1869100,58,dispense,nan,X,55,987
D,1869196,58,dispense,nan,X,55,987
E,1869199,continuous 6.1 s done
D,1869292,58,settle,nan,X,0,987
D,1869388,58,settle,nan,X,0,987
D,1869482,58,settle,nan,X,0,987
D,1869578,58,settle,nan,X,0,987
D,1869673,58,settle,nan,X,0,987
D,1869769,58,settle,nan,X,0,987
D,1869865,58,settle,nan,X,0,987
D,1869961,58,settle,nan,X,0,987
D,1870057,58,settle,nan,X,0,987
D,1870153,58,settle,nan,X,0,987
D,1870248,58,settle,nan,X,0,987
D,1870345,58,settle,nan,X,0,987
D,1870438,58,settle,nan,X,0,987
D,1870534,58,settle,nan,X,0,987
D,1870630,58,settle,nan,X,0,987
D,1870726,58,settle,nan,X,0,987
D,1870822,58,settle,nan,X,0,987
D,1870917,58,settle,nan,X,0,987
D,1871013,58,settle,nan,X,0,987
D,1871109,58,settle,nan,X,0,987
D,1871205,58,settle,nan,X,0,987
D,1871299,58,settle,nan,X,0,987
D,1871395,58,settle,nan,X,0,987
D,1871491,58,settle,nan,X,0,987
D,1871587,58,settle,nan,X,0,987
D,1871682,58,settle,nan,X,0,987
D,1871778,58,settle,nan,X,0,987
D,1871874,58,settle,nan,X,0,987
D,1871970,58,settle,nan,X,0,987
D,1872066,58,settle,nan,X,0,987
D,1872160,58,settle,nan,X,0,987
D,1872256,58,settle,nan,X,0,987
D,1872351,58,settle,nan,X,0,987
D,1872447,58,settle,nan,X,0,987
D,1872543,58,settle,nan,X,0,987
D,1872639,58,settle,nan,X,0,987
D,1872735,58,settle,nan,X,0,987
D,1872831,58,settle,nan,X,0,987
D,1872927,58,settle,nan,X,0,987
D,1873022,58,settle,nan,X,0,987
D,1873116,58,settle,nan,X,0,987
D,1873212,58,settle,nan,X,0,987
D,1873308,58,settle,nan,X,0,987
D,1873404,58,settle,nan,X,0,987
D,1873500,58,settle,nan,X,0,987
D,1873595,58,settle,nan,X,0,987
D,1873691,58,settle,nan,X,0,987
D,1873787,58,settle,nan,X,0,987
D,1873883,58,settle,nan,X,0,987
D,1873976,58,settle,nan,X,0,987
D,1874072,58,settle,nan,X,0,987
D,1874168,58,settle,nan,X,0,987
D,1874264,58,settle,nan,X,0,987
D,1874360,58,settle,nan,X,0,987
D,1874456,58,settle,nan,X,0,987
D,1874552,58,settle,nan,X,0,987
D,1874648,58,settle,nan,X,0,987
D,1874743,58,settle,nan,X,0,987
D,1874837,58,settle,nan,X,0,987
D,1874933,58,settle,nan,X,0,987
D,1875029,58,settle,nan,X,0,987
D,1875125,58,settle,nan,X,0,987
D,1875221,58,settle,nan,X,0,987
D,1875317,58,settle,nan,X,0,987
D,1875412,58,settle,nan,X,0,987
D,1875508,58,settle,nan,X,0,987
D,1875604,58,settle,nan,X,0,987
D,1875700,58,settle,nan,X,0,987
D,1875794,58,settle,nan,X,0,987
D,1875890,58,settle,nan,X,0,987
D,1875986,58,settle,nan,X,0,987
D,1876081,58,settle,nan,X,0,987
D,1876177,58,settle,nan,X,0,987
D,1876273,58,settle,nan,X,0,987
D,1876369,58,settle,nan,X,0,987
D,1876465,58,settle,nan,X,0,987
D,1876561,58,settle,nan,X,0,987
D,1876654,58,settle,nan,X,0,987
D,1876750,58,settle,nan,X,0,987
D,1876846,58,settle,nan,X,0,987
D,1876942,58,settle,nan,X,0,987
D,1877038,58,settle,nan,X,0,987
D,1877134,58,settle,nan,X,0,987
D,1877229,58,settle,nan,X,0,987
E,1885075,no stable frame for settled
P,1885167,58,55.0,3,settled,nan
D,1885263,58,settle,nan,X,0,987
D,1885358,58,settle,nan,X,0,987
D,1885454,58,settle,nan,X,0,987
D,1885550,58,settle,nan,X,0,987
D,1885644,58,settle,nan,X,0,987
D,1885740,58,settle,nan,X,0,987
D,1885836,58,settle,nan,X,0,987
D,1885932,58,settle,nan,X,0,987
D,1886027,58,settle,nan,X,0,987
D,1886123,58,settle,nan,X,0,987
D,1886219,58,settle,nan,X,0,987
D,1886315,58,settle,nan,X,0,987
D,1886410,58,settle,nan,X,0,987
D,1886504,58,settle,nan,X,0,987
D,1886600,58,settle,nan,X,0,987
D,1886696,58,settle,nan,X,0,987
D,1886792,58,settle,nan,X,0,987
D,1886888,58,settle,nan,X,0,987
D,1886983,58,settle,nan,X,0,987
D,1887079,58,settle,nan,X,0,987
D,1887175,58,settle,nan,X,0,987
D,1887271,58,settle,nan,X,0,987
D,1887367,58,settle,nan,X,0,987
D,1887461,58,settle,nan,X,0,987
D,1887557,58,settle,nan,X,0,987
D,1887652,58,settle,nan,X,0,987
D,1887749,58,settle,nan,X,0,987
D,1887844,58,settle,nan,X,0,987
D,1887940,58,settle,nan,X,0,987
D,1888036,58,settle,nan,X,0,987
D,1888132,58,settle,nan,X,0,987
E,1895984,no stable frame for settled2
P,1896075,58,55.0,3,settled2,nan
R,58,B5,55.0,3,55,0.00,cont,nan,6.16,nan,nan,0.0000,30.8354,0,cont_done
E,1896079,battery complete
SUMMARY,trials=58,taps_total=987,cum_g=30.835
