M,controller,pid-v1
M,powder_id,salt
M,target_g,1.0
M,kp,150.0
M,ki,8.0
M,t_ant_s,1.1
M,max_rpm,45.0
M,tol_g,0.002
E,20,preroll start (pre-zeroing absolute mass)
D,72,0.9778,S,0.0,0.00,0,preroll
D,166,0.9778,S,0.0,0.00,0,preroll
D,262,0.9778,S,0.0,0.00,0,preroll
D,358,0.9778,S,0.0,0.00,0,preroll
D,454,0.9778,S,0.0,0.00,0,preroll
D,550,0.9778,S,0.0,0.00,0,preroll
D,646,0.9778,S,0.0,0.00,0,preroll
D,742,0.9778,S,0.0,0.00,0,preroll
D,835,0.9778,S,0.0,0.00,0,preroll
D,932,0.9778,S,0.0,0.00,0,preroll
D,1027,0.9778,S,0.0,0.00,0,preroll
D,1123,0.9778,S,0.0,0.00,0,preroll
D,1219,0.9778,S,0.0,0.00,0,preroll
D,1315,0.9778,S,0.0,0.00,0,preroll
D,1411,0.9778,S,0.0,0.00,0,preroll
D,1506,0.9778,S,0.0,0.00,0,preroll
D,1602,0.9778,S,0.0,0.00,0,preroll
D,1696,0.9778,S,0.0,0.00,0,preroll
D,1792,0.9778,S,0.0,0.00,0,preroll
D,1888,0.9778,S,0.0,0.00,0,preroll
D,1984,0.9778,S,0.0,0.00,0,preroll
D,2080,0.9778,S,0.0,0.00,0,preroll
D,2175,0.9778,S,0.0,0.00,0,preroll
D,2271,0.9778,S,0.0,0.00,0,preroll
D,2367,0.9778,S,0.0,0.00,0,preroll
D,2463,0.9778,S,0.0,0.00,0,preroll
D,2557,0.9778,S,0.0,0.00,0,preroll
D,2653,0.9778,S,0.0,0.00,0,preroll
D,2748,0.9778,S,0.0,0.00,0,preroll
D,2844,0.9778,S,0.0,0.00,0,preroll
D,2940,0.9778,S,0.0,0.00,0,preroll
D,3036,0.9778,S,0.0,0.00,0,preroll
D,3132,0.9778,S,0.0,0.00,0,preroll
D,3228,0.9778,S,0.0,0.00,0,preroll
D,3323,0.9778,S,0.0,0.00,0,preroll
D,3419,0.9778,S,0.0,0.00,0,preroll
D,3513,0.9778,S,0.0,0.00,0,preroll
D,3609,0.9778,S,0.0,0.00,0,preroll
D,3705,0.9778,S,0.0,0.00,0,preroll
D,3801,0.9778,S,0.0,0.00,0,preroll
D,3897,0.9778,S,0.0,0.00,0,preroll
D,3992,0.9778,S,0.0,0.00,0,preroll
D,4088,0.9778,S,0.0,0.00,0,preroll
D,4184,0.9778,S,0.0,0.00,0,preroll
D,4280,0.9778,S,0.0,0.00,0,preroll
D,4374,0.9778,S,0.0,0.00,0,preroll
D,4470,0.9778,S,0.0,0.00,0,preroll
D,4566,0.9778,S,0.0,0.00,0,preroll
D,4661,0.9778,S,0.0,0.00,0,preroll
D,4757,0.9778,S,0.0,0.00,0,preroll
D,4853,0.9778,S,0.0,0.00,0,preroll
D,4949,0.9778,S,0.0,0.00,0,preroll
D,5045,0.9778,S,0.0,0.00,0,preroll
D,5141,0.9778,S,0.0,0.00,0,preroll
D,5235,0.9778,S,0.0,0.00,0,preroll
D,5330,0.9778,S,0.0,0.00,0,preroll
D,5426,0.9778,S,0.0,0.00,0,preroll
D,5522,0.9778,S,0.0,0.00,0,preroll
D,5618,0.9778,S,0.0,0.00,0,preroll
D,5714,0.9778,S,0.0,0.00,0,preroll
D,5810,0.9778,S,0.0,0.00,0,preroll
D,5906,0.9778,S,0.0,0.00,0,preroll
D,6001,0.9778,S,0.0,0.00,0,preroll
D,6097,0.9778,S,0.0,0.00,0,preroll
D,6191,0.9778,S,0.0,0.00,0,preroll
D,6287,0.9778,S,0.0,0.00,0,preroll
D,6383,0.9778,S,0.0,0.00,0,preroll
D,6479,0.9778,S,0.0,0.00,0,preroll
D,6574,0.9778,S,0.0,0.00,0,preroll
D,6670,0.9778,S,0.0,0.00,0,preroll
D,6766,0.9778,S,0.0,0.00,0,preroll
D,6862,0.9778,S,0.0,0.00,0,preroll
D,6958,0.9778,S,0.0,0.00,0,preroll
D,7052,0.9778,S,0.0,0.00,0,preroll
D,7147,0.9778,S,0.0,0.00,0,preroll
D,7243,0.9778,S,0.0,0.00,0,preroll
D,7339,0.9778,S,0.0,0.00,0,preroll
D,7435,0.9778,S,0.0,0.00,0,preroll
D,7531,0.9778,S,0.0,0.00,0,preroll
D,7627,0.9778,S,0.0,0.00,0,preroll
D,7723,0.9778,S,0.0,0.00,0,preroll
D,7818,0.9778,S,0.0,0.00,0,preroll
D,7912,0.9778,S,0.0,0.00,0,preroll
D,8008,0.9778,S,0.0,0.00,0,preroll
D,8104,0.9778,S,0.0,0.00,0,preroll
D,8200,0.9778,S,0.0,0.00,0,preroll
D,8296,0.9778,S,0.0,0.00,0,preroll
D,8391,0.9778,S,0.0,0.00,0,preroll
D,8487,0.9778,S,0.0,0.00,0,preroll
D,8583,0.9778,S,0.0,0.00,0,preroll
D,8679,0.9778,S,0.0,0.00,0,preroll
D,8775,0.9778,S,0.0,0.00,0,preroll
D,8869,0.9778,S,0.0,0.00,0,preroll
D,8965,0.9778,S,0.0,0.00,0,preroll
D,9060,0.9778,S,0.0,0.00,0,preroll
D,9156,0.9778,S,0.0,0.00,0,preroll
D,9252,0.9778,S,0.0,0.00,0,preroll
D,9348,0.9778,S,0.0,0.00,0,preroll
D,9444,0.9778,S,0.0,0.00,0,preroll
D,9540,0.9778,S,0.0,0.00,0,preroll
D,9635,0.9778,S,0.0,0.00,0,preroll
D,9729,0.9778,S,0.0,0.00,0,preroll
D,9825,0.9778,S,0.0,0.00,0,preroll
D,9921,0.9778,S,0.0,0.00,0,preroll
D,10017,0.9778,S,0.0,0.00,0,preroll
E,10079,tare (Z) sent
E,10694,tare settled at 0.0000 g
D,10785,0.0000,S,0.0,0.00,0,tare
E,10787,dose start: PID to 1.0000 g
D,10879,0.0000,S,0.0,0.00,0,dose
D,10984,0.0000,S,1.1,45.00,0,dose
D,11078,0.0000,S,2.4,45.00,0,dose
D,11172,0.0000,S,3.5,45.00,0,dose
D,11266,0.0000,S,4.6,45.00,0,dose
D,11360,0.0000,S,5.7,45.00,0,dose
D,11454,0.0000,S,6.9,45.00,0,dose
D,11548,0.0000,S,8.0,45.00,0,dose
D,11642,0.0000,S,9.1,45.00,0,dose
D,11738,0.0000,S,10.3,45.00,0,dose
D,11834,0.0000,S,11.4,45.00,0,dose
D,11930,0.0000,S,12.6,45.00,0,dose
D,12026,0.0000,S,13.7,45.00,0,dose
D,12122,0.0000,S,14.9,45.00,0,dose
D,12217,0.0000,S,16.0,45.00,0,dose
D,12313,0.0005,U,17.2,45.00,0,dose
D,12407,0.0005,U,18.3,45.00,0,dose
D,12503,0.0006,U,19.4,45.00,0,dose
D,12598,0.0008,U,20.6,45.00,0,dose
D,12694,0.0010,U,21.7,45.00,0,dose
D,12789,0.0055,U,22.9,45.00,0,dose
D,12885,0.0071,U,24.0,45.00,0,dose
D,12982,0.0094,U,25.0,45.00,0,dose
D,13077,0.0128,U,25.0,45.00,0,dose
D,13173,0.0173,U,25.0,45.00,0,dose
D,13267,0.0231,U,25.0,45.00,0,dose
D,13362,0.0302,U,25.0,45.00,0,dose
D,13458,0.0385,U,25.0,45.00,0,dose
D,13554,0.0479,U,25.0,45.00,0,dose
D,13650,0.0583,U,25.0,45.00,0,dose
D,13745,0.0699,U,25.0,45.00,0,dose
D,13841,0.0827,U,25.0,45.00,0,dose
D,13937,0.0970,U,25.0,45.00,0,dose
D,14033,0.1139,U,25.0,45.00,0,dose
D,14129,0.1347,U,25.0,45.00,0,dose
D,14223,0.1601,U,25.0,45.00,0,dose
D,14319,0.1891,U,25.0,45.00,0,dose
D,14414,0.2187,U,25.0,45.00,0,dose
D,14510,0.2444,U,25.0,45.00,0,dose
D,14606,0.2630,U,25.0,45.00,0,dose
D,14702,0.2735,U,25.0,45.00,0,dose
D,14798,0.2776,U,25.0,45.00,0,dose
D,14894,0.2781,U,25.0,45.00,0,dose
D,14990,0.2779,U,25.0,45.00,0,dose
D,15084,0.2798,U,25.0,45.00,0,dose
D,15179,0.2853,U,25.0,45.00,0,dose
D,15275,0.2952,U,25.0,45.00,0,dose
D,15371,0.3101,U,25.0,45.00,0,dose
D,15467,0.3303,U,25.0,45.00,0,dose
D,15563,0.3560,U,25.0,45.00,0,dose
D,15658,0.3858,U,25.0,45.00,0,dose
D,15754,0.4162,U,25.0,45.00,0,dose
D,15850,0.4428,U,25.0,45.00,0,dose
D,15944,0.4620,U,25.0,45.00,0,dose
D,16040,0.4728,U,25.0,45.00,0,dose
D,16136,0.4767,U,25.0,45.00,0,dose
D,16232,0.4769,U,25.0,45.00,0,dose
D,16327,0.4767,U,25.0,45.00,0,dose
D,16423,0.4786,U,25.0,45.00,0,dose
D,16519,0.4840,U,25.0,45.00,0,dose
D,16615,0.4939,U,25.0,45.00,0,dose
D,16711,0.5091,U,25.0,45.00,0,dose
D,16805,0.5299,U,25.0,45.00,0,dose
D,16910,0.5563,U,25.0,45.00,0,dose
D,17004,0.5867,U,25.0,45.00,0,dose
D,17098,0.6178,U,25.0,42.09,0,dose
D,17192,0.6448,U,25.0,37.99,0,dose
D,17286,0.6639,U,25.0,34.15,0,dose
D,17380,0.6741,U,25.0,31.13,0,dose
D,17476,0.6773,U,25.0,29.25,0,dose
D,17571,0.6770,U,25.0,28.37,0,dose
D,17667,0.6766,U,25.0,28.14,0,dose
D,17761,0.6788,U,25.0,28.16,0,dose
D,17857,0.6854,U,25.0,28.01,0,dose
D,17953,0.6974,U,25.0,27.41,0,dose
D,18049,0.7145,U,25.0,26.13,0,dose
D,18144,0.7351,U,25.0,24.09,0,dose
D,18240,0.7570,U,25.0,21.44,0,dose
D,18336,0.7780,U,25.0,18.61,0,dose
D,18432,0.7967,U,25.0,15.78,0,dose
D,18528,0.8129,U,25.0,13.70,0,dose
D,18622,0.8270,U,25.0,12.24,0,dose
D,18718,0.8397,U,25.0,11.14,0,dose
D,18813,0.8512,U,25.0,10.09,0,dose
D,18909,0.8613,U,25.0,8.76,0,dose
D,19005,0.8697,U,25.0,7.07,0,dose
D,19101,0.8759,U,25.0,5.20,0,dose
D,19197,0.8798,U,25.0,0.00,0,dose
D,19293,0.8813,U,25.0,0.00,0,dose
D,19388,0.8811,U,25.0,0.00,0,dose
D,19482,0.8802,U,25.0,0.00,0,dose
D,19578,0.8794,U,25.0,0.00,0,dose
D,19674,0.8789,U,25.0,0.00,0,dose
D,19770,0.8788,U,25.0,6.03,0,dose
D,19866,0.8787,U,25.0,8.32,0,dose
D,19962,0.8787,U,25.0,10.60,0,dose
D,20057,0.8786,U,25.0,12.75,0,dose
D,20153,0.8786,U,25.0,14.74,0,dose
D,20249,0.8786,U,25.0,16.56,0,dose
D,20345,0.8786,S,25.0,18.22,0,dose
D,20439,0.8786,S,25.0,19.71,0,dose
D,20535,0.8786,S,25.0,21.02,0,dose
D,20631,0.8786,S,25.0,22.14,0,dose
D,20727,0.8786,S,25.0,23.02,0,dose
D,20822,0.8786,S,25.0,23.66,0,dose
D,20918,0.8787,S,25.0,24.02,0,dose
D,21014,0.8788,U,25.0,24.16,0,dose
D,21110,0.8790,U,25.0,24.20,0,dose
D,21206,0.8860,U,25.0,24.17,0,dose
D,21300,0.8910,U,25.0,23.41,0,dose
D,21395,0.8962,U,25.0,22.42,0,dose
D,21491,0.9007,U,25.0,21.27,0,dose
D,21587,0.9045,U,25.0,20.11,0,dose
D,21683,0.9084,U,25.0,19.00,0,dose
D,21779,0.9128,U,25.0,17.93,0,dose
D,21874,0.9178,U,25.0,16.81,0,dose
D,21970,0.9225,U,25.0,15.62,0,dose
D,22066,0.9266,U,25.0,14.40,0,dose
D,22160,0.9298,U,25.0,13.24,0,dose
D,22256,0.9325,U,25.0,12.19,0,dose
D,22352,0.9349,U,25.0,11.29,0,dose
D,22448,0.9372,U,25.0,10.49,0,dose
D,22543,0.9394,U,25.0,9.78,0,dose
D,22639,0.9410,U,25.0,9.12,0,dose
D,22735,0.9417,U,25.0,8.88,0,dose
D,22831,0.9417,U,25.0,8.90,0,dose
D,22936,0.9414,U,25.0,9.15,0,dose
D,23030,0.9411,U,25.0,9.57,0,dose
D,23124,0.9411,U,25.0,10.00,0,dose
D,23218,0.9410,U,25.0,10.43,0,dose
D,23312,0.9410,U,25.0,10.90,0,dose
D,23406,0.9410,U,25.0,11.41,0,dose
D,23500,0.9410,S,25.0,11.94,0,dose
D,23596,0.9410,S,25.0,12.44,0,dose
D,23692,0.9409,S,25.0,12.89,0,dose
D,23788,0.9409,S,25.0,13.29,0,dose
D,23884,0.9409,S,25.0,13.65,0,dose
D,23978,0.9409,S,25.0,13.96,0,dose
D,24073,0.9409,S,25.0,14.25,0,dose
D,24169,0.9409,S,25.0,14.50,0,dose
D,24265,0.9409,S,25.0,14.68,0,dose
D,24361,0.9409,S,25.0,14.79,0,dose
D,24457,0.9409,S,25.0,14.85,0,dose
D,24552,0.9409,S,25.0,14.86,0,dose
D,24648,0.9409,S,25.0,14.87,0,dose
D,24744,0.9409,S,25.0,14.87,0,dose
D,24838,0.9409,S,25.0,14.88,0,dose
D,24934,0.9409,S,25.0,14.88,0,dose
D,25030,0.9409,S,25.0,14.88,0,dose
D,25126,0.9409,S,25.0,14.88,0,dose
D,25222,0.9409,S,25.0,14.87,0,dose
D,25317,0.9409,S,25.0,14.87,0,dose
D,25413,0.9409,S,25.0,14.87,0,dose
D,25509,0.9409,S,25.0,14.87,0,dose
D,25605,0.9409,S,25.0,14.87,0,dose
D,25701,0.9409,S,25.0,14.87,0,dose
D,25795,0.9409,S,25.0,14.87,0,dose
D,25891,0.9409,S,25.0,14.87,0,dose
D,25986,0.9409,S,25.0,14.87,0,dose
D,26083,0.9409,S,25.0,14.87,0,dose
D,26178,0.9409,S,25.0,14.87,0,dose
D,26274,0.9409,S,25.0,14.86,0,dose
D,26370,0.9409,S,25.0,14.86,0,dose
D,26466,0.9409,S,25.0,14.86,0,dose
D,26562,0.9409,S,25.0,14.86,0,dose
D,26656,0.9409,S,25.0,14.86,0,dose
D,26751,0.9409,S,25.0,14.86,0,dose
D,26847,0.9409,S,25.0,14.86,0,dose
D,26943,0.9409,S,25.0,14.86,0,dose
D,27039,0.9409,S,25.0,14.86,0,dose
D,27135,0.9409,S,25.0,14.86,0,dose
D,27231,0.9409,S,25.0,14.86,0,dose
D,27327,0.9409,S,25.0,14.86,0,dose
D,27423,0.9409,S,25.0,14.86,0,dose
D,27517,0.9409,S,25.0,14.86,0,dose
D,27612,0.9409,S,25.0,14.86,0,dose
D,27708,0.9409,S,25.0,14.86,0,dose
D,27804,0.9409,S,25.0,14.86,0,dose
D,27900,0.9409,S,25.0,14.86,0,dose
D,27996,0.9409,S,25.0,14.86,0,dose
D,28092,0.9409,S,25.0,14.86,0,dose
D,28188,0.9409,S,25.0,14.86,0,dose
D,28283,0.9409,S,25.0,14.86,0,dose
D,28377,0.9409,S,25.0,14.86,0,dose
D,28473,0.9409,S,25.0,14.86,0,dose
D,28569,0.9409,S,25.0,14.86,0,dose
D,28665,0.9409,S,25.0,14.86,0,dose
D,28761,0.9409,S,25.0,14.86,0,dose
D,28857,0.9409,S,25.0,14.86,0,dose
D,28962,0.9409,S,25.0,14.86,0,dose
D,29056,0.9409,S,25.0,14.86,0,dose
D,29150,0.9409,S,25.0,14.86,0,dose
D,29244,0.9409,S,25.0,14.86,0,dose
D,29338,0.9409,S,25.0,14.86,0,dose
D,29432,0.9409,S,25.0,14.86,0,dose
D,29526,0.9409,S,25.0,14.86,0,dose
D,29621,0.9409,S,25.0,14.86,0,dose
D,29717,0.9409,S,25.0,14.86,0,dose
D,29813,0.9409,S,25.0,14.86,0,dose
D,29909,0.9409,S,25.0,14.86,0,dose
D,30005,0.9409,S,25.0,14.86,0,dose
D,30101,0.9409,S,25.0,14.86,0,dose
D,30195,0.9409,S,25.0,14.86,0,dose
D,30290,0.9408,S,25.0,14.86,0,dose
D,30386,0.9408,S,25.0,14.88,0,dose
D,30482,0.9408,S,25.0,14.88,0,dose
D,30578,0.9408,S,25.0,14.89,0,dose
D,30674,0.9408,S,25.0,14.89,0,dose
D,30770,0.9408,S,25.0,14.89,0,dose
D,30865,0.9408,S,25.0,14.89,0,dose
D,30961,0.9408,S,25.0,14.89,0,dose
D,31055,0.9408,S,25.0,14.89,0,dose
D,31151,0.9408,S,25.0,14.89,0,dose
D,31247,0.9408,S,25.0,14.89,0,dose
D,31343,0.9408,S,25.0,14.89,0,dose
D,31439,0.9408,S,25.0,14.89,0,dose
D,31534,0.9408,S,25.0,14.89,0,dose
D,31630,0.9408,S,25.0,14.89,0,dose
D,31726,0.9408,S,25.0,14.89,0,dose
D,31822,0.9408,S,25.0,14.89,0,dose
D,31918,0.9408,S,25.0,14.88,0,dose
D,32012,0.9408,S,25.0,14.88,0,dose
D,32107,0.9408,S,25.0,14.88,0,dose
D,32203,0.9408,S,25.0,14.88,0,dose
D,32299,0.9408,S,25.0,14.88,0,dose
D,32395,0.9408,S,25.0,14.88,0,dose
D,32491,0.9408,S,25.0,14.88,0,dose
D,32587,0.9408,S,25.0,14.88,0,dose
D,32683,0.9408,S,25.0,14.88,0,dose
D,32779,0.9408,S,25.0,14.88,0,dose
D,32873,0.9408,S,25.0,14.88,0,dose
D,32968,0.9408,S,25.0,14.88,0,dose
D,33064,0.9408,S,25.0,14.88,0,dose
E,33069,stall 10 s; tap burst
D,33543,0.9408,S,25.0,0.00,2,dose
D,33639,0.9408,S,25.0,14.88,2,dose
D,33733,0.9408,S,25.0,14.88,2,dose
D,33829,0.9408,S,25.0,14.88,2,dose
D,33925,0.9408,S,25.0,14.88,2,dose
D,34021,0.9408,S,25.0,14.88,2,dose
D,34116,0.9408,S,25.0,14.88,2,dose
D,34212,0.9408,S,25.0,14.88,2,dose
D,34308,0.9408,S,25.0,14.88,2,dose
D,34404,0.9408,S,25.0,14.88,2,dose
D,34500,0.9408,S,25.0,14.88,2,dose
D,34596,0.9408,S,25.0,14.88,2,dose
D,34690,0.9408,S,25.0,14.88,2,dose
D,34785,0.9408,S,25.0,14.88,2,dose
D,34881,0.9408,S,25.0,14.88,2,dose
D,34977,0.9408,S,25.0,14.88,2,dose
D,35073,0.9408,S,25.0,14.88,2,dose
D,35169,0.9408,S,25.0,14.88,2,dose
D,35264,0.9408,S,25.0,14.88,2,dose
D,35369,0.9408,S,25.0,14.88,2,dose
D,35463,0.9408,S,25.0,14.88,2,dose
D,35557,0.9408,S,25.0,14.88,2,dose
D,35651,0.9408,S,25.0,14.88,2,dose
D,35745,0.9408,S,25.0,14.88,2,dose
D,35839,0.9408,S,25.0,14.88,2,dose
D,35933,0.9408,S,25.0,14.88,2,dose
D,36029,0.9408,S,25.0,14.88,2,dose
D,36125,0.9408,S,25.0,14.88,2,dose
D,36221,0.9408,S,25.0,14.88,2,dose
D,36317,0.9408,S,25.0,14.88,2,dose
D,36411,0.9408,S,25.0,14.88,2,dose
D,36506,0.9408,S,25.0,14.88,2,dose
D,36602,0.9408,S,25.0,14.88,2,dose
D,36698,0.9408,S,25.0,14.88,2,dose
D,36794,0.9408,S,25.0,14.88,2,dose
D,36890,0.9408,S,25.0,14.88,2,dose
D,36986,0.9408,S,25.0,14.88,2,dose
D,37082,0.9408,S,25.0,14.88,2,dose
D,37177,0.9408,S,25.0,14.88,2,dose
D,37273,0.9408,S,25.0,14.88,2,dose
D,37367,0.9408,S,25.0,14.88,2,dose
D,37463,0.9408,S,25.0,14.88,2,dose
D,37559,0.9408,S,25.0,14.88,2,dose
D,37655,0.9408,S,25.0,14.88,2,dose
D,37750,0.9408,S,25.0,14.88,2,dose
D,37846,0.9408,S,25.0,14.88,2,dose
D,37942,0.9408,S,25.0,14.88,2,dose
D,38038,0.9408,S,25.0,14.88,2,dose
D,38134,0.9408,S,25.0,14.88,2,dose
D,38228,0.9408,S,25.0,14.88,2,dose
D,38324,0.9408,S,25.0,14.88,2,dose
D,38419,0.9408,S,25.0,14.88,2,dose
D,38515,0.9408,S,25.0,14.88,2,dose
D,38611,0.9408,S,25.0,14.88,2,dose
D,38707,0.9408,S,25.0,14.88,2,dose
D,38803,0.9408,S,25.0,14.88,2,dose
D,38899,0.9408,S,25.0,14.88,2,dose
D,38994,0.9408,S,25.0,14.88,2,dose
D,39088,0.9408,S,25.0,14.88,2,dose
D,39184,0.9408,S,25.0,14.88,2,dose
D,39280,0.9408,S,25.0,14.88,2,dose
D,39376,0.9408,S,25.0,14.88,2,dose
D,39472,0.9408,S,25.0,14.88,2,dose
D,39568,0.9408,S,25.0,14.88,2,dose
D,39663,0.9408,S,25.0,14.88,2,dose
D,39759,0.9408,S,25.0,14.88,2,dose
D,39855,0.9408,S,25.0,14.88,2,dose
D,39951,0.9408,S,25.0,14.88,2,dose
D,40045,0.9408,S,25.0,14.88,2,dose
D,40141,0.9408,S,25.0,14.88,2,dose
D,40236,0.9408,S,25.0,14.88,2,dose
D,40332,0.9408,S,25.0,14.88,2,dose
D,40428,0.9408,S,25.0,14.88,2,dose
D,40524,0.9408,S,25.0,14.88,2,dose
D,40620,0.9408,S,25.0,14.88,2,dose
D,40716,0.9408,S,25.0,14.88,2,dose
D,40812,0.9408,S,25.0,14.88,2,dose
D,40906,0.9408,S,25.0,14.88,2,dose
D,41001,0.9408,S,25.0,14.88,2,dose
D,41097,0.9408,S,25.0,14.88,2,dose
D,41193,0.9408,S,25.0,14.88,2,dose
D,41299,0.9408,S,25.0,14.88,2,dose
D,41392,0.9408,S,25.0,14.88,2,dose
D,41486,0.9408,S,25.0,14.88,2,dose
D,41580,0.9408,S,25.0,14.88,2,dose
D,41674,0.9408,S,25.0,14.88,2,dose
D,41768,0.9408,S,25.0,14.88,2,dose
D,41862,0.9408,S,25.0,14.88,2,dose
D,41958,0.9408,S,25.0,14.88,2,dose
D,42054,0.9408,S,25.0,14.88,2,dose
D,42150,0.9408,S,25.0,14.88,2,dose
D,42245,0.9408,S,25.0,14.88,2,dose
D,42341,0.9408,S,25.0,14.88,2,dose
D,42437,0.9408,S,25.0,14.88,2,dose
D,42533,0.9408,S,25.0,14.88,2,dose
D,42627,0.9408,S,25.0,14.88,2,dose
D,42723,0.9408,S,25.0,14.88,2,dose
D,42818,0.9408,S,25.0,14.88,2,dose
D,42914,0.9408,S,25.0,14.88,2,dose
D,43010,0.9408,S,25.0,14.88,2,dose
D,43106,0.9408,S,25.0,14.88,2,dose
E,43111,stall 10 s; tap burst
D,43583,0.9408,S,25.0,0.00,4,dose
D,43679,0.9408,S,25.0,14.88,4,dose
D,43775,0.9408,S,25.0,14.88,4,dose
D,43871,0.9408,S,25.0,14.88,4,dose
D,43967,0.9408,S,25.0,14.88,4,dose
D,44062,0.9408,S,25.0,14.88,4,dose
D,44158,0.9408,S,25.0,14.88,4,dose
D,44254,0.9408,S,25.0,14.88,4,dose
D,44350,0.9408,S,25.0,14.88,4,dose
D,44444,0.9408,S,25.0,14.88,4,dose
D,44540,0.9408,S,25.0,14.88,4,dose
D,44635,0.9408,S,25.0,14.88,4,dose
D,44731,0.9408,S,25.0,14.88,4,dose
D,44827,0.9408,S,25.0,14.88,4,dose
D,44923,0.9408,S,25.0,14.88,4,dose
D,45019,0.9408,S,25.0,14.88,4,dose
D,45115,0.9408,S,25.0,14.88,4,dose
D,45211,0.9408,S,25.0,14.88,4,dose
D,45305,0.9408,S,25.0,14.88,4,dose
D,45400,0.9408,S,25.0,14.88,4,dose
D,45496,0.9408,S,25.0,14.88,4,dose
D,45592,0.9408,S,25.0,14.88,4,dose
D,45688,0.9408,S,25.0,14.88,4,dose
D,45784,0.9408,S,25.0,14.88,4,dose
D,45879,0.9408,S,25.0,14.88,4,dose
D,45975,0.9408,S,25.0,14.88,4,dose
D,46071,0.9408,S,25.0,14.88,4,dose
D,46167,0.9408,S,25.0,14.88,4,dose
D,46261,0.9408,S,25.0,14.88,4,dose
D,46357,0.9408,S,25.0,14.88,4,dose
D,46453,0.9408,S,25.0,14.88,4,dose
D,46548,0.9408,S,25.0,14.88,4,dose
D,46644,0.9408,S,25.0,14.88,4,dose
D,46740,0.9408,S,25.0,14.88,4,dose
D,46836,0.9408,S,25.0,14.88,4,dose
D,46932,0.9408,S,25.0,14.88,4,dose
D,47028,0.9408,S,25.0,14.88,4,dose
D,47122,0.9408,S,25.0,14.88,4,dose
D,47217,0.9408,S,25.0,14.88,4,dose
D,47313,0.9408,S,25.0,14.88,4,dose
D,47409,0.9408,S,25.0,14.88,4,dose
D,47505,0.9408,S,25.0,14.88,4,dose
D,47601,0.9408,S,25.0,14.88,4,dose
D,47706,0.9408,S,25.0,14.88,4,dose
D,47800,0.9408,S,25.0,14.88,4,dose
D,47894,0.9407,S,25.0,14.88,4,dose
D,47988,0.9407,S,25.0,14.89,4,dose
D,48082,0.9407,S,25.0,14.90,4,dose
D,48176,0.9407,S,25.0,14.90,4,dose
D,48270,0.9407,S,25.0,14.90,4,dose
D,48365,0.9407,S,25.0,14.90,4,dose
D,48461,0.9407,S,25.0,14.91,4,dose
D,48557,0.9407,S,25.0,14.91,4,dose
D,48653,0.9407,S,25.0,14.91,4,dose
D,48749,0.9407,S,25.0,14.91,4,dose
D,48845,0.9407,S,25.0,14.91,4,dose
D,48939,0.9407,S,25.0,14.91,4,dose
D,49034,0.9407,S,25.0,14.91,4,dose
D,49130,0.9407,S,25.0,14.91,4,dose
D,49226,0.9407,S,25.0,14.91,4,dose
D,49322,0.9407,S,25.0,14.91,4,dose
D,49418,0.9407,S,25.0,14.90,4,dose
D,49514,0.9407,S,25.0,14.90,4,dose
D,49609,0.9407,S,25.0,14.90,4,dose
D,49705,0.9407,S,25.0,14.90,4,dose
D,49799,0.9407,S,25.0,14.90,4,dose
D,49895,0.9407,S,25.0,14.90,4,dose
D,49991,0.9407,S,25.0,14.90,4,dose
D,50087,0.9407,S,25.0,14.90,4,dose
D,50183,0.9407,S,25.0,14.90,4,dose
D,50279,0.9407,S,25.0,14.90,4,dose
D,50374,0.9407,S,25.0,14.90,4,dose
D,50470,0.9407,S,25.0,14.90,4,dose
D,50566,0.9407,S,25.0,14.89,4,dose
D,50660,0.9407,S,25.0,14.89,4,dose
D,50756,0.9407,S,25.0,14.89,4,dose
D,50851,0.9407,S,25.0,14.89,4,dose
D,50947,0.9407,S,25.0,14.89,4,dose
D,51043,0.9407,S,25.0,14.89,4,dose
D,51139,0.9407,S,25.0,14.89,4,dose
D,51235,0.9407,S,25.0,14.89,4,dose
D,51331,0.9407,S,25.0,14.89,4,dose
D,51427,0.9407,S,25.0,14.89,4,dose
D,51523,0.9407,S,25.0,14.89,4,dose
D,51617,0.9407,S,25.0,14.89,4,dose
D,51712,0.9407,S,25.0,14.89,4,dose
D,51808,0.9407,S,25.0,14.89,4,dose
D,51904,0.9407,S,25.0,14.89,4,dose
D,52000,0.9407,S,25.0,14.89,4,dose
D,52096,0.9407,S,25.0,14.89,4,dose
D,52191,0.9407,S,25.0,14.89,4,dose
D,52287,0.9407,S,25.0,14.89,4,dose
D,52383,0.9407,S,25.0,14.89,4,dose
D,52477,0.9407,S,25.0,14.89,4,dose
D,52573,0.9407,S,25.0,14.89,4,dose
D,52669,0.9407,S,25.0,14.89,4,dose
D,52764,0.9407,S,25.0,14.89,4,dose
D,52860,0.9407,S,25.0,14.89,4,dose
D,52956,0.9407,S,25.0,14.89,4,dose
D,53052,0.9407,S,25.0,14.89,4,dose
D,53148,0.9407,S,25.0,14.89,4,dose
E,53152,stall 10 s; tap burst
D,53625,0.9407,S,25.0,0.00,6,dose
D,53721,0.9407,S,25.0,14.89,6,dose
D,53817,0.9407,S,25.0,14.89,6,dose
D,53913,0.9407,S,25.0,14.89,6,dose
D,54008,0.9407,S,25.0,14.89,6,dose
D,54113,0.9407,S,25.0,14.89,6,dose
D,54207,0.9407,S,25.0,14.89,6,dose
D,54301,0.9407,S,25.0,14.89,6,dose
D,54395,0.9407,S,25.0,14.89,6,dose
D,54489,0.9407,S,25.0,14.89,6,dose
D,54583,0.9407,S,25.0,14.89,6,dose
D,54677,0.9407,S,25.0,14.89,6,dose
D,54773,0.9407,S,25.0,14.89,6,dose
D,54869,0.9407,S,25.0,14.89,6,dose
D,54965,0.9407,S,25.0,14.89,6,dose
D,55061,0.9407,S,25.0,14.89,6,dose
D,55155,0.9407,S,25.0,14.89,6,dose
D,55250,0.9407,S,25.0,14.89,6,dose
D,55346,0.9407,S,25.0,14.89,6,dose
D,55442,0.9407,S,25.0,14.89,6,dose
D,55538,0.9407,S,25.0,14.89,6,dose
D,55634,0.9407,S,25.0,14.89,6,dose
D,55730,0.9407,S,25.0,14.89,6,dose
D,55826,0.9407,S,25.0,14.89,6,dose
D,55921,0.9407,S,25.0,14.89,6,dose
D,56015,0.9407,S,25.0,14.89,6,dose
D,56111,0.9407,S,25.0,14.89,6,dose
D,56207,0.9407,S,25.0,14.89,6,dose
D,56303,0.9407,S,25.0,14.89,6,dose
D,56399,0.9407,S,25.0,14.89,6,dose
D,56494,0.9407,S,25.0,14.89,6,dose
D,56590,0.9407,S,25.0,14.89,6,dose
D,56686,0.9407,S,25.0,14.89,6,dose
D,56782,0.9407,S,25.0,14.89,6,dose
D,56876,0.9407,S,25.0,14.89,6,dose
D,56972,0.9407,S,25.0,14.89,6,dose
D,57068,0.9407,S,25.0,14.89,6,dose
D,57163,0.9407,S,25.0,14.89,6,dose
D,57259,0.9407,S,25.0,14.89,6,dose
D,57355,0.9407,S,25.0,14.89,6,dose
D,57451,0.9407,S,25.0,14.89,6,dose
D,57547,0.9407,S,25.0,14.89,6,dose
D,57643,0.9407,S,25.0,14.89,6,dose
D,57738,0.9407,S,25.0,14.89,6,dose
D,57832,0.9407,S,25.0,14.89,6,dose
D,57928,0.9407,S,25.0,14.89,6,dose
D,58024,0.9407,S,25.0,14.89,6,dose
D,58120,0.9407,S,25.0,14.89,6,dose
D,58216,0.9407,S,25.0,14.89,6,dose
D,58312,0.9407,S,25.0,14.89,6,dose
D,58407,0.9407,S,25.0,14.89,6,dose
D,58503,0.9407,S,25.0,14.89,6,dose
D,58599,0.9407,S,25.0,14.89,6,dose
D,58693,0.9407,S,25.0,14.89,6,dose
D,58789,0.9407,S,25.0,14.89,6,dose
D,58885,0.9407,S,25.0,14.89,6,dose
D,58980,0.9407,S,25.0,14.89,6,dose
D,59077,0.9407,S,25.0,14.89,6,dose
D,59172,0.9407,S,25.0,14.89,6,dose
D,59268,0.9407,S,25.0,14.89,6,dose
D,59364,0.9407,S,25.0,14.89,6,dose
D,59460,0.9407,S,25.0,14.89,6,dose
D,59554,0.9407,S,25.0,14.89,6,dose
D,59649,0.9407,S,25.0,14.89,6,dose
D,59745,0.9407,S,25.0,14.89,6,dose
D,59841,0.9407,S,25.0,14.89,6,dose
D,59937,0.9407,S,25.0,14.89,6,dose
D,60033,0.9407,S,25.0,14.89,6,dose
D,60138,0.9407,S,25.0,14.89,6,dose
D,60232,0.9407,S,25.0,14.89,6,dose
D,60326,0.9407,S,25.0,14.89,6,dose
D,60420,0.9407,S,25.0,14.89,6,dose
D,60514,0.9407,S,25.0,14.89,6,dose
D,60608,0.9407,S,25.0,14.89,6,dose
D,60702,0.9407,S,25.0,14.89,6,dose
D,60798,0.9407,S,25.0,14.89,6,dose
D,60894,0.9408,S,25.0,14.89,6,dose
D,60989,0.9408,S,25.0,14.88,6,dose
D,61085,0.9408,S,25.0,14.88,6,dose
D,61181,0.9408,S,25.0,14.87,6,dose
D,61277,0.9408,S,25.0,14.87,6,dose
D,61371,0.9408,S,25.0,14.87,6,dose
D,61466,0.9408,S,25.0,14.87,6,dose
D,61562,0.9408,S,25.0,14.87,6,dose
D,61658,0.9408,S,25.0,14.87,6,dose
D,61754,0.9408,S,25.0,14.87,6,dose
D,61850,0.9408,S,25.0,14.87,6,dose
D,61946,0.9408,S,25.0,14.87,6,dose
D,62042,0.9408,S,25.0,14.87,6,dose
D,62137,0.9408,S,25.0,14.87,6,dose
D,62231,0.9408,S,25.0,14.87,6,dose
D,62327,0.9408,S,25.0,14.87,6,dose
D,62423,0.9408,S,25.0,14.87,6,dose
D,62519,0.9408,S,25.0,14.88,6,dose
D,62615,0.9408,S,25.0,14.88,6,dose
D,62711,0.9408,S,25.0,14.88,6,dose
D,62806,0.9408,S,25.0,14.88,6,dose
D,62902,0.9408,S,25.0,14.88,6,dose
D,62998,0.9408,S,25.0,14.88,6,dose
D,63094,0.9408,S,25.0,14.88,6,dose
D,63188,0.9408,S,25.0,14.88,6,dose
E,63193,stall 10 s; tap burst
D,63667,0.9407,S,25.0,0.00,8,dose
D,63763,0.9407,S,25.0,14.89,8,dose
D,63859,0.9407,S,25.0,14.90,8,dose
D,63955,0.9407,S,25.0,14.90,8,dose
D,64049,0.9407,S,25.0,14.90,8,dose
D,64144,0.9407,S,25.0,14.90,8,dose
D,64240,0.9407,S,25.0,14.91,8,dose
D,64336,0.9407,S,25.0,14.91,8,dose
D,64432,0.9407,S,25.0,14.91,8,dose
D,64528,0.9407,S,25.0,14.91,8,dose
D,64624,0.9407,S,25.0,14.91,8,dose
D,64719,0.9407,S,25.0,14.91,8,dose
D,64815,0.9407,S,25.0,14.90,8,dose
D,64909,0.9407,S,25.0,14.90,8,dose
D,65005,0.9407,S,25.0,14.90,8,dose
D,65101,0.9407,S,25.0,14.90,8,dose
D,65197,0.9407,S,25.0,14.90,8,dose
D,65292,0.9407,S,25.0,14.90,8,dose
D,65388,0.9407,S,25.0,14.90,8,dose
D,65484,0.9407,S,25.0,14.90,8,dose
D,65580,0.9407,S,25.0,14.90,8,dose
D,65676,0.9407,S,25.0,14.90,8,dose
D,65770,0.9407,S,25.0,14.90,8,dose
D,65866,0.9407,S,25.0,14.90,8,dose
D,65961,0.9407,S,25.0,14.90,8,dose
D,66057,0.9407,S,25.0,14.90,8,dose
D,66153,0.9407,S,25.0,14.90,8,dose
D,66249,0.9407,S,25.0,14.90,8,dose
D,66345,0.9407,S,25.0,14.89,8,dose
D,66441,0.9407,S,25.0,14.89,8,dose
D,66546,0.9407,S,25.0,14.89,8,dose
D,66640,0.9407,S,25.0,14.89,8,dose
D,66734,0.9407,S,25.0,14.89,8,dose
D,66828,0.9407,S,25.0,14.89,8,dose
D,66922,0.9407,S,25.0,14.89,8,dose
D,67016,0.9407,S,25.0,14.89,8,dose
D,67110,0.9407,S,25.0,14.89,8,dose
D,67205,0.9407,S,25.0,14.89,8,dose
D,67301,0.9407,S,25.0,14.89,8,dose
D,67397,0.9407,S,25.0,14.89,8,dose
D,67493,0.9407,S,25.0,14.89,8,dose
D,67587,0.9407,S,25.0,14.89,8,dose
D,67683,0.9407,S,25.0,14.89,8,dose
D,67778,0.9407,S,25.0,14.89,8,dose
D,67874,0.9407,S,25.0,14.89,8,dose
D,67970,0.9407,S,25.0,14.89,8,dose
D,68066,0.9407,S,25.0,14.89,8,dose
D,68162,0.9407,S,25.0,14.89,8,dose
D,68258,0.9407,S,25.0,14.89,8,dose
D,68353,0.9407,S,25.0,14.89,8,dose
D,68447,0.9407,S,25.0,14.89,8,dose
D,68543,0.9407,S,25.0,14.89,8,dose
D,68639,0.9407,S,25.0,14.89,8,dose
D,68735,0.9407,S,25.0,14.89,8,dose
D,68831,0.9407,S,25.0,14.89,8,dose
D,68927,0.9407,S,25.0,14.89,8,dose
D,69022,0.9407,S,25.0,14.89,8,dose
D,69118,0.9407,S,25.0,14.89,8,dose
D,69214,0.9407,S,25.0,14.89,8,dose
D,69310,0.9407,S,25.0,14.89,8,dose
D,69404,0.9407,S,25.0,14.89,8,dose
D,69500,0.9407,S,25.0,14.89,8,dose
D,69595,0.9407,S,25.0,14.89,8,dose
D,69691,0.9407,S,25.0,14.89,8,dose
D,69787,0.9407,S,25.0,14.89,8,dose
D,69883,0.9407,S,25.0,14.89,8,dose
D,69979,0.9407,S,25.0,14.89,8,dose
D,70075,0.9407,S,25.0,14.89,8,dose
D,70171,0.9407,S,25.0,14.89,8,dose
D,70265,0.9407,S,25.0,14.89,8,dose
D,70360,0.9407,S,25.0,14.89,8,dose
D,70456,0.9407,S,25.0,14.89,8,dose
D,70552,0.9407,S,25.0,14.89,8,dose
D,70648,0.9407,S,25.0,14.89,8,dose
D,70744,0.9407,S,25.0,14.89,8,dose
D,70840,0.9407,S,25.0,14.89,8,dose
D,70935,0.9407,S,25.0,14.89,8,dose
D,71031,0.9407,S,25.0,14.89,8,dose
D,71125,0.9407,S,25.0,14.89,8,dose
D,71221,0.9407,S,25.0,14.89,8,dose
D,71317,0.9407,S,25.0,14.89,8,dose
D,71413,0.9407,S,25.0,14.89,8,dose
D,71509,0.9407,S,25.0,14.89,8,dose
D,71604,0.9407,S,25.0,14.89,8,dose
D,71700,0.9407,S,25.0,14.89,8,dose
D,71796,0.9407,S,25.0,14.89,8,dose
D,71892,0.9407,S,25.0,14.89,8,dose
D,71988,0.9407,S,25.0,14.89,8,dose
D,72082,0.9407,S,25.0,14.89,8,dose
D,72177,0.9407,S,25.0,14.89,8,dose
D,72273,0.9407,S,25.0,14.89,8,dose
D,72369,0.9407,S,25.0,14.89,8,dose
D,72475,0.9407,S,25.0,14.89,8,dose
D,72568,0.9407,S,25.0,14.89,8,dose
D,72662,0.9407,S,25.0,14.89,8,dose
D,72756,0.9407,S,25.0,14.89,8,dose
D,72850,0.9407,S,25.0,14.89,8,dose
D,72944,0.9407,S,25.0,14.89,8,dose
D,73038,0.9407,S,25.0,14.89,8,dose
D,73134,0.9407,S,25.0,14.89,8,dose
D,73230,0.9407,S,25.0,14.89,8,dose
E,73235,stall 10 s; tap burst
D,73709,0.9407,S,25.0,0.00,10,dose
D,73803,0.9407,S,25.0,14.89,10,dose
D,73899,0.9407,S,25.0,14.89,10,dose
D,73995,0.9407,S,25.0,14.89,10,dose
D,74090,0.9407,S,25.0,14.89,10,dose
D,74186,0.9407,S,25.0,14.89,10,dose
D,74282,0.9407,S,25.0,14.89,10,dose
D,74378,0.9407,S,25.0,14.89,10,dose
D,74474,0.9407,S,25.0,14.89,10,dose
D,74570,0.9407,S,25.0,14.89,10,dose
D,74665,0.9407,S,25.0,14.89,10,dose
D,74759,0.9407,S,25.0,14.89,10,dose
D,74855,0.9407,S,25.0,14.89,10,dose
D,74951,0.9407,S,25.0,14.89,10,dose
D,75047,0.9407,S,25.0,14.89,10,dose
D,75143,0.9407,S,25.0,14.89,10,dose
D,75239,0.9407,S,25.0,14.89,10,dose
D,75334,0.9407,S,25.0,14.89,10,dose
D,75430,0.9407,S,25.0,14.89,10,dose
D,75526,0.9407,S,25.0,14.89,10,dose
D,75620,0.9407,S,25.0,14.89,10,dose
D,75716,0.9407,S,25.0,14.89,10,dose
D,75812,0.9407,S,25.0,14.89,10,dose
D,75907,0.9407,S,25.0,14.89,10,dose
D,76003,0.9407,S,25.0,14.89,10,dose
D,76099,0.9407,S,25.0,14.89,10,dose
D,76195,0.9407,S,25.0,14.89,10,dose
D,76291,0.9407,S,25.0,14.89,10,dose
D,76387,0.9407,S,25.0,14.89,10,dose
D,76481,0.9407,S,25.0,14.89,10,dose
D,76576,0.9407,S,25.0,14.89,10,dose
D,76672,0.9407,S,25.0,14.89,10,dose
D,76768,0.9407,S,25.0,14.89,10,dose
D,76864,0.9407,S,25.0,14.89,10,dose
D,76960,0.9407,S,25.0,14.89,10,dose
D,77056,0.9407,S,25.0,14.89,10,dose
D,77151,0.9407,S,25.0,14.89,10,dose
D,77247,0.9407,S,25.0,14.89,10,dose
D,77341,0.9407,S,25.0,14.89,10,dose
D,77437,0.9407,S,25.0,14.89,10,dose
D,77533,0.9407,S,25.0,14.89,10,dose
D,77629,0.9407,S,25.0,14.89,10,dose
D,77724,0.9407,S,25.0,14.89,10,dose
D,77820,0.9407,S,25.0,14.89,10,dose
D,77916,0.9407,S,25.0,14.89,10,dose
D,78012,0.9407,S,25.0,14.89,10,dose
D,78108,0.9407,S,25.0,14.89,10,dose
D,78204,0.9407,S,25.0,14.89,10,dose
D,78298,0.9407,S,25.0,14.89,10,dose
D,78393,0.9407,S,25.0,14.89,10,dose
D,78489,0.9407,S,25.0,14.89,10,dose
D,78585,0.9407,S,25.0,14.89,10,dose
D,78681,0.9407,S,25.0,14.89,10,dose
D,78777,0.9407,S,25.0,14.89,10,dose
D,78882,0.9407,S,25.0,14.89,10,dose
D,78976,0.9407,S,25.0,14.89,10,dose
D,79070,0.9407,S,25.0,14.89,10,dose
D,79164,0.9407,S,25.0,14.89,10,dose
D,79258,0.9407,S,25.0,14.89,10,dose
D,79352,0.9407,S,25.0,14.89,10,dose
D,79446,0.9407,S,25.0,14.89,10,dose
D,79542,0.9407,S,25.0,14.89,10,dose
D,79637,0.9407,S,25.0,14.89,10,dose
D,79733,0.9407,S,25.0,14.89,10,dose
D,79829,0.9407,S,25.0,14.89,10,dose
D,79925,0.9407,S,25.0,14.89,10,dose
D,80019,0.9407,S,25.0,14.89,10,dose
D,80115,0.9407,S,25.0,14.89,10,dose
D,80210,0.9407,S,25.0,14.89,10,dose
D,80306,0.9407,S,25.0,14.89,10,dose
D,80402,0.9407,S,25.0,14.89,10,dose
D,80498,0.9407,S,25.0,14.89,10,dose
D,80594,0.9407,S,25.0,14.89,10,dose
D,80690,0.9407,S,25.0,14.89,10,dose
D,80786,0.9407,S,25.0,14.89,10,dose
D,80882,0.9407,S,25.0,14.89,10,dose
D,80976,0.9407,S,25.0,14.89,10,dose
D,81071,0.9407,S,25.0,14.89,10,dose
D,81167,0.9407,S,25.0,14.89,10,dose
D,81263,0.9407,S,25.0,14.89,10,dose
D,81359,0.9407,S,25.0,14.89,10,dose
D,81454,0.9407,S,25.0,14.89,10,dose
D,81550,0.9407,S,25.0,14.89,10,dose
D,81646,0.9407,S,25.0,14.89,10,dose
D,81742,0.9407,S,25.0,14.89,10,dose
D,81836,0.9407,S,25.0,14.89,10,dose
D,81932,0.9407,S,25.0,14.89,10,dose
D,82028,0.9407,S,25.0,14.89,10,dose
D,82123,0.9407,S,25.0,14.89,10,dose
D,82219,0.9407,S,25.0,14.89,10,dose
D,82315,0.9407,S,25.0,14.89,10,dose
D,82411,0.9407,S,25.0,14.89,10,dose
D,82507,0.9407,S,25.0,14.89,10,dose
D,82603,0.9407,S,25.0,14.89,10,dose
D,82697,0.9407,S,25.0,14.89,10,dose
D,82792,0.9407,S,25.0,14.89,10,dose
D,82888,0.9407,S,25.0,14.89,10,dose
D,82984,0.9407,S,25.0,14.89,10,dose
D,83080,0.9407,S,25.0,14.89,10,dose
D,83176,0.9407,S,25.0,14.89,10,dose
D,83272,0.9407,S,25.0,14.89,10,dose
E,83277,stall 10 s; tap burst
D,83749,0.9407,S,25.0,0.00,12,dose
D,83845,0.9407,S,25.0,14.89,12,dose
D,83941,0.9407,S,25.0,14.89,12,dose
D,84036,0.9407,S,25.0,14.89,12,dose
D,84132,0.9407,S,25.0,14.89,12,dose
D,84228,0.9407,S,25.0,14.89,12,dose
D,84324,0.9407,S,25.0,14.89,12,dose
D,84420,0.9407,S,25.0,14.89,12,dose
D,84514,0.9407,S,25.0,14.89,12,dose
D,84609,0.9407,S,25.0,14.89,12,dose
D,84705,0.9407,S,25.0,14.89,12,dose
D,84801,0.9407,S,25.0,14.89,12,dose
D,84897,0.9407,S,25.0,14.89,12,dose
D,84993,0.9407,S,25.0,14.89,12,dose
D,85089,0.9407,S,25.0,14.89,12,dose
D,85194,0.9407,S,25.0,14.89,12,dose
D,85288,0.9407,S,25.0,14.89,12,dose
D,85382,0.9407,S,25.0,14.89,12,dose
D,85476,0.9407,S,25.0,14.89,12,dose
D,85570,0.9407,S,25.0,14.89,12,dose
D,85664,0.9407,S,25.0,14.89,12,dose
D,85758,0.9407,S,25.0,14.89,12,dose
D,85853,0.9407,S,25.0,14.89,12,dose
D,85949,0.9407,S,25.0,14.89,12,dose
D,86045,0.9407,S,25.0,14.89,12,dose
D,86141,0.9407,S,25.0,14.89,12,dose
D,86237,0.9407,S,25.0,14.89,12,dose
D,86331,0.9407,S,25.0,14.89,12,dose
D,86427,0.9407,S,25.0,14.89,12,dose
D,86522,0.9407,S,25.0,14.89,12,dose
D,86618,0.9407,S,25.0,14.89,12,dose
D,86714,0.9407,S,25.0,14.89,12,dose
D,86810,0.9407,S,25.0,14.89,12,dose
D,86906,0.9407,S,25.0,14.89,12,dose
D,87002,0.9407,S,25.0,14.89,12,dose
D,87097,0.9407,S,25.0,14.89,12,dose
D,87191,0.9407,S,25.0,14.89,12,dose
D,87287,0.9407,S,25.0,14.89,12,dose
D,87383,0.9407,S,25.0,14.89,12,dose
D,87479,0.9407,S,25.0,14.89,12,dose
D,87575,0.9407,S,25.0,14.89,12,dose
D,87671,0.9407,S,25.0,14.89,12,dose
D,87766,0.9407,S,25.0,14.89,12,dose
D,87862,0.9407,S,25.0,14.89,12,dose
D,87958,0.9407,S,25.0,14.89,12,dose
D,88052,0.9407,S,25.0,14.89,12,dose
D,88148,0.9407,S,25.0,14.89,12,dose
D,88244,0.9407,S,25.0,14.89,12,dose
D,88339,0.9407,S,25.0,14.89,12,dose
D,88435,0.9407,S,25.0,14.89,12,dose
D,88531,0.9407,S,25.0,14.89,12,dose
D,88627,0.9407,S,25.0,14.89,12,dose
D,88723,0.9407,S,25.0,14.89,12,dose
D,88819,0.9407,S,25.0,14.89,12,dose
D,88913,0.9407,S,25.0,14.89,12,dose
D,89008,0.9407,S,25.0,14.89,12,dose
D,89104,0.9407,S,25.0,14.89,12,dose
D,89200,0.9407,S,25.0,14.89,12,dose
D,89296,0.9407,S,25.0,14.89,12,dose
D,89392,0.9407,S,25.0,14.89,12,dose
D,89488,0.9407,S,25.0,14.89,12,dose
D,89584,0.9407,S,25.0,14.89,12,dose
D,89679,0.9407,S,25.0,14.89,12,dose
D,89775,0.9407,S,25.0,14.89,12,dose
D,89869,0.9407,S,25.0,14.89,12,dose
D,89965,0.9407,S,25.0,14.89,12,dose
D,90061,0.9407,S,25.0,14.89,12,dose
D,90157,0.9407,S,25.0,14.89,12,dose
D,90252,0.9407,S,25.0,14.89,12,dose
D,90348,0.9407,S,25.0,14.89,12,dose
D,90444,0.9407,S,25.0,14.89,12,dose
D,90540,0.9407,S,25.0,14.89,12,dose
D,90636,0.9407,S,25.0,14.89,12,dose
D,90730,0.9407,S,25.0,14.89,12,dose
D,90825,0.9407,S,25.0,14.89,12,dose
D,90921,0.9407,S,25.0,14.89,12,dose
D,91017,0.9407,S,25.0,14.89,12,dose
D,91123,0.9407,S,25.0,14.89,12,dose
D,91216,0.9407,S,25.0,14.89,12,dose
D,91310,0.9407,S,25.0,14.89,12,dose
D,91404,0.9407,S,25.0,14.89,12,dose
D,91498,0.9407,S,25.0,14.89,12,dose
D,91592,0.9407,S,25.0,14.89,12,dose
D,91686,0.9407,S,25.0,14.89,12,dose
D,91782,0.9407,S,25.0,14.89,12,dose
D,91878,0.9407,S,25.0,14.89,12,dose
D,91974,0.9407,S,25.0,14.89,12,dose
D,92069,0.9407,S,25.0,14.89,12,dose
D,92166,0.9407,S,25.0,14.89,12,dose
D,92261,0.9407,S,25.0,14.89,12,dose
D,92357,0.9407,S,25.0,14.89,12,dose
D,92453,0.9407,S,25.0,14.89,12,dose
D,92547,0.9407,S,25.0,14.89,12,dose
D,92643,0.9407,S,25.0,14.89,12,dose
D,92739,0.9407,S,25.0,14.89,12,dose
D,92834,0.9407,S,25.0,14.89,12,dose
D,92930,0.9407,S,25.0,14.89,12,dose
D,93026,0.9407,S,25.0,14.89,12,dose
D,93122,0.9407,S,25.0,14.89,12,dose
D,93218,0.9407,S,25.0,14.89,12,dose
D,93314,0.9407,S,25.0,14.89,12,dose
E,93319,stall 10 s; tap burst
D,93791,0.9407,S,25.0,0.00,14,dose
D,93887,0.9407,S,25.0,14.89,14,dose
D,93982,0.9407,S,25.0,14.89,14,dose
D,94078,0.9407,S,25.0,14.89,14,dose
D,94174,0.9407,S,25.0,14.89,14,dose
D,94268,0.9407,S,25.0,14.89,14,dose
D,94364,0.9407,S,25.0,14.89,14,dose
D,94460,0.9407,S,25.0,14.89,14,dose
D,94556,0.9407,S,25.0,14.89,14,dose
D,94651,0.9407,S,25.0,14.89,14,dose
D,94747,0.9407,S,25.0,14.89,14,dose
D,94843,0.9407,S,25.0,14.89,14,dose
D,94939,0.9407,S,25.0,14.89,14,dose
D,95035,0.9407,S,25.0,14.89,14,dose
D,95131,0.9407,S,25.0,14.89,14,dose
D,95225,0.9407,S,25.0,14.89,14,dose
D,95320,0.9407,S,25.0,14.89,14,dose
D,95416,0.9407,S,25.0,14.89,14,dose
D,95512,0.9407,S,25.0,14.89,14,dose
D,95608,0.9407,S,25.0,14.89,14,dose
D,95704,0.9407,S,25.0,14.89,14,dose
D,95800,0.9407,S,25.0,14.89,14,dose
D,95895,0.9407,S,25.0,14.89,14,dose
D,95991,0.9407,S,25.0,14.89,14,dose
D,96085,0.9407,S,25.0,14.89,14,dose
D,96181,0.9407,S,25.0,14.89,14,dose
D,96277,0.9407,S,25.0,14.89,14,dose
D,96373,0.9407,S,25.0,14.89,14,dose
D,96469,0.9407,S,25.0,14.89,14,dose
D,96564,0.9407,S,25.0,14.89,14,dose
D,96660,0.9407,S,25.0,14.89,14,dose
D,96756,0.9407,S,25.0,14.89,14,dose
D,96852,0.9407,S,25.0,14.89,14,dose
D,96946,0.9407,S,25.0,14.89,14,dose
D,97042,0.9407,S,25.0,14.89,14,dose
D,97137,0.9407,S,25.0,14.89,14,dose
D,97233,0.9407,S,25.0,14.89,14,dose
D,97329,0.9407,S,25.0,14.89,14,dose
D,97435,0.9407,S,25.0,14.89,14,dose
D,97528,0.9407,S,25.0,14.89,14,dose
D,97622,0.9407,S,25.0,14.89,14,dose
D,97716,0.9407,S,25.0,14.89,14,dose
D,97810,0.9407,S,25.0,14.89,14,dose
D,97904,0.9407,S,25.0,14.89,14,dose
D,97998,0.9407,S,25.0,14.89,14,dose
D,98094,0.9407,S,25.0,14.89,14,dose
D,98190,0.9407,S,25.0,14.89,14,dose
D,98286,0.9407,S,25.0,14.89,14,dose
D,98381,0.9407,S,25.0,14.89,14,dose
D,98477,0.9407,S,25.0,14.89,14,dose
D,98573,0.9407,S,25.0,14.89,14,dose
D,98669,0.9407,S,25.0,14.89,14,dose
D,98763,0.9407,S,25.0,14.89,14,dose
D,98859,0.9407,S,25.0,14.89,14,dose
D,98954,0.9407,S,25.0,14.89,14,dose
D,99050,0.9407,S,25.0,14.89,14,dose
D,99146,0.9407,S,25.0,14.89,14,dose
D,99242,0.9407,S,25.0,14.89,14,dose
D,99338,0.9407,S,25.0,14.89,14,dose
D,99434,0.9407,S,25.0,14.89,14,dose
D,99530,0.9407,S,25.0,14.89,14,dose
D,99624,0.9407,S,25.0,14.89,14,dose
D,99719,0.9407,S,25.0,14.89,14,dose
D,99815,0.9407,S,25.0,14.89,14,dose
D,99911,0.9407,S,25.0,14.89,14,dose
D,100007,0.9407,S,25.0,14.89,14,dose
D,100103,0.9407,S,25.0,14.89,14,dose
D,100199,0.9407,S,25.0,14.89,14,dose
D,100294,0.9407,S,25.0,14.89,14,dose
D,100390,0.9407,S,25.0,14.89,14,dose
D,100484,0.9407,S,25.0,14.89,14,dose
D,100580,0.9407,S,25.0,14.89,14,dose
D,100676,0.9407,S,25.0,14.89,14,dose
D,100771,0.9407,S,25.0,14.89,14,dose
D,100868,0.9407,S,25.0,14.89,14,dose
D,100963,0.9407,S,25.0,14.89,14,dose
D,101059,0.9407,S,25.0,14.89,14,dose
D,101155,0.9407,S,25.0,14.89,14,dose
D,101251,0.9407,S,25.0,14.89,14,dose
D,101347,0.9407,S,25.0,14.89,14,dose
D,101441,0.9407,S,25.0,14.89,14,dose
D,101537,0.9407,S,25.0,14.89,14,dose
D,101632,0.9407,S,25.0,14.89,14,dose
D,101728,0.9407,S,25.0,14.89,14,dose
D,101824,0.9407,S,25.0,14.89,14,dose
D,101920,0.9407,S,25.0,14.89,14,dose
D,102016,0.9407,S,25.0,14.89,14,dose
D,102111,0.9407,S,25.0,14.89,14,dose
D,102207,0.9407,S,25.0,14.89,14,dose
D,102301,0.9407,S,25.0,14.89,14,dose
D,102397,0.9407,S,25.0,14.89,14,dose
D,102493,0.9407,S,25.0,14.89,14,dose
D,102589,0.9407,S,25.0,14.89,14,dose
D,102685,0.9407,S,25.0,14.89,14,dose
D,102780,0.9407,S,25.0,14.89,14,dose
D,102876,0.9407,S,25.0,14.89,14,dose
D,102972,0.9407,S,25.0,14.89,14,dose
D,103068,0.9407,S,25.0,14.89,14,dose
D,103162,0.9407,S,25.0,14.89,14,dose
D,103258,0.9407,S,25.0,14.89,14,dose
D,103364,0.9407,S,25.0,14.89,14,dose
E,103368,stall 10 s; tap burst
D,103838,0.9407,S,25.0,0.00,16,dose
D,103932,0.9407,S,25.0,14.89,16,dose
D,104026,0.9407,S,25.0,14.89,16,dose
D,104120,0.9407,S,25.0,14.89,16,dose
D,104214,0.9407,S,25.0,14.89,16,dose
D,104310,0.9407,S,25.0,14.89,16,dose
D,104406,0.9407,S,25.0,14.89,16,dose
D,104502,0.9407,S,25.0,14.89,16,dose
D,104597,0.9407,S,25.0,14.89,16,dose
D,104693,0.9407,S,25.0,14.89,16,dose
D,104789,0.9407,S,25.0,14.89,16,dose
D,104885,0.9407,S,25.0,14.89,16,dose
D,104979,0.9407,S,25.0,14.89,16,dose
D,105075,0.9407,S,25.0,14.89,16,dose
D,105171,0.9407,S,25.0,14.89,16,dose
D,105266,0.9407,S,25.0,14.89,16,dose
D,105362,0.9407,S,25.0,14.89,16,dose
D,105458,0.9407,S,25.0,14.89,16,dose
D,105554,0.9407,S,25.0,14.89,16,dose
D,105650,0.9407,S,25.0,14.89,16,dose
D,105746,0.9407,S,25.0,14.89,16,dose
D,105840,0.9407,S,25.0,14.89,16,dose
D,105935,0.9407,S,25.0,14.89,16,dose
D,106031,0.9407,S,25.0,14.89,16,dose
D,106127,0.9407,S,25.0,14.89,16,dose
D,106223,0.9407,S,25.0,14.89,16,dose
D,106319,0.9407,S,25.0,14.89,16,dose
D,106415,0.9407,S,25.0,14.89,16,dose
D,106510,0.9407,S,25.0,14.89,16,dose
D,106606,0.9407,S,25.0,14.89,16,dose
D,106702,0.9407,S,25.0,14.89,16,dose
D,106796,0.9407,S,25.0,14.89,16,dose
D,106892,0.9407,S,25.0,14.89,16,dose
D,106988,0.9407,S,25.0,14.89,16,dose
D,107083,0.9407,S,25.0,14.89,16,dose
D,107179,0.9407,S,25.0,14.89,16,dose
D,107275,0.9407,S,25.0,14.89,16,dose
D,107371,0.9407,S,25.0,14.89,16,dose
D,107467,0.9407,S,25.0,14.89,16,dose
D,107563,0.9407,S,25.0,14.89,16,dose
D,107657,0.9407,S,25.0,14.89,16,dose
D,107752,0.9407,S,25.0,14.89,16,dose
D,107848,0.9407,S,25.0,14.89,16,dose
D,107944,0.9407,S,25.0,14.89,16,dose
D,108040,0.9407,S,25.0,14.89,16,dose
D,108136,0.9407,S,25.0,14.89,16,dose
D,108232,0.9407,S,25.0,14.89,16,dose
D,108327,0.9407,S,25.0,14.89,16,dose
D,108423,0.9407,S,25.0,14.89,16,dose
D,108517,0.9407,S,25.0,14.89,16,dose
D,108613,0.9407,S,25.0,14.89,16,dose
D,108709,0.9407,S,25.0,14.89,16,dose
D,108805,0.9407,S,25.0,14.89,16,dose
D,108901,0.9407,S,25.0,14.89,16,dose
D,108997,0.9407,S,25.0,14.89,16,dose
D,109092,0.9407,S,25.0,14.89,16,dose
D,109188,0.9407,S,25.0,14.89,16,dose
D,109284,0.9407,S,25.0,14.89,16,dose
D,109380,0.9407,S,25.0,14.89,16,dose
D,109474,0.9407,S,25.0,14.89,16,dose
D,109569,0.9407,S,25.0,14.89,16,dose
D,109674,0.9407,S,25.0,14.89,16,dose
D,109768,0.9407,S,25.0,14.89,16,dose
D,109862,0.9407,S,25.0,14.89,16,dose
D,109956,0.9407,S,25.0,14.89,16,dose
D,110050,0.9407,S,25.0,14.89,16,dose
D,110145,0.9407,S,25.0,14.89,16,dose
D,110240,0.9407,S,25.0,14.89,16,dose
D,110334,0.9407,S,25.0,14.89,16,dose
D,110430,0.9407,S,25.0,14.89,16,dose
D,110526,0.9407,S,25.0,14.89,16,dose
D,110622,0.9407,S,25.0,14.89,16,dose
D,110718,0.9407,S,25.0,14.89,16,dose
D,110813,0.9407,S,25.0,14.89,16,dose
D,110910,0.9407,S,25.0,14.89,16,dose
D,111005,0.9407,S,25.0,14.89,16,dose
D,111101,0.9407,S,25.0,14.89,16,dose
D,111195,0.9407,S,25.0,14.89,16,dose
D,111291,0.9407,S,25.0,14.89,16,dose
D,111387,0.9407,S,25.0,14.89,16,dose
D,111483,0.9407,S,25.0,14.89,16,dose
D,111578,0.9407,S,25.0,14.89,16,dose
D,111674,0.9407,S,25.0,14.89,16,dose
D,111770,0.9407,S,25.0,14.89,16,dose
D,111866,0.9407,S,25.0,14.89,16,dose
D,111962,0.9407,S,25.0,14.89,16,dose
D,112056,0.9407,S,25.0,14.89,16,dose
D,112151,0.9407,S,25.0,14.89,16,dose
D,112247,0.9407,S,25.0,14.89,16,dose
D,112343,0.9407,S,25.0,14.89,16,dose
D,112439,0.9407,S,25.0,14.89,16,dose
D,112535,0.9407,S,25.0,14.89,16,dose
D,112631,0.9407,S,25.0,14.89,16,dose
D,112727,0.9407,S,25.0,14.89,16,dose
D,112822,0.9407,S,25.0,14.89,16,dose
D,112918,0.9407,S,25.0,14.89,16,dose
D,113012,0.9407,S,25.0,14.89,16,dose
D,113108,0.9407,S,25.0,14.89,16,dose
D,113204,0.9407,S,25.0,14.89,16,dose
D,113300,0.9407,S,25.0,14.89,16,dose
D,113395,0.9407,S,25.0,14.89,16,dose
E,113400,stall 10 s; tap burst
D,113873,0.9407,S,25.0,0.00,18,dose
D,113968,0.9407,S,25.0,14.89,18,dose
D,114064,0.9407,S,25.0,14.89,18,dose
D,114160,0.9407,S,25.0,14.89,18,dose
D,114256,0.9407,S,25.0,14.89,18,dose
D,114352,0.9407,S,25.0,14.89,18,dose
D,114448,0.9407,S,25.0,14.89,18,dose
D,114544,0.9407,S,25.0,14.89,18,dose
D,114639,0.9407,S,25.0,14.89,18,dose
D,114733,0.9407,S,25.0,14.89,18,dose
D,114829,0.9407,S,25.0,14.89,18,dose
D,114925,0.9407,S,25.0,14.89,18,dose
D,115021,0.9407,S,25.0,14.89,18,dose
D,115117,0.9407,S,25.0,14.89,18,dose
D,115212,0.9407,S,25.0,14.89,18,dose
D,115308,0.9407,S,25.0,14.89,18,dose
D,115404,0.9407,S,25.0,14.89,18,dose
D,115500,0.9407,S,25.0,14.89,18,dose
D,115596,0.9407,S,25.0,14.89,18,dose
D,115690,0.9407,S,25.0,14.89,18,dose
D,115786,0.9407,S,25.0,14.89,18,dose
D,115881,0.9407,S,25.0,14.89,18,dose
D,115986,0.9407,S,25.0,14.89,18,dose
D,116080,0.9407,S,25.0,14.89,18,dose
D,116174,0.9407,S,25.0,14.89,18,dose
D,116268,0.9407,S,25.0,14.89,18,dose
D,116362,0.9407,S,25.0,14.89,18,dose
D,116456,0.9407,S,25.0,14.89,18,dose
D,116550,0.9407,S,25.0,14.89,18,dose
D,116646,0.9407,S,25.0,14.89,18,dose
D,116742,0.9407,S,25.0,14.89,18,dose
D,116838,0.9407,S,25.0,14.89,18,dose
D,116934,0.9407,S,25.0,14.89,18,dose
D,117030,0.9407,S,25.0,14.89,18,dose
D,117125,0.9407,S,25.0,14.89,18,dose
D,117221,0.9407,S,25.0,14.89,18,dose
D,117317,0.9407,S,25.0,14.89,18,dose
D,117411,0.9407,S,25.0,14.89,18,dose
D,117507,0.9407,S,25.0,14.89,18,dose
D,117603,0.9407,S,25.0,14.89,18,dose
D,117698,0.9407,S,25.0,14.89,18,dose
D,117794,0.9407,S,25.0,14.89,18,dose
D,117890,0.9407,S,25.0,14.89,18,dose
D,117986,0.9407,S,25.0,14.89,18,dose
D,118082,0.9407,S,25.0,14.89,18,dose
D,118178,0.9407,S,25.0,14.89,18,dose
D,118274,0.9407,S,25.0,14.89,18,dose
D,118368,0.9407,S,25.0,14.89,18,dose
D,118463,0.9407,S,25.0,14.89,18,dose
D,118559,0.9407,S,25.0,14.89,18,dose
D,118655,0.9407,S,25.0,14.89,18,dose
D,118751,0.9407,S,25.0,14.89,18,dose
D,118847,0.9407,S,25.0,14.89,18,dose
D,118943,0.9407,S,25.0,14.89,18,dose
D,119038,0.9407,S,25.0,14.89,18,dose
D,119134,0.9407,S,25.0,14.89,18,dose
D,119228,0.9407,S,25.0,14.89,18,dose
D,119324,0.9407,S,25.0,14.89,18,dose
D,119420,0.9407,S,25.0,14.89,18,dose
D,119516,0.9407,S,25.0,14.89,18,dose
D,119611,0.9407,S,25.0,14.89,18,dose
D,119707,0.9407,S,25.0,14.89,18,dose
D,119803,0.9407,S,25.0,14.89,18,dose
D,119899,0.9407,S,25.0,14.89,18,dose
D,119995,0.9407,S,25.0,14.89,18,dose
D,120089,0.9407,S,25.0,14.89,18,dose
D,120184,0.9407,S,25.0,14.89,18,dose
D,120280,0.9407,S,25.0,14.89,18,dose
D,120376,0.9407,S,25.0,14.89,18,dose
D,120472,0.9407,S,25.0,14.89,18,dose
D,120568,0.9407,S,25.0,14.89,18,dose
D,120664,0.9407,S,25.0,14.89,18,dose
D,120760,0.9407,S,25.0,14.89,18,dose
D,120856,0.9407,S,25.0,14.89,18,dose
D,120951,0.9407,S,25.0,14.89,18,dose
D,121045,0.9407,S,25.0,14.89,18,dose
D,121141,0.9407,S,25.0,14.89,18,dose
D,121237,0.9407,S,25.0,14.89,18,dose
D,121333,0.9407,S,25.0,14.89,18,dose
D,121429,0.9407,S,25.0,14.89,18,dose
D,121525,0.9407,S,25.0,14.89,18,dose
D,121620,0.9407,S,25.0,14.89,18,dose
D,121716,0.9407,S,25.0,14.89,18,dose
D,121812,0.9407,S,25.0,14.89,18,dose
D,121917,0.9407,S,25.0,14.89,18,dose
D,122011,0.9407,S,25.0,14.89,18,dose
D,122105,0.9407,S,25.0,14.89,18,dose
D,122199,0.9407,S,25.0,14.89,18,dose
D,122293,0.9407,S,25.0,14.89,18,dose
D,122387,0.9407,S,25.0,14.89,18,dose
D,122481,0.9407,S,25.0,14.89,18,dose
D,122577,0.9407,S,25.0,14.89,18,dose
D,122673,0.9407,S,25.0,14.89,18,dose
D,122767,0.9407,S,25.0,14.89,18,dose
D,122862,0.9407,S,25.0,14.89,18,dose
D,122958,0.9407,S,25.0,14.89,18,dose
D,123054,0.9407,S,25.0,14.89,18,dose
D,123150,0.9407,S,25.0,14.89,18,dose
D,123246,0.9407,S,25.0,14.89,18,dose
D,123342,0.9407,S,25.0,14.89,18,dose
D,123437,0.9407,S,25.0,14.89,18,dose
E,123442,stall 10 s; tap burst
D,123915,0.9407,S,25.0,0.00,20,dose
D,124010,0.9407,S,25.0,14.89,20,dose
D,124106,0.9407,S,25.0,14.89,20,dose
D,124202,0.9407,S,25.0,14.89,20,dose
D,124298,0.9407,S,25.0,14.89,20,dose
D,124394,0.9407,S,25.0,14.89,20,dose
D,124490,0.9407,S,25.0,14.89,20,dose
D,124584,0.9407,S,25.0,14.89,20,dose
D,124679,0.9407,S,25.0,14.89,20,dose
D,124775,0.9407,S,25.0,14.89,20,dose
D,124871,0.9407,S,25.0,14.89,20,dose
D,124967,0.9407,S,25.0,14.89,20,dose
D,125063,0.9407,S,25.0,14.89,20,dose
D,125159,0.9407,S,25.0,14.89,20,dose
D,125254,0.9407,S,25.0,14.89,20,dose
D,125350,0.9407,S,25.0,14.89,20,dose
D,125444,0.9407,S,25.0,14.89,20,dose
D,125540,0.9407,S,25.0,14.89,20,dose
D,125636,0.9407,S,25.0,14.89,20,dose
D,125732,0.9407,S,25.0,14.89,20,dose
D,125827,0.9407,S,25.0,14.89,20,dose
D,125924,0.9407,S,25.0,14.89,20,dose
D,126019,0.9407,S,25.0,14.89,20,dose
D,126115,0.9407,S,25.0,14.89,20,dose
D,126211,0.9407,S,25.0,14.89,20,dose
D,126305,0.9407,S,25.0,14.89,20,dose
D,126401,0.9407,S,25.0,14.89,20,dose
D,126496,0.9407,S,25.0,14.89,20,dose
D,126592,0.9407,S,25.0,14.89,20,dose
D,126688,0.9407,S,25.0,14.89,20,dose
D,126784,0.9407,S,25.0,14.89,20,dose
D,126880,0.9407,S,25.0,14.89,20,dose
D,126976,0.9407,S,25.0,14.89,20,dose
D,127071,0.9407,S,25.0,14.89,20,dose
D,127167,0.9407,S,25.0,14.89,20,dose
D,127261,0.9407,S,25.0,14.89,20,dose
D,127357,0.9407,S,25.0,14.89,20,dose
D,127453,0.9407,S,25.0,14.89,20,dose
D,127549,0.9407,S,25.0,14.89,20,dose
D,127645,0.9407,S,25.0,14.89,20,dose
D,127740,0.9407,S,25.0,14.89,20,dose
D,127836,0.9407,S,25.0,14.89,20,dose
D,127932,0.9407,S,25.0,14.89,20,dose
D,128028,0.9407,S,25.0,14.89,20,dose
D,128122,0.9407,S,25.0,14.89,20,dose
D,128227,0.9407,S,25.0,14.89,20,dose
D,128321,0.9407,S,25.0,14.89,20,dose
D,128415,0.9407,S,25.0,14.89,20,dose
D,128509,0.9407,S,25.0,14.89,20,dose
D,128603,0.9407,S,25.0,14.89,20,dose
D,128697,0.9407,S,25.0,14.89,20,dose
D,128793,0.9407,S,25.0,14.89,20,dose
D,128889,0.9407,S,25.0,14.89,20,dose
D,128983,0.9407,S,25.0,14.89,20,dose
D,129078,0.9407,S,25.0,14.89,20,dose
D,129174,0.9407,S,25.0,14.89,20,dose
D,129270,0.9407,S,25.0,14.89,20,dose
D,129366,0.9407,S,25.0,14.89,20,dose
D,129462,0.9407,S,25.0,14.89,20,dose
D,129558,0.9407,S,25.0,14.89,20,dose
D,129653,0.9407,S,25.0,14.89,20,dose
D,129749,0.9407,S,25.0,14.89,20,dose
D,129845,0.9407,S,25.0,14.89,20,dose
D,129939,0.9407,S,25.0,14.89,20,dose
D,130035,0.9407,S,25.0,14.89,20,dose
D,130131,0.9407,S,25.0,14.89,20,dose
D,130226,0.9407,S,25.0,14.89,20,dose
D,130322,0.9407,S,25.0,14.89,20,dose
D,130418,0.9407,S,25.0,14.89,20,dose
D,130514,0.9407,S,25.0,14.89,20,dose
D,130610,0.9407,S,25.0,14.89,20,dose
D,130706,0.9407,S,25.0,14.89,20,dose
D,130800,0.9407,S,25.0,14.89,20,dose
D,130895,0.9407,S,25.0,14.89,20,dose
D,130991,0.9407,S,25.0,14.89,20,dose
D,131087,0.9407,S,25.0,14.89,20,dose
D,131183,0.9407,S,25.0,14.89,20,dose
D,131279,0.9407,S,25.0,14.89,20,dose
D,131375,0.9407,S,25.0,14.89,20,dose
D,131471,0.9407,S,25.0,14.89,20,dose
D,131566,0.9407,S,25.0,14.89,20,dose
D,131660,0.9407,S,25.0,14.89,20,dose
D,131756,0.9407,S,25.0,14.89,20,dose
D,131852,0.9407,S,25.0,14.89,20,dose
D,131948,0.9407,S,25.0,14.89,20,dose
D,132044,0.9407,S,25.0,14.89,20,dose
D,132140,0.9407,S,25.0,14.89,20,dose
D,132235,0.9407,S,25.0,14.89,20,dose
D,132331,0.9407,S,25.0,14.89,20,dose
D,132427,0.9407,S,25.0,14.89,20,dose
D,132523,0.9407,S,25.0,14.89,20,dose
D,132617,0.9407,S,25.0,14.89,20,dose
D,132713,0.9407,S,25.0,14.89,20,dose
D,132808,0.9407,S,25.0,14.89,20,dose
D,132904,0.9407,S,25.0,14.89,20,dose
D,133000,0.9407,S,25.0,14.89,20,dose
D,133096,0.9407,S,25.0,14.89,20,dose
D,133192,0.9407,S,25.0,14.89,20,dose
D,133288,0.9407,S,25.0,14.89,20,dose
D,133383,0.9407,S,25.0,14.89,20,dose
D,133477,0.9407,S,25.0,14.89,20,dose
E,133482,stall 10 s; tap burst
D,133956,0.9407,S,25.0,0.00,22,dose
D,134052,0.9407,S,25.0,14.89,22,dose
D,134148,0.9407,S,25.0,14.89,22,dose
D,134244,0.9407,S,25.0,14.89,22,dose
D,134338,0.9407,S,25.0,14.89,22,dose
D,134434,0.9407,S,25.0,14.89,22,dose
D,134539,0.9407,S,25.0,14.89,22,dose
D,134633,0.9407,S,25.0,14.89,22,dose
D,134727,0.9407,S,25.0,14.89,22,dose
D,134821,0.9407,S,25.0,14.89,22,dose
D,134915,0.9407,S,25.0,14.89,22,dose
D,135009,0.9407,S,25.0,14.89,22,dose
D,135105,0.9407,S,25.0,14.89,22,dose
D,135199,0.9407,S,25.0,14.89,22,dose
D,135294,0.9407,S,25.0,14.89,22,dose
D,135390,0.9407,S,25.0,14.89,22,dose
D,135486,0.9407,S,25.0,14.89,22,dose
D,135582,0.9407,S,25.0,14.89,22,dose
D,135678,0.9407,S,25.0,14.89,22,dose
D,135774,0.9407,S,25.0,14.89,22,dose
D,135869,0.9407,S,25.0,14.89,22,dose
D,135965,0.9407,S,25.0,14.89,22,dose
D,136061,0.9407,S,25.0,14.89,22,dose
D,136155,0.9407,S,25.0,14.89,22,dose
D,136251,0.9407,S,25.0,14.89,22,dose
D,136347,0.9407,S,25.0,14.89,22,dose
D,136442,0.9407,S,25.0,14.89,22,dose
D,136538,0.9407,S,25.0,14.89,22,dose
D,136634,0.9407,S,25.0,14.89,22,dose
D,136730,0.9407,S,25.0,14.89,22,dose
D,136826,0.9407,S,25.0,14.89,22,dose
D,136922,0.9407,S,25.0,14.89,22,dose
D,137016,0.9407,S,25.0,14.89,22,dose
D,137111,0.9407,S,25.0,14.89,22,dose
D,137207,0.9407,S,25.0,14.89,22,dose
D,137303,0.9407,S,25.0,14.89,22,dose
D,137399,0.9407,S,25.0,14.89,22,dose
D,137495,0.9407,S,25.0,14.89,22,dose
D,137591,0.9407,S,25.0,14.89,22,dose
D,137686,0.9407,S,25.0,14.89,22,dose
D,137782,0.9407,S,25.0,14.89,22,dose
D,137876,0.9407,S,25.0,14.89,22,dose
D,137972,0.9407,S,25.0,14.89,22,dose
D,138068,0.9407,S,25.0,14.89,22,dose
D,138164,0.9407,S,25.0,14.89,22,dose
D,138260,0.9407,S,25.0,14.89,22,dose
D,138355,0.9407,S,25.0,14.89,22,dose
D,138451,0.9407,S,25.0,14.89,22,dose
D,138547,0.9407,S,25.0,14.89,22,dose
D,138643,0.9407,S,25.0,14.89,22,dose
D,138739,0.9407,S,25.0,14.89,22,dose
D,138833,0.9407,S,25.0,14.89,22,dose
D,138929,0.9407,S,25.0,14.89,22,dose
D,139025,0.9407,S,25.0,14.89,22,dose
D,139120,0.9407,S,25.0,14.89,22,dose
D,139216,0.9407,S,25.0,14.89,22,dose
D,139312,0.9407,S,25.0,14.89,22,dose
D,139408,0.9407,S,25.0,14.89,22,dose
D,139504,0.9407,S,25.0,14.89,22,dose
D,139600,0.9407,S,25.0,14.89,22,dose
D,139694,0.9407,S,25.0,14.89,22,dose
D,139789,0.9407,S,25.0,14.89,22,dose
D,139885,0.9407,S,25.0,14.89,22,dose
D,139981,0.9407,S,25.0,14.89,22,dose
D,140077,0.9407,S,25.0,14.89,22,dose
D,140172,0.9407,S,25.0,14.89,22,dose
D,140268,0.9407,S,25.0,14.89,22,dose
D,140364,0.9407,S,25.0,14.89,22,dose
D,140471,0.9407,S,25.0,14.89,22,dose
D,140565,0.9407,S,25.0,14.89,22,dose
D,140659,0.9407,S,25.0,14.89,22,dose
D,140753,0.9407,S,25.0,14.89,22,dose
D,140847,0.9407,S,25.0,14.89,22,dose
D,140941,0.9407,S,25.0,14.89,22,dose
D,141035,0.9407,S,25.0,14.89,22,dose
D,141129,0.9407,S,25.0,14.89,22,dose
D,141225,0.9407,S,25.0,14.89,22,dose
D,141321,0.9407,S,25.0,14.89,22,dose
D,141417,0.9407,S,25.0,14.89,22,dose
D,141511,0.9407,S,25.0,14.89,22,dose
D,141606,0.9407,S,25.0,14.89,22,dose
D,141702,0.9407,S,25.0,14.89,22,dose
D,141798,0.9407,S,25.0,14.89,22,dose
D,141894,0.9407,S,25.0,14.89,22,dose
D,141990,0.9407,S,25.0,14.89,22,dose
D,142086,0.9407,S,25.0,14.89,22,dose
D,142181,0.9407,S,25.0,14.89,22,dose
D,142277,0.9407,S,25.0,14.89,22,dose
D,142371,0.9407,S,25.0,14.89,22,dose
D,142467,0.9407,S,25.0,14.89,22,dose
D,142563,0.9407,S,25.0,14.89,22,dose
D,142659,0.9407,S,25.0,14.89,22,dose
D,142754,0.9407,S,25.0,14.89,22,dose
D,142850,0.9407,S,25.0,14.89,22,dose
D,142946,0.9407,S,25.0,14.89,22,dose
D,143042,0.9407,S,25.0,14.89,22,dose
D,143138,0.9407,S,25.0,14.89,22,dose
D,143232,0.9407,S,25.0,14.89,22,dose
D,143328,0.9407,S,25.0,14.89,22,dose
D,143423,0.9407,S,25.0,14.89,22,dose
D,143519,0.9407,S,25.0,14.89,22,dose
E,143524,stall 10 s; tap burst
D,143998,0.9407,S,25.0,0.00,24,dose
D,144094,0.9407,S,25.0,14.89,24,dose
D,144188,0.9407,S,25.0,14.89,24,dose
D,144284,0.9407,S,25.0,14.89,24,dose
D,144380,0.9407,S,25.0,14.89,24,dose
D,144476,0.9407,S,25.0,14.89,24,dose
D,144572,0.9407,S,25.0,14.89,24,dose
D,144667,0.9407,S,25.0,14.89,24,dose
D,144763,0.9407,S,25.0,14.89,24,dose
D,144859,0.9407,S,25.0,14.89,24,dose
D,144955,0.9407,S,25.0,14.89,24,dose
D,145049,0.9407,S,25.0,14.89,24,dose
D,145145,0.9407,S,25.0,14.89,24,dose
D,145240,0.9407,S,25.0,14.89,24,dose
D,145336,0.9407,S,25.0,14.89,24,dose
D,145432,0.9407,S,25.0,14.89,24,dose
D,145528,0.9407,S,25.0,14.89,24,dose
D,145624,0.9407,S,25.0,14.89,24,dose
D,145720,0.9407,S,25.0,14.89,24,dose
D,145816,0.9407,S,25.0,14.89,24,dose
D,145910,0.9407,S,25.0,14.89,24,dose
D,146005,0.9407,S,25.0,14.89,24,dose
D,146101,0.9407,S,25.0,14.89,24,dose
D,146197,0.9407,S,25.0,14.89,24,dose
D,146293,0.9407,S,25.0,14.89,24,dose
D,146389,0.9407,S,25.0,14.89,24,dose
D,146484,0.9407,S,25.0,14.89,24,dose
D,146580,0.9407,S,25.0,14.89,24,dose
D,146676,0.9407,S,25.0,14.89,24,dose
D,146783,0.9407,S,25.0,14.89,24,dose
D,146877,0.9407,S,25.0,14.89,24,dose
D,146971,0.9407,S,25.0,14.89,24,dose
D,147065,0.9407,S,25.0,14.89,24,dose
D,147159,0.9407,S,25.0,14.89,24,dose
D,147253,0.9407,S,25.0,14.89,24,dose
D,147347,0.9407,S,25.0,14.89,24,dose
D,147441,0.9407,S,25.0,14.89,24,dose
D,147537,0.9407,S,25.0,14.89,24,dose
D,147633,0.9407,S,25.0,14.89,24,dose
D,147727,0.9407,S,25.0,14.89,24,dose
D,147822,0.9407,S,25.0,14.89,24,dose
D,147918,0.9407,S,25.0,14.89,24,dose
D,148014,0.9407,S,25.0,14.89,24,dose
D,148110,0.9407,S,25.0,14.89,24,dose
D,148206,0.9407,S,25.0,14.89,24,dose
D,148302,0.9407,S,25.0,14.89,24,dose
D,148397,0.9407,S,25.0,14.89,24,dose
D,148493,0.9407,S,25.0,14.89,24,dose
D,148587,0.9407,S,25.0,14.89,24,dose
D,148683,0.9407,S,25.0,14.89,24,dose
D,148779,0.9407,S,25.0,14.89,24,dose
D,148875,0.9407,S,25.0,14.89,24,dose
D,148971,0.9407,S,25.0,14.89,24,dose
D,149066,0.9407,S,25.0,14.89,24,dose
D,149162,0.9407,S,25.0,14.89,24,dose
D,149258,0.9407,S,25.0,14.89,24,dose
D,149354,0.9407,S,25.0,14.89,24,dose
D,149448,0.9407,S,25.0,14.89,24,dose
D,149544,0.9407,S,25.0,14.89,24,dose
D,149639,0.9407,S,25.0,14.89,24,dose
D,149735,0.9407,S,25.0,14.89,24,dose
D,149831,0.9407,S,25.0,14.89,24,dose
D,149927,0.9407,S,25.0,14.89,24,dose
D,150023,0.9407,S,25.0,14.89,24,dose
D,150119,0.9407,S,25.0,14.89,24,dose
D,150214,0.9407,S,25.0,14.89,24,dose
D,150310,0.9407,S,25.0,14.89,24,dose
D,150404,0.9407,S,25.0,14.89,24,dose
D,150500,0.9407,S,25.0,14.89,24,dose
D,150596,0.9407,S,25.0,14.89,24,dose
D,150692,0.9407,S,25.0,14.89,24,dose
D,150787,0.9407,S,25.0,14.89,24,dose
D,150883,0.9407,S,25.0,14.89,24,dose
D,150979,0.9407,S,25.0,14.89,24,dose
D,151075,0.9407,S,25.0,14.89,24,dose
D,151171,0.9407,S,25.0,14.89,24,dose
D,151265,0.9407,S,25.0,14.89,24,dose
D,151361,0.9407,S,25.0,14.89,24,dose
D,151457,0.9407,S,25.0,14.89,24,dose
D,151552,0.9407,S,25.0,14.89,24,dose
D,151648,0.9406,S,25.0,14.89,24,dose
D,151744,0.9406,S,25.0,14.91,24,dose
D,151840,0.9406,S,25.0,14.91,24,dose
D,151936,0.9406,S,25.0,14.92,24,dose
D,152032,0.9406,S,25.0,14.92,24,dose
D,152126,0.9406,S,25.0,14.92,24,dose
D,152221,0.9406,S,25.0,14.92,24,dose
D,152317,0.9406,S,25.0,14.92,24,dose
D,152413,0.9406,S,25.0,14.92,24,dose
D,152509,0.9406,S,25.0,14.92,24,dose
D,152605,0.9406,S,25.0,14.92,24,dose
D,152712,0.9406,S,25.0,14.92,24,dose
D,152806,0.9406,S,25.0,14.92,24,dose
D,152900,0.9406,S,25.0,14.92,24,dose
D,152994,0.9406,S,25.0,14.92,24,dose
D,153088,0.9406,S,25.0,14.92,24,dose
D,153182,0.9406,S,25.0,14.92,24,dose
D,153276,0.9406,S,25.0,14.91,24,dose
D,153370,0.9406,S,25.0,14.91,24,dose
D,153465,0.9406,S,25.0,14.91,24,dose
D,153561,0.9406,S,25.0,14.91,24,dose
E,153566,stall 10 s; tap burst
D,154038,0.9406,S,25.0,0.00,26,dose
D,154134,0.9406,S,25.0,14.91,26,dose
D,154230,0.9406,S,25.0,14.91,26,dose
D,154326,0.9406,S,25.0,14.91,26,dose
D,154422,0.9406,S,25.0,14.91,26,dose
D,154518,0.9406,S,25.0,14.91,26,dose
D,154613,0.9406,S,25.0,14.91,26,dose
D,154709,0.9406,S,25.0,14.91,26,dose
D,154803,0.9406,S,25.0,14.91,26,dose
D,154899,0.9406,S,25.0,14.91,26,dose
D,154995,0.9406,S,25.0,14.91,26,dose
D,155091,0.9406,S,25.0,14.91,26,dose
D,155187,0.9406,S,25.0,14.91,26,dose
D,155282,0.9406,S,25.0,14.91,26,dose
D,155378,0.9406,S,25.0,14.91,26,dose
D,155474,0.9406,S,25.0,14.91,26,dose
D,155570,0.9406,S,25.0,14.91,26,dose
D,155666,0.9406,S,25.0,14.91,26,dose
D,155760,0.9406,S,25.0,14.91,26,dose
D,155855,0.9407,S,25.0,14.91,26,dose
D,155951,0.9407,S,25.0,14.90,26,dose
D,156047,0.9407,S,25.0,14.89,26,dose
D,156143,0.9407,S,25.0,14.89,26,dose
D,156239,0.9407,S,25.0,14.89,26,dose
D,156335,0.9407,S,25.0,14.89,26,dose
D,156431,0.9407,S,25.0,14.88,26,dose
D,156526,0.9407,S,25.0,14.88,26,dose
D,156620,0.9407,S,25.0,14.88,26,dose
D,156716,0.9407,S,25.0,14.88,26,dose
D,156812,0.9407,S,25.0,14.88,26,dose
D,156908,0.9407,S,25.0,14.88,26,dose
D,157004,0.9407,S,25.0,14.88,26,dose
D,157099,0.9407,S,25.0,14.88,26,dose
D,157195,0.9407,S,25.0,14.88,26,dose
D,157291,0.9407,S,25.0,14.88,26,dose
D,157387,0.9407,S,25.0,14.89,26,dose
D,157481,0.9407,S,25.0,14.89,26,dose
D,157577,0.9407,S,25.0,14.89,26,dose
D,157673,0.9407,S,25.0,14.89,26,dose
D,157768,0.9407,S,25.0,14.89,26,dose
D,157864,0.9407,S,25.0,14.89,26,dose
D,157960,0.9407,S,25.0,14.89,26,dose
D,158056,0.9407,S,25.0,14.89,26,dose
D,158152,0.9407,S,25.0,14.89,26,dose
D,158248,0.9407,S,25.0,14.89,26,dose
D,158343,0.9407,S,25.0,14.89,26,dose
D,158437,0.9407,S,25.0,14.89,26,dose
D,158533,0.9407,S,25.0,14.89,26,dose
D,158629,0.9407,S,25.0,14.89,26,dose
D,158725,0.9407,S,25.0,14.89,26,dose
D,158821,0.9407,S,25.0,14.89,26,dose
D,158917,0.9407,S,25.0,14.89,26,dose
D,159024,0.9407,S,25.0,14.89,26,dose
D,159118,0.9407,S,25.0,14.89,26,dose
D,159212,0.9407,S,25.0,14.89,26,dose
D,159306,0.9407,S,25.0,14.89,26,dose
D,159400,0.9407,S,25.0,14.89,26,dose
D,159494,0.9407,S,25.0,14.89,26,dose
D,159588,0.9407,S,25.0,14.89,26,dose
D,159682,0.9407,S,25.0,14.89,26,dose
D,159777,0.9407,S,25.0,14.89,26,dose
D,159873,0.9407,S,25.0,14.89,26,dose
D,159969,0.9407,S,25.0,14.89,26,dose
D,160065,0.9407,S,25.0,14.89,26,dose
D,160159,0.9407,S,25.0,14.89,26,dose
D,160255,0.9407,S,25.0,14.89,26,dose
D,160350,0.9407,S,25.0,14.89,26,dose
D,160446,0.9407,S,25.0,14.89,26,dose
D,160542,0.9407,S,25.0,14.89,26,dose
D,160638,0.9407,S,25.0,14.89,26,dose
D,160734,0.9407,S,25.0,14.89,26,dose
D,160830,0.9407,S,25.0,14.89,26,dose
D,160925,0.9407,S,25.0,14.89,26,dose
D,161019,0.9407,S,25.0,14.89,26,dose
D,161115,0.9407,S,25.0,14.89,26,dose
D,161211,0.9407,S,25.0,14.89,26,dose
D,161307,0.9407,S,25.0,14.89,26,dose
D,161403,0.9407,S,25.0,14.89,26,dose
D,161499,0.9407,S,25.0,14.89,26,dose
D,161594,0.9407,S,25.0,14.89,26,dose
D,161690,0.9407,S,25.0,14.89,26,dose
D,161786,0.9407,S,25.0,14.89,26,dose
D,161882,0.9407,S,25.0,14.89,26,dose
D,161976,0.9407,S,25.0,14.89,26,dose
D,162072,0.9407,S,25.0,14.89,26,dose
D,162167,0.9407,S,25.0,14.89,26,dose
D,162263,0.9407,S,25.0,14.89,26,dose
D,162359,0.9407,S,25.0,14.89,26,dose
D,162455,0.9407,S,25.0,14.89,26,dose
D,162551,0.9407,S,25.0,14.89,26,dose
D,162647,0.9407,S,25.0,14.89,26,dose
D,162742,0.9407,S,25.0,14.89,26,dose
D,162836,0.9407,S,25.0,14.89,26,dose
D,162932,0.9407,S,25.0,14.89,26,dose
D,163028,0.9407,S,25.0,14.89,26,dose
D,163124,0.9407,S,25.0,14.89,26,dose
D,163220,0.9407,S,25.0,14.89,26,dose
D,163316,0.9407,S,25.0,14.89,26,dose
D,163411,0.9407,S,25.0,14.89,26,dose
D,163507,0.9407,S,25.0,14.89,26,dose
D,163603,0.9407,S,25.0,14.89,26,dose
E,163608,stall 10 s; tap burst
D,164080,0.9407,S,25.0,0.00,28,dose
D,164176,0.9407,S,25.0,14.89,28,dose
D,164272,0.9407,S,25.0,14.89,28,dose
D,164368,0.9407,S,25.0,14.89,28,dose
D,164464,0.9407,S,25.0,14.89,28,dose
D,164560,0.9407,S,25.0,14.89,28,dose
D,164654,0.9407,S,25.0,14.89,28,dose
D,164749,0.9407,S,25.0,14.89,28,dose
D,164845,0.9407,S,25.0,14.89,28,dose
D,164941,0.9407,S,25.0,14.89,28,dose
D,165037,0.9407,S,25.0,14.89,28,dose
D,165133,0.9407,S,25.0,14.89,28,dose
D,165228,0.9407,S,25.0,14.89,28,dose
D,165324,0.9407,S,25.0,14.89,28,dose
D,165429,0.9407,S,25.0,14.89,28,dose
D,165523,0.9407,S,25.0,14.89,28,dose
D,165617,0.9407,S,25.0,14.89,28,dose
D,165711,0.9407,S,25.0,14.89,28,dose
D,165805,0.9407,S,25.0,14.89,28,dose
D,165899,0.9407,S,25.0,14.89,28,dose
D,165993,0.9407,S,25.0,14.89,28,dose
D,166089,0.9407,S,25.0,14.89,28,dose
D,166185,0.9407,S,25.0,14.89,28,dose
D,166281,0.9407,S,25.0,14.89,28,dose
D,166375,0.9407,S,25.0,14.89,28,dose
D,166470,0.9407,S,25.0,14.89,28,dose
D,166566,0.9407,S,25.0,14.89,28,dose
D,166662,0.9407,S,25.0,14.89,28,dose
D,166758,0.9407,S,25.0,14.89,28,dose
D,166854,0.9407,S,25.0,14.89,28,dose
D,166950,0.9407,S,25.0,14.89,28,dose
D,167046,0.9407,S,25.0,14.89,28,dose
D,167141,0.9407,S,25.0,14.89,28,dose
D,167237,0.9407,S,25.0,14.89,28,dose
D,167331,0.9407,S,25.0,14.89,28,dose
D,167427,0.9407,S,25.0,14.89,28,dose
D,167523,0.9407,S,25.0,14.89,28,dose
D,167619,0.9407,S,25.0,14.89,28,dose
D,167714,0.9407,S,25.0,14.89,28,dose
D,167810,0.9407,S,25.0,14.89,28,dose
D,167906,0.9407,S,25.0,14.89,28,dose
D,168002,0.9407,S,25.0,14.89,28,dose
D,168098,0.9407,S,25.0,14.89,28,dose
D,168192,0.9407,S,25.0,14.89,28,dose
D,168288,0.9407,S,25.0,14.89,28,dose
D,168383,0.9407,S,25.0,14.89,28,dose
D,168479,0.9407,S,25.0,14.89,28,dose
D,168575,0.9407,S,25.0,14.89,28,dose
D,168671,0.9407,S,25.0,14.89,28,dose
D,168767,0.9407,S,25.0,14.89,28,dose
D,168863,0.9407,S,25.0,14.89,28,dose
D,168958,0.9407,S,25.0,14.89,28,dose
D,169052,0.9407,S,25.0,14.89,28,dose
D,169148,0.9407,S,25.0,14.89,28,dose
D,169244,0.9407,S,25.0,14.89,28,dose
D,169340,0.9407,S,25.0,14.89,28,dose
D,169436,0.9407,S,25.0,14.89,28,dose
D,169531,0.9407,S,25.0,14.89,28,dose
D,169627,0.9407,S,25.0,14.89,28,dose
D,169723,0.9407,S,25.0,14.89,28,dose
D,169819,0.9407,S,25.0,14.89,28,dose
D,169915,0.9407,S,25.0,14.89,28,dose
D,170009,0.9407,S,25.0,14.89,28,dose
D,170105,0.9407,S,25.0,14.89,28,dose
D,170201,0.9407,S,25.0,14.89,28,dose
D,170296,0.9407,S,25.0,14.89,28,dose
D,170392,0.9407,S,25.0,14.89,28,dose
D,170488,0.9407,S,25.0,14.89,28,dose
D,170584,0.9407,S,25.0,14.89,28,dose
D,170680,0.9407,S,25.0,14.89,28,dose
D,170776,0.9407,S,25.0,14.89,28,dose
D,170870,0.9407,S,25.0,14.89,28,dose
D,170965,0.9407,S,25.0,14.89,28,dose
D,171061,0.9407,S,25.0,14.89,28,dose
D,171157,0.9407,S,25.0,14.89,28,dose
D,171253,0.9407,S,25.0,14.89,28,dose
D,171358,0.9407,S,25.0,14.89,28,dose
D,171452,0.9407,S,25.0,14.89,28,dose
D,171546,0.9407,S,25.0,14.89,28,dose
D,171640,0.9407,S,25.0,14.89,28,dose
D,171734,0.9407,S,25.0,14.89,28,dose
D,171828,0.9407,S,25.0,14.89,28,dose
D,171922,0.9407,S,25.0,14.89,28,dose
D,172018,0.9407,S,25.0,14.89,28,dose
D,172113,0.9407,S,25.0,14.89,28,dose
D,172209,0.9407,S,25.0,14.89,28,dose
D,172305,0.9407,S,25.0,14.89,28,dose
D,172401,0.9407,S,25.0,14.89,28,dose
D,172497,0.9407,S,25.0,14.89,28,dose
D,172591,0.9407,S,25.0,14.89,28,dose
D,172687,0.9407,S,25.0,14.89,28,dose
D,172782,0.9407,S,25.0,14.89,28,dose
D,172878,0.9407,S,25.0,14.89,28,dose
D,172974,0.9407,S,25.0,14.89,28,dose
D,173070,0.9407,S,25.0,14.89,28,dose
D,173166,0.9407,S,25.0,14.89,28,dose
D,173262,0.9407,S,25.0,14.89,28,dose
D,173357,0.9407,S,25.0,14.89,28,dose
D,173453,0.9407,S,25.0,14.89,28,dose
D,173547,0.9407,S,25.0,14.89,28,dose
D,173643,0.9407,S,25.0,14.89,28,dose
E,173648,stall 10 s; tap burst
D,174122,0.9407,S,25.0,0.00,30,dose
D,174218,0.9407,S,25.0,14.89,30,dose
D,174314,0.9407,S,25.0,14.89,30,dose
D,174408,0.9407,S,25.0,14.89,30,dose
D,174504,0.9407,S,25.0,14.89,30,dose
D,174599,0.9407,S,25.0,14.89,30,dose
D,174695,0.9407,S,25.0,14.89,30,dose
D,174791,0.9407,S,25.0,14.89,30,dose
D,174887,0.9407,S,25.0,14.89,30,dose
D,174983,0.9407,S,25.0,14.89,30,dose
D,175079,0.9407,S,25.0,14.89,30,dose
D,175175,0.9407,S,25.0,14.89,30,dose
D,175269,0.9407,S,25.0,14.89,30,dose
D,175364,0.9407,S,25.0,14.89,30,dose
D,175460,0.9407,S,25.0,14.89,30,dose
D,175556,0.9407,S,25.0,14.89,30,dose
D,175652,0.9407,S,25.0,14.89,30,dose
D,175748,0.9407,S,25.0,14.89,30,dose
D,175843,0.9407,S,25.0,14.89,30,dose
D,175939,0.9407,S,25.0,14.89,30,dose
D,176035,0.9407,S,25.0,14.89,30,dose
D,176131,0.9407,S,25.0,14.89,30,dose
D,176225,0.9407,S,25.0,14.89,30,dose
D,176321,0.9407,S,25.0,14.89,30,dose
D,176416,0.9407,S,25.0,14.89,30,dose
D,176512,0.9407,S,25.0,14.89,30,dose
D,176608,0.9407,S,25.0,14.89,30,dose
D,176704,0.9407,S,25.0,14.89,30,dose
D,176800,0.9407,S,25.0,14.89,30,dose
D,176896,0.9407,S,25.0,14.89,30,dose
D,176992,0.9407,S,25.0,14.89,30,dose
D,177086,0.9407,S,25.0,14.89,30,dose
D,177181,0.9407,S,25.0,14.89,30,dose
D,177277,0.9407,S,25.0,14.89,30,dose
D,177373,0.9407,S,25.0,14.89,30,dose
D,177469,0.9407,S,25.0,14.89,30,dose
D,177565,0.9407,S,25.0,14.89,30,dose
D,177671,0.9407,S,25.0,14.89,30,dose
D,177764,0.9407,S,25.0,14.89,30,dose
D,177858,0.9407,S,25.0,14.89,30,dose
D,177952,0.9407,S,25.0,14.89,30,dose
D,178046,0.9406,S,25.0,14.89,30,dose
D,178140,0.9406,S,25.0,14.91,30,dose
D,178234,0.9406,S,25.0,14.91,30,dose
D,178329,0.9406,S,25.0,14.92,30,dose
D,178425,0.9406,S,25.0,14.92,30,dose
D,178521,0.9406,S,25.0,14.92,30,dose
D,178617,0.9406,S,25.0,14.92,30,dose
D,178713,0.9406,S,25.0,14.92,30,dose
D,178809,0.9406,S,25.0,14.92,30,dose
D,178903,0.9406,S,25.0,14.92,30,dose
D,178999,0.9406,S,25.0,14.92,30,dose
D,179094,0.9406,S,25.0,14.92,30,dose
D,179190,0.9406,S,25.0,14.92,30,dose
D,179286,0.9406,S,25.0,14.92,30,dose
D,179382,0.9406,S,25.0,14.92,30,dose
D,179478,0.9406,S,25.0,14.92,30,dose
D,179573,0.9406,S,25.0,14.92,30,dose
D,179669,0.9406,S,25.0,14.91,30,dose
D,179763,0.9406,S,25.0,14.91,30,dose
D,179859,0.9406,S,25.0,14.91,30,dose
D,179955,0.9406,S,25.0,14.91,30,dose
D,180051,0.9406,S,25.0,14.91,30,dose
D,180147,0.9406,S,25.0,14.91,30,dose
D,180243,0.9406,S,25.0,14.91,30,dose
D,180338,0.9406,S,25.0,14.91,30,dose
D,180434,0.9406,S,25.0,14.91,30,dose
D,180530,0.9406,S,25.0,14.91,30,dose
D,180624,0.9406,S,25.0,14.91,30,dose
D,180720,0.9406,S,25.0,14.91,30,dose
D,180816,0.9406,S,25.0,14.91,30,dose
D,180911,0.9406,S,25.0,14.91,30,dose
D,181007,0.9406,S,25.0,14.91,30,dose
D,181103,0.9406,S,25.0,14.91,30,dose
D,181199,0.9406,S,25.0,14.91,30,dose
D,181295,0.9406,S,25.0,14.91,30,dose
D,181391,0.9406,S,25.0,14.91,30,dose
D,181486,0.9406,S,25.0,14.91,30,dose
D,181580,0.9406,S,25.0,14.91,30,dose
D,181676,0.9406,S,25.0,14.91,30,dose
D,181772,0.9406,S,25.0,14.91,30,dose
D,181868,0.9406,S,25.0,14.91,30,dose
D,181964,0.9406,S,25.0,14.91,30,dose
D,182060,0.9406,S,25.0,14.91,30,dose
D,182155,0.9406,S,25.0,14.91,30,dose
D,182251,0.9406,S,25.0,14.91,30,dose
D,182347,0.9406,S,25.0,14.91,30,dose
D,182441,0.9406,S,25.0,14.91,30,dose
D,182537,0.9406,S,25.0,14.91,30,dose
D,182633,0.9406,S,25.0,14.91,30,dose
D,182728,0.9406,S,25.0,14.91,30,dose
D,182825,0.9406,S,25.0,14.91,30,dose
D,182920,0.9406,S,25.0,14.91,30,dose
D,183016,0.9406,S,25.0,14.91,30,dose
D,183112,0.9406,S,25.0,14.91,30,dose
D,183208,0.9406,S,25.0,14.91,30,dose
D,183302,0.9406,S,25.0,14.91,30,dose
D,183397,0.9406,S,25.0,14.91,30,dose
D,183493,0.9406,S,25.0,14.91,30,dose
D,183598,0.9406,S,25.0,14.91,30,dose
D,183692,0.9406,S,25.0,14.91,30,dose
E,183697,stall 10 s; tap burst
D,184167,0.9406,S,25.0,0.00,32,dose
D,184261,0.9406,S,25.0,14.91,32,dose
D,184355,0.9406,S,25.0,14.91,32,dose
D,184450,0.9406,S,25.0,14.91,32,dose
D,184546,0.9406,S,25.0,14.91,32,dose
D,184641,0.9406,S,25.0,14.91,32,dose
D,184737,0.9406,S,25.0,14.91,32,dose
D,184833,0.9406,S,25.0,14.91,32,dose
D,184929,0.9406,S,25.0,14.91,32,dose
D,185025,0.9406,S,25.0,14.91,32,dose
D,185119,0.9406,S,25.0,14.91,32,dose
D,185214,0.9406,S,25.0,14.91,32,dose
D,185310,0.9406,S,25.0,14.91,32,dose
D,185406,0.9407,S,25.0,14.91,32,dose
D,185502,0.9407,S,25.0,14.90,32,dose
D,185598,0.9407,S,25.0,14.89,32,dose
D,185694,0.9407,S,25.0,14.89,32,dose
D,185789,0.9407,S,25.0,14.89,32,dose
D,185885,0.9407,S,25.0,14.89,32,dose
D,185979,0.9407,S,25.0,14.88,32,dose
D,186075,0.9407,S,25.0,14.88,32,dose
D,186171,0.9407,S,25.0,14.88,32,dose
D,186267,0.9407,S,25.0,14.88,32,dose
D,186363,0.9407,S,25.0,14.88,32,dose
D,186458,0.9407,S,25.0,14.88,32,dose
D,186554,0.9407,S,25.0,14.88,32,dose
D,186650,0.9407,S,25.0,14.88,32,dose
D,186746,0.9407,S,25.0,14.88,32,dose
D,186840,0.9407,S,25.0,14.88,32,dose
D,186936,0.9407,S,25.0,14.89,32,dose
D,187032,0.9407,S,25.0,14.89,32,dose
D,187127,0.9407,S,25.0,14.89,32,dose
D,187223,0.9407,S,25.0,14.89,32,dose
D,187319,0.9407,S,25.0,14.89,32,dose
D,187415,0.9407,S,25.0,14.89,32,dose
D,187511,0.9407,S,25.0,14.89,32,dose
D,187607,0.9407,S,25.0,14.89,32,dose
D,187702,0.9407,S,25.0,14.89,32,dose
D,187796,0.9407,S,25.0,14.89,32,dose
D,187892,0.9407,S,25.0,14.89,32,dose
D,187988,0.9407,S,25.0,14.89,32,dose
D,188084,0.9407,S,25.0,14.89,32,dose
D,188180,0.9407,S,25.0,14.89,32,dose
D,188276,0.9407,S,25.0,14.89,32,dose
D,188372,0.9407,S,25.0,14.89,32,dose
D,188467,0.9407,S,25.0,14.89,32,dose
D,188563,0.9407,S,25.0,14.89,32,dose
D,188657,0.9407,S,25.0,14.89,32,dose
D,188753,0.9407,S,25.0,14.89,32,dose
D,188849,0.9407,S,25.0,14.89,32,dose
D,188944,0.9407,S,25.0,14.89,32,dose
D,189040,0.9407,S,25.0,14.89,32,dose
D,189136,0.9407,S,25.0,14.89,32,dose
D,189232,0.9407,S,25.0,14.89,32,dose
D,189328,0.9407,S,25.0,14.89,32,dose
D,189424,0.9407,S,25.0,14.89,32,dose
D,189518,0.9407,S,25.0,14.89,32,dose
D,189613,0.9407,S,25.0,14.89,32,dose
D,189709,0.9407,S,25.0,14.89,32,dose
D,189805,0.9407,S,25.0,14.89,32,dose
D,189911,0.9407,S,25.0,14.89,32,dose
D,190004,0.9407,S,25.0,14.89,32,dose
D,190098,0.9407,S,25.0,14.89,32,dose
D,190192,0.9407,S,25.0,14.89,32,dose
D,190286,0.9407,S,25.0,14.89,32,dose
D,190380,0.9407,S,25.0,14.89,32,dose
D,190474,0.9407,S,25.0,14.89,32,dose
D,190570,0.9407,S,25.0,14.89,32,dose
D,190666,0.9407,S,25.0,14.89,32,dose
D,190762,0.9407,S,25.0,14.89,32,dose
D,190857,0.9407,S,25.0,14.89,32,dose
D,190953,0.9407,S,25.0,14.89,32,dose
D,191049,0.9407,S,25.0,14.89,32,dose
D,191145,0.9407,S,25.0,14.89,32,dose
D,191241,0.9407,S,25.0,14.89,32,dose
D,191335,0.9407,S,25.0,14.89,32,dose
D,191431,0.9407,S,25.0,14.89,32,dose
D,191526,0.9407,S,25.0,14.89,32,dose
D,191622,0.9407,S,25.0,14.89,32,dose
D,191718,0.9407,S,25.0,14.89,32,dose
D,191814,0.9407,S,25.0,14.89,32,dose
D,191910,0.9407,S,25.0,14.89,32,dose
D,192006,0.9407,S,25.0,14.89,32,dose
D,192102,0.9407,S,25.0,14.89,32,dose
D,192196,0.9407,S,25.0,14.89,32,dose
D,192291,0.9407,S,25.0,14.89,32,dose
D,192387,0.9407,S,25.0,14.89,32,dose
D,192483,0.9407,S,25.0,14.89,32,dose
D,192579,0.9407,S,25.0,14.89,32,dose
D,192675,0.9407,S,25.0,14.89,32,dose
D,192770,0.9407,S,25.0,14.89,32,dose
D,192866,0.9407,S,25.0,14.89,32,dose
D,192962,0.9407,S,25.0,14.89,32,dose
D,193058,0.9407,S,25.0,14.89,32,dose
D,193152,0.9407,S,25.0,14.89,32,dose
D,193248,0.9407,S,25.0,14.89,32,dose
D,193343,0.9407,S,25.0,14.89,32,dose
D,193439,0.9407,S,25.0,14.89,32,dose
D,193535,0.9407,S,25.0,14.89,32,dose
D,193631,0.9407,S,25.0,14.89,32,dose
D,193727,0.9407,S,25.0,14.89,32,dose
E,193732,stall 10 s; tap burst
D,194204,0.9407,S,25.0,0.00,34,dose
D,194300,0.9407,S,25.0,14.89,34,dose
D,194396,0.9407,S,25.0,14.89,34,dose
D,194492,0.9407,S,25.0,14.89,34,dose
D,194587,0.9407,S,25.0,14.89,34,dose
D,194683,0.9407,S,25.0,14.89,34,dose
D,194779,0.9407,S,25.0,14.89,34,dose
D,194873,0.9407,S,25.0,14.89,34,dose
D,194969,0.9407,S,25.0,14.89,34,dose
D,195065,0.9407,S,25.0,14.89,34,dose
D,195161,0.9407,S,25.0,14.89,34,dose
D,195256,0.9407,S,25.0,14.89,34,dose
D,195352,0.9407,S,25.0,14.89,34,dose
D,195448,0.9407,S,25.0,14.89,34,dose
D,195544,0.9407,S,25.0,14.89,34,dose
D,195640,0.9407,S,25.0,14.89,34,dose
D,195734,0.9407,S,25.0,14.89,34,dose
D,195829,0.9407,S,25.0,14.89,34,dose
D,195925,0.9407,S,25.0,14.89,34,dose
D,196021,0.9407,S,25.0,14.89,34,dose
D,196117,0.9407,S,25.0,14.89,34,dose
D,196222,0.9407,S,25.0,14.89,34,dose
D,196316,0.9407,S,25.0,14.89,34,dose
D,196410,0.9407,S,25.0,14.89,34,dose
D,196504,0.9407,S,25.0,14.89,34,dose
D,196598,0.9407,S,25.0,14.89,34,dose
D,196692,0.9407,S,25.0,14.89,34,dose
D,196786,0.9407,S,25.0,14.89,34,dose
D,196882,0.9407,S,25.0,14.89,34,dose
D,196978,0.9407,S,25.0,14.89,34,dose
D,197073,0.9407,S,25.0,14.89,34,dose
D,197169,0.9407,S,25.0,14.89,34,dose
D,197265,0.9407,S,25.0,14.89,34,dose
D,197361,0.9407,S,25.0,14.89,34,dose
D,197457,0.9407,S,25.0,14.89,34,dose
D,197551,0.9407,S,25.0,14.89,34,dose
D,197647,0.9407,S,25.0,14.89,34,dose
D,197743,0.9407,S,25.0,14.89,34,dose
D,197838,0.9407,S,25.0,14.89,34,dose
D,197934,0.9407,S,25.0,14.89,34,dose
D,198030,0.9407,S,25.0,14.89,34,dose
D,198126,0.9407,S,25.0,14.89,34,dose
D,198222,0.9407,S,25.0,14.89,34,dose
D,198317,0.9407,S,25.0,14.89,34,dose
D,198411,0.9407,S,25.0,14.89,34,dose
D,198507,0.9407,S,25.0,14.89,34,dose
D,198603,0.9407,S,25.0,14.89,34,dose
D,198699,0.9407,S,25.0,14.89,34,dose
D,198795,0.9407,S,25.0,14.89,34,dose
D,198890,0.9407,S,25.0,14.89,34,dose
D,198987,0.9407,S,25.0,14.89,34,dose
D,199082,0.9407,S,25.0,14.89,34,dose
D,199178,0.9407,S,25.0,14.89,34,dose
D,199274,0.9407,S,25.0,14.89,34,dose
D,199368,0.9407,S,25.0,14.89,34,dose
D,199464,0.9407,S,25.0,14.89,34,dose
D,199560,0.9407,S,25.0,14.89,34,dose
D,199655,0.9407,S,25.0,14.89,34,dose
D,199751,0.9407,S,25.0,14.89,34,dose
D,199847,0.9407,S,25.0,14.89,34,dose
D,199943,0.9407,S,25.0,14.89,34,dose
D,200039,0.9407,S,25.0,14.89,34,dose
D,200135,0.9407,S,25.0,14.89,34,dose
D,200229,0.9407,S,25.0,14.89,34,dose
D,200324,0.9407,S,25.0,14.89,34,dose
D,200420,0.9407,S,25.0,14.89,34,dose
D,200516,0.9407,S,25.0,14.89,34,dose
D,200612,0.9407,S,25.0,14.89,34,dose
D,200708,0.9407,S,25.0,14.89,34,dose
D,200804,0.9407,S,25.0,14.89,34,dose
D,200899,0.9407,S,25.0,14.89,34,dose
D,200995,0.9407,S,25.0,14.89,34,dose
D,201089,0.9407,S,25.0,14.89,34,dose
D,201185,0.9407,S,25.0,14.89,34,dose
D,201281,0.9407,S,25.0,14.89,34,dose
D,201377,0.9407,S,25.0,14.89,34,dose
D,201472,0.9407,S,25.0,14.89,34,dose
D,201568,0.9407,S,25.0,14.89,34,dose
D,201664,0.9407,S,25.0,14.89,34,dose
D,201760,0.9407,S,25.0,14.89,34,dose
D,201856,0.9407,S,25.0,14.89,34,dose
D,201952,0.9407,S,25.0,14.89,34,dose
D,202046,0.9407,S,25.0,14.89,34,dose
D,202151,0.9407,S,25.0,14.89,34,dose
D,202245,0.9407,S,25.0,14.89,34,dose
D,202339,0.9407,S,25.0,14.89,34,dose
D,202433,0.9407,S,25.0,14.89,34,dose
D,202527,0.9407,S,25.0,14.89,34,dose
D,202621,0.9407,S,25.0,14.89,34,dose
D,202716,0.9407,S,25.0,14.89,34,dose
D,202812,0.9407,S,25.0,14.89,34,dose
D,202906,0.9407,S,25.0,14.89,34,dose
D,203002,0.9407,S,25.0,14.89,34,dose
D,203098,0.9407,S,25.0,14.89,34,dose
D,203194,0.9406,S,25.0,14.89,34,dose
D,203290,0.9406,S,25.0,14.91,34,dose
D,203385,0.9406,S,25.0,14.91,34,dose
D,203481,0.9406,S,25.0,14.92,34,dose
D,203577,0.9406,S,25.0,14.92,34,dose
D,203673,0.9406,S,25.0,14.92,34,dose
D,203767,0.9406,S,25.0,14.92,34,dose
E,203772,stall 10 s; tap burst
D,204246,0.9406,S,25.0,0.00,36,dose
D,204342,0.9406,S,25.0,14.92,36,dose
D,204438,0.9406,S,25.0,14.92,36,dose
D,204534,0.9406,S,25.0,14.92,36,dose
D,204629,0.9406,S,25.0,14.92,36,dose
D,204723,0.9406,S,25.0,14.92,36,dose
D,204819,0.9406,S,25.0,14.91,36,dose
D,204915,0.9406,S,25.0,14.91,36,dose
D,205011,0.9406,S,25.0,14.91,36,dose
D,205107,0.9406,S,25.0,14.91,36,dose
D,205202,0.9406,S,25.0,14.91,36,dose
D,205299,0.9406,S,25.0,14.91,36,dose
D,205394,0.9406,S,25.0,14.91,36,dose
D,205490,0.9406,S,25.0,14.91,36,dose
D,205584,0.9406,S,25.0,14.91,36,dose
D,205680,0.9406,S,25.0,14.91,36,dose
D,205776,0.9406,S,25.0,14.91,36,dose
D,205871,0.9406,S,25.0,14.91,36,dose
D,205967,0.9406,S,25.0,14.91,36,dose
D,206063,0.9406,S,25.0,14.91,36,dose
D,206159,0.9406,S,25.0,14.91,36,dose
D,206255,0.9406,S,25.0,14.91,36,dose
D,206351,0.9406,S,25.0,14.91,36,dose
D,206445,0.9406,S,25.0,14.91,36,dose
D,206540,0.9406,S,25.0,14.91,36,dose
D,206636,0.9406,S,25.0,14.91,36,dose
D,206732,0.9406,S,25.0,14.91,36,dose
D,206828,0.9406,S,25.0,14.91,36,dose
D,206924,0.9406,S,25.0,14.91,36,dose
D,207020,0.9406,S,25.0,14.91,36,dose
D,207115,0.9406,S,25.0,14.91,36,dose
D,207211,0.9406,S,25.0,14.91,36,dose
D,207307,0.9406,S,25.0,14.91,36,dose
D,207401,0.9406,S,25.0,14.91,36,dose
D,207497,0.9406,S,25.0,14.91,36,dose
D,207593,0.9406,S,25.0,14.91,36,dose
D,207688,0.9406,S,25.0,14.91,36,dose
D,207784,0.9406,S,25.0,14.91,36,dose
D,207880,0.9406,S,25.0,14.91,36,dose
D,207976,0.9406,S,25.0,14.91,36,dose
D,208072,0.9406,S,25.0,14.91,36,dose
D,208168,0.9406,S,25.0,14.91,36,dose
D,208262,0.9406,S,25.0,14.91,36,dose
D,208358,0.9406,S,25.0,14.91,36,dose
D,208464,0.9406,S,25.0,14.91,36,dose
D,208557,0.9406,S,25.0,14.91,36,dose
D,208651,0.9406,S,25.0,14.91,36,dose
D,208745,0.9406,S,25.0,14.91,36,dose
D,208839,0.9406,S,25.0,14.91,36,dose
D,208933,0.9406,S,25.0,14.91,36,dose
D,209028,0.9406,S,25.0,14.91,36,dose
D,209122,0.9406,S,25.0,14.91,36,dose
D,209218,0.9406,S,25.0,14.91,36,dose
D,209314,0.9406,S,25.0,14.91,36,dose
D,209410,0.9406,S,25.0,14.91,36,dose
D,209506,0.9406,S,25.0,14.91,36,dose
D,209601,0.9406,S,25.0,14.91,36,dose
D,209697,0.9406,S,25.0,14.91,36,dose
D,209793,0.9406,S,25.0,14.91,36,dose
D,209889,0.9406,S,25.0,14.91,36,dose
D,209983,0.9406,S,25.0,14.91,36,dose
D,210079,0.9406,S,25.0,14.91,36,dose
D,210175,0.9406,S,25.0,14.91,36,dose
D,210270,0.9406,S,25.0,14.91,36,dose
D,210366,0.9406,S,25.0,14.91,36,dose
D,210462,0.9406,S,25.0,14.91,36,dose
D,210558,0.9406,S,25.0,14.91,36,dose
D,210654,0.9406,S,25.0,14.91,36,dose
D,210749,0.9406,S,25.0,14.91,36,dose
D,210845,0.9406,S,25.0,14.91,36,dose
D,210939,0.9406,S,25.0,14.91,36,dose
D,211035,0.9406,S,25.0,14.91,36,dose
D,211131,0.9406,S,25.0,14.91,36,dose
D,211227,0.9406,S,25.0,14.91,36,dose
D,211323,0.9406,S,25.0,14.91,36,dose
D,211419,0.9406,S,25.0,14.91,36,dose
D,211514,0.9406,S,25.0,14.91,36,dose
D,211610,0.9406,S,25.0,14.91,36,dose
D,211706,0.9406,S,25.0,14.91,36,dose
D,211800,0.9406,S,25.0,14.91,36,dose
D,211896,0.9406,S,25.0,14.91,36,dose
D,211992,0.9406,S,25.0,14.91,36,dose
D,212088,0.9406,S,25.0,14.91,36,dose
D,212183,0.9406,S,25.0,14.91,36,dose
D,212279,0.9406,S,25.0,14.91,36,dose
D,212375,0.9406,S,25.0,14.91,36,dose
D,212471,0.9406,S,25.0,14.91,36,dose
D,212567,0.9406,S,25.0,14.91,36,dose
D,212661,0.9406,S,25.0,14.91,36,dose
D,212756,0.9406,S,25.0,14.91,36,dose
D,212852,0.9406,S,25.0,14.91,36,dose
D,212948,0.9406,S,25.0,14.91,36,dose
D,213044,0.9406,S,25.0,14.91,36,dose
D,213140,0.9406,S,25.0,14.91,36,dose
D,213236,0.9406,S,25.0,14.91,36,dose
D,213331,0.9406,S,25.0,14.91,36,dose
D,213427,0.9406,S,25.0,14.91,36,dose
D,213523,0.9406,S,25.0,14.91,36,dose
D,213617,0.9406,S,25.0,14.91,36,dose
D,213713,0.9406,S,25.0,14.91,36,dose
D,213809,0.9406,S,25.0,14.91,36,dose
E,213814,stall 10 s; tap burst
D,214288,0.9406,S,25.0,0.00,38,dose
D,214384,0.9406,S,25.0,14.91,38,dose
D,214478,0.9406,S,25.0,14.91,38,dose
D,214573,0.9406,S,25.0,14.91,38,dose
D,214669,0.9406,S,25.0,14.91,38,dose
D,214774,0.9406,S,25.0,14.91,38,dose
D,214868,0.9406,S,25.0,14.91,38,dose
D,214962,0.9406,S,25.0,14.91,38,dose
D,215056,0.9406,S,25.0,14.91,38,dose
D,215150,0.9406,S,25.0,14.91,38,dose
D,215244,0.9406,S,25.0,14.91,38,dose
D,215338,0.9406,S,25.0,14.91,38,dose
D,215434,0.9406,S,25.0,14.91,38,dose
D,215530,0.9406,S,25.0,14.91,38,dose
D,215626,0.9406,S,25.0,14.91,38,dose
D,215722,0.9406,S,25.0,14.91,38,dose
D,215817,0.9406,S,25.0,14.91,38,dose
D,215913,0.9406,S,25.0,14.91,38,dose
D,216009,0.9406,S,25.0,14.91,38,dose
D,216105,0.9406,S,25.0,14.91,38,dose
D,216201,0.9406,S,25.0,14.91,38,dose
D,216295,0.9406,S,25.0,14.91,38,dose
D,216391,0.9406,S,25.0,14.91,38,dose
D,216486,0.9406,S,25.0,14.91,38,dose
D,216582,0.9406,S,25.0,14.91,38,dose
D,216678,0.9406,S,25.0,14.91,38,dose
D,216774,0.9406,S,25.0,14.91,38,dose
D,216870,0.9406,S,25.0,14.91,38,dose
D,216966,0.9406,S,25.0,14.91,38,dose
D,217061,0.9406,S,25.0,14.91,38,dose
D,217155,0.9406,S,25.0,14.91,38,dose
D,217251,0.9406,S,25.0,14.91,38,dose
D,217347,0.9406,S,25.0,14.91,38,dose
D,217443,0.9406,S,25.0,14.91,38,dose
D,217539,0.9406,S,25.0,14.91,38,dose
D,217634,0.9406,S,25.0,14.91,38,dose
D,217731,0.9406,S,25.0,14.91,38,dose
D,217826,0.9406,S,25.0,14.91,38,dose
D,217922,0.9406,S,25.0,14.91,38,dose
D,218016,0.9406,S,25.0,14.91,38,dose
D,218112,0.9406,S,25.0,14.91,38,dose
D,218208,0.9406,S,25.0,14.91,38,dose
D,218303,0.9406,S,25.0,14.91,38,dose
D,218399,0.9406,S,25.0,14.91,38,dose
D,218495,0.9406,S,25.0,14.91,38,dose
D,218591,0.9406,S,25.0,14.91,38,dose
D,218687,0.9406,S,25.0,14.91,38,dose
D,218783,0.9406,S,25.0,14.91,38,dose
D,218879,0.9406,S,25.0,14.91,38,dose
D,218973,0.9406,S,25.0,14.91,38,dose
D,219068,0.9406,S,25.0,14.91,38,dose
D,219164,0.9406,S,25.0,14.91,38,dose
D,219260,0.9406,S,25.0,14.91,38,dose
D,219356,0.9406,S,25.0,14.91,38,dose
D,219452,0.9406,S,25.0,14.91,38,dose
D,219548,0.9406,S,25.0,14.91,38,dose
D,219643,0.9406,S,25.0,14.91,38,dose
D,219739,0.9406,S,25.0,14.91,38,dose
D,219833,0.9406,S,25.0,14.91,38,dose
D,219929,0.9406,S,25.0,14.91,38,dose
D,220025,0.9406,S,25.0,14.91,38,dose
D,220121,0.9406,S,25.0,14.91,38,dose
D,220217,0.9406,S,25.0,14.91,38,dose
D,220312,0.9406,S,25.0,14.91,38,dose
D,220408,0.9406,S,25.0,14.91,38,dose
D,220504,0.9406,S,25.0,14.91,38,dose
D,220600,0.9406,S,25.0,14.91,38,dose
D,220705,0.9406,S,25.0,14.91,38,dose
D,220799,0.9406,S,25.0,14.91,38,dose
D,220893,0.9406,S,25.0,14.91,38,dose
D,220987,0.9406,S,25.0,14.91,38,dose
D,221081,0.9406,S,25.0,14.91,38,dose
D,221175,0.9406,S,25.0,14.91,38,dose
D,221269,0.9406,S,25.0,14.91,38,dose
D,221365,0.9406,S,25.0,14.91,38,dose
D,221461,0.9406,S,25.0,14.91,38,dose
D,221555,0.9406,S,25.0,14.91,38,dose
D,221650,0.9406,S,25.0,14.91,38,dose
D,221746,0.9406,S,25.0,14.91,38,dose
D,221842,0.9406,S,25.0,14.91,38,dose
D,221938,0.9406,S,25.0,14.91,38,dose
D,222033,0.9406,S,25.0,14.91,38,dose
D,222129,0.9406,S,25.0,14.91,38,dose
D,222225,0.9406,S,25.0,14.91,38,dose
D,222321,0.9406,S,25.0,14.91,38,dose
D,222417,0.9406,S,25.0,14.91,38,dose
D,222511,0.9406,S,25.0,14.91,38,dose
D,222607,0.9406,S,25.0,14.91,38,dose
D,222702,0.9406,S,25.0,14.91,38,dose
D,222798,0.9406,S,25.0,14.91,38,dose
D,222894,0.9406,S,25.0,14.91,38,dose
D,222990,0.9406,S,25.0,14.91,38,dose
D,223086,0.9406,S,25.0,14.91,38,dose
D,223182,0.9406,S,25.0,14.91,38,dose
D,223277,0.9406,S,25.0,14.91,38,dose
D,223371,0.9406,S,25.0,14.91,38,dose
D,223467,0.9406,S,25.0,14.91,38,dose
D,223563,0.9406,S,25.0,14.91,38,dose
D,223659,0.9406,S,25.0,14.91,38,dose
D,223755,0.9406,S,25.0,14.91,38,dose
D,223851,0.9406,S,25.0,14.91,38,dose
E,223856,stall 10 s; tap burst
D,224328,0.9406,S,25.0,0.00,40,dose
D,224424,0.9406,S,25.0,14.91,40,dose
D,224519,0.9406,S,25.0,14.91,40,dose
D,224615,0.9406,S,25.0,14.91,40,dose
D,224711,0.9406,S,25.0,14.91,40,dose
D,224807,0.9406,S,25.0,14.91,40,dose
D,224903,0.9406,S,25.0,14.91,40,dose
D,224999,0.9406,S,25.0,14.91,40,dose
D,225095,0.9406,S,25.0,14.91,40,dose
D,225189,0.9406,S,25.0,14.91,40,dose
D,225284,0.9406,S,25.0,14.91,40,dose
D,225380,0.9406,S,25.0,14.91,40,dose
D,225476,0.9406,S,25.0,14.91,40,dose
D,225572,0.9406,S,25.0,14.91,40,dose
D,225668,0.9406,S,25.0,14.91,40,dose
D,225764,0.9406,S,25.0,14.91,40,dose
D,225859,0.9406,S,25.0,14.91,40,dose
D,225955,0.9406,S,25.0,14.91,40,dose
D,226049,0.9406,S,25.0,14.91,40,dose
D,226145,0.9406,S,25.0,14.91,40,dose
D,226241,0.9406,S,25.0,14.91,40,dose
D,226337,0.9406,S,25.0,14.91,40,dose
D,226433,0.9406,S,25.0,14.91,40,dose
D,226528,0.9406,S,25.0,14.91,40,dose
D,226624,0.9406,S,25.0,14.91,40,dose
D,226720,0.9406,S,25.0,14.91,40,dose
D,226816,0.9406,S,25.0,14.91,40,dose
D,226910,0.9406,S,25.0,14.91,40,dose
D,227018,0.9406,S,25.0,14.91,40,dose
D,227111,0.9406,S,25.0,14.91,40,dose
D,227205,0.9406,S,25.0,14.91,40,dose
D,227299,0.9406,S,25.0,14.91,40,dose
D,227393,0.9406,S,25.0,14.91,40,dose
D,227487,0.9406,S,25.0,14.91,40,dose
D,227581,0.9406,S,25.0,14.91,40,dose
D,227677,0.9406,S,25.0,14.91,40,dose
D,227772,0.9406,S,25.0,14.91,40,dose
D,227866,0.9406,S,25.0,14.91,40,dose
D,227962,0.9406,S,25.0,14.91,40,dose
D,228058,0.9406,S,25.0,14.91,40,dose
D,228154,0.9406,S,25.0,14.91,40,dose
D,228250,0.9406,S,25.0,14.91,40,dose
D,228346,0.9406,S,25.0,14.91,40,dose
D,228441,0.9406,S,25.0,14.91,40,dose
D,228537,0.9406,S,25.0,14.91,40,dose
D,228633,0.9406,S,25.0,14.91,40,dose
D,228727,0.9406,S,25.0,14.91,40,dose
D,228823,0.9406,S,25.0,14.91,40,dose
D,228919,0.9406,S,25.0,14.91,40,dose
D,229014,0.9406,S,25.0,14.91,40,dose
D,229110,0.9406,S,25.0,14.91,40,dose
D,229206,0.9406,S,25.0,14.91,40,dose
D,229302,0.9406,S,25.0,14.91,40,dose
D,229398,0.9406,S,25.0,14.91,40,dose
D,229494,0.9406,S,25.0,14.91,40,dose
D,229588,0.9406,S,25.0,14.91,40,dose
D,229683,0.9406,S,25.0,14.91,40,dose
D,229779,0.9406,S,25.0,14.91,40,dose
D,229875,0.9406,S,25.0,14.91,40,dose
D,229971,0.9406,S,25.0,14.91,40,dose
D,230067,0.9406,S,25.0,14.91,40,dose
D,230163,0.9406,S,25.0,14.91,40,dose
D,230258,0.9406,S,25.0,14.91,40,dose
D,230354,0.9406,S,25.0,14.91,40,dose
D,230450,0.9406,S,25.0,14.91,40,dose
D,230544,0.9406,S,25.0,14.91,40,dose
D,230640,0.9406,S,25.0,14.91,40,dose
D,230736,0.9406,S,25.0,14.91,40,dose
D,230832,0.9406,S,25.0,14.91,40,dose
D,230927,0.9406,S,25.0,14.91,40,dose
D,231023,0.9406,S,25.0,14.91,40,dose
D,231119,0.9406,S,25.0,14.91,40,dose
D,231215,0.9406,S,25.0,14.91,40,dose
D,231311,0.9406,S,25.0,14.91,40,dose
D,231405,0.9406,S,25.0,14.91,40,dose
D,231500,0.9406,S,25.0,14.91,40,dose
D,231596,0.9406,S,25.0,14.91,40,dose
D,231692,0.9406,S,25.0,14.91,40,dose
D,231788,0.9406,S,25.0,14.91,40,dose
D,231884,0.9406,S,25.0,14.91,40,dose
D,231980,0.9406,S,25.0,14.91,40,dose
D,232075,0.9406,S,25.0,14.91,40,dose
D,232171,0.9406,S,25.0,14.91,40,dose
D,232265,0.9406,S,25.0,14.91,40,dose
D,232361,0.9406,S,25.0,14.91,40,dose
D,232457,0.9406,S,25.0,14.91,40,dose
D,232553,0.9406,S,25.0,14.91,40,dose
D,232649,0.9406,S,25.0,14.91,40,dose
D,232744,0.9406,S,25.0,14.91,40,dose
D,232840,0.9406,S,25.0,14.91,40,dose
D,232947,0.9406,S,25.0,14.91,40,dose
D,233041,0.9406,S,25.0,14.91,40,dose
D,233135,0.9406,S,25.0,14.91,40,dose
D,233229,0.9406,S,25.0,14.91,40,dose
D,233323,0.9406,S,25.0,14.91,40,dose
D,233417,0.9406,S,25.0,14.91,40,dose
D,233511,0.9406,S,25.0,14.91,40,dose
D,233605,0.9406,S,25.0,14.91,40,dose
D,233701,0.9406,S,25.0,14.91,40,dose
D,233797,0.9406,S,25.0,14.91,40,dose
D,233893,0.9406,S,25.0,14.91,40,dose
E,233898,stall 10 s; tap burst
D,234370,0.9406,S,25.0,0.00,42,dose
D,234466,0.9406,S,25.0,14.91,42,dose
D,234561,0.9406,S,25.0,14.91,42,dose
D,234657,0.9406,S,25.0,14.91,42,dose
D,234753,0.9406,S,25.0,14.91,42,dose
D,234849,0.9406,S,25.0,14.91,42,dose
D,234943,0.9406,S,25.0,14.91,42,dose
D,235039,0.9406,S,25.0,14.91,42,dose
D,235135,0.9406,S,25.0,14.91,42,dose
D,235230,0.9406,S,25.0,14.91,42,dose
D,235326,0.9406,S,25.0,14.91,42,dose
D,235422,0.9406,S,25.0,14.91,42,dose
D,235518,0.9406,S,25.0,14.91,42,dose
D,235614,0.9406,S,25.0,14.91,42,dose
D,235710,0.9406,S,25.0,14.91,42,dose
D,235804,0.9406,S,25.0,14.91,42,dose
D,235899,0.9406,S,25.0,14.91,42,dose
D,235995,0.9406,S,25.0,14.91,42,dose
D,236091,0.9406,S,25.0,14.91,42,dose
D,236187,0.9406,S,25.0,14.91,42,dose
D,236283,0.9406,S,25.0,14.91,42,dose
D,236378,0.9406,S,25.0,14.91,42,dose
D,236474,0.9406,S,25.0,14.91,42,dose
D,236570,0.9406,S,25.0,14.91,42,dose
D,236666,0.9406,S,25.0,14.91,42,dose
D,236760,0.9406,S,25.0,14.91,42,dose
D,236856,0.9406,S,25.0,14.91,42,dose
D,236952,0.9406,S,25.0,14.91,42,dose
D,237047,0.9406,S,25.0,14.91,42,dose
D,237143,0.9406,S,25.0,14.91,42,dose
D,237239,0.9406,S,25.0,14.91,42,dose
D,237335,0.9406,S,25.0,14.91,42,dose
D,237431,0.9406,S,25.0,14.91,42,dose
D,237527,0.9406,S,25.0,14.91,42,dose
D,237621,0.9406,S,25.0,14.91,42,dose
D,237716,0.9406,S,25.0,14.91,42,dose
D,237812,0.9406,S,25.0,14.91,42,dose
D,237908,0.9406,S,25.0,14.91,42,dose
D,238004,0.9406,S,25.0,14.91,42,dose
D,238100,0.9406,S,25.0,14.91,42,dose
D,238196,0.9406,S,25.0,14.91,42,dose
D,238291,0.9406,S,25.0,14.91,42,dose
D,238387,0.9406,S,25.0,14.91,42,dose
D,238481,0.9406,S,25.0,14.91,42,dose
D,238577,0.9406,S,25.0,14.91,42,dose
D,238673,0.9406,S,25.0,14.91,42,dose
D,238769,0.9406,S,25.0,14.91,42,dose
D,238865,0.9406,S,25.0,14.91,42,dose
D,238960,0.9406,S,25.0,14.91,42,dose
D,239056,0.9406,S,25.0,14.91,42,dose
D,239152,0.9406,S,25.0,14.91,42,dose
D,239259,0.9406,S,25.0,14.91,42,dose
D,239353,0.9406,S,25.0,14.91,42,dose
D,239447,0.9406,S,25.0,14.91,42,dose
D,239541,0.9406,S,25.0,14.91,42,dose
D,239635,0.9406,S,25.0,14.91,42,dose
D,239729,0.9406,S,25.0,14.91,42,dose
D,239823,0.9406,S,25.0,14.91,42,dose
D,239917,0.9406,S,25.0,14.91,42,dose
D,240013,0.9406,S,25.0,14.91,42,dose
D,240109,0.9406,S,25.0,14.91,42,dose
D,240204,0.9406,S,25.0,14.91,42,dose
D,240298,0.9406,S,25.0,14.91,42,dose
D,240394,0.9406,S,25.0,14.91,42,dose
D,240490,0.9406,S,25.0,14.91,42,dose
D,240586,0.9406,S,25.0,14.91,42,dose
D,240682,0.9406,S,25.0,14.91,42,dose
D,240778,0.9406,S,25.0,14.91,42,dose
D,240873,0.9406,S,25.0,14.91,42,dose
D,240969,0.9406,S,25.0,14.91,42,dose
D,241065,0.9406,S,25.0,14.91,42,dose
D,241159,0.9406,S,25.0,14.91,42,dose
D,241255,0.9406,S,25.0,14.91,42,dose
D,241351,0.9406,S,25.0,14.91,42,dose
D,241446,0.9406,S,25.0,14.91,42,dose
D,241542,0.9406,S,25.0,14.91,42,dose
D,241638,0.9406,S,25.0,14.91,42,dose
D,241734,0.9406,S,25.0,14.91,42,dose
D,241830,0.9406,S,25.0,14.91,42,dose
D,241926,0.9406,S,25.0,14.91,42,dose
D,242022,0.9406,S,25.0,14.91,42,dose
D,242116,0.9406,S,25.0,14.91,42,dose
D,242211,0.9406,S,25.0,14.91,42,dose
D,242307,0.9406,S,25.0,14.91,42,dose
D,242403,0.9406,S,25.0,14.91,42,dose
D,242499,0.9406,S,25.0,14.91,42,dose
D,242595,0.9406,S,25.0,14.91,42,dose
D,242690,0.9406,S,25.0,14.91,42,dose
D,242786,0.9406,S,25.0,14.91,42,dose
D,242882,0.9406,S,25.0,14.91,42,dose
D,242976,0.9406,S,25.0,14.91,42,dose
D,243072,0.9406,S,25.0,14.91,42,dose
D,243168,0.9406,S,25.0,14.91,42,dose
D,243264,0.9406,S,25.0,14.91,42,dose
D,243359,0.9406,S,25.0,14.91,42,dose
D,243455,0.9406,S,25.0,14.91,42,dose
D,243551,0.9406,S,25.0,14.91,42,dose
D,243647,0.9406,S,25.0,14.91,42,dose
D,243743,0.9406,S,25.0,14.91,42,dose
D,243837,0.9406,S,25.0,14.91,42,dose
D,243932,0.9406,S,25.0,14.91,42,dose
E,243937,stall 10 s; tap burst
D,244412,0.9406,S,25.0,0.00,44,dose
D,244507,0.9406,S,25.0,14.91,44,dose
D,244603,0.9406,S,25.0,14.91,44,dose
D,244697,0.9406,S,25.0,14.91,44,dose
D,244793,0.9406,S,25.0,14.91,44,dose
D,244889,0.9406,S,25.0,14.91,44,dose
D,244985,0.9406,S,25.0,14.91,44,dose
D,245081,0.9406,S,25.0,14.91,44,dose
D,245176,0.9406,S,25.0,14.91,44,dose
D,245272,0.9406,S,25.0,14.91,44,dose
D,245368,0.9406,S,25.0,14.91,44,dose
D,245464,0.9406,S,25.0,14.91,44,dose
D,245560,0.9406,S,25.0,14.91,44,dose
D,245665,0.9406,S,25.0,14.91,44,dose
D,245759,0.9406,S,25.0,14.91,44,dose
D,245853,0.9406,S,25.0,14.91,44,dose
D,245947,0.9406,S,25.0,14.91,44,dose
D,246041,0.9406,S,25.0,14.91,44,dose
D,246135,0.9406,S,25.0,14.91,44,dose
D,246229,0.9406,S,25.0,14.91,44,dose
D,246325,0.9406,S,25.0,14.91,44,dose
D,246420,0.9406,S,25.0,14.91,44,dose
D,246514,0.9406,S,25.0,14.91,44,dose
D,246610,0.9406,S,25.0,14.91,44,dose
D,246706,0.9406,S,25.0,14.91,44,dose
D,246802,0.9406,S,25.0,14.91,44,dose
D,246898,0.9406,S,25.0,14.91,44,dose
D,246994,0.9406,S,25.0,14.91,44,dose
D,247090,0.9406,S,25.0,14.91,44,dose
D,247185,0.9406,S,25.0,14.91,44,dose
D,247281,0.9406,S,25.0,14.91,44,dose
D,247375,0.9406,S,25.0,14.91,44,dose
D,247471,0.9406,S,25.0,14.91,44,dose
D,247567,0.9406,S,25.0,14.91,44,dose
D,247662,0.9406,S,25.0,14.91,44,dose
D,247758,0.9406,S,25.0,14.91,44,dose
D,247854,0.9406,S,25.0,14.91,44,dose
D,247950,0.9406,S,25.0,14.91,44,dose
D,248046,0.9406,S,25.0,14.91,44,dose
D,248142,0.9406,S,25.0,14.91,44,dose
D,248238,0.9406,S,25.0,14.91,44,dose
D,248332,0.9406,S,25.0,14.91,44,dose
D,248427,0.9406,S,25.0,14.91,44,dose
D,248523,0.9406,S,25.0,14.91,44,dose
D,248619,0.9406,S,25.0,14.91,44,dose
D,248715,0.9406,S,25.0,14.91,44,dose
D,248811,0.9406,S,25.0,14.91,44,dose
D,248907,0.9406,S,25.0,14.91,44,dose
D,249002,0.9406,S,25.0,14.91,44,dose
D,249098,0.9406,S,25.0,14.91,44,dose
D,249192,0.9406,S,25.0,14.91,44,dose
D,249288,0.9406,S,25.0,14.91,44,dose
D,249384,0.9406,S,25.0,14.91,44,dose
D,249480,0.9406,S,25.0,14.91,44,dose
D,249576,0.9406,S,25.0,14.91,44,dose
D,249671,0.9406,S,25.0,14.91,44,dose
D,249767,0.9406,S,25.0,14.91,44,dose
D,249863,0.9406,S,25.0,14.91,44,dose
D,249959,0.9406,S,25.0,14.91,44,dose
D,250053,0.9406,S,25.0,14.91,44,dose
D,250149,0.9406,S,25.0,14.91,44,dose
D,250244,0.9406,S,25.0,14.91,44,dose
D,250340,0.9406,S,25.0,14.91,44,dose
D,250436,0.9406,S,25.0,14.91,44,dose
D,250532,0.9406,S,25.0,14.91,44,dose
D,250628,0.9406,S,25.0,14.91,44,dose
D,250724,0.9406,S,25.0,14.91,44,dose
D,250819,0.9406,S,25.0,14.91,44,dose
D,250915,0.9406,S,25.0,14.91,44,dose
D,251009,0.9406,S,25.0,14.91,44,dose
D,251105,0.9406,S,25.0,14.91,44,dose
D,251201,0.9406,S,25.0,14.91,44,dose
D,251297,0.9406,S,25.0,14.91,44,dose
D,251393,0.9406,S,25.0,14.91,44,dose
D,251488,0.9406,S,25.0,14.91,44,dose
D,251593,0.9406,S,25.0,14.91,44,dose
D,251687,0.9406,S,25.0,14.91,44,dose
D,251781,0.9406,S,25.0,14.91,44,dose
D,251875,0.9406,S,25.0,14.91,44,dose
D,251969,0.9406,S,25.0,14.91,44,dose
D,252063,0.9406,S,25.0,14.91,44,dose
D,252157,0.9406,S,25.0,14.91,44,dose
D,252253,0.9406,S,25.0,14.91,44,dose
D,252349,0.9406,S,25.0,14.91,44,dose
D,252445,0.9406,S,25.0,14.91,44,dose
D,252541,0.9406,S,25.0,14.91,44,dose
D,252637,0.9406,S,25.0,14.91,44,dose
D,252731,0.9406,S,25.0,14.91,44,dose
D,252826,0.9406,S,25.0,14.91,44,dose
D,252922,0.9407,S,25.0,14.91,44,dose
D,253018,0.9407,S,25.0,14.90,44,dose
D,253114,0.9407,S,25.0,14.89,44,dose
D,253210,0.9407,S,25.0,14.89,44,dose
D,253305,0.9407,S,25.0,14.89,44,dose
D,253401,0.9407,S,25.0,14.89,44,dose
D,253497,0.9407,S,25.0,14.88,44,dose
D,253591,0.9407,S,25.0,14.88,44,dose
D,253687,0.9407,S,25.0,14.88,44,dose
D,253783,0.9407,S,25.0,14.88,44,dose
D,253879,0.9407,S,25.0,14.88,44,dose
D,253974,0.9407,S,25.0,14.88,44,dose
E,253979,stall 10 s; tap burst
D,254454,0.9407,S,25.0,0.00,46,dose
D,254548,0.9407,S,25.0,14.89,46,dose
D,254643,0.9407,S,25.0,14.89,46,dose
D,254739,0.9407,S,25.0,14.89,46,dose
D,254835,0.9407,S,25.0,14.89,46,dose
D,254931,0.9407,S,25.0,14.89,46,dose
D,255027,0.9407,S,25.0,14.89,46,dose
D,255123,0.9407,S,25.0,14.89,46,dose
D,255218,0.9407,S,25.0,14.89,46,dose
D,255314,0.9406,S,25.0,14.89,46,dose
D,255408,0.9406,S,25.0,14.91,46,dose
D,255504,0.9406,S,25.0,14.91,46,dose
D,255600,0.9406,S,25.0,14.92,46,dose
D,255696,0.9406,S,25.0,14.92,46,dose
D,255791,0.9406,S,25.0,14.92,46,dose
D,255887,0.9406,S,25.0,14.92,46,dose
D,255983,0.9406,S,25.0,14.92,46,dose
D,256079,0.9406,S,25.0,14.92,46,dose
D,256175,0.9406,S,25.0,14.92,46,dose
D,256269,0.9406,S,25.0,14.92,46,dose
D,256365,0.9406,S,25.0,14.92,46,dose
D,256460,0.9406,S,25.0,14.92,46,dose
D,256556,0.9406,S,25.0,14.92,46,dose
D,256652,0.9406,S,25.0,14.92,46,dose
D,256748,0.9406,S,25.0,14.92,46,dose
D,256844,0.9406,S,25.0,14.92,46,dose
D,256940,0.9406,S,25.0,14.91,46,dose
D,257035,0.9406,S,25.0,14.91,46,dose
D,257131,0.9406,S,25.0,14.91,46,dose
D,257225,0.9406,S,25.0,14.91,46,dose
D,257321,0.9406,S,25.0,14.91,46,dose
D,257417,0.9406,S,25.0,14.91,46,dose
D,257513,0.9406,S,25.0,14.91,46,dose
D,257609,0.9406,S,25.0,14.91,46,dose
D,257704,0.9406,S,25.0,14.91,46,dose
D,257800,0.9406,S,25.0,14.91,46,dose
D,257905,0.9406,S,25.0,14.91,46,dose
D,257999,0.9406,S,25.0,14.91,46,dose
D,258093,0.9406,S,25.0,14.91,46,dose
D,258187,0.9406,S,25.0,14.91,46,dose
D,258281,0.9406,S,25.0,14.91,46,dose
D,258375,0.9406,S,25.0,14.91,46,dose
D,258469,0.9406,S,25.0,14.91,46,dose
D,258565,0.9406,S,25.0,14.91,46,dose
D,258661,0.9406,S,25.0,14.91,46,dose
D,258757,0.9406,S,25.0,14.91,46,dose
D,258853,0.9406,S,25.0,14.91,46,dose
D,258947,0.9406,S,25.0,14.91,46,dose
D,259042,0.9406,S,25.0,14.91,46,dose
D,259138,0.9406,S,25.0,14.91,46,dose
D,259234,0.9406,S,25.0,14.91,46,dose
D,259330,0.9406,S,25.0,14.91,46,dose
D,259426,0.9406,S,25.0,14.91,46,dose
D,259522,0.9406,S,25.0,14.91,46,dose
D,259617,0.9406,S,25.0,14.91,46,dose
D,259713,0.9406,S,25.0,14.91,46,dose
D,259809,0.9406,S,25.0,14.91,46,dose
D,259903,0.9406,S,25.0,14.91,46,dose
D,259999,0.9406,S,25.0,14.91,46,dose
D,260095,0.9406,S,25.0,14.91,46,dose
D,260191,0.9406,S,25.0,14.91,46,dose
D,260286,0.9406,S,25.0,14.91,46,dose
D,260382,0.9406,S,25.0,14.91,46,dose
D,260478,0.9406,S,25.0,14.91,46,dose
D,260574,0.9406,S,25.0,14.91,46,dose
D,260670,0.9406,S,25.0,14.91,46,dose
D,260764,0.9406,S,25.0,14.91,46,dose
D,260859,0.9406,S,25.0,14.91,46,dose
D,260955,0.9406,S,25.0,14.91,46,dose
D,261051,0.9406,S,25.0,14.91,46,dose
D,261147,0.9406,S,25.0,14.91,46,dose
D,261243,0.9406,S,25.0,14.91,46,dose
D,261339,0.9406,S,25.0,14.91,46,dose
D,261434,0.9406,S,25.0,14.91,46,dose
D,261530,0.9406,S,25.0,14.91,46,dose
D,261624,0.9406,S,25.0,14.91,46,dose
D,261720,0.9406,S,25.0,14.91,46,dose
D,261816,0.9406,S,25.0,14.91,46,dose
D,261912,0.9406,S,25.0,14.91,46,dose
D,262008,0.9406,S,25.0,14.91,46,dose
D,262103,0.9406,S,25.0,14.91,46,dose
D,262199,0.9406,S,25.0,14.91,46,dose
D,262295,0.9406,S,25.0,14.91,46,dose
D,262391,0.9406,S,25.0,14.91,46,dose
D,262487,0.9406,S,25.0,14.91,46,dose
D,262581,0.9406,S,25.0,14.91,46,dose
D,262676,0.9406,S,25.0,14.91,46,dose
D,262772,0.9406,S,25.0,14.91,46,dose
D,262868,0.9406,S,25.0,14.91,46,dose
D,262964,0.9406,S,25.0,14.91,46,dose
D,263060,0.9406,S,25.0,14.91,46,dose
D,263156,0.9406,S,25.0,14.91,46,dose
D,263251,0.9406,S,25.0,14.91,46,dose
D,263347,0.9406,S,25.0,14.91,46,dose
D,263441,0.9406,S,25.0,14.91,46,dose
D,263537,0.9406,S,25.0,14.91,46,dose
D,263633,0.9406,S,25.0,14.91,46,dose
D,263729,0.9406,S,25.0,14.91,46,dose
D,263834,0.9406,S,25.0,14.91,46,dose
D,263928,0.9406,S,25.0,14.91,46,dose
D,264022,0.9406,S,25.0,14.91,46,dose
E,264027,stall 10 s; tap burst
D,264496,0.9406,S,25.0,0.00,48,dose
D,264590,0.9406,S,25.0,14.91,48,dose
D,264685,0.9406,S,25.0,14.91,48,dose
D,264781,0.9406,S,25.0,14.91,48,dose
D,264877,0.9406,S,25.0,14.91,48,dose
D,264973,0.9406,S,25.0,14.91,48,dose
D,265069,0.9406,S,25.0,14.91,48,dose
D,265164,0.9406,S,25.0,14.91,48,dose
D,265259,0.9406,S,25.0,14.91,48,dose
D,265354,0.9406,S,25.0,14.91,48,dose
D,265450,0.9406,S,25.0,14.91,48,dose
D,265546,0.9406,S,25.0,14.91,48,dose
D,265642,0.9406,S,25.0,14.91,48,dose
D,265738,0.9406,S,25.0,14.91,48,dose
D,265833,0.9406,S,25.0,14.91,48,dose
D,265929,0.9406,S,25.0,14.91,48,dose
D,266025,0.9406,S,25.0,14.91,48,dose
D,266119,0.9406,S,25.0,14.91,48,dose
D,266215,0.9406,S,25.0,14.91,48,dose
D,266311,0.9406,S,25.0,14.91,48,dose
D,266406,0.9406,S,25.0,14.91,48,dose
D,266502,0.9406,S,25.0,14.91,48,dose
D,266598,0.9406,S,25.0,14.91,48,dose
D,266694,0.9406,S,25.0,14.91,48,dose
D,266790,0.9406,S,25.0,14.91,48,dose
D,266886,0.9406,S,25.0,14.91,48,dose
D,266980,0.9406,S,25.0,14.91,48,dose
D,267076,0.9406,S,25.0,14.91,48,dose
D,267171,0.9406,S,25.0,14.91,48,dose
D,267267,0.9406,S,25.0,14.91,48,dose
D,267363,0.9406,S,25.0,14.91,48,dose
D,267459,0.9406,S,25.0,14.91,48,dose
D,267555,0.9406,S,25.0,14.91,48,dose
D,267650,0.9406,S,25.0,14.91,48,dose
D,267746,0.9406,S,25.0,14.91,48,dose
D,267840,0.9406,S,25.0,14.91,48,dose
D,267936,0.9406,S,25.0,14.91,48,dose
D,268032,0.9406,S,25.0,14.91,48,dose
D,268128,0.9406,S,25.0,14.91,48,dose
D,268224,0.9406,S,25.0,14.91,48,dose
D,268320,0.9406,S,25.0,14.91,48,dose
D,268415,0.9406,S,25.0,14.91,48,dose
D,268511,0.9406,S,25.0,14.91,48,dose
D,268607,0.9406,S,25.0,14.91,48,dose
D,268703,0.9406,S,25.0,14.91,48,dose
D,268797,0.9406,S,25.0,14.91,48,dose
D,268892,0.9406,S,25.0,14.91,48,dose
D,268988,0.9406,S,25.0,14.91,48,dose
D,269084,0.9406,S,25.0,14.91,48,dose
D,269180,0.9406,S,25.0,14.91,48,dose
D,269276,0.9406,S,25.0,14.91,48,dose
D,269372,0.9406,S,25.0,14.91,48,dose
D,269467,0.9406,S,25.0,14.91,48,dose
D,269563,0.9406,S,25.0,14.91,48,dose
D,269657,0.9406,S,25.0,14.91,48,dose
D,269753,0.9406,S,25.0,14.91,48,dose
D,269849,0.9406,S,25.0,14.91,48,dose
D,269945,0.9406,S,25.0,14.91,48,dose
D,270041,0.9406,S,25.0,14.91,48,dose
D,270147,0.9406,S,25.0,14.91,48,dose
D,270240,0.9406,S,25.0,14.91,48,dose
D,270334,0.9406,S,25.0,14.91,48,dose
D,270428,0.9406,S,25.0,14.91,48,dose
D,270522,0.9406,S,25.0,14.91,48,dose
D,270616,0.9406,S,25.0,14.91,48,dose
D,270710,0.9406,S,25.0,14.91,48,dose
D,270805,0.9406,S,25.0,14.91,48,dose
D,270901,0.9406,S,25.0,14.91,48,dose
D,270997,0.9406,S,25.0,14.91,48,dose
D,271093,0.9406,S,25.0,14.91,48,dose
D,271189,0.9406,S,25.0,14.91,48,dose
D,271285,0.9406,S,25.0,14.91,48,dose
D,271381,0.9406,S,25.0,14.91,48,dose
D,271475,0.9406,S,25.0,14.91,48,dose
D,271570,0.9406,S,25.0,14.91,48,dose
D,271666,0.9406,S,25.0,14.91,48,dose
D,271762,0.9406,S,25.0,14.91,48,dose
D,271858,0.9406,S,25.0,14.91,48,dose
D,271954,0.9406,S,25.0,14.91,48,dose
D,272049,0.9406,S,25.0,14.91,48,dose
D,272145,0.9406,S,25.0,14.91,48,dose
D,272241,0.9406,S,25.0,14.91,48,dose
D,272335,0.9406,S,25.0,14.91,48,dose
D,272431,0.9406,S,25.0,14.91,48,dose
D,272527,0.9406,S,25.0,14.91,48,dose
D,272623,0.9406,S,25.0,14.91,48,dose
D,272718,0.9406,S,25.0,14.91,48,dose
D,272814,0.9406,S,25.0,14.91,48,dose
D,272910,0.9406,S,25.0,14.91,48,dose
D,273006,0.9406,S,25.0,14.91,48,dose
D,273102,0.9406,S,25.0,14.91,48,dose
D,273196,0.9406,S,25.0,14.91,48,dose
D,273291,0.9406,S,25.0,14.91,48,dose
D,273387,0.9406,S,25.0,14.91,48,dose
D,273483,0.9406,S,25.0,14.91,48,dose
D,273579,0.9406,S,25.0,14.91,48,dose
D,273675,0.9406,S,25.0,14.91,48,dose
D,273771,0.9406,S,25.0,14.91,48,dose
D,273867,0.9406,S,25.0,14.91,48,dose
D,273962,0.9406,S,25.0,14.91,48,dose
D,274058,0.9406,S,25.0,14.91,48,dose
E,274063,stall 10 s; tap burst
D,274535,0.9406,S,25.0,0.00,50,dose
D,274631,0.9406,S,25.0,14.91,50,dose
D,274727,0.9406,S,25.0,14.91,50,dose
D,274823,0.9406,S,25.0,14.91,50,dose
D,274919,0.9406,S,25.0,14.91,50,dose
D,275013,0.9406,S,25.0,14.91,50,dose
D,275109,0.9406,S,25.0,14.91,50,dose
D,275204,0.9406,S,25.0,14.91,50,dose
D,275300,0.9406,S,25.0,14.91,50,dose
D,275396,0.9406,S,25.0,14.91,50,dose
D,275492,0.9406,S,25.0,14.91,50,dose
D,275588,0.9406,S,25.0,14.91,50,dose
D,275684,0.9406,S,25.0,14.91,50,dose
D,275779,0.9406,S,25.0,14.91,50,dose
D,275874,0.9406,S,25.0,14.91,50,dose
D,275969,0.9406,S,25.0,14.91,50,dose
D,276065,0.9406,S,25.0,14.91,50,dose
D,276161,0.9406,S,25.0,14.91,50,dose
D,276257,0.9406,S,25.0,14.91,50,dose
D,276353,0.9406,S,25.0,14.91,50,dose
D,276458,0.9406,S,25.0,14.91,50,dose
D,276552,0.9406,S,25.0,14.91,50,dose
D,276646,0.9406,S,25.0,14.91,50,dose
D,276740,0.9406,S,25.0,14.91,50,dose
D,276834,0.9406,S,25.0,14.91,50,dose
D,276928,0.9406,S,25.0,14.91,50,dose
D,277022,0.9406,S,25.0,14.91,50,dose
D,277117,0.9406,S,25.0,14.91,50,dose
D,277213,0.9406,S,25.0,14.91,50,dose
D,277309,0.9406,S,25.0,14.91,50,dose
D,277405,0.9406,S,25.0,14.91,50,dose
D,277501,0.9406,S,25.0,14.91,50,dose
D,277597,0.9406,S,25.0,14.91,50,dose
D,277691,0.9406,S,25.0,14.91,50,dose
D,277786,0.9406,S,25.0,14.91,50,dose
D,277882,0.9406,S,25.0,14.91,50,dose
D,277978,0.9406,S,25.0,14.91,50,dose
D,278074,0.9406,S,25.0,14.91,50,dose
D,278170,0.9406,S,25.0,14.91,50,dose
D,278266,0.9406,S,25.0,14.91,50,dose
D,278361,0.9406,S,25.0,14.91,50,dose
D,278457,0.9406,S,25.0,14.91,50,dose
D,278551,0.9406,S,25.0,14.91,50,dose
D,278647,0.9406,S,25.0,14.91,50,dose
D,278743,0.9406,S,25.0,14.91,50,dose
D,278839,0.9406,S,25.0,14.91,50,dose
D,278934,0.9406,S,25.0,14.91,50,dose
D,279030,0.9406,S,25.0,14.91,50,dose
D,279126,0.9406,S,25.0,14.91,50,dose
D,279222,0.9406,S,25.0,14.91,50,dose
D,279318,0.9406,S,25.0,14.91,50,dose
D,279414,0.9406,S,25.0,14.91,50,dose
D,279508,0.9406,S,25.0,14.91,50,dose
D,279603,0.9406,S,25.0,14.91,50,dose
D,279699,0.9406,S,25.0,14.91,50,dose
D,279795,0.9406,S,25.0,14.91,50,dose
D,279891,0.9406,S,25.0,14.91,50,dose
D,279987,0.9406,S,25.0,14.91,50,dose
D,280083,0.9406,S,25.0,14.91,50,dose
D,280178,0.9406,S,25.0,14.91,50,dose
D,280274,0.9406,S,25.0,14.91,50,dose
D,280368,0.9406,S,25.0,14.91,50,dose
D,280464,0.9406,S,25.0,14.91,50,dose
D,280560,0.9406,S,25.0,14.91,50,dose
D,280656,0.9406,S,25.0,14.91,50,dose
D,280752,0.9406,S,25.0,14.91,50,dose
D,280847,0.9406,S,25.0,14.91,50,dose
D,280943,0.9406,S,25.0,14.91,50,dose
D,281039,0.9406,S,25.0,14.91,50,dose
D,281135,0.9406,S,25.0,14.91,50,dose
D,281229,0.9406,S,25.0,14.91,50,dose
D,281325,0.9406,S,25.0,14.91,50,dose
D,281420,0.9406,S,25.0,14.91,50,dose
D,281516,0.9406,S,25.0,14.91,50,dose
D,281612,0.9406,S,25.0,14.91,50,dose
D,281708,0.9406,S,25.0,14.91,50,dose
D,281804,0.9406,S,25.0,14.91,50,dose
D,281900,0.9406,S,25.0,14.91,50,dose
D,281995,0.9406,S,25.0,14.91,50,dose
D,282089,0.9406,S,25.0,14.91,50,dose
D,282185,0.9406,S,25.0,14.91,50,dose
D,282281,0.9406,S,25.0,14.91,50,dose
D,282386,0.9406,S,25.0,14.91,50,dose
D,282480,0.9406,S,25.0,14.91,50,dose
D,282574,0.9406,S,25.0,14.91,50,dose
D,282668,0.9406,S,25.0,14.91,50,dose
D,282762,0.9406,S,25.0,14.91,50,dose
D,282856,0.9406,S,25.0,14.91,50,dose
D,282952,0.9406,S,25.0,14.91,50,dose
D,283046,0.9406,S,25.0,14.91,50,dose
D,283142,0.9406,S,25.0,14.91,50,dose
D,283237,0.9406,S,25.0,14.91,50,dose
D,283333,0.9406,S,25.0,14.91,50,dose
D,283429,0.9406,S,25.0,14.91,50,dose
D,283525,0.9406,S,25.0,14.91,50,dose
D,283621,0.9406,S,25.0,14.91,50,dose
D,283717,0.9406,S,25.0,14.91,50,dose
D,283813,0.9406,S,25.0,14.91,50,dose
D,283907,0.9406,S,25.0,14.91,50,dose
D,284002,0.9406,S,25.0,14.91,50,dose
D,284098,0.9406,S,25.0,14.91,50,dose
E,284103,stall 10 s; tap burst
D,284577,0.9406,S,25.0,0.00,52,dose
D,284673,0.9406,S,25.0,14.91,52,dose
D,284767,0.9407,S,25.0,14.91,52,dose
D,284863,0.9407,S,25.0,14.90,52,dose
D,284959,0.9407,S,25.0,14.89,52,dose
D,285055,0.9407,S,25.0,14.89,52,dose
D,285150,0.9407,S,25.0,14.89,52,dose
D,285246,0.9407,S,25.0,14.89,52,dose
D,285342,0.9407,S,25.0,14.88,52,dose
D,285438,0.9407,S,25.0,14.88,52,dose
D,285534,0.9407,S,25.0,14.88,52,dose
D,285630,0.9407,S,25.0,14.88,52,dose
D,285724,0.9407,S,25.0,14.88,52,dose
D,285819,0.9407,S,25.0,14.88,52,dose
D,285915,0.9407,S,25.0,14.88,52,dose
D,286011,0.9407,S,25.0,14.88,52,dose
D,286107,0.9407,S,25.0,14.88,52,dose
D,286203,0.9407,S,25.0,14.88,52,dose
D,286299,0.9407,S,25.0,14.89,52,dose
D,286394,0.9407,S,25.0,14.89,52,dose
D,286490,0.9407,S,25.0,14.89,52,dose
D,286584,0.9407,S,25.0,14.89,52,dose
D,286680,0.9407,S,25.0,14.89,52,dose
D,286776,0.9407,S,25.0,14.89,52,dose
D,286872,0.9407,S,25.0,14.89,52,dose
D,286968,0.9407,S,25.0,14.89,52,dose
D,287063,0.9407,S,25.0,14.89,52,dose
D,287159,0.9407,S,25.0,14.89,52,dose
D,287255,0.9407,S,25.0,14.89,52,dose
D,287351,0.9407,S,25.0,14.89,52,dose
D,287445,0.9407,S,25.0,14.89,52,dose
D,287541,0.9407,S,25.0,14.89,52,dose
D,287636,0.9407,S,25.0,14.89,52,dose
D,287733,0.9407,S,25.0,14.89,52,dose
D,287828,0.9407,S,25.0,14.89,52,dose
D,287924,0.9407,S,25.0,14.89,52,dose
D,288020,0.9407,S,25.0,14.89,52,dose
D,288116,0.9407,S,25.0,14.89,52,dose
D,288212,0.9407,S,25.0,14.89,52,dose
D,288307,0.9407,S,25.0,14.89,52,dose
D,288401,0.9407,S,25.0,14.89,52,dose
D,288497,0.9407,S,25.0,14.89,52,dose
D,288593,0.9407,S,25.0,14.89,52,dose
D,288698,0.9407,S,25.0,14.89,52,dose
D,288792,0.9407,S,25.0,14.89,52,dose
D,288886,0.9407,S,25.0,14.89,52,dose
D,288980,0.9407,S,25.0,14.89,52,dose
D,289074,0.9407,S,25.0,14.89,52,dose
D,289168,0.9407,S,25.0,14.89,52,dose
D,289262,0.9407,S,25.0,14.89,52,dose
D,289358,0.9406,S,25.0,14.89,52,dose
D,289454,0.9406,S,25.0,14.91,52,dose
D,289549,0.9406,S,25.0,14.91,52,dose
D,289645,0.9406,S,25.0,14.92,52,dose
D,289741,0.9406,S,25.0,14.92,52,dose
D,289837,0.9406,S,25.0,14.92,52,dose
D,289933,0.9406,S,25.0,14.92,52,dose
D,290029,0.9406,S,25.0,14.92,52,dose
D,290123,0.9406,S,25.0,14.92,52,dose
D,290218,0.9406,S,25.0,14.92,52,dose
D,290314,0.9406,S,25.0,14.92,52,dose
D,290410,0.9406,S,25.0,14.92,52,dose
D,290506,0.9406,S,25.0,14.92,52,dose
D,290602,0.9406,S,25.0,14.92,52,dose
D,290698,0.9406,S,25.0,14.92,52,dose
D,290793,0.9406,S,25.0,14.92,52,dose
D,290889,0.9406,S,25.0,14.92,52,dose
D,290985,0.9406,S,25.0,14.91,52,dose
D,291079,0.9406,S,25.0,14.91,52,dose
D,291175,0.9406,S,25.0,14.91,52,dose
D,291271,0.9406,S,25.0,14.91,52,dose
D,291367,0.9406,S,25.0,14.91,52,dose
D,291462,0.9406,S,25.0,14.91,52,dose
D,291558,0.9406,S,25.0,14.91,52,dose
D,291654,0.9406,S,25.0,14.91,52,dose
D,291750,0.9406,S,25.0,14.91,52,dose
D,291846,0.9406,S,25.0,14.91,52,dose
D,291940,0.9406,S,25.0,14.91,52,dose
D,292035,0.9406,S,25.0,14.91,52,dose
D,292131,0.9406,S,25.0,14.91,52,dose
D,292227,0.9406,S,25.0,14.91,52,dose
D,292323,0.9406,S,25.0,14.91,52,dose
D,292419,0.9406,S,25.0,14.91,52,dose
D,292515,0.9406,S,25.0,14.91,52,dose
D,292611,0.9406,S,25.0,14.91,52,dose
D,292706,0.9406,S,25.0,14.91,52,dose
D,292800,0.9406,S,25.0,14.91,52,dose
D,292896,0.9406,S,25.0,14.91,52,dose
D,292992,0.9406,S,25.0,14.91,52,dose
D,293088,0.9406,S,25.0,14.91,52,dose
D,293184,0.9406,S,25.0,14.91,52,dose
D,293279,0.9406,S,25.0,14.91,52,dose
D,293375,0.9406,S,25.0,14.91,52,dose
D,293471,0.9406,S,25.0,14.91,52,dose
D,293567,0.9406,S,25.0,14.91,52,dose
D,293661,0.9406,S,25.0,14.91,52,dose
D,293757,0.9406,S,25.0,14.91,52,dose
D,293852,0.9406,S,25.0,14.91,52,dose
D,293948,0.9406,S,25.0,14.91,52,dose
D,294044,0.9406,S,25.0,14.91,52,dose
D,294140,0.9406,S,25.0,14.91,52,dose
E,294145,stall 10 s; tap burst
D,294617,0.9406,S,25.0,0.00,54,dose
D,294713,0.9406,S,25.0,14.91,54,dose
D,294809,0.9406,S,25.0,14.91,54,dose
D,294905,0.9406,S,25.0,14.91,54,dose
D,295010,0.9406,S,25.0,14.91,54,dose
D,295104,0.9406,S,25.0,14.91,54,dose
D,295198,0.9406,S,25.0,14.91,54,dose
D,295292,0.9406,S,25.0,14.91,54,dose
D,295386,0.9406,S,25.0,14.91,54,dose
D,295480,0.9406,S,25.0,14.91,54,dose
D,295574,0.9406,S,25.0,14.91,54,dose
D,295670,0.9406,S,25.0,14.91,54,dose
D,295765,0.9406,S,25.0,14.91,54,dose
D,295861,0.9406,S,25.0,14.91,54,dose
D,295957,0.9406,S,25.0,14.91,54,dose
D,296053,0.9406,S,25.0,14.91,54,dose
D,296149,0.9406,S,25.0,14.91,54,dose
D,296245,0.9406,S,25.0,14.91,54,dose
D,296339,0.9406,S,25.0,14.91,54,dose
D,296434,0.9406,S,25.0,14.91,54,dose
D,296530,0.9406,S,25.0,14.91,54,dose
D,296626,0.9406,S,25.0,14.91,54,dose
D,296722,0.9406,S,25.0,14.91,54,dose
D,296818,0.9406,S,25.0,14.91,54,dose
D,296914,0.9406,S,25.0,14.91,54,dose
D,297009,0.9406,S,25.0,14.91,54,dose
D,297106,0.9406,S,25.0,14.91,54,dose
D,297201,0.9406,S,25.0,14.91,54,dose
D,297295,0.9406,S,25.0,14.91,54,dose
D,297391,0.9406,S,25.0,14.91,54,dose
D,297487,0.9406,S,25.0,14.91,54,dose
D,297583,0.9406,S,25.0,14.91,54,dose
D,297679,0.9406,S,25.0,14.91,54,dose
D,297774,0.9406,S,25.0,14.91,54,dose
D,297870,0.9406,S,25.0,14.91,54,dose
D,297966,0.9406,S,25.0,14.91,54,dose
D,298062,0.9406,S,25.0,14.91,54,dose
D,298156,0.9406,S,25.0,14.91,54,dose
D,298252,0.9406,S,25.0,14.91,54,dose
D,298348,0.9406,S,25.0,14.91,54,dose
D,298443,0.9406,S,25.0,14.91,54,dose
D,298539,0.9406,S,25.0,14.91,54,dose
D,298635,0.9406,S,25.0,14.91,54,dose
D,298731,0.9406,S,25.0,14.91,54,dose
D,298827,0.9406,S,25.0,14.91,54,dose
D,298922,0.9406,S,25.0,14.91,54,dose
D,299016,0.9406,S,25.0,14.91,54,dose
D,299112,0.9406,S,25.0,14.91,54,dose
D,299208,0.9406,S,25.0,14.91,54,dose
D,299304,0.9406,S,25.0,14.91,54,dose
D,299400,0.9406,S,25.0,14.91,54,dose
D,299496,0.9406,S,25.0,14.91,54,dose
D,299591,0.9406,S,25.0,14.91,54,dose
D,299687,0.9406,S,25.0,14.91,54,dose
D,299783,0.9406,S,25.0,14.91,54,dose
D,299879,0.9406,S,25.0,14.91,54,dose
D,299973,0.9406,S,25.0,14.91,54,dose
D,300069,0.9406,S,25.0,14.91,54,dose
D,300164,0.9406,S,25.0,14.91,54,dose
D,300260,0.9406,S,25.0,14.91,54,dose
D,300356,0.9406,S,25.0,14.91,54,dose
D,300452,0.9406,S,25.0,14.91,54,dose
D,300548,0.9406,S,25.0,14.91,54,dose
D,300644,0.9406,S,25.0,14.91,54,dose
D,300740,0.9406,S,25.0,14.91,54,dose
D,300834,0.9406,S,25.0,14.91,54,dose
D,300940,0.9406,S,25.0,14.91,54,dose
D,301034,0.9406,S,25.0,14.91,54,dose
D,301128,0.9406,S,25.0,14.91,54,dose
D,301222,0.9406,S,25.0,14.91,54,dose
D,301316,0.9406,S,25.0,14.91,54,dose
D,301410,0.9406,S,25.0,14.91,54,dose
D,301504,0.9406,S,25.0,14.91,54,dose
D,301600,0.9406,S,25.0,14.91,54,dose
D,301694,0.9406,S,25.0,14.91,54,dose
D,301790,0.9406,S,25.0,14.91,54,dose
D,301886,0.9406,S,25.0,14.91,54,dose
D,301982,0.9406,S,25.0,14.91,54,dose
D,302077,0.9406,S,25.0,14.91,54,dose
D,302173,0.9406,S,25.0,14.91,54,dose
D,302269,0.9406,S,25.0,14.91,54,dose
D,302365,0.9406,S,25.0,14.91,54,dose
D,302461,0.9406,S,25.0,14.91,54,dose
D,302557,0.9406,S,25.0,14.91,54,dose
D,302651,0.9406,S,25.0,14.91,54,dose
D,302746,0.9406,S,25.0,14.91,54,dose
D,302842,0.9406,S,25.0,14.91,54,dose
D,302938,0.9406,S,25.0,14.91,54,dose
D,303034,0.9406,S,25.0,14.91,54,dose
D,303130,0.9406,S,25.0,14.91,54,dose
D,303226,0.9406,S,25.0,14.91,54,dose
D,303321,0.9406,S,25.0,14.91,54,dose
D,303417,0.9406,S,25.0,14.91,54,dose
D,303511,0.9406,S,25.0,14.91,54,dose
D,303607,0.9406,S,25.0,14.91,54,dose
D,303703,0.9406,S,25.0,14.91,54,dose
D,303799,0.9406,S,25.0,14.91,54,dose
D,303894,0.9406,S,25.0,14.91,54,dose
D,303990,0.9406,S,25.0,14.91,54,dose
D,304086,0.9406,S,25.0,14.91,54,dose
D,304182,0.9406,S,25.0,14.91,54,dose
E,304187,stall 10 s; tap burst
D,304659,0.9406,S,25.0,0.00,56,dose
D,304755,0.9406,S,25.0,14.91,56,dose
D,304851,0.9406,S,25.0,14.91,56,dose
D,304947,0.9406,S,25.0,14.91,56,dose
D,305043,0.9406,S,25.0,14.91,56,dose
D,305139,0.9406,S,25.0,14.91,56,dose
D,305233,0.9406,S,25.0,14.91,56,dose
D,305328,0.9406,S,25.0,14.91,56,dose
D,305424,0.9406,S,25.0,14.91,56,dose
D,305520,0.9406,S,25.0,14.91,56,dose
D,305616,0.9406,S,25.0,14.91,56,dose
D,305712,0.9406,S,25.0,14.91,56,dose
D,305807,0.9406,S,25.0,14.91,56,dose
D,305903,0.9406,S,25.0,14.91,56,dose
D,305999,0.9406,S,25.0,14.91,56,dose
D,306095,0.9406,S,25.0,14.91,56,dose
D,306189,0.9406,S,25.0,14.91,56,dose
D,306285,0.9406,S,25.0,14.91,56,dose
D,306380,0.9406,S,25.0,14.91,56,dose
D,306476,0.9406,S,25.0,14.91,56,dose
D,306572,0.9406,S,25.0,14.91,56,dose
D,306668,0.9406,S,25.0,14.91,56,dose
D,306764,0.9406,S,25.0,14.91,56,dose
D,306860,0.9406,S,25.0,14.91,56,dose
D,306956,0.9406,S,25.0,14.91,56,dose
D,307050,0.9406,S,25.0,14.91,56,dose
D,307145,0.9406,S,25.0,14.91,56,dose
D,307253,0.9406,S,25.0,14.91,56,dose
D,307346,0.9406,S,25.0,14.91,56,dose
D,307440,0.9406,S,25.0,14.91,56,dose
D,307534,0.9406,S,25.0,14.91,56,dose
D,307628,0.9406,S,25.0,14.91,56,dose
D,307722,0.9406,S,25.0,14.91,56,dose
D,307816,0.9406,S,25.0,14.91,56,dose
D,307910,0.9406,S,25.0,14.91,56,dose
D,308006,0.9406,S,25.0,14.91,56,dose
D,308102,0.9406,S,25.0,14.91,56,dose
D,308198,0.9406,S,25.0,14.91,56,dose
D,308293,0.9406,S,25.0,14.91,56,dose
D,308389,0.9406,S,25.0,14.91,56,dose
D,308485,0.9406,S,25.0,14.91,56,dose
D,308581,0.9406,S,25.0,14.91,56,dose
D,308677,0.9406,S,25.0,14.91,56,dose
D,308773,0.9406,S,25.0,14.91,56,dose
D,308867,0.9406,S,25.0,14.91,56,dose
D,308962,0.9406,S,25.0,14.91,56,dose
D,309058,0.9406,S,25.0,14.91,56,dose
D,309154,0.9406,S,25.0,14.91,56,dose
D,309250,0.9406,S,25.0,14.91,56,dose
D,309346,0.9406,S,25.0,14.91,56,dose
D,309442,0.9406,S,25.0,14.91,56,dose
D,309538,0.9406,S,25.0,14.91,56,dose
D,309633,0.9406,S,25.0,14.91,56,dose
D,309727,0.9406,S,25.0,14.91,56,dose
D,309823,0.9406,S,25.0,14.91,56,dose
D,309919,0.9406,S,25.0,14.91,56,dose
D,310015,0.9406,S,25.0,14.91,56,dose
D,310111,0.9406,S,25.0,14.91,56,dose
D,310206,0.9406,S,25.0,14.91,56,dose
D,310302,0.9406,S,25.0,14.91,56,dose
D,310398,0.9406,S,25.0,14.91,56,dose
D,310494,0.9406,S,25.0,14.91,56,dose
D,310588,0.9406,S,25.0,14.91,56,dose
D,310684,0.9406,S,25.0,14.91,56,dose
D,310780,0.9406,S,25.0,14.91,56,dose
D,310875,0.9406,S,25.0,14.91,56,dose
D,310971,0.9406,S,25.0,14.91,56,dose
D,311067,0.9406,S,25.0,14.91,56,dose
D,311163,0.9406,S,25.0,14.91,56,dose
D,311259,0.9406,S,25.0,14.91,56,dose
D,311355,0.9406,S,25.0,14.91,56,dose
D,311450,0.9406,S,25.0,14.91,56,dose
D,311544,0.9406,S,25.0,14.91,56,dose
D,311640,0.9406,S,25.0,14.91,56,dose
D,311736,0.9406,S,25.0,14.91,56,dose
D,311832,0.9406,S,25.0,14.91,56,dose
D,311928,0.9406,S,25.0,14.91,56,dose
D,312023,0.9406,S,25.0,14.91,56,dose
D,312120,0.9406,S,25.0,14.91,56,dose
D,312215,0.9406,S,25.0,14.91,56,dose
D,312311,0.9406,S,25.0,14.91,56,dose
D,312405,0.9406,S,25.0,14.91,56,dose
D,312501,0.9406,S,25.0,14.91,56,dose
D,312597,0.9406,S,25.0,14.91,56,dose
D,312692,0.9406,S,25.0,14.91,56,dose
D,312788,0.9406,S,25.0,14.91,56,dose
D,312884,0.9406,S,25.0,14.91,56,dose
D,312980,0.9406,S,25.0,14.91,56,dose
D,313076,0.9406,S,25.0,14.91,56,dose
D,313183,0.9406,S,25.0,14.91,56,dose
D,313277,0.9406,S,25.0,14.91,56,dose
D,313371,0.9406,S,25.0,14.91,56,dose
D,313465,0.9406,S,25.0,14.91,56,dose
D,313559,0.9406,S,25.0,14.91,56,dose
D,313653,0.9406,S,25.0,14.91,56,dose
D,313747,0.9406,S,25.0,14.91,56,dose
D,313841,0.9406,S,25.0,14.91,56,dose
D,313936,0.9406,S,25.0,14.91,56,dose
D,314032,0.9406,S,25.0,14.91,56,dose
D,314128,0.9406,S,25.0,14.91,56,dose
D,314222,0.9406,S,25.0,14.91,56,dose
E,314227,stall 10 s; tap burst
D,314701,0.9406,S,25.0,0.00,58,dose
D,314797,0.9406,S,25.0,14.91,58,dose
D,314893,0.9406,S,25.0,14.91,58,dose
D,314989,0.9406,S,25.0,14.91,58,dose
D,315083,0.9406,S,25.0,14.91,58,dose
D,315179,0.9406,S,25.0,14.91,58,dose
D,315274,0.9406,S,25.0,14.91,58,dose
D,315370,0.9406,S,25.0,14.91,58,dose
D,315466,0.9406,S,25.0,14.91,58,dose
D,315562,0.9406,S,25.0,14.91,58,dose
D,315658,0.9406,S,25.0,14.91,58,dose
D,315753,0.9406,S,25.0,14.91,58,dose
D,315849,0.9406,S,25.0,14.91,58,dose
D,315943,0.9406,S,25.0,14.91,58,dose
D,316039,0.9406,S,25.0,14.91,58,dose
D,316135,0.9406,S,25.0,14.91,58,dose
D,316231,0.9406,S,25.0,14.91,58,dose
D,316327,0.9406,S,25.0,14.91,58,dose
D,316422,0.9406,S,25.0,14.91,58,dose
D,316518,0.9406,S,25.0,14.91,58,dose
D,316614,0.9406,S,25.0,14.91,58,dose
D,316710,0.9406,S,25.0,14.91,58,dose
D,316804,0.9406,S,25.0,14.91,58,dose
D,316900,0.9406,S,25.0,14.91,58,dose
D,316995,0.9406,S,25.0,14.91,58,dose
D,317091,0.9406,S,25.0,14.91,58,dose
D,317187,0.9406,S,25.0,14.91,58,dose
D,317283,0.9406,S,25.0,14.91,58,dose
D,317379,0.9406,S,25.0,14.91,58,dose
D,317475,0.9406,S,25.0,14.91,58,dose
D,317571,0.9406,S,25.0,14.91,58,dose
D,317667,0.9406,S,25.0,14.91,58,dose
D,317761,0.9406,S,25.0,14.91,58,dose
D,317856,0.9406,S,25.0,14.91,58,dose
D,317952,0.9406,S,25.0,14.91,58,dose
D,318048,0.9406,S,25.0,14.91,58,dose
D,318144,0.9406,S,25.0,14.91,58,dose
D,318240,0.9406,S,25.0,14.91,58,dose
D,318335,0.9406,S,25.0,14.91,58,dose
D,318431,0.9406,S,25.0,14.91,58,dose
D,318527,0.9406,S,25.0,14.91,58,dose
D,318621,0.9406,S,25.0,14.91,58,dose
D,318717,0.9406,S,25.0,14.91,58,dose
D,318813,0.9406,S,25.0,14.91,58,dose
D,318908,0.9406,S,25.0,14.91,58,dose
D,319004,0.9406,S,25.0,14.91,58,dose
D,319100,0.9406,S,25.0,14.91,58,dose
D,319196,0.9406,S,25.0,14.91,58,dose
D,319292,0.9406,S,25.0,14.91,58,dose
D,319388,0.9406,S,25.0,14.91,58,dose
D,319493,0.9406,S,25.0,14.91,58,dose
D,319587,0.9406,S,25.0,14.91,58,dose
D,319681,0.9406,S,25.0,14.91,58,dose
D,319775,0.9406,S,25.0,14.91,58,dose
D,319869,0.9406,S,25.0,14.91,58,dose
D,319963,0.9406,S,25.0,14.91,58,dose
D,320057,0.9406,S,25.0,14.91,58,dose
D,320152,0.9406,S,25.0,14.91,58,dose
D,320248,0.9406,S,25.0,14.91,58,dose
D,320344,0.9406,S,25.0,14.91,58,dose
D,320438,0.9406,S,25.0,14.91,58,dose
D,320534,0.9406,S,25.0,14.91,58,dose
D,320630,0.9406,S,25.0,14.91,58,dose
D,320726,0.9406,S,25.0,14.91,58,dose
D,320821,0.9406,S,25.0,14.91,58,dose
D,320917,0.9406,S,25.0,14.91,58,dose
D,321013,0.9406,S,25.0,14.91,58,dose
D,321109,0.9406,S,25.0,14.91,58,dose
D,321205,0.9406,S,25.0,14.91,58,dose
D,321299,0.9406,S,25.0,14.91,58,dose
D,321395,0.9406,S,25.0,14.91,58,dose
D,321490,0.9406,S,25.0,14.91,58,dose
D,321586,0.9406,S,25.0,14.91,58,dose
D,321682,0.9406,S,25.0,14.91,58,dose
D,321778,0.9406,S,25.0,14.91,58,dose
D,321874,0.9406,S,25.0,14.91,58,dose
D,321970,0.9406,S,25.0,14.91,58,dose
D,322065,0.9406,S,25.0,14.91,58,dose
D,322159,0.9406,S,25.0,14.91,58,dose
D,322255,0.9406,S,25.0,14.91,58,dose
D,322351,0.9406,S,25.0,14.91,58,dose
D,322447,0.9406,S,25.0,14.91,58,dose
D,322543,0.9406,S,25.0,14.91,58,dose
D,322638,0.9406,S,25.0,14.91,58,dose
D,322734,0.9406,S,25.0,14.91,58,dose
D,322830,0.9406,S,25.0,14.91,58,dose
D,322926,0.9406,S,25.0,14.91,58,dose
D,323022,0.9406,S,25.0,14.91,58,dose
D,323116,0.9406,S,25.0,14.91,58,dose
D,323212,0.9406,S,25.0,14.91,58,dose
D,323307,0.9406,S,25.0,14.91,58,dose
D,323403,0.9406,S,25.0,14.91,58,dose
D,323499,0.9406,S,25.0,14.91,58,dose
D,323595,0.9406,S,25.0,14.91,58,dose
D,323691,0.9406,S,25.0,14.91,58,dose
D,323787,0.9406,S,25.0,14.91,58,dose
D,323883,0.9406,S,25.0,14.91,58,dose
D,323977,0.9406,S,25.0,14.91,58,dose
D,324072,0.9406,S,25.0,14.91,58,dose
D,324168,0.9406,S,25.0,14.91,58,dose
D,324264,0.9406,S,25.0,14.91,58,dose
E,324269,stall 10 s; tap burst
D,324743,0.9406,S,25.0,0.00,60,dose
D,324837,0.9406,S,25.0,14.91,60,dose
D,324933,0.9406,S,25.0,14.91,60,dose
D,325029,0.9406,S,25.0,14.91,60,dose
D,325124,0.9406,S,25.0,14.91,60,dose
D,325220,0.9406,S,25.0,14.91,60,dose
D,325316,0.9406,S,25.0,14.91,60,dose
D,325412,0.9406,S,25.0,14.91,60,dose
D,325508,0.9406,S,25.0,14.91,60,dose
D,325604,0.9406,S,25.0,14.91,60,dose
D,325700,0.9406,S,25.0,14.91,60,dose
D,325794,0.9406,S,25.0,14.91,60,dose
D,325899,0.9406,S,25.0,14.91,60,dose
D,325993,0.9406,S,25.0,14.91,60,dose
D,326087,0.9406,S,25.0,14.91,60,dose
D,326181,0.9406,S,25.0,14.91,60,dose
D,326275,0.9406,S,25.0,14.91,60,dose
D,326369,0.9406,S,25.0,14.91,60,dose
D,326465,0.9406,S,25.0,14.91,60,dose
D,326560,0.9406,S,25.0,14.91,60,dose
D,326654,0.9406,S,25.0,14.91,60,dose
D,326750,0.9406,S,25.0,14.91,60,dose
D,326846,0.9406,S,25.0,14.91,60,dose
D,326942,0.9406,S,25.0,14.91,60,dose
D,327038,0.9406,S,25.0,14.91,60,dose
D,327133,0.9406,S,25.0,14.91,60,dose
D,327229,0.9406,S,25.0,14.91,60,dose
D,327325,0.9407,S,25.0,14.91,60,dose
D,327421,0.9407,S,25.0,14.90,60,dose
D,327515,0.9407,S,25.0,14.89,60,dose
D,327610,0.9407,S,25.0,14.89,60,dose
D,327706,0.9407,S,25.0,14.89,60,dose
D,327802,0.9407,S,25.0,14.89,60,dose
D,327898,0.9407,S,25.0,14.88,60,dose
D,327994,0.9407,S,25.0,14.88,60,dose
D,328090,0.9407,S,25.0,14.88,60,dose
D,328186,0.9407,S,25.0,14.88,60,dose
D,328282,0.9407,S,25.0,14.88,60,dose
D,328376,0.9407,S,25.0,14.88,60,dose
D,328471,0.9407,S,25.0,14.88,60,dose
D,328567,0.9407,S,25.0,14.88,60,dose
D,328663,0.9407,S,25.0,14.88,60,dose
D,328759,0.9407,S,25.0,14.88,60,dose
D,328855,0.9407,S,25.0,14.89,60,dose
D,328950,0.9407,S,25.0,14.89,60,dose
D,329046,0.9407,S,25.0,14.89,60,dose
D,329142,0.9407,S,25.0,14.89,60,dose
D,329238,0.9407,S,25.0,14.89,60,dose
D,329332,0.9407,S,25.0,14.89,60,dose
D,329428,0.9407,S,25.0,14.89,60,dose
D,329524,0.9407,S,25.0,14.89,60,dose
D,329619,0.9407,S,25.0,14.89,60,dose
D,329715,0.9407,S,25.0,14.89,60,dose
D,329811,0.9407,S,25.0,14.89,60,dose
D,329907,0.9407,S,25.0,14.89,60,dose
D,330003,0.9407,S,25.0,14.89,60,dose
D,330099,0.9407,S,25.0,14.89,60,dose
D,330193,0.9407,S,25.0,14.89,60,dose
D,330288,0.9407,S,25.0,14.89,60,dose
D,330384,0.9407,S,25.0,14.89,60,dose
D,330480,0.9407,S,25.0,14.89,60,dose
D,330576,0.9407,S,25.0,14.89,60,dose
D,330672,0.9407,S,25.0,14.89,60,dose
D,330768,0.9407,S,25.0,14.89,60,dose
D,330863,0.9407,S,25.0,14.89,60,dose
D,330959,0.9407,S,25.0,14.89,60,dose
D,331053,0.9407,S,25.0,14.89,60,dose
D,331149,0.9407,S,25.0,14.89,60,dose
D,331245,0.9407,S,25.0,14.89,60,dose
D,331340,0.9407,S,25.0,14.89,60,dose
D,331436,0.9407,S,25.0,14.89,60,dose
D,331532,0.9407,S,25.0,14.89,60,dose
D,331628,0.9407,S,25.0,14.89,60,dose
D,331724,0.9407,S,25.0,14.89,60,dose
D,331829,0.9407,S,25.0,14.89,60,dose
D,331923,0.9407,S,25.0,14.89,60,dose
D,332017,0.9407,S,25.0,14.89,60,dose
D,332111,0.9407,S,25.0,14.89,60,dose
D,332205,0.9407,S,25.0,14.89,60,dose
D,332299,0.9407,S,25.0,14.89,60,dose
D,332393,0.9407,S,25.0,14.89,60,dose
D,332489,0.9407,S,25.0,14.89,60,dose
D,332585,0.9407,S,25.0,14.89,60,dose
D,332680,0.9407,S,25.0,14.89,60,dose
D,332776,0.9407,S,25.0,14.89,60,dose
D,332870,0.9407,S,25.0,14.89,60,dose
D,332966,0.9407,S,25.0,14.89,60,dose
D,333062,0.9407,S,25.0,14.89,60,dose
D,333158,0.9407,S,25.0,14.89,60,dose
D,333253,0.9407,S,25.0,14.89,60,dose
D,333349,0.9407,S,25.0,14.89,60,dose
D,333445,0.9407,S,25.0,14.89,60,dose
D,333541,0.9407,S,25.0,14.89,60,dose
D,333637,0.9407,S,25.0,14.89,60,dose
D,333731,0.9407,S,25.0,14.89,60,dose
D,333827,0.9407,S,25.0,14.89,60,dose
D,333922,0.9407,S,25.0,14.89,60,dose
D,334018,0.9407,S,25.0,14.89,60,dose
D,334114,0.9407,S,25.0,14.89,60,dose
D,334210,0.9407,S,25.0,14.89,60,dose
D,334306,0.9407,S,25.0,14.89,60,dose
E,334311,stall 10 s; tap burst
D,334783,0.9407,S,25.0,0.00,62,dose
D,334879,0.9407,S,25.0,14.89,62,dose
D,334975,0.9407,S,25.0,14.89,62,dose
D,335071,0.9407,S,25.0,14.89,62,dose
D,335167,0.9407,S,25.0,14.89,62,dose
D,335262,0.9407,S,25.0,14.89,62,dose
D,335358,0.9407,S,25.0,14.89,62,dose
D,335454,0.9407,S,25.0,14.89,62,dose
D,335548,0.9407,S,25.0,14.89,62,dose
D,335644,0.9407,S,25.0,14.89,62,dose
D,335739,0.9407,S,25.0,14.89,62,dose
D,335835,0.9407,S,25.0,14.89,62,dose
D,335931,0.9407,S,25.0,14.89,62,dose
D,336027,0.9407,S,25.0,14.89,62,dose
D,336123,0.9407,S,25.0,14.89,62,dose
D,336219,0.9407,S,25.0,14.89,62,dose
D,336315,0.9407,S,25.0,14.89,62,dose
D,336409,0.9407,S,25.0,14.89,62,dose
D,336504,0.9407,S,25.0,14.89,62,dose
D,336600,0.9407,S,25.0,14.89,62,dose
D,336696,0.9407,S,25.0,14.89,62,dose
D,336792,0.9407,S,25.0,14.89,62,dose
D,336888,0.9407,S,25.0,14.89,62,dose
D,336983,0.9407,S,25.0,14.89,62,dose
D,337079,0.9407,S,25.0,14.89,62,dose
D,337175,0.9407,S,25.0,14.89,62,dose
D,337271,0.9407,S,25.0,14.89,62,dose
D,337365,0.9407,S,25.0,14.89,62,dose
D,337461,0.9407,S,25.0,14.89,62,dose
D,337557,0.9407,S,25.0,14.89,62,dose
D,337653,0.9407,S,25.0,14.89,62,dose
D,337748,0.9407,S,25.0,14.89,62,dose
D,337844,0.9407,S,25.0,14.89,62,dose
D,337940,0.9407,S,25.0,14.89,62,dose
D,338036,0.9407,S,25.0,14.89,62,dose
D,338141,0.9407,S,25.0,14.89,62,dose
D,338235,0.9407,S,25.0,14.89,62,dose
D,338329,0.9407,S,25.0,14.89,62,dose
D,338423,0.9407,S,25.0,14.89,62,dose
D,338517,0.9407,S,25.0,14.89,62,dose
D,338611,0.9407,S,25.0,14.89,62,dose
D,338705,0.9407,S,25.0,14.89,62,dose
D,338801,0.9407,S,25.0,14.89,62,dose
D,338896,0.9407,S,25.0,14.89,62,dose
D,338992,0.9407,S,25.0,14.89,62,dose
D,339086,0.9407,S,25.0,14.89,62,dose
D,339182,0.9407,S,25.0,14.89,62,dose
D,339278,0.9407,S,25.0,14.89,62,dose
D,339374,0.9407,S,25.0,14.89,62,dose
D,339470,0.9407,S,25.0,14.89,62,dose
D,339565,0.9407,S,25.0,14.89,62,dose
D,339661,0.9407,S,25.0,14.89,62,dose
D,339757,0.9407,S,25.0,14.89,62,dose
D,339853,0.9407,S,25.0,14.89,62,dose
D,339949,0.9406,S,25.0,14.89,62,dose
D,340043,0.9406,S,25.0,14.91,62,dose
D,340138,0.9406,S,25.0,14.91,62,dose
D,340234,0.9406,S,25.0,14.92,62,dose
D,340330,0.9406,S,25.0,14.92,62,dose
D,340426,0.9406,S,25.0,14.92,62,dose
D,340522,0.9406,S,25.0,14.92,62,dose
D,340618,0.9406,S,25.0,14.92,62,dose
D,340714,0.9406,S,25.0,14.92,62,dose
D,340809,0.9406,S,25.0,14.92,62,dose
D,340903,0.9406,S,25.0,14.92,62,dose
D,340999,0.9406,S,25.0,14.92,62,dose
D,341095,0.9406,S,25.0,14.92,62,dose
D,341191,0.9406,S,25.0,14.92,62,dose
D,341287,0.9406,S,25.0,14.92,62,dose
D,341382,0.9406,S,25.0,14.92,62,dose
D,341478,0.9406,S,25.0,14.92,62,dose
D,341574,0.9406,S,25.0,14.91,62,dose
D,341670,0.9406,S,25.0,14.91,62,dose
D,341764,0.9406,S,25.0,14.91,62,dose
D,341860,0.9406,S,25.0,14.91,62,dose
D,341956,0.9406,S,25.0,14.91,62,dose
D,342051,0.9406,S,25.0,14.91,62,dose
D,342147,0.9406,S,25.0,14.91,62,dose
D,342243,0.9406,S,25.0,14.91,62,dose
D,342339,0.9406,S,25.0,14.91,62,dose
D,342435,0.9406,S,25.0,14.91,62,dose
D,342531,0.9406,S,25.0,14.91,62,dose
D,342625,0.9406,S,25.0,14.91,62,dose
D,342720,0.9406,S,25.0,14.91,62,dose
D,342816,0.9406,S,25.0,14.91,62,dose
D,342912,0.9406,S,25.0,14.91,62,dose
D,343008,0.9406,S,25.0,14.91,62,dose
D,343104,0.9406,S,25.0,14.91,62,dose
D,343200,0.9406,S,25.0,14.91,62,dose
D,343295,0.9406,S,25.0,14.91,62,dose
D,343391,0.9406,S,25.0,14.91,62,dose
D,343487,0.9406,S,25.0,14.91,62,dose
D,343581,0.9406,S,25.0,14.91,62,dose
D,343677,0.9406,S,25.0,14.91,62,dose
D,343773,0.9406,S,25.0,14.91,62,dose
D,343868,0.9406,S,25.0,14.91,62,dose
D,343965,0.9406,S,25.0,14.91,62,dose
D,344071,0.9406,S,25.0,14.91,62,dose
D,344164,0.9406,S,25.0,14.91,62,dose
D,344258,0.9406,S,25.0,14.91,62,dose
D,344352,0.9406,S,25.0,14.91,62,dose
E,344357,stall 10 s; tap burst
D,344827,0.9406,S,25.0,0.00,64,dose
D,344921,0.9406,S,25.0,14.91,64,dose
D,345017,0.9406,S,25.0,14.91,64,dose
D,345112,0.9406,S,25.0,14.91,64,dose
D,345209,0.9406,S,25.0,14.91,64,dose
D,345303,0.9406,S,25.0,14.91,64,dose
D,345398,0.9406,S,25.0,14.91,64,dose
D,345494,0.9406,S,25.0,14.91,64,dose
D,345590,0.9406,S,25.0,14.91,64,dose
D,345686,0.9406,S,25.0,14.91,64,dose
D,345781,0.9406,S,25.0,14.91,64,dose
D,345877,0.9406,S,25.0,14.91,64,dose
D,345973,0.9406,S,25.0,14.91,64,dose
D,346069,0.9406,S,25.0,14.91,64,dose
D,346165,0.9406,S,25.0,14.91,64,dose
D,346259,0.9406,S,25.0,14.91,64,dose
D,346355,0.9406,S,25.0,14.91,64,dose
D,346451,0.9406,S,25.0,14.91,64,dose
D,346546,0.9406,S,25.0,14.91,64,dose
D,346642,0.9406,S,25.0,14.91,64,dose
D,346738,0.9406,S,25.0,14.91,64,dose
D,346834,0.9406,S,25.0,14.91,64,dose
D,346930,0.9406,S,25.0,14.91,64,dose
D,347026,0.9406,S,25.0,14.91,64,dose
D,347120,0.9406,S,25.0,14.91,64,dose
D,347215,0.9406,S,25.0,14.91,64,dose
D,347311,0.9406,S,25.0,14.91,64,dose
D,347407,0.9406,S,25.0,14.91,64,dose
D,347503,0.9406,S,25.0,14.91,64,dose
D,347598,0.9406,S,25.0,14.91,64,dose
D,347694,0.9406,S,25.0,14.91,64,dose
D,347790,0.9406,S,25.0,14.91,64,dose
D,347886,0.9406,S,25.0,14.91,64,dose
D,347980,0.9406,S,25.0,14.91,64,dose
D,348076,0.9406,S,25.0,14.91,64,dose
D,348172,0.9406,S,25.0,14.91,64,dose
D,348268,0.9406,S,25.0,14.91,64,dose
D,348363,0.9406,S,25.0,14.91,64,dose
D,348459,0.9406,S,25.0,14.91,64,dose
D,348555,0.9406,S,25.0,14.91,64,dose
D,348651,0.9406,S,25.0,14.91,64,dose
D,348747,0.9406,S,25.0,14.91,64,dose
D,348843,0.9406,S,25.0,14.91,64,dose
D,348937,0.9406,S,25.0,14.91,64,dose
D,349032,0.9406,S,25.0,14.91,64,dose
D,349128,0.9406,S,25.0,14.91,64,dose
D,349224,0.9406,S,25.0,14.91,64,dose
D,349320,0.9406,S,25.0,14.91,64,dose
D,349416,0.9406,S,25.0,14.91,64,dose
D,349512,0.9406,S,25.0,14.91,64,dose
D,349607,0.9406,S,25.0,14.91,64,dose
D,349703,0.9406,S,25.0,14.91,64,dose
D,349797,0.9406,S,25.0,14.91,64,dose
D,349893,0.9406,S,25.0,14.91,64,dose
D,349989,0.9406,S,25.0,14.91,64,dose
D,350085,0.9406,S,25.0,14.91,64,dose
D,350180,0.9406,S,25.0,14.91,64,dose
D,350276,0.9406,S,25.0,14.91,64,dose
D,350381,0.9406,S,25.0,14.91,64,dose
D,350475,0.9406,S,25.0,14.91,64,dose
D,350569,0.9406,S,25.0,14.91,64,dose
D,350663,0.9406,S,25.0,14.91,64,dose
D,350757,0.9406,S,25.0,14.91,64,dose
D,350851,0.9406,S,25.0,14.91,64,dose
D,350945,0.9406,S,25.0,14.91,64,dose
D,351041,0.9406,S,25.0,14.91,64,dose
D,351137,0.9406,S,25.0,14.91,64,dose
D,351233,0.9406,S,25.0,14.91,64,dose
D,351329,0.9406,S,25.0,14.91,64,dose
D,351424,0.9406,S,25.0,14.91,64,dose
D,351520,0.9406,S,25.0,14.91,64,dose
D,351614,0.9406,S,25.0,14.91,64,dose
D,351710,0.9406,S,25.0,14.91,64,dose
D,351806,0.9406,S,25.0,14.91,64,dose
D,351902,0.9406,S,25.0,14.91,64,dose
D,351997,0.9406,S,25.0,14.91,64,dose
D,352094,0.9406,S,25.0,14.91,64,dose
D,352189,0.9406,S,25.0,14.91,64,dose
D,352285,0.9406,S,25.0,14.91,64,dose
D,352381,0.9406,S,25.0,14.91,64,dose
D,352475,0.9406,S,25.0,14.91,64,dose
D,352571,0.9406,S,25.0,14.91,64,dose
D,352666,0.9406,S,25.0,14.91,64,dose
D,352762,0.9406,S,25.0,14.91,64,dose
D,352858,0.9406,S,25.0,14.91,64,dose
D,352954,0.9406,S,25.0,14.91,64,dose
D,353050,0.9406,S,25.0,14.91,64,dose
D,353146,0.9406,S,25.0,14.91,64,dose
D,353242,0.9406,S,25.0,14.91,64,dose
D,353336,0.9406,S,25.0,14.91,64,dose
D,353431,0.9406,S,25.0,14.91,64,dose
D,353527,0.9406,S,25.0,14.91,64,dose
D,353623,0.9406,S,25.0,14.91,64,dose
D,353719,0.9406,S,25.0,14.91,64,dose
D,353814,0.9406,S,25.0,14.91,64,dose
D,353910,0.9406,S,25.0,14.91,64,dose
D,354006,0.9406,S,25.0,14.91,64,dose
D,354102,0.9406,S,25.0,14.91,64,dose
D,354196,0.9406,S,25.0,14.91,64,dose
D,354292,0.9406,S,25.0,14.91,64,dose
D,354388,0.9406,S,25.0,14.91,64,dose
E,354393,stall 10 s; tap burst
D,354867,0.9406,S,25.0,0.00,66,dose
D,354963,0.9406,S,25.0,14.91,66,dose
D,355059,0.9406,S,25.0,14.91,66,dose
D,355153,0.9406,S,25.0,14.91,66,dose
D,355248,0.9406,S,25.0,14.91,66,dose
D,355344,0.9406,S,25.0,14.91,66,dose
D,355440,0.9406,S,25.0,14.91,66,dose
D,355536,0.9406,S,25.0,14.91,66,dose
D,355632,0.9406,S,25.0,14.91,66,dose
D,355727,0.9406,S,25.0,14.91,66,dose
D,355823,0.9406,S,25.0,14.91,66,dose
D,355919,0.9406,S,25.0,14.91,66,dose
D,356013,0.9406,S,25.0,14.91,66,dose
D,356109,0.9406,S,25.0,14.91,66,dose
D,356205,0.9406,S,25.0,14.91,66,dose
D,356301,0.9406,S,25.0,14.91,66,dose
D,356397,0.9406,S,25.0,14.91,66,dose
D,356492,0.9406,S,25.0,14.91,66,dose
D,356588,0.9406,S,25.0,14.91,66,dose
D,356694,0.9406,S,25.0,14.91,66,dose
D,356787,0.9406,S,25.0,14.91,66,dose
D,356881,0.9406,S,25.0,14.91,66,dose
D,356975,0.9406,S,25.0,14.91,66,dose
D,357069,0.9406,S,25.0,14.91,66,dose
D,357163,0.9406,S,25.0,14.91,66,dose
D,357257,0.9406,S,25.0,14.91,66,dose
D,357353,0.9406,S,25.0,14.91,66,dose
D,357449,0.9406,S,25.0,14.91,66,dose
D,357545,0.9406,S,25.0,14.91,66,dose
D,357641,0.9406,S,25.0,14.91,66,dose
D,357736,0.9406,S,25.0,14.91,66,dose
D,357830,0.9406,S,25.0,14.91,66,dose
D,357926,0.9406,S,25.0,14.91,66,dose
D,358022,0.9406,S,25.0,14.91,66,dose
D,358118,0.9406,S,25.0,14.91,66,dose
D,358213,0.9406,S,25.0,14.91,66,dose
D,358309,0.9406,S,25.0,14.91,66,dose
D,358405,0.9406,S,25.0,14.91,66,dose
D,358501,0.9406,S,25.0,14.91,66,dose
D,358597,0.9406,S,25.0,14.91,66,dose
D,358691,0.9406,S,25.0,14.91,66,dose
D,358787,0.9406,S,25.0,14.91,66,dose
D,358882,0.9406,S,25.0,14.91,66,dose
D,358978,0.9406,S,25.0,14.91,66,dose
D,359074,0.9406,S,25.0,14.91,66,dose
D,359170,0.9406,S,25.0,14.91,66,dose
D,359266,0.9406,S,25.0,14.91,66,dose
D,359362,0.9406,S,25.0,14.91,66,dose
D,359458,0.9406,S,25.0,14.91,66,dose
D,359552,0.9406,S,25.0,14.91,66,dose
D,359647,0.9406,S,25.0,14.91,66,dose
D,359743,0.9406,S,25.0,14.91,66,dose
D,359839,0.9406,S,25.0,14.91,66,dose
D,359935,0.9406,S,25.0,14.91,66,dose
D,360031,0.9406,S,25.0,14.91,66,dose
D,360127,0.9406,S,25.0,14.91,66,dose
D,360222,0.9406,S,25.0,14.91,66,dose
D,360318,0.9406,S,25.0,14.91,66,dose
D,360414,0.9406,S,25.0,14.91,66,dose
D,360508,0.9406,S,25.0,14.91,66,dose
D,360604,0.9406,S,25.0,14.91,66,dose
D,360699,0.9406,S,25.0,14.91,66,dose
D,360795,0.9406,S,25.0,14.91,66,dose
D,360891,0.9406,S,25.0,14.91,66,dose
D,360987,0.9406,S,25.0,14.91,66,dose
D,361083,0.9406,S,25.0,14.91,66,dose
D,361179,0.9406,S,25.0,14.91,66,dose
D,361275,0.9406,S,25.0,14.91,66,dose
D,361369,0.9406,S,25.0,14.91,66,dose
D,361464,0.9406,S,25.0,14.91,66,dose
D,361560,0.9406,S,25.0,14.91,66,dose
D,361656,0.9406,S,25.0,14.91,66,dose
D,361752,0.9406,S,25.0,14.91,66,dose
D,361848,0.9406,S,25.0,14.91,66,dose
D,361944,0.9406,S,25.0,14.91,66,dose
D,362039,0.9406,S,25.0,14.91,66,dose
D,362135,0.9406,S,25.0,14.91,66,dose
D,362229,0.9406,S,25.0,14.91,66,dose
D,362325,0.9406,S,25.0,14.91,66,dose
D,362421,0.9406,S,25.0,14.91,66,dose
D,362517,0.9406,S,25.0,14.91,66,dose
D,362622,0.9406,S,25.0,14.91,66,dose
D,362716,0.9406,S,25.0,14.91,66,dose
D,362810,0.9406,S,25.0,14.91,66,dose
D,362904,0.9406,S,25.0,14.91,66,dose
D,362998,0.9406,S,25.0,14.91,66,dose
D,363092,0.9406,S,25.0,14.91,66,dose
D,363186,0.9406,S,25.0,14.91,66,dose
D,363281,0.9406,S,25.0,14.91,66,dose
D,363377,0.9406,S,25.0,14.91,66,dose
D,363473,0.9406,S,25.0,14.91,66,dose
D,363569,0.9406,S,25.0,14.91,66,dose
D,363665,0.9406,S,25.0,14.91,66,dose
D,363761,0.9406,S,25.0,14.91,66,dose
D,363856,0.9406,S,25.0,14.91,66,dose
D,363952,0.9406,S,25.0,14.91,66,dose
D,364046,0.9406,S,25.0,14.91,66,dose
D,364142,0.9406,S,25.0,14.91,66,dose
D,364238,0.9406,S,25.0,14.91,66,dose
D,364334,0.9406,S,25.0,14.91,66,dose
D,364430,0.9406,S,25.0,14.91,66,dose
E,364435,stall 10 s; tap burst
D,364907,0.9406,S,25.0,0.00,68,dose
D,365003,0.9406,S,25.0,14.91,68,dose
D,365099,0.9406,S,25.0,14.91,68,dose
D,365194,0.9406,S,25.0,14.91,68,dose
D,365290,0.9406,S,25.0,14.91,68,dose
D,365386,0.9406,S,25.0,14.91,68,dose
D,365482,0.9406,S,25.0,14.91,68,dose
D,365578,0.9406,S,25.0,14.91,68,dose
D,365674,0.9406,S,25.0,14.91,68,dose
D,365768,0.9406,S,25.0,14.91,68,dose
D,365863,0.9406,S,25.0,14.91,68,dose
D,365959,0.9406,S,25.0,14.91,68,dose
D,366055,0.9406,S,25.0,14.91,68,dose
D,366151,0.9406,S,25.0,14.91,68,dose
D,366247,0.9406,S,25.0,14.91,68,dose
D,366342,0.9406,S,25.0,14.91,68,dose
D,366439,0.9406,S,25.0,14.91,68,dose
D,366534,0.9406,S,25.0,14.91,68,dose
D,366630,0.9406,S,25.0,14.91,68,dose
D,366724,0.9406,S,25.0,14.91,68,dose
D,366820,0.9406,S,25.0,14.91,68,dose
D,366916,0.9406,S,25.0,14.91,68,dose
D,367012,0.9406,S,25.0,14.91,68,dose
D,367107,0.9406,S,25.0,14.91,68,dose
D,367203,0.9406,S,25.0,14.91,68,dose
D,367299,0.9406,S,25.0,14.91,68,dose
D,367395,0.9406,S,25.0,14.91,68,dose
D,367491,0.9406,S,25.0,14.91,68,dose
D,367585,0.9406,S,25.0,14.91,68,dose
D,367681,0.9406,S,25.0,14.91,68,dose
D,367776,0.9406,S,25.0,14.91,68,dose
D,367872,0.9406,S,25.0,14.91,68,dose
D,367968,0.9406,S,25.0,14.91,68,dose
D,368064,0.9406,S,25.0,14.91,68,dose
D,368160,0.9406,S,25.0,14.91,68,dose
D,368256,0.9406,S,25.0,14.91,68,dose
D,368351,0.9406,S,25.0,14.91,68,dose
D,368445,0.9406,S,25.0,14.91,68,dose
D,368541,0.9406,S,25.0,14.91,68,dose
D,368637,0.9406,S,25.0,14.91,68,dose
D,368733,0.9406,S,25.0,14.91,68,dose
D,368829,0.9406,S,25.0,14.91,68,dose
D,368934,0.9406,S,25.0,14.91,68,dose
D,369028,0.9406,S,25.0,14.91,68,dose
D,369122,0.9406,S,25.0,14.91,68,dose
D,369216,0.9406,S,25.0,14.91,68,dose
D,369310,0.9406,S,25.0,14.91,68,dose
D,369404,0.9406,S,25.0,14.91,68,dose
D,369498,0.9406,S,25.0,14.91,68,dose
D,369593,0.9406,S,25.0,14.91,68,dose
D,369689,0.9406,S,25.0,14.91,68,dose
D,369785,0.9406,S,25.0,14.91,68,dose
D,369881,0.9406,S,25.0,14.91,68,dose
D,369977,0.9406,S,25.0,14.91,68,dose
D,370073,0.9406,S,25.0,14.91,68,dose
D,370168,0.9406,S,25.0,14.91,68,dose
D,370262,0.9406,S,25.0,14.91,68,dose
D,370358,0.9406,S,25.0,14.91,68,dose
D,370454,0.9406,S,25.0,14.91,68,dose
D,370550,0.9406,S,25.0,14.91,68,dose
D,370646,0.9406,S,25.0,14.91,68,dose
D,370742,0.9406,S,25.0,14.91,68,dose
D,370837,0.9406,S,25.0,14.91,68,dose
D,370933,0.9406,S,25.0,14.91,68,dose
D,371029,0.9406,S,25.0,14.91,68,dose
D,371123,0.9406,S,25.0,14.91,68,dose
D,371219,0.9406,S,25.0,14.91,68,dose
D,371315,0.9406,S,25.0,14.91,68,dose
D,371410,0.9406,S,25.0,14.91,68,dose
D,371506,0.9406,S,25.0,14.91,68,dose
D,371602,0.9406,S,25.0,14.91,68,dose
D,371698,0.9406,S,25.0,14.91,68,dose
D,371794,0.9406,S,25.0,14.91,68,dose
D,371890,0.9406,S,25.0,14.91,68,dose
D,371985,0.9406,S,25.0,14.91,68,dose
D,372079,0.9406,S,25.0,14.91,68,dose
D,372175,0.9406,S,25.0,14.91,68,dose
D,372271,0.9406,S,25.0,14.91,68,dose
D,372367,0.9406,S,25.0,14.91,68,dose
D,372463,0.9406,S,25.0,14.91,68,dose
D,372559,0.9406,S,25.0,14.91,68,dose
D,372654,0.9406,S,25.0,14.91,68,dose
D,372750,0.9406,S,25.0,14.91,68,dose
D,372846,0.9406,S,25.0,14.91,68,dose
D,372940,0.9406,S,25.0,14.91,68,dose
D,373036,0.9406,S,25.0,14.91,68,dose
D,373132,0.9406,S,25.0,14.91,68,dose
D,373227,0.9406,S,25.0,14.91,68,dose
D,373323,0.9406,S,25.0,14.91,68,dose
D,373419,0.9406,S,25.0,14.91,68,dose
D,373515,0.9406,S,25.0,14.91,68,dose
D,373611,0.9406,S,25.0,14.91,68,dose
D,373707,0.9406,S,25.0,14.91,68,dose
D,373801,0.9406,S,25.0,14.91,68,dose
D,373896,0.9406,S,25.0,14.91,68,dose
D,373992,0.9406,S,25.0,14.91,68,dose
D,374088,0.9406,S,25.0,14.91,68,dose
D,374184,0.9406,S,25.0,14.91,68,dose
D,374280,0.9406,S,25.0,14.91,68,dose
D,374376,0.9406,S,25.0,14.91,68,dose
D,374471,0.9406,S,25.0,14.91,68,dose
E,374476,stall 10 s; tap burst
D,374949,0.9406,S,25.0,0.00,70,dose
D,375045,0.9406,S,25.0,14.91,70,dose
D,375140,0.9406,S,25.0,14.91,70,dose
D,375245,0.9406,S,25.0,14.91,70,dose
D,375339,0.9406,S,25.0,14.91,70,dose
D,375433,0.9406,S,25.0,14.91,70,dose
D,375527,0.9406,S,25.0,14.91,70,dose
D,375621,0.9406,S,25.0,14.91,70,dose
D,375715,0.9406,S,25.0,14.91,70,dose
D,375809,0.9406,S,25.0,14.91,70,dose
D,375905,0.9406,S,25.0,14.91,70,dose
D,376001,0.9406,S,25.0,14.91,70,dose
D,376097,0.9406,S,25.0,14.91,70,dose
D,376193,0.9406,S,25.0,14.91,70,dose
D,376289,0.9406,S,25.0,14.91,70,dose
D,376384,0.9406,S,25.0,14.91,70,dose
D,376478,0.9406,S,25.0,14.91,70,dose
D,376574,0.9406,S,25.0,14.91,70,dose
D,376670,0.9406,S,25.0,14.91,70,dose
D,376766,0.9406,S,25.0,14.91,70,dose
D,376862,0.9406,S,25.0,14.91,70,dose
D,376957,0.9406,S,25.0,14.91,70,dose
D,377053,0.9406,S,25.0,14.91,70,dose
D,377149,0.9406,S,25.0,14.91,70,dose
D,377245,0.9406,S,25.0,14.91,70,dose
D,377339,0.9406,S,25.0,14.91,70,dose
D,377435,0.9406,S,25.0,14.91,70,dose
D,377531,0.9406,S,25.0,14.91,70,dose
D,377627,0.9406,S,25.0,14.91,70,dose
D,377722,0.9406,S,25.0,14.91,70,dose
D,377818,0.9406,S,25.0,14.91,70,dose
D,377914,0.9406,S,25.0,14.91,70,dose
D,378010,0.9406,S,25.0,14.91,70,dose
D,378106,0.9406,S,25.0,14.91,70,dose
D,378202,0.9406,S,25.0,14.91,70,dose
D,378296,0.9406,S,25.0,14.91,70,dose
D,378391,0.9406,S,25.0,14.91,70,dose
D,378487,0.9406,S,25.0,14.91,70,dose
D,378583,0.9406,S,25.0,14.91,70,dose
D,378679,0.9406,S,25.0,14.91,70,dose
D,378775,0.9406,S,25.0,14.91,70,dose
D,378870,0.9406,S,25.0,14.91,70,dose
D,378966,0.9406,S,25.0,14.91,70,dose
D,379062,0.9406,S,25.0,14.91,70,dose
D,379156,0.9406,S,25.0,14.91,70,dose
D,379252,0.9406,S,25.0,14.91,70,dose
D,379348,0.9406,S,25.0,14.91,70,dose
D,379444,0.9406,S,25.0,14.91,70,dose
D,379539,0.9406,S,25.0,14.91,70,dose
D,379635,0.9406,S,25.0,14.91,70,dose
D,379731,0.9406,S,25.0,14.91,70,dose
D,379827,0.9406,S,25.0,14.91,70,dose
D,379923,0.9406,S,25.0,14.91,70,dose
D,380017,0.9406,S,25.0,14.91,70,dose
D,380113,0.9406,S,25.0,14.91,70,dose
D,380208,0.9406,S,25.0,14.91,70,dose
D,380304,0.9406,S,25.0,14.91,70,dose
D,380400,0.9406,S,25.0,14.91,70,dose
D,380496,0.9406,S,25.0,14.91,70,dose
D,380592,0.9406,S,25.0,14.91,70,dose
D,380688,0.9406,S,25.0,14.91,70,dose
D,380783,0.9406,S,25.0,14.91,70,dose
D,380879,0.9406,S,25.0,14.91,70,dose
D,380973,0.9406,S,25.0,14.91,70,dose
D,381069,0.9406,S,25.0,14.91,70,dose
D,381176,0.9406,S,25.0,14.91,70,dose
D,381270,0.9406,S,25.0,14.91,70,dose
D,381364,0.9406,S,25.0,14.91,70,dose
D,381458,0.9406,S,25.0,14.91,70,dose
D,381552,0.9406,S,25.0,14.91,70,dose
D,381646,0.9406,S,25.0,14.91,70,dose
D,381740,0.9406,S,25.0,14.91,70,dose
D,381834,0.9406,S,25.0,14.91,70,dose
D,381930,0.9406,S,25.0,14.91,70,dose
D,382025,0.9406,S,25.0,14.91,70,dose
D,382121,0.9406,S,25.0,14.91,70,dose
D,382217,0.9406,S,25.0,14.91,70,dose
D,382313,0.9406,S,25.0,14.91,70,dose
D,382409,0.9406,S,25.0,14.91,70,dose
D,382505,0.9406,S,25.0,14.91,70,dose
D,382600,0.9406,S,25.0,14.91,70,dose
D,382694,0.9406,S,25.0,14.91,70,dose
D,382790,0.9406,S,25.0,14.91,70,dose
D,382886,0.9406,S,25.0,14.91,70,dose
D,382982,0.9406,S,25.0,14.91,70,dose
D,383078,0.9406,S,25.0,14.91,70,dose
D,383174,0.9406,S,25.0,14.91,70,dose
D,383269,0.9406,S,25.0,14.91,70,dose
D,383365,0.9406,S,25.0,14.91,70,dose
D,383461,0.9406,S,25.0,14.91,70,dose
D,383557,0.9406,S,25.0,14.91,70,dose
D,383651,0.9406,S,25.0,14.91,70,dose
D,383747,0.9406,S,25.0,14.91,70,dose
D,383842,0.9406,S,25.0,14.91,70,dose
D,383938,0.9406,S,25.0,14.91,70,dose
D,384034,0.9406,S,25.0,14.91,70,dose
D,384130,0.9406,S,25.0,14.91,70,dose
D,384226,0.9406,S,25.0,14.91,70,dose
D,384322,0.9406,S,25.0,14.91,70,dose
D,384418,0.9406,S,25.0,14.91,70,dose
D,384512,0.9406,S,25.0,14.91,70,dose
E,384517,stall 10 s; tap burst
D,384991,0.9406,S,25.0,0.00,72,dose
D,385086,0.9406,S,25.0,14.91,72,dose
D,385182,0.9406,S,25.0,14.91,72,dose
D,385278,0.9406,S,25.0,14.91,72,dose
D,385372,0.9406,S,25.0,14.91,72,dose
D,385468,0.9406,S,25.0,14.91,72,dose
D,385564,0.9406,S,25.0,14.91,72,dose
D,385660,0.9406,S,25.0,14.91,72,dose
D,385756,0.9406,S,25.0,14.91,72,dose
D,385851,0.9406,S,25.0,14.91,72,dose
D,385947,0.9406,S,25.0,14.91,72,dose
D,386043,0.9406,S,25.0,14.91,72,dose
D,386139,0.9406,S,25.0,14.91,72,dose
D,386235,0.9406,S,25.0,14.91,72,dose
D,386329,0.9406,S,25.0,14.91,72,dose
D,386425,0.9406,S,25.0,14.91,72,dose
D,386520,0.9406,S,25.0,14.91,72,dose
D,386616,0.9406,S,25.0,14.91,72,dose
D,386712,0.9406,S,25.0,14.91,72,dose
D,386808,0.9406,S,25.0,14.91,72,dose
D,386904,0.9406,S,25.0,14.91,72,dose
D,387000,0.9406,S,25.0,14.91,72,dose
D,387095,0.9406,S,25.0,14.91,72,dose
D,387189,0.9406,S,25.0,14.91,72,dose
D,387285,0.9406,S,25.0,14.91,72,dose
D,387381,0.9406,S,25.0,14.91,72,dose
D,387488,0.9406,S,25.0,14.91,72,dose
D,387582,0.9406,S,25.0,14.91,72,dose
D,387676,0.9406,S,25.0,14.91,72,dose
D,387770,0.9406,S,25.0,14.91,72,dose
D,387864,0.9406,S,25.0,14.91,72,dose
D,387958,0.9406,S,25.0,14.91,72,dose
D,388052,0.9406,S,25.0,14.91,72,dose
D,388146,0.9406,S,25.0,14.91,72,dose
D,388242,0.9406,S,25.0,14.91,72,dose
D,388337,0.9406,S,25.0,14.91,72,dose
D,388433,0.9406,S,25.0,14.91,72,dose
D,388529,0.9406,S,25.0,14.91,72,dose
D,388625,0.9406,S,25.0,14.91,72,dose
D,388721,0.9406,S,25.0,14.91,72,dose
D,388817,0.9406,S,25.0,14.91,72,dose
D,388911,0.9406,S,25.0,14.91,72,dose
D,389006,0.9406,S,25.0,14.91,72,dose
D,389102,0.9406,S,25.0,14.91,72,dose
D,389198,0.9406,S,25.0,14.91,72,dose
D,389294,0.9406,S,25.0,14.91,72,dose
D,389390,0.9406,S,25.0,14.91,72,dose
D,389485,0.9406,S,25.0,14.91,72,dose
D,389581,0.9406,S,25.0,14.91,72,dose
D,389677,0.9406,S,25.0,14.91,72,dose
D,389773,0.9406,S,25.0,14.91,72,dose
D,389867,0.9406,S,25.0,14.91,72,dose
D,389963,0.9406,S,25.0,14.91,72,dose
D,390059,0.9406,S,25.0,14.91,72,dose
D,390154,0.9406,S,25.0,14.91,72,dose
D,390250,0.9406,S,25.0,14.91,72,dose
D,390346,0.9406,S,25.0,14.91,72,dose
D,390442,0.9406,S,25.0,14.91,72,dose
D,390538,0.9406,S,25.0,14.91,72,dose
D,390634,0.9406,S,25.0,14.91,72,dose
D,390728,0.9406,S,25.0,14.91,72,dose
D,390823,0.9406,S,25.0,14.91,72,dose
D,390919,0.9406,S,25.0,14.91,72,dose
D,391015,0.9406,S,25.0,14.91,72,dose
D,391111,0.9406,S,25.0,14.91,72,dose
D,391207,0.9406,S,25.0,14.91,72,dose
D,391303,0.9406,S,25.0,14.91,72,dose
D,391398,0.9406,S,25.0,14.91,72,dose
D,391494,0.9406,S,25.0,14.91,72,dose
D,391588,0.9406,S,25.0,14.91,72,dose
D,391684,0.9406,S,25.0,14.91,72,dose
D,391780,0.9406,S,25.0,14.91,72,dose
D,391876,0.9406,S,25.0,14.91,72,dose
D,391971,0.9406,S,25.0,14.91,72,dose
D,392067,0.9406,S,25.0,14.91,72,dose
D,392163,0.9406,S,25.0,14.91,72,dose
D,392259,0.9406,S,25.0,14.91,72,dose
D,392355,0.9406,S,25.0,14.91,72,dose
D,392451,0.9406,S,25.0,14.91,72,dose
D,392545,0.9406,S,25.0,14.91,72,dose
D,392640,0.9406,S,25.0,14.91,72,dose
D,392736,0.9406,S,25.0,14.91,72,dose
D,392832,0.9406,S,25.0,14.91,72,dose
D,392928,0.9406,S,25.0,14.91,72,dose
D,393024,0.9406,S,25.0,14.91,72,dose
D,393120,0.9406,S,25.0,14.91,72,dose
D,393215,0.9406,S,25.0,14.91,72,dose
D,393311,0.9406,S,25.0,14.91,72,dose
D,393417,0.9406,S,25.0,14.91,72,dose
D,393510,0.9406,S,25.0,14.91,72,dose
D,393604,0.9406,S,25.0,14.91,72,dose
D,393698,0.9406,S,25.0,14.91,72,dose
D,393792,0.9406,S,25.0,14.91,72,dose
D,393886,0.9406,S,25.0,14.91,72,dose
D,393980,0.9406,S,25.0,14.91,72,dose
D,394076,0.9406,S,25.0,14.91,72,dose
D,394172,0.9406,S,25.0,14.91,72,dose
D,394266,0.9406,S,25.0,14.91,72,dose
D,394362,0.9406,S,25.0,14.91,72,dose
D,394458,0.9406,S,25.0,14.91,72,dose
D,394554,0.9406,S,25.0,14.91,72,dose
E,394559,stall 10 s; tap burst
D,395033,0.9406,S,25.0,0.00,74,dose
D,395128,0.9406,S,25.0,14.91,74,dose
D,395222,0.9406,S,25.0,14.91,74,dose
D,395318,0.9406,S,25.0,14.91,74,dose
D,395414,0.9406,S,25.0,14.91,74,dose
D,395510,0.9406,S,25.0,14.91,74,dose
D,395606,0.9406,S,25.0,14.91,74,dose
D,395701,0.9406,S,25.0,14.91,74,dose
D,395797,0.9406,S,25.0,14.91,74,dose
D,395893,0.9406,S,25.0,14.91,74,dose
D,395989,0.9406,S,25.0,14.91,74,dose
D,396083,0.9406,S,25.0,14.91,74,dose
D,396179,0.9406,S,25.0,14.91,74,dose
D,396275,0.9406,S,25.0,14.91,74,dose
D,396371,0.9406,S,25.0,14.91,74,dose
D,396466,0.9406,S,25.0,14.91,74,dose
D,396562,0.9406,S,25.0,14.91,74,dose
D,396658,0.9406,S,25.0,14.91,74,dose
D,396754,0.9406,S,25.0,14.91,74,dose
D,396850,0.9406,S,25.0,14.91,74,dose
D,396944,0.9406,S,25.0,14.91,74,dose
D,397039,0.9406,S,25.0,14.91,74,dose
D,397135,0.9406,S,25.0,14.91,74,dose
D,397231,0.9406,S,25.0,14.91,74,dose
D,397327,0.9406,S,25.0,14.91,74,dose
D,397423,0.9406,S,25.0,14.91,74,dose
D,397519,0.9406,S,25.0,14.91,74,dose
D,397615,0.9406,S,25.0,14.91,74,dose
D,397710,0.9406,S,25.0,14.91,74,dose
D,397806,0.9406,S,25.0,14.91,74,dose
D,397900,0.9406,S,25.0,14.91,74,dose
D,397996,0.9406,S,25.0,14.91,74,dose
D,398092,0.9406,S,25.0,14.91,74,dose
D,398188,0.9406,S,25.0,14.91,74,dose
D,398283,0.9406,S,25.0,14.91,74,dose
D,398379,0.9406,S,25.0,14.91,74,dose
D,398475,0.9406,S,25.0,14.91,74,dose
D,398571,0.9406,S,25.0,14.91,74,dose
D,398667,0.9406,S,25.0,14.91,74,dose
D,398761,0.9406,S,25.0,14.91,74,dose
D,398856,0.9406,S,25.0,14.91,74,dose
D,398952,0.9406,S,25.0,14.91,74,dose
D,399048,0.9406,S,25.0,14.91,74,dose
D,399144,0.9406,S,25.0,14.91,74,dose
D,399240,0.9406,S,25.0,14.91,74,dose
D,399336,0.9406,S,25.0,14.91,74,dose
D,399432,0.9406,S,25.0,14.91,74,dose
D,399527,0.9406,S,25.0,14.91,74,dose
D,399621,0.9406,S,25.0,14.91,74,dose
D,399728,0.9406,S,25.0,14.91,74,dose
D,399822,0.9406,S,25.0,14.91,74,dose
D,399916,0.9406,S,25.0,14.91,74,dose
D,400010,0.9406,S,25.0,14.91,74,dose
D,400104,0.9406,S,25.0,14.91,74,dose
D,400198,0.9406,S,25.0,14.91,74,dose
D,400292,0.9406,S,25.0,14.91,74,dose
D,400388,0.9406,S,25.0,14.91,74,dose
D,400482,0.9406,S,25.0,14.91,74,dose
D,400578,0.9406,S,25.0,14.91,74,dose
D,400674,0.9406,S,25.0,14.91,74,dose
D,400769,0.9406,S,25.0,14.91,74,dose
D,400865,0.9406,S,25.0,14.91,74,dose
D,400961,0.9406,S,25.0,14.91,74,dose
D,401057,0.9406,S,25.0,14.91,74,dose
D,401153,0.9406,S,25.0,14.91,74,dose
D,401249,0.9406,S,25.0,14.91,74,dose
D,401344,0.9406,S,25.0,14.91,74,dose
D,401438,0.9406,S,25.0,14.91,74,dose
D,401534,0.9406,S,25.0,14.91,74,dose
D,401630,0.9406,S,25.0,14.91,74,dose
D,401726,0.9406,S,25.0,14.91,74,dose
D,401822,0.9406,S,25.0,14.91,74,dose
D,401918,0.9406,S,25.0,14.91,74,dose
D,402013,0.9406,S,25.0,14.91,74,dose
D,402109,0.9406,S,25.0,14.91,74,dose
D,402205,0.9406,S,25.0,14.91,74,dose
D,402299,0.9406,S,25.0,14.91,74,dose
D,402395,0.9406,S,25.0,14.91,74,dose
D,402491,0.9406,S,25.0,14.91,74,dose
D,402586,0.9406,S,25.0,14.91,74,dose
D,402682,0.9406,S,25.0,14.91,74,dose
D,402778,0.9406,S,25.0,14.91,74,dose
D,402874,0.9406,S,25.0,14.91,74,dose
D,402970,0.9406,S,25.0,14.91,74,dose
D,403066,0.9406,S,25.0,14.91,74,dose
D,403160,0.9406,S,25.0,14.91,74,dose
D,403255,0.9406,S,25.0,14.91,74,dose
D,403351,0.9406,S,25.0,14.91,74,dose
D,403447,0.9406,S,25.0,14.91,74,dose
D,403543,0.9406,S,25.0,14.91,74,dose
D,403639,0.9406,S,25.0,14.91,74,dose
D,403735,0.9406,S,25.0,14.91,74,dose
D,403831,0.9406,S,25.0,14.91,74,dose
D,403926,0.9406,S,25.0,14.91,74,dose
D,404022,0.9406,S,25.0,14.91,74,dose
D,404116,0.9406,S,25.0,14.91,74,dose
D,404212,0.9406,S,25.0,14.91,74,dose
D,404308,0.9406,S,25.0,14.91,74,dose
D,404404,0.9406,S,25.0,14.91,74,dose
D,404499,0.9406,S,25.0,14.91,74,dose
D,404596,0.9406,S,25.0,14.91,74,dose
E,404601,stall 10 s; tap burst
D,405072,0.9406,S,25.0,0.00,76,dose
D,405169,0.9406,S,25.0,14.91,76,dose
D,405264,0.9406,S,25.0,14.91,76,dose
D,405360,0.9406,S,25.0,14.91,76,dose
D,405456,0.9406,S,25.0,14.91,76,dose
D,405552,0.9406,S,25.0,14.91,76,dose
D,405648,0.9406,S,25.0,14.91,76,dose
D,405744,0.9406,S,25.0,14.91,76,dose
D,405838,0.9406,S,25.0,14.91,76,dose
D,405933,0.9406,S,25.0,14.91,76,dose
D,406029,0.9406,S,25.0,14.91,76,dose
D,406134,0.9406,S,25.0,14.91,76,dose
D,406228,0.9406,S,25.0,14.91,76,dose
D,406322,0.9406,S,25.0,14.91,76,dose
D,406416,0.9406,S,25.0,14.91,76,dose
D,406510,0.9406,S,25.0,14.91,76,dose
D,406604,0.9406,S,25.0,14.91,76,dose
D,406700,0.9406,S,25.0,14.91,76,dose
D,406794,0.9406,S,25.0,14.91,76,dose
D,406890,0.9406,S,25.0,14.91,76,dose
D,406986,0.9406,S,25.0,14.91,76,dose
D,407081,0.9406,S,25.0,14.91,76,dose
D,407177,0.9406,S,25.0,14.91,76,dose
D,407273,0.9406,S,25.0,14.91,76,dose
D,407369,0.9406,S,25.0,14.91,76,dose
D,407465,0.9406,S,25.0,14.91,76,dose
D,407561,0.9406,S,25.0,14.91,76,dose
D,407655,0.9406,S,25.0,14.91,76,dose
D,407750,0.9406,S,25.0,14.91,76,dose
D,407846,0.9406,S,25.0,14.91,76,dose
D,407942,0.9406,S,25.0,14.91,76,dose
D,408038,0.9406,S,25.0,14.91,76,dose
D,408134,0.9406,S,25.0,14.91,76,dose
D,408229,0.9406,S,25.0,14.91,76,dose
D,408325,0.9406,S,25.0,14.91,76,dose
D,408421,0.9406,S,25.0,14.91,76,dose
D,408515,0.9406,S,25.0,14.91,76,dose
D,408611,0.9406,S,25.0,14.91,76,dose
D,408707,0.9406,S,25.0,14.91,76,dose
D,408803,0.9406,S,25.0,14.91,76,dose
D,408898,0.9406,S,25.0,14.91,76,dose
D,408994,0.9406,S,25.0,14.91,76,dose
D,409090,0.9406,S,25.0,14.91,76,dose
D,409186,0.9406,S,25.0,14.91,76,dose
D,409282,0.9406,S,25.0,14.91,76,dose
D,409378,0.9406,S,25.0,14.91,76,dose
D,409472,0.9406,S,25.0,14.91,76,dose
D,409567,0.9406,S,25.0,14.91,76,dose
D,409663,0.9406,S,25.0,14.91,76,dose
D,409759,0.9406,S,25.0,14.91,76,dose
D,409855,0.9406,S,25.0,14.91,76,dose
D,409951,0.9406,S,25.0,14.91,76,dose
D,410047,0.9406,S,25.0,14.91,76,dose
D,410142,0.9406,S,25.0,14.91,76,dose
D,410238,0.9406,S,25.0,14.91,76,dose
D,410332,0.9406,S,25.0,14.91,76,dose
D,410428,0.9406,S,25.0,14.91,76,dose
D,410524,0.9406,S,25.0,14.91,76,dose
D,410620,0.9406,S,25.0,14.91,76,dose
D,410716,0.9406,S,25.0,14.91,76,dose
D,410811,0.9406,S,25.0,14.91,76,dose
D,410907,0.9406,S,25.0,14.91,76,dose
D,411003,0.9406,S,25.0,14.91,76,dose
D,411099,0.9406,S,25.0,14.91,76,dose
D,411193,0.9406,S,25.0,14.91,76,dose
D,411289,0.9406,S,25.0,14.91,76,dose
D,411384,0.9406,S,25.0,14.91,76,dose
D,411480,0.9406,S,25.0,14.91,76,dose
D,411576,0.9406,S,25.0,14.91,76,dose
D,411672,0.9406,S,25.0,14.91,76,dose
D,411768,0.9406,S,25.0,14.91,76,dose
D,411864,0.9406,S,25.0,14.91,76,dose
D,411959,0.9406,S,25.0,14.91,76,dose
D,412064,0.9406,S,25.0,14.91,76,dose
D,412158,0.9406,S,25.0,14.91,76,dose
D,412252,0.9406,S,25.0,14.91,76,dose
D,412346,0.9406,S,25.0,14.91,76,dose
D,412440,0.9406,S,25.0,14.91,76,dose
D,412534,0.9406,S,25.0,14.91,76,dose
D,412628,0.9406,S,25.0,14.91,76,dose
D,412724,0.9406,S,25.0,14.91,76,dose
D,412820,0.9406,S,25.0,14.91,76,dose
D,412916,0.9406,S,25.0,14.91,76,dose
D,413010,0.9406,S,25.0,14.91,76,dose
D,413106,0.9406,S,25.0,14.91,76,dose
D,413201,0.9406,S,25.0,14.91,76,dose
D,413297,0.9406,S,25.0,14.91,76,dose
D,413393,0.9406,S,25.0,14.91,76,dose
D,413489,0.9406,S,25.0,14.91,76,dose
D,413585,0.9406,S,25.0,14.91,76,dose
D,413681,0.9406,S,25.0,14.91,76,dose
D,413777,0.9406,S,25.0,14.91,76,dose
D,413871,0.9406,S,25.0,14.91,76,dose
D,413966,0.9406,S,25.0,14.91,76,dose
D,414062,0.9406,S,25.0,14.91,76,dose
D,414158,0.9406,S,25.0,14.91,76,dose
D,414254,0.9406,S,25.0,14.91,76,dose
D,414350,0.9406,S,25.0,14.91,76,dose
D,414445,0.9406,S,25.0,14.91,76,dose
D,414541,0.9406,S,25.0,14.91,76,dose
D,414637,0.9406,S,25.0,14.91,76,dose
E,414642,stall 10 s; tap burst
D,415114,0.9406,S,25.0,0.00,78,dose
D,415210,0.9406,S,25.0,14.91,78,dose
D,415306,0.9406,S,25.0,14.91,78,dose
D,415402,0.9406,S,25.0,14.91,78,dose
D,415498,0.9406,S,25.0,14.91,78,dose
D,415594,0.9406,S,25.0,14.91,78,dose
D,415688,0.9406,S,25.0,14.91,78,dose
D,415783,0.9406,S,25.0,14.91,78,dose
D,415879,0.9406,S,25.0,14.91,78,dose
D,415975,0.9406,S,25.0,14.91,78,dose
D,416071,0.9406,S,25.0,14.91,78,dose
D,416167,0.9406,S,25.0,14.91,78,dose
D,416263,0.9406,S,25.0,14.91,78,dose
D,416359,0.9406,S,25.0,14.91,78,dose
D,416454,0.9406,S,25.0,14.91,78,dose
D,416548,0.9406,S,25.0,14.91,78,dose
D,416644,0.9406,S,25.0,14.91,78,dose
D,416740,0.9406,S,25.0,14.91,78,dose
D,416836,0.9406,S,25.0,14.91,78,dose
D,416932,0.9406,S,25.0,14.91,78,dose
D,417027,0.9406,S,25.0,14.91,78,dose
D,417123,0.9406,S,25.0,14.91,78,dose
D,417219,0.9406,S,25.0,14.91,78,dose
D,417315,0.9406,S,25.0,14.91,78,dose
D,417409,0.9406,S,25.0,14.91,78,dose
D,417505,0.9406,S,25.0,14.91,78,dose
D,417600,0.9406,S,25.0,14.91,78,dose
D,417696,0.9406,S,25.0,14.91,78,dose
D,417792,0.9406,S,25.0,14.91,78,dose
D,417888,0.9406,S,25.0,14.91,78,dose
D,417984,0.9406,S,25.0,14.91,78,dose
D,418080,0.9406,S,25.0,14.91,78,dose
D,418176,0.9406,S,25.0,14.91,78,dose
D,418272,0.9406,S,25.0,14.91,78,dose
D,418377,0.9406,S,25.0,14.91,78,dose
D,418471,0.9406,S,25.0,14.91,78,dose
D,418565,0.9406,S,25.0,14.91,78,dose
D,418659,0.9406,S,25.0,14.91,78,dose
D,418753,0.9406,S,25.0,14.91,78,dose
D,418847,0.9406,S,25.0,14.91,78,dose
D,418941,0.9406,S,25.0,14.91,78,dose
D,419036,0.9406,S,25.0,14.91,78,dose
D,419132,0.9406,S,25.0,14.91,78,dose
D,419226,0.9406,S,25.0,14.91,78,dose
D,419322,0.9406,S,25.0,14.91,78,dose
D,419418,0.9406,S,25.0,14.91,78,dose
D,419513,0.9406,S,25.0,14.91,78,dose
D,419609,0.9406,S,25.0,14.91,78,dose
D,419705,0.9406,S,25.0,14.91,78,dose
D,419801,0.9406,S,25.0,14.91,78,dose
D,419897,0.9406,S,25.0,14.91,78,dose
D,419993,0.9406,S,25.0,14.91,78,dose
D,420087,0.9406,S,25.0,14.91,78,dose
D,420182,0.9406,S,25.0,14.91,78,dose
D,420278,0.9406,S,25.0,14.91,78,dose
D,420374,0.9406,S,25.0,14.91,78,dose
D,420470,0.9406,S,25.0,14.91,78,dose
D,420566,0.9406,S,25.0,14.91,78,dose
D,420662,0.9406,S,25.0,14.91,78,dose
D,420757,0.9406,S,25.0,14.91,78,dose
D,420853,0.9406,S,25.0,14.91,78,dose
D,420949,0.9406,S,25.0,14.91,78,dose
D,421043,0.9406,S,25.0,14.91,78,dose
D,421139,0.9406,S,25.0,14.91,78,dose
D,421235,0.9406,S,25.0,14.91,78,dose
D,421331,0.9406,S,25.0,14.91,78,dose
D,421426,0.9406,S,25.0,14.91,78,dose
D,421522,0.9406,S,25.0,14.91,78,dose
D,421618,0.9406,S,25.0,14.91,78,dose
D,421714,0.9406,S,25.0,14.91,78,dose
D,421810,0.9406,S,25.0,14.91,78,dose
D,421904,0.9406,S,25.0,14.91,78,dose
D,421999,0.9406,S,25.0,14.91,78,dose
D,422095,0.9406,S,25.0,14.91,78,dose
D,422191,0.9406,S,25.0,14.91,78,dose
D,422287,0.9406,S,25.0,14.91,78,dose
D,422383,0.9406,S,25.0,14.91,78,dose
D,422479,0.9406,S,25.0,14.91,78,dose
D,422574,0.9406,S,25.0,14.91,78,dose
D,422670,0.9406,S,25.0,14.91,78,dose
D,422764,0.9406,S,25.0,14.91,78,dose
D,422860,0.9406,S,25.0,14.91,78,dose
D,422956,0.9406,S,25.0,14.91,78,dose
D,423052,0.9406,S,25.0,14.91,78,dose
D,423148,0.9406,S,25.0,14.91,78,dose
D,423243,0.9406,S,25.0,14.91,78,dose
D,423339,0.9406,S,25.0,14.91,78,dose
D,423435,0.9406,S,25.0,14.91,78,dose
D,423531,0.9406,S,25.0,14.91,78,dose
D,423625,0.9406,S,25.0,14.91,78,dose
D,423721,0.9406,S,25.0,14.91,78,dose
D,423816,0.9406,S,25.0,14.91,78,dose
D,423912,0.9406,S,25.0,14.91,78,dose
D,424008,0.9406,S,25.0,14.91,78,dose
D,424104,0.9406,S,25.0,14.91,78,dose
D,424200,0.9406,S,25.0,14.91,78,dose
D,424305,0.9406,S,25.0,14.91,78,dose
D,424399,0.9406,S,25.0,14.91,78,dose
D,424493,0.9406,S,25.0,14.91,78,dose
D,424587,0.9406,S,25.0,14.91,78,dose
D,424681,0.9406,S,25.0,14.91,78,dose
E,424686,stall 10 s; tap burst
D,425156,0.9406,S,25.0,0.00,80,dose
D,425252,0.9406,S,25.0,14.91,80,dose
D,425348,0.9406,S,25.0,14.91,80,dose
D,425442,0.9406,S,25.0,14.91,80,dose
D,425538,0.9406,S,25.0,14.91,80,dose
D,425634,0.9406,S,25.0,14.91,80,dose
D,425730,0.9406,S,25.0,14.91,80,dose
D,425825,0.9406,S,25.0,14.91,80,dose
D,425921,0.9406,S,25.0,14.91,80,dose
D,426017,0.9406,S,25.0,14.91,80,dose
D,426113,0.9406,S,25.0,14.91,80,dose
D,426209,0.9406,S,25.0,14.91,80,dose
D,426303,0.9406,S,25.0,14.91,80,dose
D,426399,0.9406,S,25.0,14.91,80,dose
D,426494,0.9406,S,25.0,14.91,80,dose
D,426590,0.9406,S,25.0,14.91,80,dose
D,426686,0.9406,S,25.0,14.91,80,dose
D,426782,0.9406,S,25.0,14.91,80,dose
D,426878,0.9406,S,25.0,14.91,80,dose
D,426974,0.9406,S,25.0,14.91,80,dose
D,427069,0.9406,S,25.0,14.91,80,dose
D,427165,0.9406,S,25.0,14.91,80,dose
D,427259,0.9406,S,25.0,14.91,80,dose
D,427355,0.9406,S,25.0,14.91,80,dose
D,427451,0.9406,S,25.0,14.91,80,dose
D,427547,0.9406,S,25.0,14.91,80,dose
D,427642,0.9406,S,25.0,14.91,80,dose
D,427738,0.9406,S,25.0,14.91,80,dose
D,427834,0.9406,S,25.0,14.91,80,dose
D,427930,0.9406,S,25.0,14.91,80,dose
D,428026,0.9406,S,25.0,14.91,80,dose
D,428120,0.9406,S,25.0,14.91,80,dose
D,428215,0.9406,S,25.0,14.91,80,dose
D,428311,0.9406,S,25.0,14.91,80,dose
D,428407,0.9406,S,25.0,14.91,80,dose
D,428503,0.9406,S,25.0,14.91,80,dose
D,428599,0.9406,S,25.0,14.91,80,dose
D,428695,0.9406,S,25.0,14.91,80,dose
D,428791,0.9406,S,25.0,14.91,80,dose
D,428886,0.9406,S,25.0,14.91,80,dose
D,428980,0.9406,S,25.0,14.91,80,dose
D,429076,0.9406,S,25.0,14.91,80,dose
D,429172,0.9406,S,25.0,14.91,80,dose
D,429268,0.9406,S,25.0,14.91,80,dose
D,429364,0.9406,S,25.0,14.91,80,dose
D,429460,0.9406,S,25.0,14.91,80,dose
D,429555,0.9406,S,25.0,14.91,80,dose
D,429651,0.9406,S,25.0,14.91,80,dose
D,429747,0.9406,S,25.0,14.91,80,dose
D,429843,0.9406,S,25.0,14.91,80,dose
D,429937,0.9406,S,25.0,14.91,80,dose
D,430033,0.9406,S,25.0,14.91,80,dose
D,430128,0.9406,S,25.0,14.91,80,dose
D,430224,0.9406,S,25.0,14.91,80,dose
D,430320,0.9406,S,25.0,14.91,80,dose
D,430416,0.9406,S,25.0,14.91,80,dose
D,430512,0.9406,S,25.0,14.91,80,dose
D,430617,0.9406,S,25.0,14.91,80,dose
D,430711,0.9406,S,25.0,14.91,80,dose
D,430805,0.9406,S,25.0,14.91,80,dose
E,430810,dose timeout after 420 s
E,430813,postroll start
D,430903,0.9406,S,25.0,0.00,80,postroll
D,431097,0.9406,S,25.0,0.00,80,postroll
D,431277,0.9406,S,25.0,0.00,80,postroll
D,431372,0.9406,S,25.0,0.00,80,postroll
D,431468,0.9406,S,25.0,0.00,80,postroll
D,431564,0.9406,S,25.0,0.00,80,postroll
D,431658,0.9406,S,25.0,0.00,80,postroll
D,431754,0.9406,S,25.0,0.00,80,postroll
D,431850,0.9406,S,25.0,0.00,80,postroll
D,431945,0.9406,S,25.0,0.00,80,postroll
D,432041,0.9406,S,25.0,0.00,80,postroll
D,432137,0.9406,S,25.0,0.00,80,postroll
D,432233,0.9406,S,25.0,0.00,80,postroll
D,432329,0.9406,S,25.0,0.00,80,postroll
D,432425,0.9406,S,25.0,0.00,80,postroll
D,432521,0.9406,S,25.0,0.00,80,postroll
D,432614,0.9406,S,25.0,0.00,80,postroll
D,432710,0.9406,S,25.0,0.00,80,postroll
D,432806,0.9406,S,25.0,0.00,80,postroll
D,432902,0.9406,S,25.0,0.00,80,postroll
D,432998,0.9406,S,25.0,0.00,80,postroll
D,433094,0.9406,S,25.0,0.00,80,postroll
D,433189,0.9406,S,25.0,0.00,80,postroll
D,433285,0.9406,S,25.0,0.00,80,postroll
D,433381,0.9406,S,25.0,0.00,80,postroll
D,433475,0.9406,S,25.0,0.00,80,postroll
D,433571,0.9406,S,25.0,0.00,80,postroll
D,433667,0.9406,S,25.0,0.00,80,postroll
D,433763,0.9406,S,25.0,0.00,80,postroll
D,433858,0.9406,S,25.0,0.00,80,postroll
D,433954,0.9406,S,25.0,0.00,80,postroll
D,434050,0.9406,S,25.0,0.00,80,postroll
D,434146,0.9406,S,25.0,0.00,80,postroll
D,434242,0.9406,S,25.0,0.00,80,postroll
D,434336,0.9406,S,25.0,0.00,80,postroll
D,434431,0.9406,S,25.0,0.00,80,postroll
D,434528,0.9406,S,25.0,0.00,80,postroll
D,434623,0.9406,S,25.0,0.00,80,postroll
D,434719,0.9406,S,25.0,0.00,80,postroll
D,434815,0.9406,S,25.0,0.00,80,postroll
D,434911,0.9406,S,25.0,0.00,80,postroll
D,435007,0.9406,S,25.0,0.00,80,postroll
D,435102,0.9406,S,25.0,0.00,80,postroll
D,435198,0.9406,S,25.0,0.00,80,postroll
D,435292,0.9406,S,25.0,0.00,80,postroll
D,435388,0.9406,S,25.0,0.00,80,postroll
D,435484,0.9406,S,25.0,0.00,80,postroll
D,435580,0.9406,S,25.0,0.00,80,postroll
D,435676,0.9406,S,25.0,0.00,80,postroll
D,435772,0.9406,S,25.0,0.00,80,postroll
D,435867,0.9406,S,25.0,0.00,80,postroll
D,435963,0.9406,S,25.0,0.00,80,postroll
D,436059,0.9406,S,25.0,0.00,80,postroll
D,436153,0.9406,S,25.0,0.00,80,postroll
D,436249,0.9406,S,25.0,0.00,80,postroll
D,436345,0.9406,S,25.0,0.00,80,postroll
D,436440,0.9406,S,25.0,0.00,80,postroll
D,436536,0.9406,S,25.0,0.00,80,postroll
D,436632,0.9406,S,25.0,0.00,80,postroll
D,436728,0.9406,S,25.0,0.00,80,postroll
D,436824,0.9406,S,25.0,0.00,80,postroll
D,436919,0.9406,S,25.0,0.00,80,postroll
D,437013,0.9406,S,25.0,0.00,80,postroll
D,437109,0.9406,S,25.0,0.00,80,postroll
D,437205,0.9406,S,25.0,0.00,80,postroll
D,437301,0.9406,S,25.0,0.00,80,postroll
D,437397,0.9406,S,25.0,0.00,80,postroll
D,437493,0.9406,S,25.0,0.00,80,postroll
D,437589,0.9406,S,25.0,0.00,80,postroll
D,437684,0.9406,S,25.0,0.00,80,postroll
D,437780,0.9406,S,25.0,0.00,80,postroll
D,437874,0.9406,S,25.0,0.00,80,postroll
D,437970,0.9406,S,25.0,0.00,80,postroll
D,438066,0.9406,S,25.0,0.00,80,postroll
D,438162,0.9406,S,25.0,0.00,80,postroll
D,438257,0.9406,S,25.0,0.00,80,postroll
D,438353,0.9406,S,25.0,0.00,80,postroll
D,438449,0.9406,S,25.0,0.00,80,postroll
D,438545,0.9406,S,25.0,0.00,80,postroll
D,438641,0.9406,S,25.0,0.00,80,postroll
D,438737,0.9406,S,25.0,0.00,80,postroll
D,438831,0.9406,S,25.0,0.00,80,postroll
D,438926,0.9406,S,25.0,0.00,80,postroll
D,439022,0.9406,S,25.0,0.00,80,postroll
D,439118,0.9406,S,25.0,0.00,80,postroll
D,439214,0.9406,S,25.0,0.00,80,postroll
D,439310,0.9406,S,25.0,0.00,80,postroll
D,439406,0.9406,S,25.0,0.00,80,postroll
D,439501,0.9406,S,25.0,0.00,80,postroll
D,439597,0.9406,S,25.0,0.00,80,postroll
D,439691,0.9406,S,25.0,0.00,80,postroll
D,439787,0.9406,S,25.0,0.00,80,postroll
D,439883,0.9406,S,25.0,0.00,80,postroll
D,439979,0.9406,S,25.0,0.00,80,postroll
D,440075,0.9406,S,25.0,0.00,80,postroll
D,440170,0.9406,S,25.0,0.00,80,postroll
D,440266,0.9406,S,25.0,0.00,80,postroll
D,440362,0.9406,S,25.0,0.00,80,postroll
D,440458,0.9406,S,25.0,0.00,80,postroll
D,440552,0.9406,S,25.0,0.00,80,postroll
D,440648,0.9406,S,25.0,0.00,80,postroll
D,440743,0.9406,S,25.0,0.00,80,postroll
D,440839,0.9406,S,25.0,0.00,80,postroll
D,440935,0.9406,S,25.0,0.00,80,home
D,441031,0.9406,S,22.0,0.00,80,home
D,441127,0.9406,S,19.0,0.00,80,home
D,441223,0.9406,S,16.0,0.00,80,home
D,441318,0.9406,S,13.0,0.00,80,home
D,441414,0.9406,S,10.0,0.00,80,home
D,441508,0.9406,S,7.0,0.00,80,home
D,441604,0.9406,S,4.0,0.00,80,home
D,441700,0.9406,S,1.0,0.00,80,home
E,441798,final stable weigh: 0.9406 g
SUMMARY,status=timeout,final_g=0.9406,target_g=1.0000,taps=80
