M,experiment,tap-characterization
M,powder_id,salt
M,angles_plate_deg,0.0|10.0|18.0|25.0
M,reps,3
M,prime_deg,360.0
M,prime_rpm,30.0
M,n_ctrl,3
M,n_taps,10
M,n_post,2
M,tap_count_per_event,1
M,tap_on_ms,60
M,tap_pwm_duty,1.0
M,tail_ms,1500
E,24,zeroing scale (single tare for the whole session)
E,637,=== trial 1 : angle 0.0 plate deg, rep 1 ===
P,2535,1,0.0,1,0,base,0.0000
E,2539,prime rotate 360 deg @ 30 rpm
D,6849,1,0,prime,0.0140,S
D,7029,1,0,prime,0.0140,S
D,7124,1,0,prime,0.0140,S
D,7220,1,0,prime,0.0140,S
D,7316,1,0,prime,0.0140,S
D,7412,1,0,prime,0.0140,S
D,7508,1,0,prime,0.0140,S
D,7604,1,0,prime,0.0140,S
D,7700,1,0,prime,0.0140,S
D,7794,1,0,prime,0.0140,S
D,7889,1,0,prime,0.0140,S
D,7985,1,0,prime,0.0140,S
D,8081,1,0,prime,0.0140,S
D,8177,1,0,prime,0.0140,S
D,8273,1,0,prime,0.0140,S
D,8369,1,0,prime,0.0140,S
D,8465,1,0,prime,0.0140,S
D,8560,1,0,prime,0.0140,S
D,8656,1,0,prime,0.0140,S
D,8750,1,0,prime,0.0140,S
D,8846,1,0,prime,0.0140,S
D,8942,1,0,prime,0.0140,S
D,9038,1,0,prime,0.0140,S
D,9134,1,0,prime,0.0140,S
D,9229,1,0,prime,0.0140,S
D,9325,1,0,prime,0.0140,S
D,9421,1,0,prime,0.0140,S
D,9517,1,0,prime,0.0140,S
D,9611,1,0,prime,0.0140,S
D,9707,1,0,prime,0.0140,S
P,10480,1,0.0,1,0,prime,0.0140
D,10572,1,1,ctrl,0.0140,S
D,10664,1,1,ctrl,0.0140,S
D,10759,1,1,ctrl,0.0140,S
D,10855,1,1,ctrl,0.0140,S
D,10951,1,1,ctrl,0.0140,S
D,11047,1,1,ctrl,0.0140,S
D,11143,1,1,ctrl,0.0140,S
D,11239,1,1,ctrl,0.0140,S
D,11335,1,1,ctrl,0.0140,S
D,11429,1,1,ctrl,0.0140,S
D,11524,1,1,ctrl,0.0140,S
D,11620,1,1,ctrl,0.0140,S
D,11716,1,1,ctrl,0.0140,S
D,11812,1,1,ctrl,0.0140,S
D,11908,1,1,ctrl,0.0140,S
D,12004,1,1,ctrl,0.0140,S
P,12777,1,0.0,1,1,ctrl,0.0140
D,12870,1,2,ctrl,0.0140,S
D,12960,1,2,ctrl,0.0140,S
D,13056,1,2,ctrl,0.0140,S
D,13150,1,2,ctrl,0.0140,S
D,13246,1,2,ctrl,0.0140,S
D,13342,1,2,ctrl,0.0140,S
D,13438,1,2,ctrl,0.0140,S
D,13533,1,2,ctrl,0.0140,S
D,13629,1,2,ctrl,0.0140,S
D,13725,1,2,ctrl,0.0140,S
D,13821,1,2,ctrl,0.0140,S
D,13917,1,2,ctrl,0.0140,S
D,14011,1,2,ctrl,0.0140,S
D,14106,1,2,ctrl,0.0140,S
D,14202,1,2,ctrl,0.0140,S
D,14298,1,2,ctrl,0.0140,S
P,15071,1,0.0,1,2,ctrl,0.0140
D,15164,1,3,ctrl,0.0140,S
D,15255,1,3,ctrl,0.0140,S
D,15350,1,3,ctrl,0.0140,S
D,15446,1,3,ctrl,0.0140,S
D,15542,1,3,ctrl,0.0140,S
D,15638,1,3,ctrl,0.0140,S
D,15734,1,3,ctrl,0.0140,S
D,15828,1,3,ctrl,0.0140,S
D,15924,1,3,ctrl,0.0140,S
D,16019,1,3,ctrl,0.0140,S
D,16115,1,3,ctrl,0.0140,S
D,16211,1,3,ctrl,0.0140,S
D,16307,1,3,ctrl,0.0140,S
D,16403,1,3,ctrl,0.0140,S
D,16499,1,3,ctrl,0.0140,S
D,16594,1,3,ctrl,0.0140,S
P,17367,1,0.0,1,3,ctrl,0.0140
E,17370,tap 1 (single pulse, 60 ms)
D,17459,1,1,tap,0.0140,S
D,17551,1,1,tap,0.0140,S
D,17645,1,1,tap,0.0140,S
D,17741,1,1,tap,0.0140,S
D,17836,1,1,tap,0.0140,S
D,17932,1,1,tap,0.0140,S
D,18028,1,1,tap,0.0140,S
D,18124,1,1,tap,0.0140,S
D,18220,1,1,tap,0.0140,S
D,18316,1,1,tap,0.0140,S
D,18412,1,1,tap,0.0140,S
D,18505,1,1,tap,0.0140,S
D,18601,1,1,tap,0.0145,U
D,18697,1,1,tap,0.0146,U
D,18803,1,1,tap,0.0148,U
D,18984,1,1,tap,0.0150,U
P,20517,1,0.0,1,1,tap,0.0163
E,20520,tap 2 (single pulse, 60 ms)
D,20609,1,2,tap,0.0163,S
D,20705,1,2,tap,0.0163,S
D,20801,1,2,tap,0.0163,S
D,20897,1,2,tap,0.0163,S
D,20992,1,2,tap,0.0162,S
D,21088,1,2,tap,0.0163,S
D,21182,1,2,tap,0.0163,S
D,21278,1,2,tap,0.0163,S
D,21374,1,2,tap,0.0163,S
D,21470,1,2,tap,0.0164,U
D,21565,1,2,tap,0.0166,U
D,21663,1,2,tap,0.0167,U
D,21757,1,2,tap,0.0168,U
D,21853,1,2,tap,0.0170,U
D,21949,1,2,tap,0.0171,U
D,22043,1,2,tap,0.0172,U
P,23766,1,0.0,1,2,tap,0.0188
E,23769,tap 3 (single pulse, 60 ms)
D,23860,1,3,tap,0.0188,S
D,23956,1,3,tap,0.0188,S
D,24051,1,3,tap,0.0188,S
D,24147,1,3,tap,0.0188,S
D,24243,1,3,tap,0.0188,S
D,24339,1,3,tap,0.0188,S
D,24435,1,3,tap,0.0188,S
D,24531,1,3,tap,0.0188,S
D,24627,1,3,tap,0.0189,S
D,24721,1,3,tap,0.0190,U
D,24816,1,3,tap,0.0191,U
D,24912,1,3,tap,0.0192,U
D,25008,1,3,tap,0.0194,U
D,25104,1,3,tap,0.0195,U
D,25200,1,3,tap,0.0196,U
D,25296,1,3,tap,0.0197,U
P,27017,1,0.0,1,3,tap,0.0213
E,27020,tap 4 (single pulse, 60 ms)
D,27113,1,4,tap,0.0212,S
D,27208,1,4,tap,0.0212,S
D,27304,1,4,tap,0.0212,S
D,27398,1,4,tap,0.0212,S
D,27494,1,4,tap,0.0212,S
D,27590,1,4,tap,0.0212,S
D,27686,1,4,tap,0.0212,S
D,27782,1,4,tap,0.0213,S
D,27877,1,4,tap,0.0213,S
D,27973,1,4,tap,0.0214,U
D,28069,1,4,tap,0.0215,U
D,28165,1,4,tap,0.0216,U
D,28259,1,4,tap,0.0217,U
D,28355,1,4,tap,0.0218,U
D,28450,1,4,tap,0.0219,U
D,28546,1,4,tap,0.0220,U
P,30268,1,0.0,1,4,tap,0.0236
E,30271,tap 5 (single pulse, 60 ms)
D,30364,1,5,tap,0.0236,S
D,30459,1,5,tap,0.0235,S
D,30555,1,5,tap,0.0235,S
D,30651,1,5,tap,0.0235,S
D,30747,1,5,tap,0.0235,S
D,30843,1,5,tap,0.0235,S
D,30936,1,5,tap,0.0235,S
D,31032,1,5,tap,0.0236,S
D,31128,1,5,tap,0.0236,S
D,31224,1,5,tap,0.0237,U
D,31320,1,5,tap,0.0238,U
D,31416,1,5,tap,0.0239,U
D,31512,1,5,tap,0.0240,U
D,31607,1,5,tap,0.0241,U
D,31703,1,5,tap,0.0241,U
D,31797,1,5,tap,0.0242,U
P,33329,1,0.0,1,5,tap,0.0253
E,33332,tap 6 (single pulse, 60 ms)
D,33424,1,6,tap,0.0253,S
D,33520,1,6,tap,0.0253,S
D,33614,1,6,tap,0.0253,S
D,33710,1,6,tap,0.0253,S
D,33806,1,6,tap,0.0253,S
D,33902,1,6,tap,0.0253,S
D,33998,1,6,tap,0.0253,S
D,34094,1,6,tap,0.0253,S
D,34189,1,6,tap,0.0254,S
D,34285,1,6,tap,0.0255,U
D,34381,1,6,tap,0.0256,U
D,34475,1,6,tap,0.0257,U
D,34571,1,6,tap,0.0258,U
D,34666,1,6,tap,0.0260,U
D,34762,1,6,tap,0.0261,U
D,34858,1,6,tap,0.0262,U
P,36580,1,0.0,1,6,tap,0.0276
E,36583,tap 7 (single pulse, 60 ms)
D,36675,1,7,tap,0.0277,S
D,36771,1,7,tap,0.0277,S
D,36867,1,7,tap,0.0277,S
D,36963,1,7,tap,0.0277,S
D,37063,1,7,tap,0.0277,S
D,37153,1,7,tap,0.0277,S
D,37248,1,7,tap,0.0277,S
D,37344,1,7,tap,0.0277,S
D,37440,1,7,tap,0.0277,S
D,37536,1,7,tap,0.0277,S
D,37632,1,7,tap,0.0278,S
D,37728,1,7,tap,0.0278,S
D,37823,1,7,tap,0.0279,U
D,37919,1,7,tap,0.0279,U
D,38015,1,7,tap,0.0279,U
D,38109,1,7,tap,0.0279,S
P,39451,1,0.0,1,7,tap,0.0286
E,39454,tap 8 (single pulse, 60 ms)
D,39545,1,8,tap,0.0286,S
D,39640,1,8,tap,0.0286,S
D,39736,1,8,tap,0.0286,S
D,39830,1,8,tap,0.0286,S
D,39926,1,8,tap,0.0286,S
D,40022,1,8,tap,0.0286,S
D,40118,1,8,tap,0.0286,S
D,40214,1,8,tap,0.0287,S
D,40309,1,8,tap,0.0287,S
D,40405,1,8,tap,0.0287,S
D,40501,1,8,tap,0.0288,U
D,40597,1,8,tap,0.0288,U
D,40693,1,8,tap,0.0289,U
D,40787,1,8,tap,0.0289,U
D,40882,1,8,tap,0.0290,U
D,40978,1,8,tap,0.0290,U
P,42510,1,0.0,1,8,tap,0.0297
E,42513,tap 9 (single pulse, 60 ms)
D,42604,1,9,tap,0.0297,S
D,42700,1,9,tap,0.0297,S
D,42796,1,9,tap,0.0297,S
D,42891,1,9,tap,0.0297,S
D,42987,1,9,tap,0.0297,S
D,43083,1,9,tap,0.0297,S
D,43179,1,9,tap,0.0297,S
D,43275,1,9,tap,0.0297,S
D,43369,1,9,tap,0.0297,S
D,43465,1,9,tap,0.0297,S
D,43560,1,9,tap,0.0298,S
D,43656,1,9,tap,0.0298,S
D,43752,1,9,tap,0.0298,S
D,43848,1,9,tap,0.0298,S
D,43944,1,9,tap,0.0298,S
D,44040,1,9,tap,0.0299,S
P,45192,1,0.0,1,9,tap,0.0303
E,45195,tap 10 (single pulse, 60 ms)
D,45283,1,10,tap,0.0303,S
D,45377,1,10,tap,0.0303,S
D,45473,1,10,tap,0.0303,S
D,45569,1,10,tap,0.0303,S
D,45665,1,10,tap,0.0303,S
D,45761,1,10,tap,0.0303,S
D,45857,1,10,tap,0.0303,S
D,45952,1,10,tap,0.0303,S
D,46046,1,10,tap,0.0303,S
D,46142,1,10,tap,0.0303,S
D,46238,1,10,tap,0.0304,S
D,46334,1,10,tap,0.0304,S
D,46430,1,10,tap,0.0306,U
D,46526,1,10,tap,0.0307,U
D,46621,1,10,tap,0.0308,U
D,46717,1,10,tap,0.0308,U
P,48248,1,0.0,1,10,tap,0.0316
D,48343,1,1,post,0.0316,S
D,48438,1,1,post,0.0316,S
D,48534,1,1,post,0.0316,S
D,48630,1,1,post,0.0316,S
D,48724,1,1,post,0.0316,S
D,48820,1,1,post,0.0316,S
D,48916,1,1,post,0.0316,S
D,49012,1,1,post,0.0316,S
D,49108,1,1,post,0.0316,S
D,49203,1,1,post,0.0316,S
D,49299,1,1,post,0.0316,S
D,49395,1,1,post,0.0316,S
D,49491,1,1,post,0.0316,S
D,49587,1,1,post,0.0316,S
D,49681,1,1,post,0.0316,S
D,49777,1,1,post,0.0316,S
P,50551,1,0.0,1,1,post,0.0316
D,50643,1,2,post,0.0316,S
D,50733,1,2,post,0.0316,S
D,50829,1,2,post,0.0316,S
D,50925,1,2,post,0.0316,S
D,51021,1,2,post,0.0316,S
D,51117,1,2,post,0.0316,S
D,51213,1,2,post,0.0316,S
D,51308,1,2,post,0.0316,S
D,51402,1,2,post,0.0316,S
D,51498,1,2,post,0.0316,S
D,51594,1,2,post,0.0316,S
D,51690,1,2,post,0.0316,S
D,51786,1,2,post,0.0316,S
D,51881,1,2,post,0.0316,S
D,51977,1,2,post,0.0316,S
D,52073,1,2,post,0.0316,S
P,52846,1,0.0,1,2,post,0.0316
E,52849,=== trial 2 : angle 10.0 plate deg, rep 1 ===
P,55050,2,10.0,1,0,base,0.0316
E,55054,prime rotate 360 deg @ 30 rpm
D,59341,2,0,prime,0.1001,S
D,59435,2,0,prime,0.1000,S
D,59531,2,0,prime,0.1000,S
D,59626,2,0,prime,0.1000,S
D,59722,2,0,prime,0.1000,S
D,59818,2,0,prime,0.1000,S
D,59925,2,0,prime,0.1000,S
D,60106,2,0,prime,0.1000,S
D,60202,2,0,prime,0.1000,S
D,60295,2,0,prime,0.1000,S
D,60391,2,0,prime,0.1000,S
D,60487,2,0,prime,0.1000,S
D,60583,2,0,prime,0.1000,S
D,60679,2,0,prime,0.1000,S
D,60775,2,0,prime,0.1000,S
D,60871,2,0,prime,0.1000,S
D,60966,2,0,prime,0.1000,S
D,61062,2,0,prime,0.1000,S
D,61156,2,0,prime,0.1000,S
D,61252,2,0,prime,0.1000,S
D,61348,2,0,prime,0.1000,S
D,61444,2,0,prime,0.1000,S
D,61540,2,0,prime,0.1000,S
D,61635,2,0,prime,0.1000,S
D,61731,2,0,prime,0.1000,S
D,61827,2,0,prime,0.1000,S
D,61923,2,0,prime,0.1000,S
D,62019,2,0,prime,0.1000,S
D,62113,2,0,prime,0.1000,S
D,62209,2,0,prime,0.1000,S
D,62305,2,0,prime,0.1000,S
P,63078,2,10.0,1,0,prime,0.1000
D,63170,2,1,ctrl,0.1000,S
D,63261,2,1,ctrl,0.1000,S
D,63357,2,1,ctrl,0.1000,S
D,63453,2,1,ctrl,0.1000,S
D,63549,2,1,ctrl,0.1000,S
D,63645,2,1,ctrl,0.1000,S
D,63741,2,1,ctrl,0.1000,S
D,63835,2,1,ctrl,0.1000,S
D,63930,2,1,ctrl,0.1000,S
D,64026,2,1,ctrl,0.1000,S
D,64122,2,1,ctrl,0.1000,S
D,64218,2,1,ctrl,0.1000,S
D,64314,2,1,ctrl,0.1000,S
D,64410,2,1,ctrl,0.1000,S
D,64506,2,1,ctrl,0.1000,S
D,64601,2,1,ctrl,0.1000,S
P,65374,2,10.0,1,1,ctrl,0.1000
D,65466,2,2,ctrl,0.1000,S
D,65558,2,2,ctrl,0.1000,S
D,65652,2,2,ctrl,0.1000,S
D,65748,2,2,ctrl,0.1000,S
D,65844,2,2,ctrl,0.1000,S
D,65939,2,2,ctrl,0.1000,S
D,66035,2,2,ctrl,0.1000,S
D,66131,2,2,ctrl,0.1000,S
D,66227,2,2,ctrl,0.1000,S
D,66323,2,2,ctrl,0.1000,S
D,66419,2,2,ctrl,0.1000,S
D,66513,2,2,ctrl,0.1000,S
D,66608,2,2,ctrl,0.1000,S
D,66704,2,2,ctrl,0.0999,S
D,66800,2,2,ctrl,0.0999,S
D,66896,2,2,ctrl,0.0999,S
P,67669,2,10.0,1,2,ctrl,0.0999
D,67762,2,3,ctrl,0.0999,S
D,67852,2,3,ctrl,0.0999,S
D,67948,2,3,ctrl,0.0999,S
D,68044,2,3,ctrl,0.0999,S
D,68140,2,3,ctrl,0.0999,S
D,68236,2,3,ctrl,0.0999,S
D,68330,2,3,ctrl,0.0999,S
D,68425,2,3,ctrl,0.0999,S
D,68521,2,3,ctrl,0.0999,S
D,68617,2,3,ctrl,0.0999,S
D,68713,2,3,ctrl,0.0999,S
D,68809,2,3,ctrl,0.0999,S
D,68905,2,3,ctrl,0.0999,S
D,69000,2,3,ctrl,0.0999,S
D,69097,2,3,ctrl,0.0999,S
D,69190,2,3,ctrl,0.0999,S
P,69963,2,10.0,1,3,ctrl,0.0999
E,69966,tap 1 (single pulse, 60 ms)
D,70055,2,1,tap,0.0999,S
D,70147,2,1,tap,0.0999,S
D,70242,2,1,tap,0.0999,S
D,70338,2,1,tap,0.0999,S
D,70434,2,1,tap,0.0999,S
D,70530,2,1,tap,0.0999,S
D,70626,2,1,tap,0.0999,S
D,70722,2,1,tap,0.0999,S
D,70818,2,1,tap,0.0999,S
D,70913,2,1,tap,0.0999,S
D,71006,2,1,tap,0.1037,U
D,71102,2,1,tap,0.1041,U
D,71198,2,1,tap,0.1041,U
D,71293,2,1,tap,0.1040,U
D,71389,2,1,tap,0.1039,U
D,71485,2,1,tap,0.1039,U
P,72259,2,10.0,1,1,tap,0.1038
E,72261,tap 2 (single pulse, 60 ms)
D,72454,2,2,tap,0.1038,S
D,72634,2,2,tap,0.1038,S
D,72727,2,2,tap,0.1038,S
D,72823,2,2,tap,0.1038,S
D,72919,2,2,tap,0.1038,S
D,73015,2,2,tap,0.1038,S
D,73111,2,2,tap,0.1039,S
D,73207,2,2,tap,0.1041,U
D,73302,2,2,tap,0.1080,U
D,73398,2,2,tap,0.1086,U
D,73494,2,2,tap,0.1087,U
D,73590,2,2,tap,0.1086,U
D,73684,2,2,tap,0.1084,U
D,73779,2,2,tap,0.1083,U
P,74552,2,10.0,1,2,tap,0.1082
E,74555,tap 3 (single pulse, 60 ms)
D,74748,2,3,tap,0.1082,S
D,74928,2,3,tap,0.1083,S
D,75024,2,3,tap,0.1083,S
D,75120,2,3,tap,0.1083,S
D,75215,2,3,tap,0.1083,S
D,75311,2,3,tap,0.1083,S
D,75405,2,3,tap,0.1084,S
D,75501,2,3,tap,0.1084,S
D,75597,2,3,tap,0.1085,U
D,75693,2,3,tap,0.1086,U
D,75789,2,3,tap,0.1088,U
D,75885,2,3,tap,0.1089,U
D,75980,2,3,tap,0.1090,U
D,76076,2,3,tap,0.1091,U
P,77609,2,10.0,1,3,tap,0.1104
E,77612,tap 4 (single pulse, 60 ms)
D,77711,2,4,tap,0.1104,S
D,77904,2,4,tap,0.1104,S
D,78083,2,4,tap,0.1104,S
D,78179,2,4,tap,0.1104,S
D,78275,2,4,tap,0.1104,S
D,78371,2,4,tap,0.1104,S
D,78466,2,4,tap,0.1105,S
D,78562,2,4,tap,0.1106,U
D,78658,2,4,tap,0.1107,U
D,78754,2,4,tap,0.1109,U
D,78850,2,4,tap,0.1111,U
D,78945,2,4,tap,0.1112,U
D,79039,2,4,tap,0.1114,U
D,79135,2,4,tap,0.1115,U
P,80857,2,10.0,1,4,tap,0.1134
E,80860,tap 5 (single pulse, 60 ms)
D,80952,2,5,tap,0.1134,S
D,81048,2,5,tap,0.1134,S
D,81144,2,5,tap,0.1134,S
D,81240,2,5,tap,0.1134,S
D,81336,2,5,tap,0.1133,S
D,81432,2,5,tap,0.1133,S
D,81527,2,5,tap,0.1133,S
D,81621,2,5,tap,0.1134,S
D,81717,2,5,tap,0.1134,S
D,81813,2,5,tap,0.1135,U
D,81909,2,5,tap,0.1135,U
D,82005,2,5,tap,0.1136,U
D,82100,2,5,tap,0.1137,U
D,82196,2,5,tap,0.1137,U
D,82292,2,5,tap,0.1139,U
D,82388,2,5,tap,0.1139,U
P,83920,2,10.0,1,5,tap,0.1149
E,83923,tap 6 (single pulse, 60 ms)
D,84013,2,6,tap,0.1149,S
D,84110,2,6,tap,0.1149,S
D,84205,2,6,tap,0.1149,S
D,84299,2,6,tap,0.1149,S
D,84395,2,6,tap,0.1149,S
D,84491,2,6,tap,0.1149,S
D,84587,2,6,tap,0.1149,S
D,84682,2,6,tap,0.1149,S
D,84778,2,6,tap,0.1150,S
D,84874,2,6,tap,0.1151,U
D,84970,2,6,tap,0.1151,U
D,85066,2,6,tap,0.1152,U
D,85162,2,6,tap,0.1153,U
D,85256,2,6,tap,0.1154,U
D,85351,2,6,tap,0.1155,U
D,85447,2,6,tap,0.1156,U
P,86979,2,10.0,1,6,tap,0.1166
E,86982,tap 7 (single pulse, 60 ms)
D,87073,2,7,tap,0.1166,S
D,87168,2,7,tap,0.1166,S
D,87264,2,7,tap,0.1166,S
D,87360,2,7,tap,0.1166,S
D,87456,2,7,tap,0.1166,S
D,87552,2,7,tap,0.1166,S
D,87648,2,7,tap,0.1166,S
D,87744,2,7,tap,0.1166,S
D,87839,2,7,tap,0.1167,S
D,87933,2,7,tap,0.1167,S
D,88029,2,7,tap,0.1168,U
D,88125,2,7,tap,0.1169,U
D,88221,2,7,tap,0.1169,U
D,88317,2,7,tap,0.1170,U
D,88412,2,7,tap,0.1171,U
D,88508,2,7,tap,0.1171,U
P,90040,2,10.0,1,7,tap,0.1179
E,90043,tap 8 (single pulse, 60 ms)
D,90134,2,8,tap,0.1179,S
D,90229,2,8,tap,0.1179,S
D,90326,2,8,tap,0.1179,S
D,90421,2,8,tap,0.1179,S
D,90515,2,8,tap,0.1179,S
D,90611,2,8,tap,0.1179,S
D,90707,2,8,tap,0.1179,S
D,90803,2,8,tap,0.1179,S
D,90898,2,8,tap,0.1179,S
D,90994,2,8,tap,0.1180,S
D,91090,2,8,tap,0.1180,S
D,91186,2,8,tap,0.1181,U
D,91282,2,8,tap,0.1182,U
D,91378,2,8,tap,0.1183,U
D,91471,2,8,tap,0.1183,U
D,91567,2,8,tap,0.1184,U
P,93099,2,10.0,1,8,tap,0.1191
E,93102,tap 9 (single pulse, 60 ms)
D,93193,2,9,tap,0.1191,S
D,93289,2,9,tap,0.1191,S
D,93384,2,9,tap,0.1191,S
D,93480,2,9,tap,0.1191,S
D,93576,2,9,tap,0.1191,S
D,93672,2,9,tap,0.1191,S
D,93768,2,9,tap,0.1191,S
D,93864,2,9,tap,0.1191,S
D,93960,2,9,tap,0.1192,S
D,94055,2,9,tap,0.1192,S
D,94149,2,9,tap,0.1192,S
D,94245,2,9,tap,0.1192,S
D,94341,2,9,tap,0.1193,U
D,94437,2,9,tap,0.1193,S
D,94533,2,9,tap,0.1193,S
D,94629,2,9,tap,0.1193,S
P,96158,2,10.0,1,9,tap,0.1200
E,96161,tap 10 (single pulse, 60 ms)
D,96254,2,10,tap,0.1200,S
D,96350,2,10,tap,0.1200,S
D,96446,2,10,tap,0.1200,S
D,96541,2,10,tap,0.1200,S
D,96637,2,10,tap,0.1200,S
D,96733,2,10,tap,0.1200,S
D,96827,2,10,tap,0.1200,S
D,96923,2,10,tap,0.1200,S
D,97019,2,10,tap,0.1201,S
D,97114,2,10,tap,0.1202,U
D,97210,2,10,tap,0.1203,U
D,97306,2,10,tap,0.1205,U
D,97402,2,10,tap,0.1206,U
D,97498,2,10,tap,0.1207,U
D,97594,2,10,tap,0.1208,U
D,97688,2,10,tap,0.1209,U
P,99411,2,10.0,1,10,tap,0.1224
D,99505,2,1,post,0.1224,S
D,99600,2,1,post,0.1224,S
D,99696,2,1,post,0.1224,S
D,99792,2,1,post,0.1224,S
D,99888,2,1,post,0.1224,S
D,99984,2,1,post,0.1223,S
D,100080,2,1,post,0.1223,S
D,100176,2,1,post,0.1223,S
D,100271,2,1,post,0.1223,S
D,100366,2,1,post,0.1223,S
D,100461,2,1,post,0.1223,S
D,100557,2,1,post,0.1223,S
D,100653,2,1,post,0.1223,S
D,100749,2,1,post,0.1223,S
D,100845,2,1,post,0.1223,S
D,100940,2,1,post,0.1223,S
P,101715,2,10.0,1,1,post,0.1223
D,101807,2,2,post,0.1223,S
D,101897,2,2,post,0.1223,S
D,101993,2,2,post,0.1223,S
D,102087,2,2,post,0.1223,S
D,102183,2,2,post,0.1223,S
D,102279,2,2,post,0.1223,S
D,102374,2,2,post,0.1223,S
D,102470,2,2,post,0.1223,S
D,102567,2,2,post,0.1223,S
D,102662,2,2,post,0.1223,S
D,102759,2,2,post,0.1223,S
D,102854,2,2,post,0.1223,S
D,102950,2,2,post,0.1223,S
D,103044,2,2,post,0.1223,S
D,103139,2,2,post,0.1223,S
D,103235,2,2,post,0.1223,S
P,104009,2,10.0,1,2,post,0.1223
E,104011,=== trial 3 : angle 18.0 plate deg, rep 1 ===
P,106213,3,18.0,1,0,base,0.1223
E,106217,prime rotate 360 deg @ 30 rpm
D,110507,3,0,prime,0.2435,S
D,110599,3,0,prime,0.2435,S
D,110694,3,0,prime,0.2434,S
D,110790,3,0,prime,0.2434,S
D,110886,3,0,prime,0.2434,S
D,110980,3,0,prime,0.2435,S
D,111076,3,0,prime,0.2435,S
D,111172,3,0,prime,0.2435,S
D,111268,3,0,prime,0.2435,S
D,111364,3,0,prime,0.2434,S
D,111459,3,0,prime,0.2434,S
D,111555,3,0,prime,0.2434,S
D,111651,3,0,prime,0.2434,S
D,111747,3,0,prime,0.2434,S
D,111843,3,0,prime,0.2434,S
D,111937,3,0,prime,0.2433,S
D,112033,3,0,prime,0.2433,S
D,112128,3,0,prime,0.2432,U
D,112224,3,0,prime,0.2432,U
D,112320,3,0,prime,0.2432,U
D,112416,3,0,prime,0.2432,S
D,112512,3,0,prime,0.2432,S
D,112608,3,0,prime,0.2432,S
D,112704,3,0,prime,0.2432,S
D,112798,3,0,prime,0.2432,S
D,112893,3,0,prime,0.2432,S
D,112989,3,0,prime,0.2432,S
D,113085,3,0,prime,0.2432,S
D,113181,3,0,prime,0.2432,S
D,113277,3,0,prime,0.2432,S
D,113373,3,0,prime,0.2432,S
D,113469,3,0,prime,0.2432,S
P,114243,3,18.0,1,0,prime,0.2432
D,114335,3,1,ctrl,0.2432,S
D,114425,3,1,ctrl,0.2432,S
D,114521,3,1,ctrl,0.2432,S
D,114615,3,1,ctrl,0.2432,S
D,114711,3,1,ctrl,0.2432,S
D,114807,3,1,ctrl,0.2432,S
D,114903,3,1,ctrl,0.2432,S
D,114999,3,1,ctrl,0.2432,S
D,115094,3,1,ctrl,0.2432,S
D,115190,3,1,ctrl,0.2432,S
D,115286,3,1,ctrl,0.2432,S
D,115382,3,1,ctrl,0.2432,S
D,115476,3,1,ctrl,0.2432,S
D,115572,3,1,ctrl,0.2432,S
D,115668,3,1,ctrl,0.2432,S
D,115763,3,1,ctrl,0.2432,S
P,116536,3,18.0,1,1,ctrl,0.2432
D,116628,3,2,ctrl,0.2432,S
D,116720,3,2,ctrl,0.2432,S
D,116816,3,2,ctrl,0.2432,S
D,116912,3,2,ctrl,0.2432,S
D,117008,3,2,ctrl,0.2432,S
D,117104,3,2,ctrl,0.2432,S
D,117197,3,2,ctrl,0.2432,S
D,117293,3,2,ctrl,0.2432,S
D,117389,3,2,ctrl,0.2432,S
D,117485,3,2,ctrl,0.2432,S
D,117581,3,2,ctrl,0.2432,S
D,117677,3,2,ctrl,0.2432,S
D,117783,3,2,ctrl,0.2432,S
D,117964,3,2,ctrl,0.2432,S
D,118060,3,2,ctrl,0.2432,S
P,118834,3,18.0,1,2,ctrl,0.2432
D,118926,3,3,ctrl,0.2432,S
D,119120,3,3,ctrl,0.2432,S
D,119314,3,3,ctrl,0.2432,S
D,119494,3,3,ctrl,0.2433,S
D,119589,3,3,ctrl,0.2433,S
D,119685,3,3,ctrl,0.2433,S
D,119781,3,3,ctrl,0.2433,S
D,119875,3,3,ctrl,0.2433,S
D,119971,3,3,ctrl,0.2433,S
D,120067,3,3,ctrl,0.2433,S
D,120162,3,3,ctrl,0.2433,S
D,120258,3,3,ctrl,0.2433,S
D,120354,3,3,ctrl,0.2433,S
P,121129,3,18.0,1,3,ctrl,0.2433
E,121131,tap 1 (single pulse, 60 ms)
D,121311,3,1,tap,0.2434,S
D,121407,3,1,tap,0.2434,S
D,121502,3,1,tap,0.2434,S
D,121598,3,1,tap,0.2434,S
D,121692,3,1,tap,0.2434,S
D,121788,3,1,tap,0.2434,S
D,121884,3,1,tap,0.2434,S
D,121978,3,1,tap,0.2500,U
D,122074,3,1,tap,0.2551,U
D,122170,3,1,tap,0.2599,U
D,122266,3,1,tap,0.2630,U
D,122362,3,1,tap,0.2639,U
D,122457,3,1,tap,0.2635,U
D,122551,3,1,tap,0.2629,U
D,122647,3,1,tap,0.2625,U
P,123421,3,18.0,1,1,tap,0.2622
E,123423,tap 2 (single pulse, 60 ms)
D,123616,3,2,tap,0.2622,S
D,123795,3,2,tap,0.2621,S
D,123891,3,2,tap,0.2621,S
D,123987,3,2,tap,0.2621,S
D,124083,3,2,tap,0.2622,S
D,124179,3,2,tap,0.2622,S
D,124275,3,2,tap,0.2624,U
D,124368,3,2,tap,0.2671,U
D,124464,3,2,tap,0.2694,U
D,124560,3,2,tap,0.2709,U
D,124656,3,2,tap,0.2713,U
D,124752,3,2,tap,0.2710,U
D,124848,3,2,tap,0.2707,U
D,124943,3,2,tap,0.2706,U
P,125716,3,18.0,1,2,tap,0.2704
E,125719,tap 3 (single pulse, 60 ms)
D,125912,3,3,tap,0.2704,S
D,126090,3,3,tap,0.2704,S
D,126186,3,3,tap,0.2704,S
D,126282,3,3,tap,0.2704,S
D,126377,3,3,tap,0.2704,S
D,126473,3,3,tap,0.2704,S
D,126569,3,3,tap,0.2705,S
D,126665,3,3,tap,0.2707,U
D,126761,3,3,tap,0.2751,U
D,126856,3,3,tap,0.2761,U
D,126952,3,3,tap,0.2763,U
D,127046,3,3,tap,0.2758,U
D,127142,3,3,tap,0.2752,U
D,127238,3,3,tap,0.2751,U
P,128200,3,18.0,1,3,tap,0.2755
E,128203,tap 4 (single pulse, 60 ms)
D,128291,3,4,tap,0.2755,S
D,128386,3,4,tap,0.2755,S
D,128482,3,4,tap,0.2755,S
D,128578,3,4,tap,0.2755,S
D,128674,3,4,tap,0.2755,S
D,128768,3,4,tap,0.2755,S
D,128864,3,4,tap,0.2756,S
D,128959,3,4,tap,0.2756,S
D,129055,3,4,tap,0.2757,U
D,129151,3,4,tap,0.2759,U
D,129247,3,4,tap,0.2796,U
D,129343,3,4,tap,0.2803,U
D,129438,3,4,tap,0.2804,U
D,129534,3,4,tap,0.2803,U
D,129630,3,4,tap,0.2801,U
D,129724,3,4,tap,0.2801,U
P,130497,3,18.0,1,4,tap,0.2800
E,130500,tap 5 (single pulse, 60 ms)
D,130680,3,5,tap,0.2799,S
D,130776,3,5,tap,0.2799,S
D,130872,3,5,tap,0.2799,S
D,130968,3,5,tap,0.2799,S
D,131064,3,5,tap,0.2799,S
D,131160,3,5,tap,0.2799,S
D,131256,3,5,tap,0.2800,S
D,131352,3,5,tap,0.2800,S
D,131445,3,5,tap,0.2801,U
D,131541,3,5,tap,0.2803,U
D,131637,3,5,tap,0.2804,U
D,131733,3,5,tap,0.2806,U
D,131829,3,5,tap,0.2808,U
D,131925,3,5,tap,0.2809,U
D,132020,3,5,tap,0.2811,U
P,133742,3,18.0,1,5,tap,0.2830
E,133745,tap 6 (single pulse, 60 ms)
D,133838,3,6,tap,0.2830,S
D,133933,3,6,tap,0.2830,S
D,134029,3,6,tap,0.2830,S
D,134123,3,6,tap,0.2830,S
D,134219,3,6,tap,0.2830,S
D,134315,3,6,tap,0.2830,S
D,134411,3,6,tap,0.2830,S
D,134507,3,6,tap,0.2830,S
D,134603,3,6,tap,0.2831,S
D,134698,3,6,tap,0.2832,U
D,134794,3,6,tap,0.2833,U
D,134890,3,6,tap,0.2834,U
D,134984,3,6,tap,0.2836,U
D,135080,3,6,tap,0.2837,U
D,135175,3,6,tap,0.2838,U
D,135271,3,6,tap,0.2839,U
P,136993,3,18.0,1,6,tap,0.2855
E,136996,tap 7 (single pulse, 60 ms)
D,137089,3,7,tap,0.2855,S
D,137184,3,7,tap,0.2855,S
D,137280,3,7,tap,0.2855,S
D,137376,3,7,tap,0.2855,S
D,137472,3,7,tap,0.2855,S
D,137568,3,7,tap,0.2855,S
D,137662,3,7,tap,0.2855,S
D,137757,3,7,tap,0.2855,S
D,137853,3,7,tap,0.2856,S
D,137949,3,7,tap,0.2858,U
D,138045,3,7,tap,0.2896,U
D,138140,3,7,tap,0.2901,U
D,138236,3,7,tap,0.2901,U
D,138332,3,7,tap,0.2900,U
D,138428,3,7,tap,0.2899,U
D,138524,3,7,tap,0.2899,U
P,139297,3,18.0,1,7,tap,0.2898
E,139300,tap 8 (single pulse, 60 ms)
D,139479,3,8,tap,0.2898,S
D,139574,3,8,tap,0.2898,S
D,139670,3,8,tap,0.2898,S
D,139766,3,8,tap,0.2898,S
D,139862,3,8,tap,0.2898,S
D,139958,3,8,tap,0.2898,S
D,140054,3,8,tap,0.2898,S
D,140149,3,8,tap,0.2898,S
D,140245,3,8,tap,0.2899,S
D,140339,3,8,tap,0.2900,U
D,140435,3,8,tap,0.2900,U
D,140531,3,8,tap,0.2901,U
D,140627,3,8,tap,0.2903,U
D,140723,3,8,tap,0.2904,U
D,140818,3,8,tap,0.2905,U
P,142350,3,18.0,1,8,tap,0.2916
E,142353,tap 9 (single pulse, 60 ms)
D,142444,3,9,tap,0.2916,S
D,142540,3,9,tap,0.2916,S
D,142636,3,9,tap,0.2916,S
D,142732,3,9,tap,0.2916,S
D,142827,3,9,tap,0.2916,S
D,142923,3,9,tap,0.2916,S
D,143017,3,9,tap,0.2916,S
D,143113,3,9,tap,0.2916,S
D,143209,3,9,tap,0.2917,S
D,143304,3,9,tap,0.2918,U
D,143400,3,9,tap,0.2918,U
D,143496,3,9,tap,0.2920,U
D,143592,3,9,tap,0.2921,U
D,143688,3,9,tap,0.2922,U
D,143784,3,9,tap,0.2923,U
D,143878,3,9,tap,0.2924,U
P,145410,3,18.0,1,9,tap,0.2936
E,145413,tap 10 (single pulse, 60 ms)
D,145505,3,10,tap,0.2936,S
D,145601,3,10,tap,0.2936,S
D,145695,3,10,tap,0.2936,S
D,145791,3,10,tap,0.2936,S
D,145886,3,10,tap,0.2936,S
D,145982,3,10,tap,0.2937,S
D,146078,3,10,tap,0.2937,S
D,146174,3,10,tap,0.2937,S
D,146270,3,10,tap,0.2937,S
D,146366,3,10,tap,0.2938,U
D,146462,3,10,tap,0.2939,U
D,146555,3,10,tap,0.2940,U
D,146651,3,10,tap,0.2941,U
D,146747,3,10,tap,0.2942,U
D,146843,3,10,tap,0.2943,U
D,146939,3,10,tap,0.2944,U
P,148470,3,18.0,1,10,tap,0.2956
D,148564,3,1,post,0.2956,S
D,148660,3,1,post,0.2956,S
D,148756,3,1,post,0.2956,S
D,148852,3,1,post,0.2956,S
D,148947,3,1,post,0.2956,S
D,149043,3,1,post,0.2956,S
D,149139,3,1,post,0.2956,S
D,149233,3,1,post,0.2956,S
D,149329,3,1,post,0.2956,S
D,149425,3,1,post,0.2956,S
D,149521,3,1,post,0.2956,S
D,149616,3,1,post,0.2956,S
D,149712,3,1,post,0.2956,S
D,149808,3,1,post,0.2956,S
D,149904,3,1,post,0.2956,S
D,150000,3,1,post,0.2956,S
P,150772,3,18.0,1,1,post,0.2955
D,150865,3,2,post,0.2955,S
D,150956,3,2,post,0.2955,S
D,151050,3,2,post,0.2955,S
D,151146,3,2,post,0.2955,S
D,151242,3,2,post,0.2955,S
D,151338,3,2,post,0.2955,S
D,151434,3,2,post,0.2955,S
D,151530,3,2,post,0.2955,S
D,151625,3,2,post,0.2955,S
D,151721,3,2,post,0.2955,S
D,151817,3,2,post,0.2955,S
D,151911,3,2,post,0.2955,S
D,152007,3,2,post,0.2955,S
D,152103,3,2,post,0.2955,S
D,152199,3,2,post,0.2955,S
D,152295,3,2,post,0.2955,S
P,153068,3,18.0,1,2,post,0.2955
E,153071,=== trial 4 : angle 25.0 plate deg, rep 1 ===
P,157649,4,25.0,1,0,base,0.2969
E,157654,prime rotate 360 deg @ 30 rpm
D,161963,4,0,prime,0.4676,U
D,162144,4,0,prime,0.4675,S
D,162240,4,0,prime,0.4675,S
D,162336,4,0,prime,0.4675,S
D,162432,4,0,prime,0.4675,S
D,162528,4,0,prime,0.4675,S
D,162621,4,0,prime,0.4675,S
D,162717,4,0,prime,0.4675,S
D,162813,4,0,prime,0.4675,S
D,162909,4,0,prime,0.4676,S
D,163005,4,0,prime,0.4676,S
D,163101,4,0,prime,0.4677,U
D,163197,4,0,prime,0.4677,U
D,163292,4,0,prime,0.4678,U
D,163388,4,0,prime,0.4678,U
D,163482,4,0,prime,0.4679,U
D,163578,4,0,prime,0.4679,U
D,163674,4,0,prime,0.4680,U
D,163770,4,0,prime,0.4681,U
D,163865,4,0,prime,0.4681,U
D,163961,4,0,prime,0.4682,U
D,164057,4,0,prime,0.4682,U
D,164153,4,0,prime,0.4683,U
D,164249,4,0,prime,0.4683,U
D,164343,4,0,prime,0.4684,U
D,164439,4,0,prime,0.4685,U
D,164534,4,0,prime,0.4685,U
D,164630,4,0,prime,0.4686,U
D,164726,4,0,prime,0.4686,U
D,164822,4,0,prime,0.4686,U
P,165595,4,25.0,1,0,prime,0.4686
D,165687,4,1,ctrl,0.4686,S
D,165779,4,1,ctrl,0.4686,S
D,165874,4,1,ctrl,0.4686,S
D,165970,4,1,ctrl,0.4686,S
D,166066,4,1,ctrl,0.4686,S
D,166160,4,1,ctrl,0.4686,S
D,166256,4,1,ctrl,0.4686,S
D,166352,4,1,ctrl,0.4686,S
D,166447,4,1,ctrl,0.4686,S
D,166543,4,1,ctrl,0.4686,S
D,166639,4,1,ctrl,0.4686,S
D,166735,4,1,ctrl,0.4686,S
D,166831,4,1,ctrl,0.4686,S
D,166927,4,1,ctrl,0.4686,S
D,167021,4,1,ctrl,0.4686,S
D,167117,4,1,ctrl,0.4686,S
P,167890,4,25.0,1,1,ctrl,0.4686
D,167983,4,2,ctrl,0.4686,S
D,168073,4,2,ctrl,0.4686,S
D,168169,4,2,ctrl,0.4686,S
D,168265,4,2,ctrl,0.4686,S
D,168361,4,2,ctrl,0.4686,S
D,168457,4,2,ctrl,0.4686,S
D,168553,4,2,ctrl,0.4686,S
D,168648,4,2,ctrl,0.4686,S
D,168744,4,2,ctrl,0.4686,S
D,168838,4,2,ctrl,0.4686,S
D,168934,4,2,ctrl,0.4686,S
D,169030,4,2,ctrl,0.4686,S
D,169126,4,2,ctrl,0.4686,S
D,169222,4,2,ctrl,0.4686,S
D,169317,4,2,ctrl,0.4686,S
D,169413,4,2,ctrl,0.4686,S
P,170186,4,25.0,1,2,ctrl,0.4686
D,170279,4,3,ctrl,0.4686,S
D,170370,4,3,ctrl,0.4686,S
D,170466,4,3,ctrl,0.4686,S
D,170562,4,3,ctrl,0.4686,S
D,170656,4,3,ctrl,0.4686,S
D,170751,4,3,ctrl,0.4686,S
D,170847,4,3,ctrl,0.4686,S
D,170943,4,3,ctrl,0.4686,S
D,171039,4,3,ctrl,0.4686,S
D,171135,4,3,ctrl,0.4686,S
D,171231,4,3,ctrl,0.4686,S
D,171327,4,3,ctrl,0.4686,S
D,171422,4,3,ctrl,0.4686,S
D,171516,4,3,ctrl,0.4686,S
D,171612,4,3,ctrl,0.4686,S
D,171708,4,3,ctrl,0.4686,S
P,172481,4,25.0,1,3,ctrl,0.4686
E,172484,tap 1 (single pulse, 60 ms)
D,172664,4,1,tap,0.4686,S
D,172760,4,1,tap,0.4687,S
D,172856,4,1,tap,0.4687,S
D,172952,4,1,tap,0.4687,S
D,173048,4,1,tap,0.4687,S
D,173144,4,1,tap,0.4687,S
D,173238,4,1,tap,0.4687,S
D,173332,4,1,tap,0.4754,U
D,173428,4,1,tap,0.4802,U
D,173524,4,1,tap,0.4844,U
D,173619,4,1,tap,0.4868,U
D,173715,4,1,tap,0.4872,U
D,173811,4,1,tap,0.4868,U
D,173907,4,1,tap,0.4863,U
D,174003,4,1,tap,0.4861,U
P,174776,4,25.0,1,1,tap,0.4858
E,174779,tap 2 (single pulse, 60 ms)
D,174960,4,2,tap,0.4858,S
D,175053,4,2,tap,0.4858,S
D,175149,4,2,tap,0.4858,S
D,175245,4,2,tap,0.4859,S
D,175341,4,2,tap,0.4859,S
D,175437,4,2,tap,0.4859,S
D,175533,4,2,tap,0.4860,U
D,175629,4,2,tap,0.4862,U
D,175724,4,2,tap,0.4929,U
D,175820,4,2,tap,0.4958,U
D,175914,4,2,tap,0.4978,U
D,176010,4,2,tap,0.4985,U
D,176105,4,2,tap,0.4984,U
D,176201,4,2,tap,0.4981,U
D,176301,4,2,tap,0.4979,U
P,177073,4,25.0,1,2,tap,0.4977
E,177076,tap 3 (single pulse, 60 ms)
D,177254,4,3,tap,0.4977,S
D,177350,4,3,tap,0.4977,S
D,177446,4,3,tap,0.4977,S
D,177541,4,3,tap,0.4977,S
D,177637,4,3,tap,0.4977,S
D,177731,4,3,tap,0.4977,S
D,177827,4,3,tap,0.4978,S
D,177923,4,3,tap,0.4979,U
D,178019,4,3,tap,0.5017,U
D,178114,4,3,tap,0.5033,U
D,178210,4,3,tap,0.5041,U
D,178306,4,3,tap,0.5043,U
D,178402,4,3,tap,0.5041,U
D,178498,4,3,tap,0.5039,U
D,178592,4,3,tap,0.5038,U
P,179366,4,25.0,1,3,tap,0.5038
E,179368,tap 4 (single pulse, 60 ms)
D,179456,4,4,tap,0.5038,S
D,179548,4,4,tap,0.5038,S
D,179644,4,4,tap,0.5038,S
D,179740,4,4,tap,0.5038,S
D,179836,4,4,tap,0.5038,S
D,179932,4,4,tap,0.5038,S
D,180027,4,4,tap,0.5038,S
D,180123,4,4,tap,0.5038,S
D,180219,4,4,tap,0.5039,S
D,180315,4,4,tap,0.5041,U
D,180409,4,4,tap,0.5076,U
D,180505,4,4,tap,0.5081,U
D,180600,4,4,tap,0.5081,U
D,180696,4,4,tap,0.5079,U
D,180792,4,4,tap,0.5079,U
D,180888,4,4,tap,0.5078,U
P,181661,4,25.0,1,4,tap,0.5078
E,181664,tap 5 (single pulse, 60 ms)
D,181845,4,5,tap,0.5078,S
D,181940,4,5,tap,0.5078,S
D,182036,4,5,tap,0.5078,S
D,182130,4,5,tap,0.5078,S
D,182226,4,5,tap,0.5078,S
D,182322,4,5,tap,0.5078,S
D,182418,4,5,tap,0.5079,S
D,182514,4,5,tap,0.5080,U
D,182609,4,5,tap,0.5081,U
D,182705,4,5,tap,0.5118,U
D,182801,4,5,tap,0.5125,U
D,182897,4,5,tap,0.5127,U
D,182993,4,5,tap,0.5126,U
D,183086,4,5,tap,0.5125,U
D,183182,4,5,tap,0.5124,U
P,183956,4,25.0,1,5,tap,0.5124
E,183958,tap 6 (single pulse, 60 ms)
D,184151,4,6,tap,0.5124,S
D,184331,4,6,tap,0.5124,S
D,184426,4,6,tap,0.5124,S
D,184522,4,6,tap,0.5124,S
D,184618,4,6,tap,0.5124,S
D,184714,4,6,tap,0.5124,S
D,184808,4,6,tap,0.5125,S
D,184904,4,6,tap,0.5126,U
D,185000,4,6,tap,0.5128,U
D,185095,4,6,tap,0.5160,U
D,185191,4,6,tap,0.5160,U
D,185287,4,6,tap,0.5159,U
D,185383,4,6,tap,0.5158,U
D,185479,4,6,tap,0.5158,U
P,186252,4,25.0,1,6,tap,0.5158
E,186255,tap 7 (single pulse, 60 ms)
D,186435,4,7,tap,0.5158,S
D,186531,4,7,tap,0.5158,S
D,186625,4,7,tap,0.5158,S
D,186721,4,7,tap,0.5158,S
D,186817,4,7,tap,0.5158,S
D,186913,4,7,tap,0.5158,S
D,187008,4,7,tap,0.5158,S
D,187104,4,7,tap,0.5158,S
D,187200,4,7,tap,0.5159,S
D,187296,4,7,tap,0.5160,U
D,187392,4,7,tap,0.5160,U
D,187486,4,7,tap,0.5163,U
D,187582,4,7,tap,0.5165,U
D,187677,4,7,tap,0.5166,U
D,187773,4,7,tap,0.5167,U
P,189496,4,25.0,1,7,tap,0.5184
E,189499,tap 8 (single pulse, 60 ms)
D,189590,4,8,tap,0.5184,S
D,189686,4,8,tap,0.5184,S
D,189782,4,8,tap,0.5184,S
D,189878,4,8,tap,0.5184,S
D,189974,4,8,tap,0.5184,S
D,190070,4,8,tap,0.5184,S
D,190163,4,8,tap,0.5184,S
D,190259,4,8,tap,0.5184,S
D,190355,4,8,tap,0.5184,S
D,190451,4,8,tap,0.5185,S
D,190547,4,8,tap,0.5186,U
D,190643,4,8,tap,0.5187,U
D,190739,4,8,tap,0.5188,U
D,190834,4,8,tap,0.5189,U
D,190930,4,8,tap,0.5190,U
D,191024,4,8,tap,0.5191,U
P,192747,4,25.0,1,8,tap,0.5201
E,192750,tap 9 (single pulse, 60 ms)
D,192841,4,9,tap,0.5201,S
D,192937,4,9,tap,0.5202,S
D,193033,4,9,tap,0.5202,S
D,193129,4,9,tap,0.5202,S
D,193224,4,9,tap,0.5202,S
D,193320,4,9,tap,0.5202,S
D,193416,4,9,tap,0.5202,S
D,193512,4,9,tap,0.5202,S
D,193608,4,9,tap,0.5203,S
D,193702,4,9,tap,0.5204,U
D,193798,4,9,tap,0.5205,U
D,193893,4,9,tap,0.5207,U
D,193989,4,9,tap,0.5209,U
D,194085,4,9,tap,0.5210,U
D,194181,4,9,tap,0.5212,U
D,194277,4,9,tap,0.5213,U
P,195998,4,25.0,1,9,tap,0.5231
E,196001,tap 10 (single pulse, 60 ms)
D,196094,4,10,tap,0.5231,S
D,196190,4,10,tap,0.5231,S
D,196286,4,10,tap,0.5231,S
D,196379,4,10,tap,0.5231,S
D,196475,4,10,tap,0.5231,S
D,196571,4,10,tap,0.5231,S
D,196667,4,10,tap,0.5231,S
D,196763,4,10,tap,0.5231,S
D,196859,4,10,tap,0.5231,S
D,196955,4,10,tap,0.5232,S
D,197051,4,10,tap,0.5232,S
D,197146,4,10,tap,0.5233,U
D,197242,4,10,tap,0.5234,U
D,197336,4,10,tap,0.5234,U
D,197432,4,10,tap,0.5235,U
D,197528,4,10,tap,0.5236,U
P,199059,4,25.0,1,10,tap,0.5246
D,199153,4,1,post,0.5246,S
D,199249,4,1,post,0.5246,S
D,199345,4,1,post,0.5246,S
D,199441,4,1,post,0.5246,S
D,199536,4,1,post,0.5246,S
D,199632,4,1,post,0.5246,S
D,199728,4,1,post,0.5246,S
D,199824,4,1,post,0.5246,S
D,199918,4,1,post,0.5246,S
D,200014,4,1,post,0.5246,S
D,200109,4,1,post,0.5246,S
D,200205,4,1,post,0.5246,S
D,200301,4,1,post,0.5246,S
D,200397,4,1,post,0.5246,S
D,200493,4,1,post,0.5246,S
D,200589,4,1,post,0.5246,S
P,201363,4,25.0,1,1,post,0.5246
D,201455,4,2,post,0.5246,S
D,201545,4,2,post,0.5246,S
D,201641,4,2,post,0.5246,S
D,201735,4,2,post,0.5246,S
D,201831,4,2,post,0.5246,S
D,201927,4,2,post,0.5246,S
D,202023,4,2,post,0.5246,S
D,202119,4,2,post,0.5246,S
D,202214,4,2,post,0.5246,S
D,202310,4,2,post,0.5246,S
D,202406,4,2,post,0.5246,S
D,202502,4,2,post,0.5246,S
D,202596,4,2,post,0.5246,S
D,202692,4,2,post,0.5246,S
D,202788,4,2,post,0.5246,S
D,202884,4,2,post,0.5246,S
P,203657,4,25.0,1,2,post,0.5246
E,203661,=== trial 5 : angle 25.0 plate deg, rep 2 ===
P,205563,5,25.0,2,0,base,0.5246
E,205567,prime rotate 360 deg @ 30 rpm
D,209864,5,0,prime,0.6907,U
D,209959,5,0,prime,0.6907,S
D,210055,5,0,prime,0.6907,S
D,210151,5,0,prime,0.6906,S
D,210247,5,0,prime,0.6906,S
D,210343,5,0,prime,0.6906,S
D,210439,5,0,prime,0.6906,S
D,210535,5,0,prime,0.6906,S
D,210629,5,0,prime,0.6906,S
D,210724,5,0,prime,0.6906,S
D,210820,5,0,prime,0.6906,S
D,210916,5,0,prime,0.6906,S
D,211012,5,0,prime,0.6906,S
D,211108,5,0,prime,0.6906,S
D,211204,5,0,prime,0.6906,S
D,211300,5,0,prime,0.6906,S
D,211395,5,0,prime,0.6906,S
D,211489,5,0,prime,0.6906,S
D,211585,5,0,prime,0.6905,S
D,211681,5,0,prime,0.6905,S
D,211777,5,0,prime,0.6905,S
D,211873,5,0,prime,0.6905,S
D,211969,5,0,prime,0.6905,S
D,212065,5,0,prime,0.6905,S
D,212160,5,0,prime,0.6905,S
D,212256,5,0,prime,0.6905,S
D,212352,5,0,prime,0.6905,S
D,212446,5,0,prime,0.6905,S
D,212542,5,0,prime,0.6905,S
D,212638,5,0,prime,0.6905,S
D,212734,5,0,prime,0.6906,S
P,213507,5,25.0,2,0,prime,0.6906
D,213599,5,1,ctrl,0.6906,S
D,213690,5,1,ctrl,0.6906,S
D,213786,5,1,ctrl,0.6906,S
D,213882,5,1,ctrl,0.6906,S
D,213978,5,1,ctrl,0.6906,S
D,214074,5,1,ctrl,0.6906,S
D,214168,5,1,ctrl,0.6906,S
D,214263,5,1,ctrl,0.6906,S
D,214360,5,1,ctrl,0.6906,S
D,214455,5,1,ctrl,0.6906,S
D,214551,5,1,ctrl,0.6906,S
D,214647,5,1,ctrl,0.6906,S
D,214743,5,1,ctrl,0.6906,S
D,214839,5,1,ctrl,0.6906,S
D,214935,5,1,ctrl,0.6906,S
D,215030,5,1,ctrl,0.6906,S
P,215804,5,25.0,2,1,ctrl,0.6906
D,215896,5,2,ctrl,0.6906,S
D,215985,5,2,ctrl,0.6906,S
D,216081,5,2,ctrl,0.6906,S
D,216177,5,2,ctrl,0.6906,S
D,216273,5,2,ctrl,0.6906,S
D,216368,5,2,ctrl,0.6906,S
D,216464,5,2,ctrl,0.6906,S
D,216560,5,2,ctrl,0.6906,S
D,216656,5,2,ctrl,0.6906,S
D,216752,5,2,ctrl,0.6906,S
D,216846,5,2,ctrl,0.6906,S
D,216941,5,2,ctrl,0.6906,S
D,217037,5,2,ctrl,0.6906,S
D,217144,5,2,ctrl,0.6906,S
D,217325,5,2,ctrl,0.6906,S
P,218098,5,25.0,2,2,ctrl,0.6907
D,218191,5,3,ctrl,0.6907,S
D,218281,5,3,ctrl,0.6907,S
D,218377,5,3,ctrl,0.6907,S
D,218473,5,3,ctrl,0.6907,S
D,218569,5,3,ctrl,0.6907,S
D,218663,5,3,ctrl,0.6907,S
D,218759,5,3,ctrl,0.6907,S
D,218854,5,3,ctrl,0.6907,S
D,218950,5,3,ctrl,0.6906,S
D,219046,5,3,ctrl,0.6906,S
D,219142,5,3,ctrl,0.6906,S
D,219238,5,3,ctrl,0.6906,S
D,219334,5,3,ctrl,0.6906,S
D,219429,5,3,ctrl,0.6906,S
D,219523,5,3,ctrl,0.6906,S
D,219619,5,3,ctrl,0.6906,S
P,220391,5,25.0,2,3,ctrl,0.6906
E,220394,tap 1 (single pulse, 60 ms)
D,220576,5,1,tap,0.6907,S
D,220672,5,1,tap,0.6907,S
D,220767,5,1,tap,0.6907,S
D,220863,5,1,tap,0.6907,S
D,220959,5,1,tap,0.6907,S
D,221055,5,1,tap,0.6907,S
D,221151,5,1,tap,0.6907,S
D,221245,5,1,tap,0.6976,U
D,221339,5,1,tap,0.7025,U
D,221435,5,1,tap,0.7068,U
D,221531,5,1,tap,0.7091,U
D,221627,5,1,tap,0.7094,U
D,221722,5,1,tap,0.7088,U
D,221818,5,1,tap,0.7083,U
D,221914,5,1,tap,0.7080,U
P,222687,5,25.0,2,1,tap,0.7079
E,222690,tap 2 (single pulse, 60 ms)
D,222871,5,2,tap,0.7079,S
D,222967,5,2,tap,0.7079,S
D,223061,5,2,tap,0.7079,S
D,223156,5,2,tap,0.7079,S
D,223252,5,2,tap,0.7079,S
D,223348,5,2,tap,0.7079,S
D,223444,5,2,tap,0.7080,S
D,223540,5,2,tap,0.7082,U
D,223635,5,2,tap,0.7136,U
D,223731,5,2,tap,0.7157,U
D,223827,5,2,tap,0.7169,U
D,223923,5,2,tap,0.7171,U
D,224017,5,2,tap,0.7168,U
D,224113,5,2,tap,0.7165,U
D,224208,5,2,tap,0.7164,U
P,224982,5,25.0,2,2,tap,0.7163
E,224984,tap 3 (single pulse, 60 ms)
D,225177,5,3,tap,0.7163,S
D,225266,5,3,tap,0.7163,S
D,225357,5,3,tap,0.7163,S
D,225453,5,3,tap,0.7163,S
D,225549,5,3,tap,0.7163,S
D,225644,5,3,tap,0.7163,S
D,225738,5,3,tap,0.7164,S
D,225834,5,3,tap,0.7165,U
D,225930,5,3,tap,0.7208,U
D,226026,5,3,tap,0.7224,U
D,226121,5,3,tap,0.7233,U
D,226217,5,3,tap,0.7234,U
D,226313,5,3,tap,0.7232,U
D,226409,5,3,tap,0.7230,U
D,226505,5,3,tap,0.7229,U
P,227278,5,25.0,2,3,tap,0.7228
E,227281,tap 4 (single pulse, 60 ms)
D,227461,5,4,tap,0.7228,S
D,227555,5,4,tap,0.7228,S
D,227651,5,4,tap,0.7228,S
D,227747,5,4,tap,0.7228,S
D,227843,5,4,tap,0.7228,S
D,227939,5,4,tap,0.7228,S
D,228035,5,4,tap,0.7229,S
D,228130,5,4,tap,0.7229,S
D,228226,5,4,tap,0.7231,U
D,228322,5,4,tap,0.7232,U
D,228416,5,4,tap,0.7270,U
D,228512,5,4,tap,0.7271,U
D,228607,5,4,tap,0.7270,U
D,228703,5,4,tap,0.7269,U
D,228799,5,4,tap,0.7269,U
P,229572,5,25.0,2,4,tap,0.7268
E,229575,tap 5 (single pulse, 60 ms)
D,229756,5,5,tap,0.7268,S
D,229852,5,5,tap,0.7268,S
D,229948,5,5,tap,0.7268,S
D,230043,5,5,tap,0.7268,S
D,230139,5,5,tap,0.7268,S
D,230233,5,5,tap,0.7268,S
D,230329,5,5,tap,0.7269,S
D,230425,5,5,tap,0.7270,U
D,230521,5,5,tap,0.7271,U
D,230616,5,5,tap,0.7314,U
D,230712,5,5,tap,0.7322,U
D,230808,5,5,tap,0.7324,U
D,230904,5,5,tap,0.7323,U
D,231000,5,5,tap,0.7320,U
D,231094,5,5,tap,0.7319,U
P,231868,5,25.0,2,5,tap,0.7319
E,231870,tap 6 (single pulse, 60 ms)
D,232050,5,6,tap,0.7319,S
D,232146,5,6,tap,0.7319,S
D,232242,5,6,tap,0.7319,S
D,232338,5,6,tap,0.7319,S
D,232434,5,6,tap,0.7319,S
D,232529,5,6,tap,0.7319,S
D,232625,5,6,tap,0.7320,S
D,232721,5,6,tap,0.7320,S
D,232817,5,6,tap,0.7321,U
D,232911,5,6,tap,0.7323,U
D,233007,5,6,tap,0.7324,U
D,233103,5,6,tap,0.7326,U
D,233198,5,6,tap,0.7328,U
D,233294,5,6,tap,0.7329,U
D,233390,5,6,tap,0.7331,U
P,235112,5,25.0,2,6,tap,0.7350
E,235115,tap 7 (single pulse, 60 ms)
D,235207,5,7,tap,0.7350,S
D,235303,5,7,tap,0.7350,S
D,235399,5,7,tap,0.7350,S
D,235495,5,7,tap,0.7350,S
D,235589,5,7,tap,0.7350,S
D,235689,5,7,tap,0.7350,S
D,235780,5,7,tap,0.7350,S
D,235876,5,7,tap,0.7350,S
D,235972,5,7,tap,0.7350,S
D,236068,5,7,tap,0.7351,S
D,236164,5,7,tap,0.7352,U
D,236260,5,7,tap,0.7353,U
D,236355,5,7,tap,0.7354,U
D,236449,5,7,tap,0.7355,U
D,236545,5,7,tap,0.7356,U
D,236641,5,7,tap,0.7357,U
P,238173,5,25.0,2,7,tap,0.7368
E,238176,tap 8 (single pulse, 60 ms)
D,238266,5,8,tap,0.7368,S
D,238362,5,8,tap,0.7368,S
D,238458,5,8,tap,0.7368,S
D,238554,5,8,tap,0.7368,S
D,238650,5,8,tap,0.7368,S
D,238746,5,8,tap,0.7368,S
D,238842,5,8,tap,0.7368,S
D,238937,5,8,tap,0.7369,S
D,239033,5,8,tap,0.7369,S
D,239127,5,8,tap,0.7370,U
D,239223,5,8,tap,0.7371,U
D,239319,5,8,tap,0.7372,U
D,239415,5,8,tap,0.7373,U
D,239510,5,8,tap,0.7374,U
D,239606,5,8,tap,0.7375,U
D,239702,5,8,tap,0.7376,U
P,241234,5,25.0,2,8,tap,0.7387
E,241237,tap 9 (single pulse, 60 ms)
D,241327,5,9,tap,0.7387,S
D,241423,5,9,tap,0.7387,S
D,241519,5,9,tap,0.7387,S
D,241615,5,9,tap,0.7387,S
D,241711,5,9,tap,0.7387,S
D,241805,5,9,tap,0.7387,S
D,241901,5,9,tap,0.7387,S
D,241996,5,9,tap,0.7387,S
D,242092,5,9,tap,0.7388,S
D,242188,5,9,tap,0.7389,U
D,242284,5,9,tap,0.7390,U
D,242380,5,9,tap,0.7391,U
D,242476,5,9,tap,0.7392,U
D,242571,5,9,tap,0.7393,U
D,242665,5,9,tap,0.7394,U
D,242761,5,9,tap,0.7395,U
P,244483,5,25.0,2,9,tap,0.7409
E,244486,tap 10 (single pulse, 60 ms)
D,244578,5,10,tap,0.7409,S
D,244674,5,10,tap,0.7409,S
D,244770,5,10,tap,0.7409,S
D,244866,5,10,tap,0.7409,S
D,244962,5,10,tap,0.7409,S
D,245057,5,10,tap,0.7409,S
D,245153,5,10,tap,0.7409,S
D,245249,5,10,tap,0.7409,S
D,245343,5,10,tap,0.7409,S
D,245439,5,10,tap,0.7410,S
D,245535,5,10,tap,0.7411,U
D,245630,5,10,tap,0.7411,U
D,245727,5,10,tap,0.7412,U
D,245822,5,10,tap,0.7413,U
D,245918,5,10,tap,0.7414,U
D,246014,5,10,tap,0.7414,U
P,247736,5,25.0,2,10,tap,0.7423
D,247831,5,1,post,0.7423,S
D,247927,5,1,post,0.7423,S
D,248021,5,1,post,0.7423,S
D,248117,5,1,post,0.7423,S
D,248213,5,1,post,0.7423,S
D,248308,5,1,post,0.7423,S
D,248404,5,1,post,0.7424,S
D,248500,5,1,post,0.7424,S
D,248596,5,1,post,0.7423,S
D,248692,5,1,post,0.7423,S
D,248788,5,1,post,0.7423,S
D,248881,5,1,post,0.7423,S
D,248977,5,1,post,0.7423,S
D,249073,5,1,post,0.7424,S
D,249169,5,1,post,0.7424,S
D,249265,5,1,post,0.7424,S
P,250039,5,25.0,2,1,post,0.7424
D,250131,5,2,post,0.7424,S
D,250221,5,2,post,0.7424,S
D,250317,5,2,post,0.7424,S
D,250413,5,2,post,0.7424,S
D,250509,5,2,post,0.7424,S
D,250605,5,2,post,0.7424,S
D,250699,5,2,post,0.7424,S
D,250795,5,2,post,0.7424,S
D,250891,5,2,post,0.7424,S
D,250986,5,2,post,0.7424,S
D,251082,5,2,post,0.7424,S
D,251178,5,2,post,0.7424,S
D,251274,5,2,post,0.7424,S
D,251370,5,2,post,0.7424,S
D,251466,5,2,post,0.7424,S
D,251560,5,2,post,0.7424,S
P,252333,5,25.0,2,2,post,0.7424
E,252336,=== trial 6 : angle 18.0 plate deg, rep 2 ===
P,254433,6,18.0,2,0,base,0.7424
E,254437,prime rotate 360 deg @ 30 rpm
D,258735,6,0,prime,0.8507,S
D,258827,6,0,prime,0.8507,S
D,258923,6,0,prime,0.8507,S
D,259019,6,0,prime,0.8507,S
D,259115,6,0,prime,0.8507,S
D,259211,6,0,prime,0.8507,S
D,259306,6,0,prime,0.8507,S
D,259402,6,0,prime,0.8507,S
D,259498,6,0,prime,0.8507,S
D,259592,6,0,prime,0.8507,S
D,259688,6,0,prime,0.8507,S
D,259784,6,0,prime,0.8507,S
D,259880,6,0,prime,0.8506,S
D,259976,6,0,prime,0.8506,S
D,260072,6,0,prime,0.8506,S
D,260167,6,0,prime,0.8506,S
D,260263,6,0,prime,0.8506,S
D,260359,6,0,prime,0.8506,S
D,260453,6,0,prime,0.8506,S
D,260549,6,0,prime,0.8506,S
D,260645,6,0,prime,0.8506,S
D,260740,6,0,prime,0.8506,S
D,260836,6,0,prime,0.8506,S
D,260932,6,0,prime,0.8506,S
D,261028,6,0,prime,0.8506,S
D,261124,6,0,prime,0.8506,S
D,261220,6,0,prime,0.8506,S
D,261314,6,0,prime,0.8506,S
D,261410,6,0,prime,0.8506,S
D,261506,6,0,prime,0.8506,S
D,261601,6,0,prime,0.8506,S
P,262374,6,18.0,2,0,prime,0.8506
D,262467,6,1,ctrl,0.8506,S
D,262558,6,1,ctrl,0.8506,S
D,262654,6,1,ctrl,0.8506,S
D,262750,6,1,ctrl,0.8506,S
D,262846,6,1,ctrl,0.8506,S
D,262941,6,1,ctrl,0.8506,S
D,263037,6,1,ctrl,0.8506,S
D,263131,6,1,ctrl,0.8506,S
D,263227,6,1,ctrl,0.8506,S
D,263323,6,1,ctrl,0.8506,S
D,263419,6,1,ctrl,0.8506,S
D,263515,6,1,ctrl,0.8506,S
D,263610,6,1,ctrl,0.8506,S
D,263706,6,1,ctrl,0.8506,S
D,263802,6,1,ctrl,0.8506,S
D,263898,6,1,ctrl,0.8506,S
P,264671,6,18.0,2,1,ctrl,0.8506
D,264764,6,2,ctrl,0.8506,S
D,264855,6,2,ctrl,0.8506,S
D,264949,6,2,ctrl,0.8506,S
D,265044,6,2,ctrl,0.8506,S
D,265140,6,2,ctrl,0.8506,S
D,265236,6,2,ctrl,0.8506,S
D,265332,6,2,ctrl,0.8506,S
D,265428,6,2,ctrl,0.8506,S
D,265524,6,2,ctrl,0.8506,S
D,265619,6,2,ctrl,0.8506,S
D,265715,6,2,ctrl,0.8506,S
D,265809,6,2,ctrl,0.8506,S
D,265905,6,2,ctrl,0.8506,S
D,266001,6,2,ctrl,0.8506,S
D,266097,6,2,ctrl,0.8506,S
D,266193,6,2,ctrl,0.8506,S
P,266966,6,18.0,2,2,ctrl,0.8506
D,267058,6,3,ctrl,0.8506,S
D,267149,6,3,ctrl,0.8506,S
D,267245,6,3,ctrl,0.8506,S
D,267341,6,3,ctrl,0.8506,S
D,267437,6,3,ctrl,0.8506,S
D,267530,6,3,ctrl,0.8506,S
D,267626,6,3,ctrl,0.8506,S
D,267722,6,3,ctrl,0.8506,S
D,267818,6,3,ctrl,0.8506,S
D,267914,6,3,ctrl,0.8506,S
D,268010,6,3,ctrl,0.8506,S
D,268106,6,3,ctrl,0.8506,S
D,268202,6,3,ctrl,0.8506,S
D,268297,6,3,ctrl,0.8506,S
D,268393,6,3,ctrl,0.8506,S
D,268487,6,3,ctrl,0.8506,S
P,269260,6,18.0,2,3,ctrl,0.8506
E,269263,tap 1 (single pulse, 60 ms)
D,269443,6,1,tap,0.8506,S
D,269539,6,1,tap,0.8506,S
D,269635,6,1,tap,0.8506,S
D,269731,6,1,tap,0.8506,S
D,269827,6,1,tap,0.8506,S
D,269923,6,1,tap,0.8506,S
D,270018,6,1,tap,0.8506,S
D,270113,6,1,tap,0.8558,U
D,270207,6,1,tap,0.8591,U
D,270303,6,1,tap,0.8619,U
D,270399,6,1,tap,0.8631,U
D,270494,6,1,tap,0.8630,U
D,270590,6,1,tap,0.8626,U
D,270686,6,1,tap,0.8622,U
D,270782,6,1,tap,0.8621,U
P,271555,6,18.0,2,1,tap,0.8620
E,271558,tap 2 (single pulse, 60 ms)
D,271739,6,2,tap,0.8620,S
D,271834,6,2,tap,0.8620,S
D,271930,6,2,tap,0.8620,S
D,272024,6,2,tap,0.8620,S
D,272120,6,2,tap,0.8620,S
D,272216,6,2,tap,0.8620,S
D,272312,6,2,tap,0.8621,S
D,272408,6,2,tap,0.8622,U
D,272503,6,2,tap,0.8660,U
D,272599,6,2,tap,0.8675,U
D,272695,6,2,tap,0.8684,U
D,272791,6,2,tap,0.8685,U
D,272885,6,2,tap,0.8683,U
D,272980,6,2,tap,0.8681,U
D,273076,6,2,tap,0.8681,U
P,273849,6,18.0,2,2,tap,0.8680
E,273852,tap 3 (single pulse, 60 ms)
D,274033,6,3,tap,0.8680,S
D,274129,6,3,tap,0.8680,S
D,274225,6,3,tap,0.8680,S
D,274321,6,3,tap,0.8680,S
D,274416,6,3,tap,0.8680,S
D,274512,6,3,tap,0.8680,S
D,274608,6,3,tap,0.8681,S
D,274702,6,3,tap,0.8682,U
D,274797,6,3,tap,0.8731,U
D,274893,6,3,tap,0.8750,U
D,274989,6,3,tap,0.8761,U
D,275085,6,3,tap,0.8764,U
D,275181,6,3,tap,0.8761,U
D,275277,6,3,tap,0.8758,U
D,275373,6,3,tap,0.8757,U
P,276146,6,18.0,2,3,tap,0.8756
E,276149,tap 4 (single pulse, 60 ms)
D,276329,6,4,tap,0.8756,S
D,276429,6,4,tap,0.8756,S
D,276519,6,4,tap,0.8756,S
D,276615,6,4,tap,0.8756,S
D,276711,6,4,tap,0.8756,S
D,276807,6,4,tap,0.8757,S
D,276902,6,4,tap,0.8757,S
D,276998,6,4,tap,0.8758,U
D,277094,6,4,tap,0.8760,U
D,277190,6,4,tap,0.8800,U
D,277285,6,4,tap,0.8805,U
D,277379,6,4,tap,0.8806,U
D,277475,6,4,tap,0.8804,U
D,277571,6,4,tap,0.8803,U
D,277667,6,4,tap,0.8803,U
P,278441,6,18.0,2,4,tap,0.8802
E,278443,tap 5 (single pulse, 60 ms)
D,278623,6,5,tap,0.8802,S
D,278719,6,5,tap,0.8802,S
D,278815,6,5,tap,0.8802,S
D,278911,6,5,tap,0.8802,S
D,279007,6,5,tap,0.8802,S
D,279101,6,5,tap,0.8802,S
D,279197,6,5,tap,0.8802,S
D,279293,6,5,tap,0.8803,S
D,279388,6,5,tap,0.8804,U
D,279484,6,5,tap,0.8839,U
D,279580,6,5,tap,0.8845,U
D,279676,6,5,tap,0.8846,U
D,279772,6,5,tap,0.8845,U
D,279867,6,5,tap,0.8844,U
D,279963,6,5,tap,0.8843,U
P,280736,6,18.0,2,5,tap,0.8842
E,280739,tap 6 (single pulse, 60 ms)
D,280918,6,6,tap,0.8842,S
D,281014,6,6,tap,0.8842,S
D,281110,6,6,tap,0.8842,S
D,281206,6,6,tap,0.8842,S
D,281301,6,6,tap,0.8842,S
D,281397,6,6,tap,0.8842,S
D,281493,6,6,tap,0.8843,S
D,281589,6,6,tap,0.8843,S
D,281685,6,6,tap,0.8845,U
D,281779,6,6,tap,0.8846,U
D,281874,6,6,tap,0.8880,U
D,281970,6,6,tap,0.8881,U
D,282066,6,6,tap,0.8880,U
D,282162,6,6,tap,0.8879,U
D,282258,6,6,tap,0.8879,U
P,283031,6,18.0,2,6,tap,0.8878
E,283034,tap 7 (single pulse, 60 ms)
D,283214,6,7,tap,0.8878,S
D,283310,6,7,tap,0.8878,S
D,283406,6,7,tap,0.8878,S
D,283502,6,7,tap,0.8878,S
D,283596,6,7,tap,0.8878,S
D,283692,6,7,tap,0.8878,S
D,283787,6,7,tap,0.8878,S
D,283883,6,7,tap,0.8879,S
D,283979,6,7,tap,0.8880,U
D,284075,6,7,tap,0.8881,U
D,284170,6,7,tap,0.8916,U
D,284266,6,7,tap,0.8917,U
D,284362,6,7,tap,0.8915,U
D,284456,6,7,tap,0.8915,U
D,284552,6,7,tap,0.8914,U
P,285325,6,18.0,2,7,tap,0.8914
E,285328,tap 8 (single pulse, 60 ms)
D,285416,6,8,tap,0.8914,S
D,285508,6,8,tap,0.8914,S
D,285604,6,8,tap,0.8914,S
D,285700,6,8,tap,0.8914,S
D,285796,6,8,tap,0.8914,S
D,285892,6,8,tap,0.8914,S
D,285988,6,8,tap,0.8914,S
D,286084,6,8,tap,0.8914,S
D,286180,6,8,tap,0.8915,S
D,286273,6,8,tap,0.8916,U
D,286369,6,8,tap,0.8917,U
D,286465,6,8,tap,0.8954,U
D,286561,6,8,tap,0.8955,U
D,286656,6,8,tap,0.8955,U
D,286752,6,8,tap,0.8954,U
D,286848,6,8,tap,0.8954,U
P,287621,6,18.0,2,8,tap,0.8953
E,287624,tap 9 (single pulse, 60 ms)
D,287817,6,9,tap,0.8953,S
D,287906,6,9,tap,0.8953,S
D,287995,6,9,tap,0.8953,S
D,288090,6,9,tap,0.8953,S
D,288186,6,9,tap,0.8953,S
D,288282,6,9,tap,0.8953,S
D,288378,6,9,tap,0.8953,S
D,288474,6,9,tap,0.8953,S
D,288570,6,9,tap,0.8954,S
D,288666,6,9,tap,0.8955,U
D,288762,6,9,tap,0.8955,U
D,288857,6,9,tap,0.8958,U
D,288951,6,9,tap,0.8959,U
D,289047,6,9,tap,0.8961,U
D,289143,6,9,tap,0.8962,U
P,290865,6,18.0,2,9,tap,0.8978
E,290868,tap 10 (single pulse, 60 ms)
D,290960,6,10,tap,0.8978,S
D,291056,6,10,tap,0.8978,S
D,291152,6,10,tap,0.8978,S
D,291248,6,10,tap,0.8978,S
D,291343,6,10,tap,0.8978,S
D,291439,6,10,tap,0.8978,S
D,291535,6,10,tap,0.8978,S
D,291629,6,10,tap,0.8978,S
D,291725,6,10,tap,0.8979,S
D,291821,6,10,tap,0.8980,U
D,291916,6,10,tap,0.8982,U
D,292012,6,10,tap,0.8984,U
D,292108,6,10,tap,0.8985,U
D,292204,6,10,tap,0.8987,U
D,292300,6,10,tap,0.8988,U
D,292396,6,10,tap,0.8990,U
P,294117,6,18.0,2,10,tap,0.9007
D,294213,6,1,post,0.9007,S
D,294307,6,1,post,0.9007,S
D,294402,6,1,post,0.9007,S
D,294502,6,1,post,0.9007,S
D,294594,6,1,post,0.9007,S
D,294690,6,1,post,0.9007,S
D,294786,6,1,post,0.9007,S
D,294882,6,1,post,0.9007,S
D,294977,6,1,post,0.9007,S
D,295074,6,1,post,0.9007,S
D,295167,6,1,post,0.9007,S
D,295263,6,1,post,0.9007,S
D,295359,6,1,post,0.9007,S
D,295455,6,1,post,0.9007,S
D,295551,6,1,post,0.9007,S
D,295646,6,1,post,0.9007,S
P,296419,6,18.0,2,1,post,0.9007
D,296511,6,2,post,0.9007,S
D,296603,6,2,post,0.9007,S
D,296699,6,2,post,0.9007,S
D,296795,6,2,post,0.9007,S
D,296889,6,2,post,0.9007,S
D,296985,6,2,post,0.9007,S
D,297081,6,2,post,0.9007,S
D,297176,6,2,post,0.9007,S
D,297272,6,2,post,0.9007,S
D,297368,6,2,post,0.9007,S
D,297464,6,2,post,0.9007,S
D,297560,6,2,post,0.9007,S
D,297656,6,2,post,0.9007,S
D,297752,6,2,post,0.9007,S
D,297845,6,2,post,0.9007,S
D,297941,6,2,post,0.9007,S
P,298714,6,18.0,2,2,post,0.9007
E,298717,=== trial 7 : angle 10.0 plate deg, rep 2 ===
P,300919,7,10.0,2,0,base,0.9007
E,300923,prime rotate 360 deg @ 30 rpm
D,305212,7,0,prime,0.9739,S
D,305305,7,0,prime,0.9739,S
D,305401,7,0,prime,0.9739,S
D,305496,7,0,prime,0.9739,S
D,305592,7,0,prime,0.9739,S
D,305688,7,0,prime,0.9739,S
D,305782,7,0,prime,0.9739,S
D,305878,7,0,prime,0.9739,S
D,305974,7,0,prime,0.9739,S
D,306070,7,0,prime,0.9739,S
D,306166,7,0,prime,0.9739,S
D,306261,7,0,prime,0.9739,S
D,306357,7,0,prime,0.9739,S
D,306453,7,0,prime,0.9739,S
D,306549,7,0,prime,0.9739,S
D,306645,7,0,prime,0.9739,S
D,306739,7,0,prime,0.9739,S
D,306835,7,0,prime,0.9739,S
D,306931,7,0,prime,0.9739,S
D,307026,7,0,prime,0.9739,S
D,307122,7,0,prime,0.9739,S
D,307218,7,0,prime,0.9739,S
D,307314,7,0,prime,0.9739,S
D,307410,7,0,prime,0.9739,S
D,307506,7,0,prime,0.9739,S
D,307600,7,0,prime,0.9739,S
D,307695,7,0,prime,0.9739,S
D,307791,7,0,prime,0.9739,S
D,307887,7,0,prime,0.9739,S
D,307983,7,0,prime,0.9739,S
D,308079,7,0,prime,0.9739,S
D,308175,7,0,prime,0.9739,S
P,308948,7,10.0,2,0,prime,0.9739
D,309040,7,1,ctrl,0.9739,S
D,309132,7,1,ctrl,0.9739,S
D,309227,7,1,ctrl,0.9739,S
D,309323,7,1,ctrl,0.9739,S
D,309417,7,1,ctrl,0.9739,S
D,309513,7,1,ctrl,0.9739,S
D,309609,7,1,ctrl,0.9739,S
D,309705,7,1,ctrl,0.9739,S
D,309801,7,1,ctrl,0.9739,S
D,309896,7,1,ctrl,0.9739,S
D,309992,7,1,ctrl,0.9739,S
D,310088,7,1,ctrl,0.9739,S
D,310184,7,1,ctrl,0.9739,S
D,310278,7,1,ctrl,0.9739,S
D,310374,7,1,ctrl,0.9739,S
D,310469,7,1,ctrl,0.9739,S
P,311242,7,10.0,2,1,ctrl,0.9739
D,311335,7,2,ctrl,0.9739,S
D,311426,7,2,ctrl,0.9739,S
D,311522,7,2,ctrl,0.9739,S
D,311618,7,2,ctrl,0.9739,S
D,311714,7,2,ctrl,0.9739,S
D,311810,7,2,ctrl,0.9739,S
D,311905,7,2,ctrl,0.9739,S
D,312001,7,2,ctrl,0.9739,S
D,312095,7,2,ctrl,0.9739,S
D,312191,7,2,ctrl,0.9739,S
D,312287,7,2,ctrl,0.9739,S
D,312383,7,2,ctrl,0.9739,S
D,312479,7,2,ctrl,0.9739,S
D,312574,7,2,ctrl,0.9739,S
D,312670,7,2,ctrl,0.9739,S
D,312766,7,2,ctrl,0.9739,S
P,313539,7,10.0,2,2,ctrl,0.9739
D,313632,7,3,ctrl,0.9739,S
D,313722,7,3,ctrl,0.9739,S
D,313816,7,3,ctrl,0.9739,S
D,313912,7,3,ctrl,0.9739,S
D,314008,7,3,ctrl,0.9739,S
D,314104,7,3,ctrl,0.9739,S
D,314200,7,3,ctrl,0.9739,S
D,314296,7,3,ctrl,0.9740,S
D,314391,7,3,ctrl,0.9740,S
D,314487,7,3,ctrl,0.9740,S
D,314583,7,3,ctrl,0.9740,S
D,314679,7,3,ctrl,0.9740,S
D,314773,7,3,ctrl,0.9740,S
D,314869,7,3,ctrl,0.9740,S
D,314964,7,3,ctrl,0.9740,S
D,315060,7,3,ctrl,0.9740,S
P,315833,7,10.0,2,3,ctrl,0.9740
E,315836,tap 1 (single pulse, 60 ms)
D,316017,7,1,tap,0.9740,S
D,316113,7,1,tap,0.9740,S
D,316208,7,1,tap,0.9740,S
D,316304,7,1,tap,0.9740,S
D,316400,7,1,tap,0.9740,S
D,316494,7,1,tap,0.9740,S
D,316590,7,1,tap,0.9740,S
D,316686,7,1,tap,0.9740,S
D,316780,7,1,tap,0.9791,U
D,316881,7,1,tap,0.9813,U
D,316972,7,1,tap,0.9827,U
D,317068,7,1,tap,0.9831,U
D,317164,7,1,tap,0.9829,U
D,317259,7,1,tap,0.9826,U
D,317353,7,1,tap,0.9824,U
P,318127,7,10.0,2,1,tap,0.9824
E,318129,tap 2 (single pulse, 60 ms)
D,318217,7,2,tap,0.9824,S
D,318310,7,2,tap,0.9824,S
D,318406,7,2,tap,0.9823,S
D,318502,7,2,tap,0.9823,S
D,318598,7,2,tap,0.9823,S
D,318693,7,2,tap,0.9823,S
D,318789,7,2,tap,0.9824,S
D,318885,7,2,tap,0.9824,S
D,318981,7,2,tap,0.9824,S
D,319077,7,2,tap,0.9825,U
D,319171,7,2,tap,0.9827,U
D,319267,7,2,tap,0.9828,U
D,319362,7,2,tap,0.9830,U
D,319458,7,2,tap,0.9831,U
D,319554,7,2,tap,0.9832,U
D,319650,7,2,tap,0.9834,U
P,321373,7,10.0,2,2,tap,0.9851
E,321376,tap 3 (single pulse, 60 ms)
D,321467,7,3,tap,0.9851,S
D,321563,7,3,tap,0.9851,S
D,321659,7,3,tap,0.9852,S
D,321755,7,3,tap,0.9852,S
D,321848,7,3,tap,0.9852,S
D,321944,7,3,tap,0.9852,S
D,322040,7,3,tap,0.9852,S
D,322136,7,3,tap,0.9852,S
D,322232,7,3,tap,0.9853,S
D,322328,7,3,tap,0.9854,U
D,322423,7,3,tap,0.9856,U
D,322519,7,3,tap,0.9889,U
D,322615,7,3,tap,0.9889,U
D,322709,7,3,tap,0.9888,U
D,322805,7,3,tap,0.9887,U
D,322900,7,3,tap,0.9887,U
P,323673,7,10.0,2,3,tap,0.9887
E,323676,tap 4 (single pulse, 60 ms)
D,323764,7,4,tap,0.9887,S
D,323857,7,4,tap,0.9887,S
D,323953,7,4,tap,0.9887,S
D,324049,7,4,tap,0.9887,S
D,324145,7,4,tap,0.9887,S
D,324241,7,4,tap,0.9887,S
D,324336,7,4,tap,0.9887,S
D,324432,7,4,tap,0.9887,S
D,324526,7,4,tap,0.9887,S
D,324622,7,4,tap,0.9888,S
D,324718,7,4,tap,0.9888,S
D,324814,7,4,tap,0.9889,U
D,324910,7,4,tap,0.9889,U
D,325005,7,4,tap,0.9891,U
D,325101,7,4,tap,0.9892,U
D,325197,7,4,tap,0.9893,U
P,326730,7,10.0,2,4,tap,0.9903
E,326733,tap 5 (single pulse, 60 ms)
D,326822,7,5,tap,0.9903,S
D,326918,7,5,tap,0.9903,S
D,327014,7,5,tap,0.9903,S
D,327110,7,5,tap,0.9903,S
D,327204,7,5,tap,0.9903,S
D,327300,7,5,tap,0.9903,S
D,327396,7,5,tap,0.9903,S
D,327491,7,5,tap,0.9903,S
D,327587,7,5,tap,0.9904,S
D,327683,7,5,tap,0.9905,U
D,327779,7,5,tap,0.9906,U
D,327875,7,5,tap,0.9907,U
D,327971,7,5,tap,0.9908,U
D,328064,7,5,tap,0.9909,U
D,328160,7,5,tap,0.9910,U
D,328256,7,5,tap,0.9912,U
P,329788,7,10.0,2,5,tap,0.9926
E,329791,tap 6 (single pulse, 60 ms)
D,329882,7,6,tap,0.9926,S
D,329977,7,6,tap,0.9926,S
D,330073,7,6,tap,0.9926,S
D,330169,7,6,tap,0.9926,S
D,330265,7,6,tap,0.9926,S
D,330361,7,6,tap,0.9926,S
D,330457,7,6,tap,0.9927,S
D,330553,7,6,tap,0.9927,S
D,330648,7,6,tap,0.9927,S
D,330742,7,6,tap,0.9928,U
D,330838,7,6,tap,0.9930,U
D,330934,7,6,tap,0.9931,U
D,331030,7,6,tap,0.9933,U
D,331126,7,6,tap,0.9934,U
D,331222,7,6,tap,0.9935,U
D,331317,7,6,tap,0.9937,U
P,333039,7,10.0,2,6,tap,0.9954
E,333042,tap 7 (single pulse, 60 ms)
D,333134,7,7,tap,0.9954,S
D,333230,7,7,tap,0.9954,S
D,333326,7,7,tap,0.9954,S
D,333420,7,7,tap,0.9954,S
D,333516,7,7,tap,0.9954,S
D,333612,7,7,tap,0.9954,S
D,333707,7,7,tap,0.9954,S
D,333803,7,7,tap,0.9954,S
D,333899,7,7,tap,0.9954,S
D,333995,7,7,tap,0.9955,S
D,334091,7,7,tap,0.9955,S
D,334187,7,7,tap,0.9956,U
D,334281,7,7,tap,0.9957,U
D,334376,7,7,tap,0.9958,U
D,334472,7,7,tap,0.9958,U
D,334568,7,7,tap,0.9959,U
P,336098,7,10.0,2,7,tap,0.9968
E,336101,tap 8 (single pulse, 60 ms)
D,336193,7,8,tap,0.9968,S
D,336289,7,8,tap,0.9968,S
D,336385,7,8,tap,0.9968,S
D,336481,7,8,tap,0.9968,S
D,336577,7,8,tap,0.9968,S
D,336673,7,8,tap,0.9968,S
D,336768,7,8,tap,0.9968,S
D,336865,7,8,tap,0.9968,S
D,336958,7,8,tap,0.9969,S
D,337054,7,8,tap,0.9970,U
D,337150,7,8,tap,0.9971,U
D,337246,7,8,tap,0.9973,U
D,337342,7,8,tap,0.9975,U
D,337437,7,8,tap,0.9976,U
D,337533,7,8,tap,0.9978,U
D,337629,7,8,tap,0.9979,U
P,339351,7,10.0,2,8,tap,0.9998
E,339354,tap 9 (single pulse, 60 ms)
D,339446,7,9,tap,0.9998,S
D,339542,7,9,tap,0.9998,S
D,339636,7,9,tap,0.9998,S
D,339732,7,9,tap,0.9998,S
D,339828,7,9,tap,0.9998,S
D,339924,7,9,tap,0.9998,S
D,340019,7,9,tap,0.9998,S
D,340115,7,9,tap,0.9998,S
D,340211,7,9,tap,0.9999,S
D,340307,7,9,tap,1.0000,U
D,340403,7,9,tap,1.0001,U
D,340497,7,9,tap,1.0002,U
D,340593,7,9,tap,1.0003,U
D,340688,7,9,tap,1.0005,U
D,340784,7,9,tap,1.0006,U
D,340880,7,9,tap,1.0007,U
P,342412,7,10.0,2,9,tap,1.0021
E,342415,tap 10 (single pulse, 60 ms)
D,342506,7,10,tap,1.0021,S
D,342601,7,10,tap,1.0021,S
D,342697,7,10,tap,1.0021,S
D,342793,7,10,tap,1.0021,S
D,342889,7,10,tap,1.0021,S
D,342985,7,10,tap,1.0022,S
D,343081,7,10,tap,1.0022,S
D,343174,7,10,tap,1.0022,S
D,343270,7,10,tap,1.0022,S
D,343366,7,10,tap,1.0023,U
D,343462,7,10,tap,1.0024,U
D,343558,7,10,tap,1.0026,U
D,343654,7,10,tap,1.0027,U
D,343749,7,10,tap,1.0028,U
D,343845,7,10,tap,1.0029,U
D,343941,7,10,tap,1.0030,U
P,345472,7,10.0,2,10,tap,1.0044
D,345566,7,1,post,1.0044,S
D,345662,7,1,post,1.0044,S
D,345758,7,1,post,1.0044,S
D,345852,7,1,post,1.0044,S
D,345948,7,1,post,1.0044,S
D,346044,7,1,post,1.0044,S
D,346140,7,1,post,1.0044,S
D,346235,7,1,post,1.0044,S
D,346331,7,1,post,1.0044,S
D,346427,7,1,post,1.0044,S
D,346523,7,1,post,1.0044,S
D,346619,7,1,post,1.0044,S
D,346713,7,1,post,1.0044,S
D,346808,7,1,post,1.0044,S
D,346904,7,1,post,1.0044,S
D,347000,7,1,post,1.0044,S
P,347773,7,10.0,2,1,post,1.0044
D,347866,7,2,post,1.0044,S
D,347957,7,2,post,1.0044,S
D,348053,7,2,post,1.0044,S
D,348149,7,2,post,1.0044,S
D,348244,7,2,post,1.0044,S
D,348340,7,2,post,1.0044,S
D,348436,7,2,post,1.0044,S
D,348530,7,2,post,1.0044,S
D,348626,7,2,post,1.0044,S
D,348722,7,2,post,1.0044,S
D,348818,7,2,post,1.0044,S
D,348914,7,2,post,1.0044,S
D,349009,7,2,post,1.0044,S
D,349105,7,2,post,1.0044,S
D,349201,7,2,post,1.0044,S
D,349297,7,2,post,1.0044,S
P,350070,7,10.0,2,2,post,1.0044
E,350073,=== trial 8 : angle 0.0 plate deg, rep 2 ===
P,352273,8,0.0,2,0,base,1.0044
E,352277,prime rotate 360 deg @ 30 rpm
D,356563,8,0,prime,1.0335,S
D,356659,8,0,prime,1.0335,S
D,356754,8,0,prime,1.0335,S
D,356850,8,0,prime,1.0335,S
D,356946,8,0,prime,1.0335,S
D,357042,8,0,prime,1.0335,S
D,357138,8,0,prime,1.0335,S
D,357234,8,0,prime,1.0335,S
D,357330,8,0,prime,1.0335,S
D,357423,8,0,prime,1.0335,S
D,357519,8,0,prime,1.0335,S
D,357615,8,0,prime,1.0335,S
D,357722,8,0,prime,1.0335,S
D,357903,8,0,prime,1.0335,S
D,357999,8,0,prime,1.0335,S
D,358095,8,0,prime,1.0335,S
D,358190,8,0,prime,1.0335,S
D,358284,8,0,prime,1.0335,S
D,358380,8,0,prime,1.0335,S
D,358476,8,0,prime,1.0335,S
D,358572,8,0,prime,1.0335,S
D,358668,8,0,prime,1.0335,S
D,358763,8,0,prime,1.0335,S
D,358859,8,0,prime,1.0335,S
D,358955,8,0,prime,1.0335,S
D,359051,8,0,prime,1.0335,S
D,359147,8,0,prime,1.0335,S
D,359241,8,0,prime,1.0335,S
D,359337,8,0,prime,1.0335,S
D,359433,8,0,prime,1.0335,S
P,360207,8,0.0,2,0,prime,1.0335
D,360299,8,1,ctrl,1.0335,S
D,360389,8,1,ctrl,1.0335,S
D,360485,8,1,ctrl,1.0335,S
D,360581,8,1,ctrl,1.0335,S
D,360677,8,1,ctrl,1.0335,S
D,360773,8,1,ctrl,1.0335,S
D,360869,8,1,ctrl,1.0335,S
D,360963,8,1,ctrl,1.0335,S
D,361058,8,1,ctrl,1.0335,S
D,361154,8,1,ctrl,1.0335,S
D,361250,8,1,ctrl,1.0335,S
D,361346,8,1,ctrl,1.0335,S
D,361442,8,1,ctrl,1.0335,S
D,361538,8,1,ctrl,1.0335,S
D,361634,8,1,ctrl,1.0335,S
D,361729,8,1,ctrl,1.0335,S
P,362503,8,0.0,2,1,ctrl,1.0335
D,362595,8,2,ctrl,1.0335,S
D,362686,8,2,ctrl,1.0335,S
D,362780,8,2,ctrl,1.0335,S
D,362876,8,2,ctrl,1.0335,S
D,362972,8,2,ctrl,1.0335,S
D,363067,8,2,ctrl,1.0335,S
D,363163,8,2,ctrl,1.0335,S
D,363259,8,2,ctrl,1.0335,S
D,363355,8,2,ctrl,1.0335,S
D,363451,8,2,ctrl,1.0335,S
D,363547,8,2,ctrl,1.0335,S
D,363641,8,2,ctrl,1.0335,S
D,363736,8,2,ctrl,1.0335,S
D,363832,8,2,ctrl,1.0335,S
D,363928,8,2,ctrl,1.0335,S
D,364024,8,2,ctrl,1.0335,S
P,364799,8,0.0,2,2,ctrl,1.0335
D,364891,8,3,ctrl,1.0335,S
D,364981,8,3,ctrl,1.0335,S
D,365076,8,3,ctrl,1.0335,S
D,365172,8,3,ctrl,1.0335,S
D,365268,8,3,ctrl,1.0335,S
D,365364,8,3,ctrl,1.0335,S
D,365458,8,3,ctrl,1.0335,S
D,365553,8,3,ctrl,1.0335,S
D,365649,8,3,ctrl,1.0335,S
D,365745,8,3,ctrl,1.0335,S
D,365841,8,3,ctrl,1.0335,S
D,365937,8,3,ctrl,1.0335,S
D,366033,8,3,ctrl,1.0335,S
D,366128,8,3,ctrl,1.0335,S
D,366224,8,3,ctrl,1.0335,S
D,366318,8,3,ctrl,1.0335,S
P,367092,8,0.0,2,3,ctrl,1.0335
E,367094,tap 1 (single pulse, 60 ms)
D,367183,8,1,tap,1.0335,S
D,367275,8,1,tap,1.0335,S
D,367370,8,1,tap,1.0335,S
D,367466,8,1,tap,1.0335,S
D,367562,8,1,tap,1.0335,S
D,367658,8,1,tap,1.0335,S
D,367754,8,1,tap,1.0335,S
D,367850,8,1,tap,1.0335,S
D,367946,8,1,tap,1.0335,S
D,368041,8,1,tap,1.0335,S
D,368135,8,1,tap,1.0335,S
D,368230,8,1,tap,1.0340,U
D,368326,8,1,tap,1.0341,U
D,368422,8,1,tap,1.0342,U
D,368518,8,1,tap,1.0344,U
D,368613,8,1,tap,1.0345,U
P,370145,8,0.0,2,1,tap,1.0360
E,370148,tap 2 (single pulse, 60 ms)
D,370239,8,2,tap,1.0360,S
D,370335,8,2,tap,1.0360,S
D,370431,8,2,tap,1.0360,S
D,370527,8,2,tap,1.0360,S
D,370622,8,2,tap,1.0360,S
D,370718,8,2,tap,1.0360,S
D,370812,8,2,tap,1.0360,S
D,370908,8,2,tap,1.0360,S
D,371004,8,2,tap,1.0361,S
D,371099,8,2,tap,1.0361,S
D,371196,8,2,tap,1.0362,U
D,371291,8,2,tap,1.0363,U
D,371387,8,2,tap,1.0364,U
D,371483,8,2,tap,1.0364,U
D,371579,8,2,tap,1.0365,U
D,371673,8,2,tap,1.0366,U
P,373205,8,0.0,2,2,tap,1.0376
E,373208,tap 3 (single pulse, 60 ms)
D,373300,8,3,tap,1.0376,S
D,373394,8,3,tap,1.0376,S
D,373490,8,3,tap,1.0376,S
D,373586,8,3,tap,1.0376,S
D,373681,8,3,tap,1.0376,S
D,373777,8,3,tap,1.0376,S
D,373873,8,3,tap,1.0376,S
D,373969,8,3,tap,1.0376,S
D,374065,8,3,tap,1.0377,S
D,374161,8,3,tap,1.0377,S
D,374257,8,3,tap,1.0378,U
D,374350,8,3,tap,1.0379,U
D,374446,8,3,tap,1.0380,U
D,374542,8,3,tap,1.0380,U
D,374638,8,3,tap,1.0381,U
D,374734,8,3,tap,1.0382,U
P,376263,8,0.0,2,3,tap,1.0392
E,376266,tap 4 (single pulse, 60 ms)
D,376359,8,4,tap,1.0392,S
D,376455,8,4,tap,1.0392,S
D,376551,8,4,tap,1.0392,S
D,376647,8,4,tap,1.0392,S
D,376742,8,4,tap,1.0392,S
D,376839,8,4,tap,1.0392,S
D,376934,8,4,tap,1.0392,S
D,377028,8,4,tap,1.0392,S
D,377124,8,4,tap,1.0392,S
D,377220,8,4,tap,1.0393,S
D,377316,8,4,tap,1.0394,U
D,377411,8,4,tap,1.0394,U
D,377507,8,4,tap,1.0395,U
D,377603,8,4,tap,1.0396,U
D,377699,8,4,tap,1.0397,U
D,377795,8,4,tap,1.0397,U
P,379327,8,0.0,2,4,tap,1.0407
E,379330,tap 5 (single pulse, 60 ms)
D,379420,8,5,tap,1.0407,S
D,379516,8,5,tap,1.0407,S
D,379612,8,5,tap,1.0407,S
D,379706,8,5,tap,1.0407,S
D,379802,8,5,tap,1.0407,S
D,379898,8,5,tap,1.0407,S
D,379993,8,5,tap,1.0407,S
D,380089,8,5,tap,1.0407,S
D,380185,8,5,tap,1.0407,S
D,380281,8,5,tap,1.0408,S
D,380377,8,5,tap,1.0408,S
D,380472,8,5,tap,1.0409,U
D,380566,8,5,tap,1.0409,U
D,380662,8,5,tap,1.0409,U
D,380758,8,5,tap,1.0410,U
D,380854,8,5,tap,1.0410,U
P,382386,8,0.0,2,5,tap,1.0417
E,382389,tap 6 (single pulse, 60 ms)
D,382479,8,6,tap,1.0417,S
D,382575,8,6,tap,1.0417,S
D,382671,8,6,tap,1.0417,S
D,382767,8,6,tap,1.0417,S
D,382863,8,6,tap,1.0416,S
D,382959,8,6,tap,1.0416,S
D,383055,8,6,tap,1.0416,S
D,383150,8,6,tap,1.0417,S
D,383244,8,6,tap,1.0417,S
D,383340,8,6,tap,1.0417,S
D,383436,8,6,tap,1.0419,U
D,383532,8,6,tap,1.0420,U
D,383628,8,6,tap,1.0421,U
D,383723,8,6,tap,1.0422,U
D,383819,8,6,tap,1.0424,U
D,383915,8,6,tap,1.0425,U
P,385447,8,0.0,2,6,tap,1.0437
E,385450,tap 7 (single pulse, 60 ms)
D,385540,8,7,tap,1.0437,S
D,385636,8,7,tap,1.0437,S
D,385732,8,7,tap,1.0437,S
D,385828,8,7,tap,1.0437,S
D,385922,8,7,tap,1.0437,S
D,386018,8,7,tap,1.0437,S
D,386114,8,7,tap,1.0437,S
D,386209,8,7,tap,1.0437,S
D,386305,8,7,tap,1.0438,S
D,386401,8,7,tap,1.0438,S
D,386497,8,7,tap,1.0439,U
D,386593,8,7,tap,1.0440,U
D,386689,8,7,tap,1.0441,U
D,386782,8,7,tap,1.0442,U
D,386878,8,7,tap,1.0443,U
D,386974,8,7,tap,1.0443,U
P,388506,8,0.0,2,7,tap,1.0453
E,388509,tap 8 (single pulse, 60 ms)
D,388599,8,8,tap,1.0453,S
D,388695,8,8,tap,1.0453,S
D,388791,8,8,tap,1.0453,S
D,388887,8,8,tap,1.0453,S
D,388983,8,8,tap,1.0453,S
D,389079,8,8,tap,1.0453,S
D,389175,8,8,tap,1.0453,S
D,389270,8,8,tap,1.0454,S
D,389366,8,8,tap,1.0454,S
D,389460,8,8,tap,1.0455,U
D,389556,8,8,tap,1.0456,U
D,389652,8,8,tap,1.0456,U
D,389748,8,8,tap,1.0457,U
D,389843,8,8,tap,1.0458,U
D,389939,8,8,tap,1.0459,U
D,390035,8,8,tap,1.0460,U
P,391567,8,0.0,2,8,tap,1.0469
E,391570,tap 9 (single pulse, 60 ms)
D,391661,8,9,tap,1.0469,S
D,391756,8,9,tap,1.0469,S
D,391852,8,9,tap,1.0469,S
D,391948,8,9,tap,1.0469,S
D,392044,8,9,tap,1.0469,S
D,392138,8,9,tap,1.0469,S
D,392234,8,9,tap,1.0469,S
D,392329,8,9,tap,1.0469,S
D,392426,8,9,tap,1.0470,S
D,392521,8,9,tap,1.0470,S
D,392617,8,9,tap,1.0470,S
D,392713,8,9,tap,1.0471,U
D,392809,8,9,tap,1.0471,U
D,392905,8,9,tap,1.0471,S
D,392999,8,9,tap,1.0471,S
D,393094,8,9,tap,1.0472,U
P,394434,8,0.0,2,9,tap,1.0477
E,394437,tap 10 (single pulse, 60 ms)
D,394530,8,10,tap,1.0477,S
D,394626,8,10,tap,1.0477,S
D,394722,8,10,tap,1.0477,S
D,394816,8,10,tap,1.0477,S
D,394911,8,10,tap,1.0477,S
D,395007,8,10,tap,1.0477,S
D,395103,8,10,tap,1.0477,S
D,395199,8,10,tap,1.0477,S
D,395295,8,10,tap,1.0477,S
D,395391,8,10,tap,1.0477,S
D,395487,8,10,tap,1.0477,S
D,395582,8,10,tap,1.0478,S
D,395676,8,10,tap,1.0478,S
D,395772,8,10,tap,1.0480,U
D,395868,8,10,tap,1.0480,U
D,395964,8,10,tap,1.0481,U
P,397496,8,0.0,2,10,tap,1.0488
D,397589,8,1,post,1.0488,S
D,397685,8,1,post,1.0488,S
D,397781,8,1,post,1.0488,S
D,397877,8,1,post,1.0488,S
D,397972,8,1,post,1.0488,S
D,398068,8,1,post,1.0488,S
D,398164,8,1,post,1.0488,S
D,398260,8,1,post,1.0488,S
D,398354,8,1,post,1.0488,S
D,398450,8,1,post,1.0488,S
D,398546,8,1,post,1.0488,S
D,398641,8,1,post,1.0488,S
D,398737,8,1,post,1.0488,S
D,398833,8,1,post,1.0488,S
D,398929,8,1,post,1.0488,S
D,399025,8,1,post,1.0488,S
P,399797,8,0.0,2,1,post,1.0488
D,399889,8,2,post,1.0488,S
D,399982,8,2,post,1.0488,S
D,400077,8,2,post,1.0488,S
D,400171,8,2,post,1.0488,S
D,400267,8,2,post,1.0488,S
D,400363,8,2,post,1.0488,S
D,400459,8,2,post,1.0488,S
D,400555,8,2,post,1.0488,S
D,400651,8,2,post,1.0488,S
D,400747,8,2,post,1.0488,S
D,400842,8,2,post,1.0488,S
D,400938,8,2,post,1.0488,S
D,401032,8,2,post,1.0488,S
D,401128,8,2,post,1.0488,S
D,401224,8,2,post,1.0488,S
D,401320,8,2,post,1.0488,S
P,402093,8,0.0,2,2,post,1.0488
E,402096,=== trial 9 : angle 0.0 plate deg, rep 3 ===
P,404010,9,0.0,3,0,base,1.0488
E,404014,prime rotate 360 deg @ 30 rpm
D,408303,9,0,prime,1.0775,S
D,408396,9,0,prime,1.0775,S
D,408492,9,0,prime,1.0775,S
D,408587,9,0,prime,1.0775,S
D,408683,9,0,prime,1.0775,S
D,408779,9,0,prime,1.0774,S
D,408875,9,0,prime,1.0774,S
D,408971,9,0,prime,1.0774,S
D,409065,9,0,prime,1.0774,S
D,409161,9,0,prime,1.0774,S
D,409256,9,0,prime,1.0774,S
D,409352,9,0,prime,1.0774,S
D,409448,9,0,prime,1.0774,S
D,409544,9,0,prime,1.0774,S
D,409640,9,0,prime,1.0774,S
D,409736,9,0,prime,1.0774,S
D,409832,9,0,prime,1.0774,S
D,409926,9,0,prime,1.0774,S
D,410021,9,0,prime,1.0774,S
D,410117,9,0,prime,1.0774,S
D,410213,9,0,prime,1.0774,S
D,410309,9,0,prime,1.0774,S
D,410405,9,0,prime,1.0774,S
D,410501,9,0,prime,1.0774,S
D,410596,9,0,prime,1.0774,S
D,410693,9,0,prime,1.0774,S
D,410786,9,0,prime,1.0774,S
D,410882,9,0,prime,1.0774,S
D,410978,9,0,prime,1.0774,S
D,411074,9,0,prime,1.0774,S
D,411170,9,0,prime,1.0774,S
D,411265,9,0,prime,1.0774,S
P,412039,9,0.0,3,0,prime,1.0774
D,412130,9,1,ctrl,1.0774,S
D,412222,9,1,ctrl,1.0774,S
D,412318,9,1,ctrl,1.0774,S
D,412414,9,1,ctrl,1.0774,S
D,412510,9,1,ctrl,1.0774,S
D,412604,9,1,ctrl,1.0774,S
D,412700,9,1,ctrl,1.0774,S
D,412796,9,1,ctrl,1.0774,S
D,412891,9,1,ctrl,1.0774,S
D,412987,9,1,ctrl,1.0774,S
D,413083,9,1,ctrl,1.0774,S
D,413179,9,1,ctrl,1.0774,S
D,413275,9,1,ctrl,1.0774,S
D,413371,9,1,ctrl,1.0774,S
D,413465,9,1,ctrl,1.0774,S
D,413561,9,1,ctrl,1.0774,S
P,414334,9,0.0,3,1,ctrl,1.0774
D,414427,9,2,ctrl,1.0774,S
D,414517,9,2,ctrl,1.0774,S
D,414613,9,2,ctrl,1.0774,S
D,414709,9,2,ctrl,1.0774,S
D,414804,9,2,ctrl,1.0774,S
D,414900,9,2,ctrl,1.0774,S
D,414996,9,2,ctrl,1.0774,S
D,415092,9,2,ctrl,1.0774,S
D,415188,9,2,ctrl,1.0774,S
D,415282,9,2,ctrl,1.0774,S
D,415378,9,2,ctrl,1.0774,S
D,415473,9,2,ctrl,1.0774,S
D,415569,9,2,ctrl,1.0774,S
D,415665,9,2,ctrl,1.0774,S
D,415761,9,2,ctrl,1.0774,S
D,415861,9,2,ctrl,1.0774,S
P,416622,9,0.0,3,2,ctrl,1.0774
D,416717,9,3,ctrl,1.0774,S
D,416813,9,3,ctrl,1.0774,S
D,416909,9,3,ctrl,1.0774,S
D,417003,9,3,ctrl,1.0774,S
D,417099,9,3,ctrl,1.0774,S
D,417195,9,3,ctrl,1.0774,S
D,417291,9,3,ctrl,1.0774,S
D,417386,9,3,ctrl,1.0774,S
D,417482,9,3,ctrl,1.0774,S
D,417578,9,3,ctrl,1.0774,S
D,417674,9,3,ctrl,1.0774,S
D,417770,9,3,ctrl,1.0774,S
D,417866,9,3,ctrl,1.0774,S
D,417959,9,3,ctrl,1.0774,S
D,418055,9,3,ctrl,1.0774,S
D,418151,9,3,ctrl,1.0774,S
P,418923,9,0.0,3,3,ctrl,1.0775
E,418926,tap 1 (single pulse, 60 ms)
D,419108,9,1,tap,1.0775,S
D,419203,9,1,tap,1.0775,S
D,419299,9,1,tap,1.0775,S
D,419395,9,1,tap,1.0775,S
D,419491,9,1,tap,1.0775,S
D,419587,9,1,tap,1.0775,S
D,419681,9,1,tap,1.0775,S
D,419776,9,1,tap,1.0775,S
D,419872,9,1,tap,1.0775,S
D,419968,9,1,tap,1.0775,S
D,420063,9,1,tap,1.0816,U
D,420159,9,1,tap,1.0817,U
D,420254,9,1,tap,1.0816,U
D,420350,9,1,tap,1.0816,U
D,420446,9,1,tap,1.0816,U
P,421220,9,0.0,3,1,tap,1.0815
E,421222,tap 2 (single pulse, 60 ms)
D,421403,9,2,tap,1.0815,S
D,421497,9,2,tap,1.0815,S
D,421593,9,2,tap,1.0815,S
D,421688,9,2,tap,1.0815,S
D,421784,9,2,tap,1.0815,S
D,421880,9,2,tap,1.0815,S
D,421976,9,2,tap,1.0815,S
D,422072,9,2,tap,1.0815,S
D,422168,9,2,tap,1.0816,S
D,422264,9,2,tap,1.0816,S
D,422358,9,2,tap,1.0816,S
D,422453,9,2,tap,1.0817,U
D,422549,9,2,tap,1.0817,U
D,422645,9,2,tap,1.0819,U
D,422741,9,2,tap,1.0820,U
P,424273,9,0.0,3,2,tap,1.0829
E,424276,tap 3 (single pulse, 60 ms)
D,424366,9,3,tap,1.0829,S
D,424462,9,3,tap,1.0829,S
D,424558,9,3,tap,1.0829,S
D,424654,9,3,tap,1.0829,S
D,424750,9,3,tap,1.0829,S
D,424845,9,3,tap,1.0829,S
D,424941,9,3,tap,1.0829,S
D,425035,9,3,tap,1.0829,S
D,425131,9,3,tap,1.0829,S
D,425227,9,3,tap,1.0830,S
D,425323,9,3,tap,1.0831,U
D,425419,9,3,tap,1.0832,U
D,425514,9,3,tap,1.0834,U
D,425610,9,3,tap,1.0835,U
D,425706,9,3,tap,1.0836,U
D,425802,9,3,tap,1.0837,U
P,427524,9,0.0,3,3,tap,1.0851
E,427527,tap 4 (single pulse, 60 ms)
D,427619,9,4,tap,1.0851,S
D,427713,9,4,tap,1.0851,S
D,427809,9,4,tap,1.0851,S
D,427905,9,4,tap,1.0851,S
D,428000,9,4,tap,1.0851,S
D,428096,9,4,tap,1.0851,S
D,428192,9,4,tap,1.0851,S
D,428288,9,4,tap,1.0851,S
D,428384,9,4,tap,1.0851,S
D,428480,9,4,tap,1.0852,S
D,428573,9,4,tap,1.0853,U
D,428669,9,4,tap,1.0853,U
D,428765,9,4,tap,1.0854,U
D,428861,9,4,tap,1.0854,U
D,428957,9,4,tap,1.0854,U
D,429053,9,4,tap,1.0856,U
P,430585,9,0.0,3,4,tap,1.0864
E,430588,tap 5 (single pulse, 60 ms)
D,430678,9,5,tap,1.0864,S
D,430774,9,5,tap,1.0864,S
D,430870,9,5,tap,1.0864,S
D,430966,9,5,tap,1.0864,S
D,431061,9,5,tap,1.0864,S
D,431157,9,5,tap,1.0864,S
D,431251,9,5,tap,1.0864,S
D,431347,9,5,tap,1.0864,S
D,431443,9,5,tap,1.0865,S
D,431539,9,5,tap,1.0865,S
D,431635,9,5,tap,1.0866,U
D,431730,9,5,tap,1.0867,U
D,431826,9,5,tap,1.0868,U
D,431922,9,5,tap,1.0868,U
D,432018,9,5,tap,1.0869,U
D,432112,9,5,tap,1.0870,U
P,433644,9,0.0,3,5,tap,1.0878
E,433647,tap 6 (single pulse, 60 ms)
D,433739,9,6,tap,1.0878,S
D,433835,9,6,tap,1.0878,S
D,433929,9,6,tap,1.0878,S
D,434025,9,6,tap,1.0878,S
D,434121,9,6,tap,1.0878,S
D,434221,9,6,tap,1.0878,S
D,434312,9,6,tap,1.0878,S
D,434408,9,6,tap,1.0878,S
D,434504,9,6,tap,1.0879,S
D,434600,9,6,tap,1.0880,U
D,434696,9,6,tap,1.0881,U
D,434789,9,6,tap,1.0882,U
D,434885,9,6,tap,1.0883,U
D,434981,9,6,tap,1.0884,U
D,435077,9,6,tap,1.0885,U
D,435173,9,6,tap,1.0887,U
P,436895,9,0.0,3,6,tap,1.0900
E,436898,tap 7 (single pulse, 60 ms)
D,436990,9,7,tap,1.0900,S
D,437086,9,7,tap,1.0900,S
D,437182,9,7,tap,1.0900,S
D,437277,9,7,tap,1.0900,S
D,437373,9,7,tap,1.0900,S
D,437467,9,7,tap,1.0900,S
D,437563,9,7,tap,1.0900,S
D,437659,9,7,tap,1.0901,S
D,437755,9,7,tap,1.0901,S
D,437851,9,7,tap,1.0901,S
D,437946,9,7,tap,1.0902,U
D,438042,9,7,tap,1.0902,U
D,438138,9,7,tap,1.0903,U
D,438234,9,7,tap,1.0903,U
D,438330,9,7,tap,1.0903,U
D,438424,9,7,tap,1.0903,S
P,439957,9,0.0,3,7,tap,1.0910
E,439960,tap 8 (single pulse, 60 ms)
D,440051,9,8,tap,1.0910,S
D,440145,9,8,tap,1.0910,S
D,440241,9,8,tap,1.0910,S
D,440337,9,8,tap,1.0910,S
D,440432,9,8,tap,1.0910,S
D,440528,9,8,tap,1.0910,S
D,440624,9,8,tap,1.0910,S
D,440720,9,8,tap,1.0910,S
D,440816,9,8,tap,1.0910,S
D,440912,9,8,tap,1.0911,S
D,441008,9,8,tap,1.0912,U
D,441102,9,8,tap,1.0913,U
D,441197,9,8,tap,1.0914,U
D,441293,9,8,tap,1.0915,U
D,441389,9,8,tap,1.0916,U
D,441485,9,8,tap,1.0917,U
P,443017,9,0.0,3,8,tap,1.0928
E,443020,tap 9 (single pulse, 60 ms)
D,443110,9,9,tap,1.0928,S
D,443206,9,9,tap,1.0928,S
D,443302,9,9,tap,1.0928,S
D,443398,9,9,tap,1.0928,S
D,443493,9,9,tap,1.0928,S
D,443590,9,9,tap,1.0928,S
D,443683,9,9,tap,1.0929,S
D,443779,9,9,tap,1.0929,S
D,443875,9,9,tap,1.0929,S
D,443971,9,9,tap,1.0929,S
D,444067,9,9,tap,1.0930,U
D,444162,9,9,tap,1.0930,S
D,444258,9,9,tap,1.0930,S
D,444354,9,9,tap,1.0931,U
D,444450,9,9,tap,1.0931,U
D,444546,9,9,tap,1.0931,S
P,445698,9,0.0,3,9,tap,1.0935
E,445701,tap 10 (single pulse, 60 ms)
D,445894,9,10,tap,1.0936,S
D,446075,9,10,tap,1.0935,S
D,446171,9,10,tap,1.0935,S
D,446267,9,10,tap,1.0935,S
D,446361,9,10,tap,1.0936,S
D,446457,9,10,tap,1.0936,S
D,446553,9,10,tap,1.0936,S
D,446649,9,10,tap,1.0937,U
D,446744,9,10,tap,1.0938,U
D,446840,9,10,tap,1.0938,U
D,446936,9,10,tap,1.0939,U
D,447032,9,10,tap,1.0940,U
D,447128,9,10,tap,1.0941,U
D,447224,9,10,tap,1.0941,U
P,448756,9,0.0,3,10,tap,1.0950
D,448849,9,1,post,1.0950,S
D,448945,9,1,post,1.0950,S
D,449039,9,1,post,1.0950,S
D,449134,9,1,post,1.0950,S
D,449230,9,1,post,1.0950,S
D,449326,9,1,post,1.0950,S
D,449422,9,1,post,1.0950,S
D,449518,9,1,post,1.0950,S
D,449614,9,1,post,1.0950,S
D,449710,9,1,post,1.0950,S
D,449805,9,1,post,1.0950,S
D,449901,9,1,post,1.0950,S
D,449995,9,1,post,1.0950,S
D,450091,9,1,post,1.0950,S
D,450187,9,1,post,1.0950,S
D,450283,9,1,post,1.0950,S
P,451056,9,0.0,3,1,post,1.0950
D,451148,9,2,post,1.0950,S
D,451239,9,2,post,1.0950,S
D,451335,9,2,post,1.0950,S
D,451431,9,2,post,1.0950,S
D,451527,9,2,post,1.0950,S
D,451623,9,2,post,1.0950,S
D,451717,9,2,post,1.0950,S
D,451813,9,2,post,1.0950,S
D,451919,9,2,post,1.0950,S
D,452008,9,2,post,1.0950,S
D,452100,9,2,post,1.0950,S
D,452196,9,2,post,1.0950,S
D,452292,9,2,post,1.0950,S
D,452388,9,2,post,1.0950,S
D,452484,9,2,post,1.0950,S
D,452578,9,2,post,1.0950,S
P,453352,9,0.0,3,2,post,1.0950
E,453355,=== trial 10 : angle 10.0 plate deg, rep 3 ===
P,455554,10,10.0,3,0,base,1.0950
E,455558,prime rotate 360 deg @ 30 rpm
D,459847,10,0,prime,1.1700,S
D,459941,10,0,prime,1.1700,S
D,460037,10,0,prime,1.1700,S
D,460133,10,0,prime,1.1699,S
D,460228,10,0,prime,1.1699,S
D,460324,10,0,prime,1.1699,S
D,460420,10,0,prime,1.1699,S
D,460516,10,0,prime,1.1699,S
D,460610,10,0,prime,1.1699,S
D,460706,10,0,prime,1.1699,S
D,460802,10,0,prime,1.1699,S
D,460898,10,0,prime,1.1699,S
D,460993,10,0,prime,1.1699,S
D,461089,10,0,prime,1.1699,S
D,461185,10,0,prime,1.1699,S
D,461281,10,0,prime,1.1699,S
D,461377,10,0,prime,1.1699,S
D,461473,10,0,prime,1.1699,S
D,461567,10,0,prime,1.1699,S
D,461663,10,0,prime,1.1699,S
D,461759,10,0,prime,1.1699,S
D,461854,10,0,prime,1.1699,S
D,461950,10,0,prime,1.1699,S
D,462046,10,0,prime,1.1699,S
D,462142,10,0,prime,1.1699,S
D,462238,10,0,prime,1.1699,S
D,462334,10,0,prime,1.1699,S
D,462427,10,0,prime,1.1699,S
D,462523,10,0,prime,1.1699,S
D,462619,10,0,prime,1.1699,S
D,462715,10,0,prime,1.1699,S
D,462811,10,0,prime,1.1699,S
P,463585,10,10.0,3,0,prime,1.1699
D,463678,10,1,ctrl,1.1699,S
D,463768,10,1,ctrl,1.1699,S
D,463863,10,1,ctrl,1.1699,S
D,463959,10,1,ctrl,1.1699,S
D,464055,10,1,ctrl,1.1699,S
D,464149,10,1,ctrl,1.1699,S
D,464245,10,1,ctrl,1.1699,S
D,464341,10,1,ctrl,1.1699,S
D,464437,10,1,ctrl,1.1699,S
D,464533,10,1,ctrl,1.1699,S
D,464629,10,1,ctrl,1.1699,S
D,464724,10,1,ctrl,1.1699,S
D,464820,10,1,ctrl,1.1699,S
D,464916,10,1,ctrl,1.1699,S
D,465012,10,1,ctrl,1.1699,S
D,465106,10,1,ctrl,1.1699,S
P,465879,10,10.0,3,1,ctrl,1.1699
D,465972,10,2,ctrl,1.1699,S
D,466062,10,2,ctrl,1.1699,S
D,466158,10,2,ctrl,1.1699,S
D,466254,10,2,ctrl,1.1699,S
D,466350,10,2,ctrl,1.1699,S
D,466446,10,2,ctrl,1.1699,S
D,466542,10,2,ctrl,1.1699,S
D,466638,10,2,ctrl,1.1699,S
D,466733,10,2,ctrl,1.1699,S
D,466827,10,2,ctrl,1.1699,S
D,466923,10,2,ctrl,1.1699,S
D,467019,10,2,ctrl,1.1699,S
D,467115,10,2,ctrl,1.1699,S
D,467211,10,2,ctrl,1.1699,S
D,467306,10,2,ctrl,1.1699,S
D,467402,10,2,ctrl,1.1699,S
P,468176,10,10.0,3,2,ctrl,1.1699
D,468268,10,3,ctrl,1.1699,S
D,468359,10,3,ctrl,1.1699,S
D,468455,10,3,ctrl,1.1699,S
D,468550,10,3,ctrl,1.1699,S
D,468644,10,3,ctrl,1.1699,S
D,468740,10,3,ctrl,1.1699,S
D,468836,10,3,ctrl,1.1699,S
D,468932,10,3,ctrl,1.1699,S
D,469028,10,3,ctrl,1.1699,S
D,469123,10,3,ctrl,1.1699,S
D,469219,10,3,ctrl,1.1699,S
D,469315,10,3,ctrl,1.1699,S
D,469411,10,3,ctrl,1.1699,S
D,469505,10,3,ctrl,1.1699,S
D,469601,10,3,ctrl,1.1699,S
D,469697,10,3,ctrl,1.1699,S
P,470470,10,10.0,3,3,ctrl,1.1700
E,470473,tap 1 (single pulse, 60 ms)
D,470561,10,1,tap,1.1700,S
D,470653,10,1,tap,1.1700,S
D,470749,10,1,tap,1.1700,S
D,470845,10,1,tap,1.1700,S
D,470941,10,1,tap,1.1700,S
D,471036,10,1,tap,1.1700,S
D,471132,10,1,tap,1.1700,S
D,471228,10,1,tap,1.1700,S
D,471322,10,1,tap,1.1700,S
D,471418,10,1,tap,1.1700,S
D,471512,10,1,tap,1.1751,U
D,471608,10,1,tap,1.1761,U
D,471704,10,1,tap,1.1764,U
D,471800,10,1,tap,1.1764,U
D,471896,10,1,tap,1.1762,U
D,471991,10,1,tap,1.1761,U
P,472765,10,10.0,3,1,tap,1.1759
E,472767,tap 2 (single pulse, 60 ms)
D,472855,10,2,tap,1.1759,S
D,472948,10,2,tap,1.1760,S
D,473042,10,2,tap,1.1760,S
D,473138,10,2,tap,1.1760,S
D,473234,10,2,tap,1.1760,S
D,473330,10,2,tap,1.1760,S
D,473425,10,2,tap,1.1760,S
D,473521,10,2,tap,1.1760,S
D,473617,10,2,tap,1.1761,S
D,473713,10,2,tap,1.1762,U
D,473809,10,2,tap,1.1763,U
D,473905,10,2,tap,1.1765,U
D,473999,10,2,tap,1.1767,U
D,474100,10,2,tap,1.1768,U
D,474190,10,2,tap,1.1770,U
D,474286,10,2,tap,1.1772,U
P,476008,10,10.0,3,2,tap,1.1792
E,476011,tap 3 (single pulse, 60 ms)
D,476103,10,3,tap,1.1792,S
D,476199,10,3,tap,1.1792,S
D,476295,10,3,tap,1.1792,S
D,476391,10,3,tap,1.1792,S
D,476487,10,3,tap,1.1792,S
D,476583,10,3,tap,1.1792,S
D,476676,10,3,tap,1.1792,S
D,476772,10,3,tap,1.1792,S
D,476868,10,3,tap,1.1793,S
D,476964,10,3,tap,1.1793,S
D,477060,10,3,tap,1.1794,U
D,477156,10,3,tap,1.1795,U
D,477251,10,3,tap,1.1796,U
D,477347,10,3,tap,1.1798,U
D,477443,10,3,tap,1.1799,U
D,477537,10,3,tap,1.1800,U
P,479261,10,10.0,3,3,tap,1.1813
E,479264,tap 4 (single pulse, 60 ms)
D,479354,10,4,tap,1.1813,S
D,479450,10,4,tap,1.1813,S
D,479546,10,4,tap,1.1813,S
D,479642,10,4,tap,1.1813,S
D,479737,10,4,tap,1.1813,S
D,479833,10,4,tap,1.1813,S
D,479929,10,4,tap,1.1813,S
D,480025,10,4,tap,1.1813,S
D,480121,10,4,tap,1.1814,S
D,480215,10,4,tap,1.1814,S
D,480311,10,4,tap,1.1816,U
D,480406,10,4,tap,1.1817,U
D,480502,10,4,tap,1.1818,U
D,480598,10,4,tap,1.1820,U
D,480694,10,4,tap,1.1821,U
D,480790,10,4,tap,1.1823,U
P,482512,10,10.0,3,4,tap,1.1842
E,482515,tap 5 (single pulse, 60 ms)
D,482607,10,5,tap,1.1842,S
D,482703,10,5,tap,1.1842,S
D,482799,10,5,tap,1.1842,S
D,482892,10,5,tap,1.1842,S
D,482988,10,5,tap,1.1842,S
D,483084,10,5,tap,1.1842,S
D,483180,10,5,tap,1.1842,S
D,483276,10,5,tap,1.1842,S
D,483372,10,5,tap,1.1843,S
D,483467,10,5,tap,1.1844,U
D,483563,10,5,tap,1.1845,U
D,483659,10,5,tap,1.1847,U
D,483753,10,5,tap,1.1848,U
D,483849,10,5,tap,1.1849,U
D,483945,10,5,tap,1.1851,U
D,484041,10,5,tap,1.1852,U
P,485763,10,10.0,3,5,tap,1.1868
E,485766,tap 6 (single pulse, 60 ms)
D,485858,10,6,tap,1.1868,S
D,485954,10,6,tap,1.1868,S
D,486049,10,6,tap,1.1868,S
D,486145,10,6,tap,1.1868,S
D,486241,10,6,tap,1.1868,S
D,486337,10,6,tap,1.1868,S
D,486431,10,6,tap,1.1868,S
D,486527,10,6,tap,1.1868,S
D,486623,10,6,tap,1.1869,S
D,486718,10,6,tap,1.1870,U
D,486814,10,6,tap,1.1871,U
D,486910,10,6,tap,1.1872,U
D,487006,10,6,tap,1.1873,U
D,487102,10,6,tap,1.1874,U
D,487198,10,6,tap,1.1876,U
D,487291,10,6,tap,1.1877,U
P,489015,10,10.0,3,6,tap,1.1891
E,489018,tap 7 (single pulse, 60 ms)
D,489108,10,7,tap,1.1891,S
D,489204,10,7,tap,1.1891,S
D,489300,10,7,tap,1.1891,S
D,489396,10,7,tap,1.1891,S
D,489492,10,7,tap,1.1891,S
D,489588,10,7,tap,1.1891,S
D,489684,10,7,tap,1.1891,S
D,489779,10,7,tap,1.1891,S
D,489875,10,7,tap,1.1892,S
D,489969,10,7,tap,1.1893,U
D,490065,10,7,tap,1.1894,U
D,490161,10,7,tap,1.1895,U
D,490257,10,7,tap,1.1896,U
D,490352,10,7,tap,1.1897,U
D,490448,10,7,tap,1.1898,U
D,490544,10,7,tap,1.1899,U
P,492276,10,10.0,3,7,tap,1.1913
E,492279,tap 8 (single pulse, 60 ms)
D,492457,10,8,tap,1.1913,S
D,492553,10,8,tap,1.1913,S
D,492647,10,8,tap,1.1913,S
D,492744,10,8,tap,1.1913,S
D,492838,10,8,tap,1.1913,S
D,492934,10,8,tap,1.1913,S
D,493030,10,8,tap,1.1913,S
D,493126,10,8,tap,1.1914,S
D,493222,10,8,tap,1.1915,U
D,493318,10,8,tap,1.1916,U
D,493414,10,8,tap,1.1917,U
D,493508,10,8,tap,1.1919,U
D,493603,10,8,tap,1.1920,U
D,493699,10,8,tap,1.1921,U
D,493795,10,8,tap,1.1923,U
P,495517,10,10.0,3,8,tap,1.1939
E,495520,tap 9 (single pulse, 60 ms)
D,495612,10,9,tap,1.1939,S
D,495708,10,9,tap,1.1939,S
D,495804,10,9,tap,1.1939,S
D,495900,10,9,tap,1.1939,S
D,495996,10,9,tap,1.1939,S
D,496091,10,9,tap,1.1939,S
D,496185,10,9,tap,1.1939,S
D,496281,10,9,tap,1.1939,S
D,496377,10,9,tap,1.1940,S
D,496473,10,9,tap,1.1940,S
D,496569,10,9,tap,1.1941,U
D,496664,10,9,tap,1.1942,U
D,496760,10,9,tap,1.1943,U
D,496856,10,9,tap,1.1944,U
D,496952,10,9,tap,1.1945,U
D,497048,10,9,tap,1.1946,U
P,498579,10,10.0,3,9,tap,1.1957
E,498582,tap 10 (single pulse, 60 ms)
D,498673,10,10,tap,1.1957,S
D,498769,10,10,tap,1.1957,S
D,498863,10,10,tap,1.1957,S
D,498959,10,10,tap,1.1957,S
D,499055,10,10,tap,1.1957,S
D,499150,10,10,tap,1.1957,S
D,499246,10,10,tap,1.1957,S
D,499342,10,10,tap,1.1957,S
D,499438,10,10,tap,1.1958,S
D,499534,10,10,tap,1.1959,U
D,499630,10,10,tap,1.1960,U
D,499725,10,10,tap,1.1961,U
D,499819,10,10,tap,1.1962,U
D,499915,10,10,tap,1.1963,U
D,500011,10,10,tap,1.1965,U
D,500107,10,10,tap,1.1966,U
P,501829,10,10.0,3,10,tap,1.1979
D,501924,10,1,post,1.1979,S
D,502020,10,1,post,1.1979,S
D,502116,10,1,post,1.1979,S
D,502211,10,1,post,1.1979,S
D,502307,10,1,post,1.1979,S
D,502401,10,1,post,1.1979,S
D,502497,10,1,post,1.1979,S
D,502593,10,1,post,1.1979,S
D,502689,10,1,post,1.1979,S
D,502785,10,1,post,1.1979,S
D,502881,10,1,post,1.1979,S
D,502976,10,1,post,1.1979,S
D,503072,10,1,post,1.1979,S
D,503168,10,1,post,1.1979,S
D,503264,10,1,post,1.1979,S
D,503358,10,1,post,1.1979,S
P,504132,10,10.0,3,1,post,1.1979
D,504224,10,2,post,1.1979,S
D,504314,10,2,post,1.1979,S
D,504410,10,2,post,1.1979,S
D,504506,10,2,post,1.1979,S
D,504602,10,2,post,1.1979,S
D,504698,10,2,post,1.1979,S
D,504794,10,2,post,1.1979,S
D,504890,10,2,post,1.1979,S
D,504986,10,2,post,1.1979,S
D,505079,10,2,post,1.1979,S
D,505175,10,2,post,1.1979,S
D,505271,10,2,post,1.1979,S
D,505367,10,2,post,1.1979,S
D,505463,10,2,post,1.1979,S
D,505559,10,2,post,1.1979,S
D,505654,10,2,post,1.1979,S
P,506428,10,10.0,3,2,post,1.1979
E,506431,=== trial 11 : angle 18.0 plate deg, rep 3 ===
P,508633,11,18.0,3,0,base,1.1980
E,508637,prime rotate 360 deg @ 30 rpm
D,512926,11,0,prime,1.3067,S
D,513018,11,0,prime,1.3067,S
D,513112,11,0,prime,1.3067,S
D,513208,11,0,prime,1.3067,S
D,513304,11,0,prime,1.3067,S
D,513399,11,0,prime,1.3067,S
D,513495,11,0,prime,1.3067,S
D,513591,11,0,prime,1.3067,S
D,513687,11,0,prime,1.3067,S
D,513783,11,0,prime,1.3067,S
D,513879,11,0,prime,1.3067,S
D,513973,11,0,prime,1.3067,S
D,514068,11,0,prime,1.3067,S
D,514175,11,0,prime,1.3066,S
D,514356,11,0,prime,1.3066,S
D,514452,11,0,prime,1.3066,S
D,514548,11,0,prime,1.3066,S
D,514644,11,0,prime,1.3066,S
D,514740,11,0,prime,1.3066,S
D,514835,11,0,prime,1.3066,S
D,514929,11,0,prime,1.3066,S
D,515025,11,0,prime,1.3066,S
D,515121,11,0,prime,1.3066,S
D,515217,11,0,prime,1.3066,S
D,515313,11,0,prime,1.3066,S
D,515409,11,0,prime,1.3066,S
D,515504,11,0,prime,1.3066,S
D,515600,11,0,prime,1.3066,S
D,515696,11,0,prime,1.3066,S
D,515790,11,0,prime,1.3066,S
D,515886,11,0,prime,1.3066,S
P,516660,11,18.0,3,0,prime,1.3066
D,516752,11,1,ctrl,1.3066,S
D,516843,11,1,ctrl,1.3066,S
D,516938,11,1,ctrl,1.3066,S
D,517034,11,1,ctrl,1.3066,S
D,517130,11,1,ctrl,1.3066,S
D,517226,11,1,ctrl,1.3066,S
D,517322,11,1,ctrl,1.3066,S
D,517418,11,1,ctrl,1.3066,S
D,517514,11,1,ctrl,1.3066,S
D,517608,11,1,ctrl,1.3066,S
D,517703,11,1,ctrl,1.3066,S
D,517799,11,1,ctrl,1.3066,S
D,517895,11,1,ctrl,1.3066,S
D,517991,11,1,ctrl,1.3066,S
D,518087,11,1,ctrl,1.3066,S
D,518183,11,1,ctrl,1.3066,S
P,518956,11,18.0,3,1,ctrl,1.3066
D,519049,11,2,ctrl,1.3066,S
D,519139,11,2,ctrl,1.3066,S
D,519235,11,2,ctrl,1.3066,S
D,519329,11,2,ctrl,1.3066,S
D,519425,11,2,ctrl,1.3066,S
D,519521,11,2,ctrl,1.3066,S
D,519617,11,2,ctrl,1.3066,S
D,519712,11,2,ctrl,1.3066,S
D,519808,11,2,ctrl,1.3066,S
D,519904,11,2,ctrl,1.3066,S
D,520000,11,2,ctrl,1.3066,S
D,520096,11,2,ctrl,1.3066,S
D,520192,11,2,ctrl,1.3066,S
D,520285,11,2,ctrl,1.3066,S
D,520381,11,2,ctrl,1.3066,S
D,520477,11,2,ctrl,1.3066,S
P,521252,11,18.0,3,2,ctrl,1.3066
D,521344,11,3,ctrl,1.3066,S
D,521434,11,3,ctrl,1.3066,S
D,521529,11,3,ctrl,1.3066,S
D,521625,11,3,ctrl,1.3066,S
D,521721,11,3,ctrl,1.3066,S
D,521817,11,3,ctrl,1.3066,S
D,521913,11,3,ctrl,1.3066,S
D,522007,11,3,ctrl,1.3066,S
D,522103,11,3,ctrl,1.3066,S
D,522198,11,3,ctrl,1.3066,S
D,522294,11,3,ctrl,1.3066,S
D,522390,11,3,ctrl,1.3066,S
D,522486,11,3,ctrl,1.3066,S
D,522582,11,3,ctrl,1.3066,S
D,522678,11,3,ctrl,1.3066,S
D,522773,11,3,ctrl,1.3066,S
P,523547,11,18.0,3,3,ctrl,1.3066
E,523549,tap 1 (single pulse, 60 ms)
D,523730,11,1,tap,1.3066,S
D,523824,11,1,tap,1.3066,S
D,523920,11,1,tap,1.3066,S
D,524015,11,1,tap,1.3066,S
D,524111,11,1,tap,1.3066,S
D,524207,11,1,tap,1.3067,S
D,524303,11,1,tap,1.3067,S
D,524397,11,1,tap,1.3139,U
D,524493,11,1,tap,1.3193,U
D,524589,11,1,tap,1.3246,U
D,524683,11,1,tap,1.3279,U
D,524779,11,1,tap,1.3288,U
D,524875,11,1,tap,1.3284,U
D,524971,11,1,tap,1.3277,U
D,525066,11,1,tap,1.3272,U
P,525839,11,18.0,3,1,tap,1.3270
E,525842,tap 2 (single pulse, 60 ms)
D,526023,11,2,tap,1.3270,S
D,526119,11,2,tap,1.3270,S
D,526215,11,2,tap,1.3270,S
D,526311,11,2,tap,1.3270,S
D,526407,11,2,tap,1.3270,S
D,526500,11,2,tap,1.3270,S
D,526596,11,2,tap,1.3271,S
D,526692,11,2,tap,1.3272,U
D,526788,11,2,tap,1.3321,U
D,526883,11,2,tap,1.3341,U
D,526979,11,2,tap,1.3352,U
D,527075,11,2,tap,1.3354,U
D,527171,11,2,tap,1.3352,U
D,527267,11,2,tap,1.3349,U
D,527361,11,2,tap,1.3348,U
P,528134,11,18.0,3,2,tap,1.3347
E,528136,tap 3 (single pulse, 60 ms)
D,528317,11,3,tap,1.3347,S
D,528413,11,3,tap,1.3347,S
D,528509,11,3,tap,1.3347,S
D,528605,11,3,tap,1.3347,S
D,528701,11,3,tap,1.3347,S
D,528797,11,3,tap,1.3347,S
D,528893,11,3,tap,1.3348,S
D,528988,11,3,tap,1.3349,U
D,529084,11,3,tap,1.3350,U
D,529178,11,3,tap,1.3389,U
D,529274,11,3,tap,1.3395,U
D,529369,11,3,tap,1.3397,U
D,529466,11,3,tap,1.3396,U
D,529561,11,3,tap,1.3395,U
D,529657,11,3,tap,1.3394,U
P,530431,11,18.0,3,3,tap,1.3393
E,530433,tap 4 (single pulse, 60 ms)
D,530614,11,4,tap,1.3393,S
D,530710,11,4,tap,1.3393,S
D,530805,11,4,tap,1.3393,S
D,530900,11,4,tap,1.3393,S
D,530995,11,4,tap,1.3393,S
D,531091,11,4,tap,1.3393,S
D,531187,11,4,tap,1.3393,S
D,531283,11,4,tap,1.3394,S
D,531379,11,4,tap,1.3396,U
D,531474,11,4,tap,1.3435,U
D,531574,11,4,tap,1.3441,U
D,531666,11,4,tap,1.3442,U
D,531760,11,4,tap,1.3440,U
D,531856,11,4,tap,1.3438,U
D,531951,11,4,tap,1.3438,U
P,532725,11,18.0,3,4,tap,1.3438
E,532727,tap 5 (single pulse, 60 ms)
D,532908,11,5,tap,1.3438,S
D,533004,11,5,tap,1.3438,S
D,533100,11,5,tap,1.3438,S
D,533196,11,5,tap,1.3438,S
D,533292,11,5,tap,1.3438,S
D,533387,11,5,tap,1.3438,S
D,533483,11,5,tap,1.3438,S
D,533577,11,5,tap,1.3439,S
D,533673,11,5,tap,1.3440,U
D,533769,11,5,tap,1.3442,U
D,533864,11,5,tap,1.3476,U
D,533960,11,5,tap,1.3477,U
D,534056,11,5,tap,1.3476,U
D,534152,11,5,tap,1.3475,U
D,534248,11,5,tap,1.3475,U
P,535021,11,18.0,3,5,tap,1.3474
E,535024,tap 6 (single pulse, 60 ms)
D,535204,11,6,tap,1.3474,S
D,535300,11,6,tap,1.3474,S
D,535394,11,6,tap,1.3474,S
D,535490,11,6,tap,1.3474,S
D,535586,11,6,tap,1.3474,S
D,535682,11,6,tap,1.3474,S
D,535778,11,6,tap,1.3474,S
D,535874,11,6,tap,1.3475,S
D,535970,11,6,tap,1.3476,U
D,536065,11,6,tap,1.3476,U
D,536161,11,6,tap,1.3479,U
D,536255,11,6,tap,1.3480,U
D,536351,11,6,tap,1.3482,U
D,536447,11,6,tap,1.3484,U
D,536543,11,6,tap,1.3485,U
P,538265,11,18.0,3,6,tap,1.3505
E,538268,tap 7 (single pulse, 60 ms)
D,538361,11,7,tap,1.3505,S
D,538456,11,7,tap,1.3505,S
D,538551,11,7,tap,1.3505,S
D,538647,11,7,tap,1.3505,S
D,538743,11,7,tap,1.3505,S
D,538839,11,7,tap,1.3505,S
D,538933,11,7,tap,1.3505,S
D,539029,11,7,tap,1.3506,S
D,539124,11,7,tap,1.3506,S
D,539220,11,7,tap,1.3507,U
D,539316,11,7,tap,1.3509,U
D,539412,11,7,tap,1.3510,U
D,539508,11,7,tap,1.3511,U
D,539604,11,7,tap,1.3513,U
D,539699,11,7,tap,1.3514,U
D,539793,11,7,tap,1.3515,U
P,541517,11,18.0,3,7,tap,1.3531
E,541520,tap 8 (single pulse, 60 ms)
D,541611,11,8,tap,1.3531,S
D,541706,11,8,tap,1.3531,S
D,541802,11,8,tap,1.3531,S
D,541898,11,8,tap,1.3531,S
D,541994,11,8,tap,1.3531,S
D,542091,11,8,tap,1.3531,S
D,542185,11,8,tap,1.3531,S
D,542281,11,8,tap,1.3531,S
D,542377,11,8,tap,1.3532,S
D,542471,11,8,tap,1.3532,S
D,542567,11,8,tap,1.3534,U
D,542663,11,8,tap,1.3535,U
D,542758,11,8,tap,1.3537,U
D,542854,11,8,tap,1.3538,U
D,542950,11,8,tap,1.3539,U
D,543046,11,8,tap,1.3541,U
P,544767,11,18.0,3,8,tap,1.3557
E,544770,tap 9 (single pulse, 60 ms)
D,544863,11,9,tap,1.3557,S
D,544959,11,9,tap,1.3557,S
D,545055,11,9,tap,1.3557,S
D,545149,11,9,tap,1.3557,S
D,545244,11,9,tap,1.3557,S
D,545340,11,9,tap,1.3557,S
D,545436,11,9,tap,1.3557,S
D,545532,11,9,tap,1.3558,S
D,545628,11,9,tap,1.3558,S
D,545724,11,9,tap,1.3559,U
D,545820,11,9,tap,1.3560,U
D,545916,11,9,tap,1.3561,U
D,546009,11,9,tap,1.3562,U
D,546105,11,9,tap,1.3563,U
D,546201,11,9,tap,1.3565,U
D,546297,11,9,tap,1.3566,U
P,547828,11,18.0,3,9,tap,1.3579
E,547831,tap 10 (single pulse, 60 ms)
D,547922,11,10,tap,1.3579,S
D,548018,11,10,tap,1.3579,S
D,548114,11,10,tap,1.3579,S
D,548210,11,10,tap,1.3579,S
D,548306,11,10,tap,1.3579,S
D,548401,11,10,tap,1.3579,S
D,548497,11,10,tap,1.3579,S
D,548593,11,10,tap,1.3580,S
D,548687,11,10,tap,1.3580,S
D,548783,11,10,tap,1.3581,U
D,548879,11,10,tap,1.3583,U
D,548975,11,10,tap,1.3584,U
D,549070,11,10,tap,1.3586,U
D,549170,11,10,tap,1.3587,U
D,549262,11,10,tap,1.3588,U
D,549358,11,10,tap,1.3590,U
P,551079,11,18.0,3,10,tap,1.3605
D,551175,11,1,post,1.3605,S
D,551271,11,1,post,1.3605,S
D,551365,11,1,post,1.3605,S
D,551461,11,1,post,1.3605,S
D,551556,11,1,post,1.3605,S
D,551652,11,1,post,1.3605,S
D,551748,11,1,post,1.3605,S
D,551844,11,1,post,1.3605,S
D,551940,11,1,post,1.3605,S
D,552036,11,1,post,1.3605,S
D,552131,11,1,post,1.3605,S
D,552226,11,1,post,1.3605,S
D,552321,11,1,post,1.3605,S
D,552417,11,1,post,1.3604,S
D,552513,11,1,post,1.3604,S
D,552609,11,1,post,1.3604,S
P,553384,11,18.0,3,1,post,1.3604
D,553476,11,2,post,1.3604,S
D,553565,11,2,post,1.3604,S
D,553661,11,2,post,1.3604,S
D,553757,11,2,post,1.3604,S
D,553853,11,2,post,1.3604,S
D,553949,11,2,post,1.3604,S
D,554043,11,2,post,1.3604,S
D,554139,11,2,post,1.3604,S
D,554235,11,2,post,1.3604,S
D,554330,11,2,post,1.3604,S
D,554426,11,2,post,1.3604,S
D,554522,11,2,post,1.3604,S
D,554618,11,2,post,1.3604,S
D,554714,11,2,post,1.3604,S
D,554810,11,2,post,1.3604,S
D,554904,11,2,post,1.3604,S
P,555679,11,18.0,3,2,post,1.3604
E,555682,=== trial 12 : angle 25.0 plate deg, rep 3 ===
P,557780,12,25.0,3,0,base,1.3605
E,557784,prime rotate 360 deg @ 30 rpm
D,562075,12,0,prime,1.5115,U
D,562171,12,0,prime,1.5115,U
D,562267,12,0,prime,1.5115,U
D,562363,12,0,prime,1.5115,S
D,562459,12,0,prime,1.5115,S
D,562555,12,0,prime,1.5115,S
D,562651,12,0,prime,1.5115,S
D,562746,12,0,prime,1.5115,S
D,562842,12,0,prime,1.5115,S
D,562936,12,0,prime,1.5115,S
D,563032,12,0,prime,1.5115,S
D,563128,12,0,prime,1.5114,S
D,563224,12,0,prime,1.5114,S
D,563319,12,0,prime,1.5114,S
D,563415,12,0,prime,1.5114,S
D,563511,12,0,prime,1.5114,S
D,563607,12,0,prime,1.5114,S
D,563703,12,0,prime,1.5114,S
D,563797,12,0,prime,1.5114,S
D,563893,12,0,prime,1.5114,S
D,563989,12,0,prime,1.5114,S
D,564084,12,0,prime,1.5114,S
D,564180,12,0,prime,1.5114,S
D,564276,12,0,prime,1.5114,S
D,564372,12,0,prime,1.5114,S
D,564468,12,0,prime,1.5114,S
D,564564,12,0,prime,1.5114,S
D,564660,12,0,prime,1.5114,S
D,564753,12,0,prime,1.5114,S
D,564849,12,0,prime,1.5114,S
D,564945,12,0,prime,1.5114,S
P,565720,12,25.0,3,0,prime,1.5114
D,565812,12,1,ctrl,1.5114,S
D,565902,12,1,ctrl,1.5114,S
D,565998,12,1,ctrl,1.5114,S
D,566094,12,1,ctrl,1.5114,S
D,566189,12,1,ctrl,1.5114,S
D,566285,12,1,ctrl,1.5114,S
D,566381,12,1,ctrl,1.5114,S
D,566475,12,1,ctrl,1.5114,S
D,566571,12,1,ctrl,1.5114,S
D,566667,12,1,ctrl,1.5114,S
D,566763,12,1,ctrl,1.5114,S
D,566859,12,1,ctrl,1.5114,S
D,566955,12,1,ctrl,1.5114,S
D,567050,12,1,ctrl,1.5114,S
D,567146,12,1,ctrl,1.5114,S
D,567242,12,1,ctrl,1.5114,S
P,568016,12,25.0,3,1,ctrl,1.5114
D,568108,12,2,ctrl,1.5114,S
D,568199,12,2,ctrl,1.5114,S
D,568292,12,2,ctrl,1.5114,S
D,568388,12,2,ctrl,1.5114,S
D,568484,12,2,ctrl,1.5114,S
D,568580,12,2,ctrl,1.5114,S
D,568676,12,2,ctrl,1.5114,S
D,568772,12,2,ctrl,1.5114,S
D,568868,12,2,ctrl,1.5114,S
D,568964,12,2,ctrl,1.5114,S
D,569059,12,2,ctrl,1.5114,S
D,569153,12,2,ctrl,1.5114,S
D,569249,12,2,ctrl,1.5114,S
D,569345,12,2,ctrl,1.5114,S
D,569441,12,2,ctrl,1.5114,S
D,569537,12,2,ctrl,1.5114,S
P,570311,12,25.0,3,2,ctrl,1.5114
D,570403,12,3,ctrl,1.5114,S
D,570493,12,3,ctrl,1.5114,S
D,570589,12,3,ctrl,1.5114,S
D,570685,12,3,ctrl,1.5114,S
D,570781,12,3,ctrl,1.5114,S
D,570876,12,3,ctrl,1.5114,S
D,570970,12,3,ctrl,1.5114,S
D,571066,12,3,ctrl,1.5114,S
D,571162,12,3,ctrl,1.5114,S
D,571258,12,3,ctrl,1.5114,S
D,571365,12,3,ctrl,1.5114,S
D,571545,12,3,ctrl,1.5114,S
D,571641,12,3,ctrl,1.5114,S
D,571737,12,3,ctrl,1.5114,S
D,571831,12,3,ctrl,1.5114,S
P,572605,12,25.0,3,3,ctrl,1.5114
E,572607,tap 1 (single pulse, 60 ms)
D,572787,12,1,tap,1.5114,S
D,572883,12,1,tap,1.5114,S
D,572979,12,1,tap,1.5113,S
D,573075,12,1,tap,1.5113,S
D,573171,12,1,tap,1.5113,S
D,573267,12,1,tap,1.5113,S
D,573362,12,1,tap,1.5114,S
D,573457,12,1,tap,1.5193,U
D,573553,12,1,tap,1.5256,U
D,573647,12,1,tap,1.5316,U
D,573742,12,1,tap,1.5353,U
D,573838,12,1,tap,1.5363,U
D,573934,12,1,tap,1.5358,U
D,574030,12,1,tap,1.5351,U
D,574126,12,1,tap,1.5346,U
P,574899,12,25.0,3,1,tap,1.5344
E,574902,tap 2 (single pulse, 60 ms)
D,575083,12,2,tap,1.5344,S
D,575178,12,2,tap,1.5344,S
D,575274,12,2,tap,1.5344,S
D,575368,12,2,tap,1.5344,S
D,575464,12,2,tap,1.5344,S
D,575560,12,2,tap,1.5344,S
D,575656,12,2,tap,1.5345,S
D,575751,12,2,tap,1.5347,U
D,575847,12,2,tap,1.5409,U
D,575943,12,2,tap,1.5433,U
D,576039,12,2,tap,1.5446,U
D,576135,12,2,tap,1.5448,U
D,576230,12,2,tap,1.5445,U
D,576324,12,2,tap,1.5442,U
D,576420,12,2,tap,1.5440,U
P,577193,12,25.0,3,2,tap,1.5440
E,577196,tap 3 (single pulse, 60 ms)
D,577285,12,3,tap,1.5440,S
D,577377,12,3,tap,1.5440,S
D,577473,12,3,tap,1.5440,S
D,577569,12,3,tap,1.5440,S
D,577664,12,3,tap,1.5439,S
D,577760,12,3,tap,1.5439,S
D,577856,12,3,tap,1.5440,S
D,577952,12,3,tap,1.5440,S
D,578046,12,3,tap,1.5442,U
D,578141,12,3,tap,1.5488,U
D,578237,12,3,tap,1.5505,U
D,578333,12,3,tap,1.5514,U
D,578429,12,3,tap,1.5515,U
D,578525,12,3,tap,1.5512,U
D,578621,12,3,tap,1.5510,U
D,578716,12,3,tap,1.5509,U
P,579489,12,25.0,3,3,tap,1.5508
E,579492,tap 4 (single pulse, 60 ms)
D,579685,12,4,tap,1.5508,S
D,579863,12,4,tap,1.5508,S
D,579959,12,4,tap,1.5508,S
D,580055,12,4,tap,1.5508,S
D,580150,12,4,tap,1.5508,S
D,580246,12,4,tap,1.5509,S
D,580342,12,4,tap,1.5510,U
D,580438,12,4,tap,1.5511,U
D,580533,12,4,tap,1.5551,U
D,580630,12,4,tap,1.5557,U
D,580723,12,4,tap,1.5558,U
D,580819,12,4,tap,1.5556,U
D,580915,12,4,tap,1.5554,U
D,581011,12,4,tap,1.5554,U
P,581785,12,25.0,3,4,tap,1.5553
E,581787,tap 5 (single pulse, 60 ms)
D,581967,12,5,tap,1.5553,S
D,582063,12,5,tap,1.5553,S
D,582159,12,5,tap,1.5553,S
D,582255,12,5,tap,1.5553,S
D,582351,12,5,tap,1.5553,S
D,582447,12,5,tap,1.5553,S
D,582541,12,5,tap,1.5554,S
D,582637,12,5,tap,1.5555,U
D,582732,12,5,tap,1.5556,U
D,582828,12,5,tap,1.5598,U
D,582924,12,5,tap,1.5603,U
D,583020,12,5,tap,1.5604,U
D,583116,12,5,tap,1.5602,U
D,583211,12,5,tap,1.5601,U
D,583307,12,5,tap,1.5601,U
P,584079,12,25.0,3,5,tap,1.5601
E,584082,tap 6 (single pulse, 60 ms)
D,584170,12,6,tap,1.5601,S
D,584262,12,6,tap,1.5601,S
D,584358,12,6,tap,1.5601,S
D,584454,12,6,tap,1.5601,S
D,584549,12,6,tap,1.5601,S
D,584645,12,6,tap,1.5601,S
D,584741,12,6,tap,1.5601,S
D,584837,12,6,tap,1.5601,S
D,584933,12,6,tap,1.5602,S
D,585029,12,6,tap,1.5603,U
D,585125,12,6,tap,1.5605,U
D,585218,12,6,tap,1.5636,U
D,585314,12,6,tap,1.5637,U
D,585410,12,6,tap,1.5636,U
D,585506,12,6,tap,1.5635,U
D,585602,12,6,tap,1.5635,U
P,586375,12,25.0,3,6,tap,1.5635
E,586377,tap 7 (single pulse, 60 ms)
D,586465,12,7,tap,1.5635,S
D,586558,12,7,tap,1.5635,S
D,586654,12,7,tap,1.5635,S
D,586750,12,7,tap,1.5635,S
D,586846,12,7,tap,1.5635,S
D,586940,12,7,tap,1.5635,S
D,587035,12,7,tap,1.5635,S
D,587131,12,7,tap,1.5635,S
D,587227,12,7,tap,1.5636,S
D,587323,12,7,tap,1.5636,S
D,587419,12,7,tap,1.5637,U
D,587515,12,7,tap,1.5640,U
D,587611,12,7,tap,1.5641,U
D,587706,12,7,tap,1.5643,U
D,587802,12,7,tap,1.5644,U
D,587896,12,7,tap,1.5646,U
P,589629,12,25.0,3,7,tap,1.5664
E,589632,tap 8 (single pulse, 60 ms)
D,589809,12,8,tap,1.5664,S
D,589905,12,8,tap,1.5664,S
D,590001,12,8,tap,1.5664,S
D,590097,12,8,tap,1.5664,S
D,590193,12,8,tap,1.5664,S
D,590288,12,8,tap,1.5664,S
D,590384,12,8,tap,1.5664,S
D,590478,12,8,tap,1.5665,S
D,590574,12,8,tap,1.5666,U
D,590670,12,8,tap,1.5667,U
D,590766,12,8,tap,1.5669,U
D,590862,12,8,tap,1.5671,U
D,590957,12,8,tap,1.5672,U
D,591053,12,8,tap,1.5674,U
D,591149,12,8,tap,1.5675,U
P,592871,12,25.0,3,8,tap,1.5693
E,592874,tap 9 (single pulse, 60 ms)
D,592966,12,9,tap,1.5693,S
D,593062,12,9,tap,1.5694,S
D,593156,12,9,tap,1.5694,S
D,593252,12,9,tap,1.5694,S
D,593347,12,9,tap,1.5694,S
D,593443,12,9,tap,1.5694,S
D,593539,12,9,tap,1.5694,S
D,593635,12,9,tap,1.5694,S
D,593731,12,9,tap,1.5695,S
D,593827,12,9,tap,1.5696,U
D,593922,12,9,tap,1.5697,U
D,594018,12,9,tap,1.5698,U
D,594112,12,9,tap,1.5699,U
D,594208,12,9,tap,1.5701,U
D,594304,12,9,tap,1.5702,U
D,594400,12,9,tap,1.5703,U
P,596122,12,25.0,3,9,tap,1.5718
E,596125,tap 10 (single pulse, 60 ms)
D,596217,12,10,tap,1.5718,S
D,596313,12,10,tap,1.5718,S
D,596409,12,10,tap,1.5717,S
D,596504,12,10,tap,1.5717,S
D,596600,12,10,tap,1.5717,S
D,596696,12,10,tap,1.5717,S
D,596790,12,10,tap,1.5718,S
D,596886,12,10,tap,1.5718,S
D,596982,12,10,tap,1.5718,S
D,597077,12,10,tap,1.5718,S
D,597173,12,10,tap,1.5719,U
D,597269,12,10,tap,1.5720,U
D,597365,12,10,tap,1.5720,U
D,597461,12,10,tap,1.5720,U
D,597557,12,10,tap,1.5721,U
D,597651,12,10,tap,1.5721,U
P,598994,12,25.0,3,10,tap,1.5728
D,599087,12,1,post,1.5728,S
D,599182,12,1,post,1.5728,S
D,599278,12,1,post,1.5728,S
D,599372,12,1,post,1.5728,S
D,599468,12,1,post,1.5728,S
D,599563,12,1,post,1.5728,S
D,599659,12,1,post,1.5728,S
D,599755,12,1,post,1.5728,S
D,599851,12,1,post,1.5728,S
D,599947,12,1,post,1.5728,S
D,600043,12,1,post,1.5728,S
D,600139,12,1,post,1.5728,S
D,600234,12,1,post,1.5728,S
D,600328,12,1,post,1.5728,S
D,600424,12,1,post,1.5728,S
D,600520,12,1,post,1.5728,S
P,601294,12,25.0,3,1,post,1.5728
D,601386,12,2,post,1.5728,S
D,601477,12,2,post,1.5728,S
D,601573,12,2,post,1.5728,S
D,601669,12,2,post,1.5728,S
D,601764,12,2,post,1.5728,S
D,601860,12,2,post,1.5728,S
D,601956,12,2,post,1.5729,S
D,602050,12,2,post,1.5729,S
D,602146,12,2,post,1.5729,S
D,602242,12,2,post,1.5729,S
D,602337,12,2,post,1.5729,S
D,602433,12,2,post,1.5729,S
D,602529,12,2,post,1.5729,S
D,602625,12,2,post,1.5729,S
D,602721,12,2,post,1.5729,S
D,602817,12,2,post,1.5729,S
P,603590,12,25.0,3,2,post,1.5729
E,603593,all trials complete
SUMMARY,trials=12,taps_per_trial=10
